TABLA,COLUMNA,TIPO_DATO,TIPO_COMPLETO,LONGITUD,PRECISION,ESCALA,PERMITE_NULOS,POSICION,VALOR_DEFAULT,LONGITUD_CARACTERES,SEMANTICA_LONGITUD,COMENTARIO
AAAACNO_CNO_ACT,CNO_ID,VARCHAR2,VARCHAR2(6 BYTE),6,,,Y,1,,6,B,
AAAACNO_CNO_ACT,OCU_ID,VARCHAR2,VARCHAR2(4 BYTE),4,,,Y,2,,4,B,
AAAACNO_DENOMINACIONES_ACT,ID,NUMBER,"NUMBER(9,0)",22,9,0,Y,1,,0,,
AAAACNO_DENOMINACIONES_ACT,NOMBRE,VARCHAR2,VARCHAR2(200 BYTE),200,,,Y,2,,200,B,
AAAACNO_DENOMINACIONES_ACT,ESTADO,NUMBER,"NUMBER(1,0)",22,1,0,Y,3,,0,,
AAAACNO_DENOMINACIONES_ACT,CNO,VARCHAR2,VARCHAR2(6 BYTE),6,,,Y,4,,6,B,
AAAACNO_FUNCIONES_ACT,ID,NUMBER,"NUMBER(5,0)",22,5,0,Y,1,,0,,
AAAACNO_FUNCIONES_ACT,DESCRIPCION,VARCHAR2,VARCHAR2(700 BYTE),700,,,Y,2,,700,B,
AAAACNO_FUNCIONES_ACT,OCU_ID,VARCHAR2,VARCHAR2(4 BYTE),4,,,Y,3,,4,B,
AAAACNO_OCUPACIONES_ACT,ID,VARCHAR2,VARCHAR2(4 BYTE),4,,,Y,1,,4,B,
AAAACNO_OCUPACIONES_ACT,NOMBRE,VARCHAR2,VARCHAR2(200 BYTE),200,,,Y,2,,200,B,
AAAACNO_OCUPACIONES_ACT,DESCRIPCION,VARCHAR2,VARCHAR2(1200 BYTE),1200,,,Y,3,,1200,B,
AAAACNO_OCUPACIONES_ACT,CAO_ID,VARCHAR2,VARCHAR2(3 BYTE),3,,,Y,4,,3,B,
AAA_CRUCE,FICHA,NUMBER,"NUMBER(*,0)",22,,0,Y,1,,0,,
AAA_CRUCE,Denominaci¿n Programa,VARCHAR2,VARCHAR2(1024 BYTE),1024,,,Y,2,,1024,B,
AAA_CRUCE,NIS,NUMBER,"NUMBER(*,0)",22,,0,Y,3,,0,,
AAA_CRUCE,N¿mero Registro,NUMBER,"NUMBER(*,0)",22,,0,Y,4,,0,,
AAA_CRUCE,T_DOC,VARCHAR2,VARCHAR2(1024 BYTE),1024,,,Y,5,,1024,B,
AAA_CRUCE,DOCUMENTO,NUMBER,"NUMBER(*,0)",22,,0,Y,6,,0,,
AAA_CRUCE,Nombre Aprendiz,VARCHAR2,VARCHAR2(1024 BYTE),1024,,,Y,7,,1024,B,
AAA_CRUCE,"Lugar de
 Residencia",VARCHAR2,VARCHAR2(1024 BYTE),1024,,,Y,8,,1024,B,
AAA_CRUCE,Correo Electr¿nico,VARCHAR2,VARCHAR2(1024 BYTE),1024,,,Y,9,,1024,B,
AAA_CRUCE,Tel. Principal,VARCHAR2,VARCHAR2(1024 BYTE),1024,,,Y,10,,1024,B,
AAA_CRUCE,Tel. Alterno,VARCHAR2,VARCHAR2(1024 BYTE),1024,,,Y,11,,1024,B,
AAA_CRUCE,Tel. Celular,VARCHAR2,VARCHAR2(1024 BYTE),1024,,,Y,12,,1024,B,
AAA_CRUCE_1,NUMERO_DOCUMENTO_ID,NUMBER,"NUMBER(38,0)",22,38,0,Y,1,,0,,
AAA_CRUCE_2,IDENTIFICACION,NUMBER,NUMBER,22,,,Y,1,,0,,
AAA_CRUCE_3,IDENTIFICACION,NUMBER,NUMBER,22,,,Y,1,,0,,
AAA_CRUCE_3,TIPO_IDENTIFICACION_APRENDIZ,VARCHAR2,VARCHAR2(1024 BYTE),1024,,,Y,2,,1024,B,
AAA_CRUCE_4,DEM_ID,NUMBER,NUMBER,22,,,Y,1,,0,,
AAA_CRUCE_5,TIPO_IDENTIFICACION,VARCHAR2,VARCHAR2(16 BYTE),16,,,Y,1,,16,B,
AAA_CRUCE_5,IDENTIFICACION,NUMBER,NUMBER,22,,,Y,2,,0,,
AAA_CRUCE_ARN_1,IDENTIFICACION,NUMBER,NUMBER,22,,,Y,1,,0,,
AAA_CRUCE_ARN_2,IDENTIFICACION,NUMBER,NUMBER,22,,,Y,1,,0,,
AAA_CRUCE_ARN_2018,NUM,NUMBER,"NUMBER(20,0)",22,20,0,N,1,,0,,
AAA_CRUCE_ARN_2018,PROCESO,VARCHAR2,VARCHAR2(30 BYTE),30,,,Y,2,,30,B,
AAA_CRUCE_ARN_201903,TIPO_DOCUMENTO,VARCHAR2,VARCHAR2(30 BYTE),30,,,Y,1,NULL,30,B,
AAA_CRUCE_ARN_201903,NUMERO_IDENTIFICACION,VARCHAR2,VARCHAR2(180 BYTE),180,,,Y,2,NULL,180,B,
AAA_CRUCE_ARN_201903,TIPO,VARCHAR2,VARCHAR2(20 BYTE),20,,,Y,3,NULL,20,B,
AAA_CRUCE_ARN_201904,NUM,NUMBER,"NUMBER(20,0)",22,20,0,N,1,,0,,
AAA_CRUCE_ARN_201904,PROCESO,VARCHAR2,VARCHAR2(30 BYTE),30,,,Y,2,,30,B,
AAA_CRUCE_ARN_201911,NUM,NUMBER,"NUMBER(20,0)",22,20,0,Y,1,,0,,
AAA_CRUCE_ARN_201911,PROCESO,VARCHAR2,VARCHAR2(30 BYTE),30,,,Y,2,,30,B,
AAA_CRUCE_ARN_201911,ETCR,VARCHAR2,VARCHAR2(100 BYTE),100,,,Y,3,,100,B,
AAA_CRUCE_ARN_201912,NUM,NUMBER,"NUMBER(20,0)",22,20,0,Y,1,,0,,
AAA_CRUCE_ARN_201912,PROCESO,VARCHAR2,VARCHAR2(40 BYTE),40,,,Y,2,,40,B,
AAA_CRUCE_ARN_201912,ETCR,VARCHAR2,VARCHAR2(100 BYTE),100,,,Y,3,,100,B,
AAA_CRUCE_ARN_3,IDENTIFICACION,NUMBER,NUMBER,22,,,Y,1,,0,,
AAA_CRUCE_CEDULAS_FORMACION,IDENTIFICACION,NUMBER,NUMBER,22,,,Y,1,,0,,
AAA_CRUCE_EMPRESAS,NUM,NUMBER,NUMBER,22,,,N,1,,0,,
AAA_CRUCE_FOSFEC_MARZO_2020,IDENTIFICACION,NUMBER,"NUMBER(30,0)",22,30,0,Y,1,,0,,
AAA_CRUCE_FOSFEC_MARZO_2020,INSCRITO,NUMBER,"NUMBER(1,0)",22,1,0,Y,2,,0,,
AAA_CRUCE_FOSFEC_MARZO_2020,COLOCADO,NUMBER,"NUMBER(1,0)",22,1,0,Y,3,,0,,
AAA_CRUCE_FOSFEC_MARZO_2020,ORIENTADO,NUMBER,"NUMBER(1,0)",22,1,0,Y,4,,0,,
AAA_CRUCE_INTERESADO,IDENTIFICACION,NUMBER,"NUMBER(20,0)",22,20,0,Y,1,,0,,
AAA_CRUCE_ORIENTADOS_RUV_2018,IDENTIFICACION,NUMBER,NUMBER,22,,,Y,1,,0,,
AAA_CRUCE_RUV_MINAS,IDENTIFICACION,NUMBER,NUMBER,22,,,Y,1,,0,,
AAA_CRUCE_SER,IDENTIFICACION,NUMBER,NUMBER,22,,,Y,1,,0,,
AAA_CRUCE_VALLE,IDENTIFICACION,NUMBER,NUMBER,22,,,Y,1,,0,,
AAA_CRUCE_VULNERABLES,IDENTIFICACION,NUMBER,NUMBER,22,,,Y,1,,0,,
AAA_DEMANDAS_COMPARAR,ID,NUMBER,NUMBER,22,,,Y,1,,0,,
AAA_IDE_COLO_201807_201812,NUM_DOC_IDENTIDAD,NUMBER,"NUMBER(16,0)",22,16,0,Y,1,NULL,0,,
AAA_IDE_INSCRI_201807_201812,NUM_DOC_IDENTIDAD,NUMBER,"NUMBER(16,0)",22,16,0,Y,1,NULL,0,,
AAA_IDE_ORIEN_201807_201812,NUM_DOC_IDENTIDAD,NUMBER,"NUMBER(16,0)",22,16,0,Y,1,NULL,0,,
ACCION_SEGUIMIENTO_DEM,ASD_ID,NUMBER,NUMBER,22,,,N,1,,0,,
ACCION_SEGUIMIENTO_DEM,ASD_DEM,NUMBER,NUMBER,22,,,N,2,,0,,
ACCION_SEGUIMIENTO_DEM,ASD_FUN_ID,NUMBER,NUMBER,22,,,N,3,,0,,
ACCION_SEGUIMIENTO_DEM,ASD_OBSERVACION,VARCHAR2,VARCHAR2(400 BYTE),400,,,Y,4,,400,B,
ACCION_SEGUIMIENTO_DEM,ASD_FECHA_REGISTRO,DATE,DATE,7,,,N,5,,0,,
ACCION_SEGUIMIENTO_DEM,ASD_FECHA_SEGUIMIENTO,DATE,DATE,7,,,N,6,,0,,
AC_ACCIONES_ORIENTACION,OFT_ID,NUMBER,"NUMBER(10,0)",22,10,0,Y,1,,0,,
AC_ACCIONES_ORIENTACION,HORIO_ID,NUMBER,"NUMBER(10,0)",22,10,0,Y,2,,0,,
AC_ACCIONES_ORIENTACION,TIPO_IDENTIFICACION,VARCHAR2,VARCHAR2(4 BYTE),4,,,Y,3,,4,B,
AC_ACCIONES_ORIENTACION,IDENTIFICACION,NUMBER,"NUMBER(20,0)",22,20,0,Y,4,,0,,
AC_ACCIONES_ORIENTACION,NOMBRES,VARCHAR2,VARCHAR2(80 BYTE),80,,,Y,5,,80,B,
AC_ACCIONES_ORIENTACION,PRIMER_APELLIDO,VARCHAR2,VARCHAR2(80 BYTE),80,,,Y,6,,80,B,
AC_ACCIONES_ORIENTACION,SEGUNDO_APELLIDO,VARCHAR2,VARCHAR2(80 BYTE),80,,,Y,7,,80,B,
AC_ACCIONES_ORIENTACION,GENERO,VARCHAR2,VARCHAR2(20 BYTE),20,,,Y,8,,20,B,
AC_ACCIONES_ORIENTACION,PAI_ID,NUMBER,"NUMBER(4,0)",22,4,0,Y,9,,0,,
AC_ACCIONES_ORIENTACION,DPT_ID,NUMBER,"NUMBER(8,0)",22,8,0,Y,10,,0,,
AC_ACCIONES_ORIENTACION,DEPARTAMENTO,VARCHAR2,VARCHAR2(60 BYTE),60,,,Y,11,,60,B,
AC_ACCIONES_ORIENTACION,MPO_ID,NUMBER,"NUMBER(15,0)",22,15,0,Y,12,,0,,
AC_ACCIONES_ORIENTACION,MUNICIPIO,VARCHAR2,VARCHAR2(60 BYTE),60,,,Y,13,,60,B,
AC_ACCIONES_ORIENTACION,DESCRIPCIÓN_ORIENTACIÓN,VARCHAR2,VARCHAR2(400 BYTE),400,,,Y,14,,400,B,
AC_ACCIONES_ORIENTACION,FECHA_ORIENTACION,DATE,DATE,7,,,Y,15,,0,,
AC_ACCIONES_ORIENTACION,FECHA_NACIMIENTO,DATE,DATE,7,,,Y,16,,0,,
AC_ACCIONES_ORIENTACION,MPO_ID_NACIMIENTO,NUMBER,"NUMBER(15,0)",22,15,0,Y,17,,0,,
AC_COLOCACIONES,OFT_ID,NUMBER,"NUMBER(10,0)",22,10,0,Y,1,,0,,
AC_COLOCACIONES,ENV_ID,NUMBER,"NUMBER(10,0)",22,10,0,Y,2,,0,,
AC_COLOCACIONES,TIPO_IDENTIFICACION,VARCHAR2,VARCHAR2(4 BYTE),4,,,Y,3,,4,B,
AC_COLOCACIONES,IDENTIFICACION,NUMBER,"NUMBER(20,0)",22,20,0,Y,4,,0,,
AC_COLOCACIONES,NOMBRES,VARCHAR2,VARCHAR2(80 BYTE),80,,,Y,5,,80,B,
AC_COLOCACIONES,PRIMER_APELLIDO,VARCHAR2,VARCHAR2(80 BYTE),80,,,Y,6,,80,B,
AC_COLOCACIONES,SEGUNDO_APELLIDO,VARCHAR2,VARCHAR2(80 BYTE),80,,,Y,7,,80,B,
AC_COLOCACIONES,GENERO,VARCHAR2,VARCHAR2(20 BYTE),20,,,Y,8,,20,B,
AC_COLOCACIONES,PAI_ID,NUMBER,"NUMBER(4,0)",22,4,0,Y,9,,0,,
AC_COLOCACIONES,DPT_ID,NUMBER,"NUMBER(8,0)",22,8,0,Y,10,,0,,
AC_COLOCACIONES,DEPARTAMENTO,VARCHAR2,VARCHAR2(60 BYTE),60,,,Y,11,,60,B,
AC_COLOCACIONES,MPO_ID,NUMBER,"NUMBER(15,0)",22,15,0,Y,12,,0,,
AC_COLOCACIONES,MUNICIPIO,VARCHAR2,VARCHAR2(60 BYTE),60,,,Y,13,,60,B,
AC_COLOCACIONES,SOLICITUD,NUMBER,"NUMBER(10,0)",22,10,0,Y,14,,0,,
AC_COLOCACIONES,OCU_ID,NUMBER,"NUMBER(8,0)",22,8,0,Y,15,,0,,
AC_COLOCACIONES,OCUPACION,VARCHAR2,VARCHAR2(200 BYTE),200,,,Y,16,,200,B,
AC_COLOCACIONES,DENOMINACION,VARCHAR2,VARCHAR2(200 BYTE),200,,,Y,17,,200,B,
AC_COLOCACIONES,EMP_ID,NUMBER,"NUMBER(8,0)",22,8,0,Y,18,,0,,
AC_COLOCACIONES,EMPRESA,VARCHAR2,VARCHAR2(200 BYTE),200,,,Y,19,,200,B,
AC_COLOCACIONES,FECHA_COLOCACION,DATE,DATE,7,,,Y,20,,0,,
AC_COLOCACIONES,ES_EGRESADO,NUMBER,"NUMBER(1,0)",22,1,0,Y,21,,0,,
AC_COLOCACIONES,FECHA_NACIMIENTO,DATE,DATE,7,,,Y,22,,0,,
AC_COLOCACIONES,MPO_ID_NACIMIENTO,NUMBER,"NUMBER(15,0)",22,15,0,Y,23,,0,,
AC_EMPRESAS,EMP_ID,NUMBER,"NUMBER(8,0)",22,8,0,Y,1,,0,,
AC_EMPRESAS,TIPO_IDENTIFICACION,VARCHAR2,VARCHAR2(4 BYTE),4,,,Y,2,,4,B,
AC_EMPRESAS,IDENTIFICACION,NUMBER,"NUMBER(20,0)",22,20,0,Y,3,,0,,
AC_EMPRESAS,RAZON_SOCIAL,VARCHAR2,VARCHAR2(200 BYTE),200,,,Y,4,,200,B,
AC_EMPRESAS,PAI_ID,NUMBER,"NUMBER(4,0)",22,4,0,Y,5,,0,,
AC_EMPRESAS,DPT_ID,NUMBER,"NUMBER(8,0)",22,8,0,Y,6,,0,,
AC_EMPRESAS,DEPARTAMENTO,VARCHAR2,VARCHAR2(60 BYTE),60,,,Y,7,,60,B,
AC_EMPRESAS,MPO_ID,NUMBER,"NUMBER(15,0)",22,15,0,Y,8,,0,,
AC_EMPRESAS,MUNICIPIO,VARCHAR2,VARCHAR2(60 BYTE),60,,,Y,9,,60,B,
AC_EMPRESAS,FECHA_INSCRIPCION,DATE,DATE,7,,,Y,10,,0,,
AC_INDICADOR_META,COD_REG,NUMBER,"NUMBER(10,0)",22,10,0,Y,1,,0,,
AC_INDICADOR_META,REGIONAL,VARCHAR2,VARCHAR2(27 BYTE),27,,,Y,2,,27,B,
AC_INDICADOR_META,DPT_ID,NUMBER,"NUMBER(10,0)",22,10,0,Y,3,,0,,
AC_INDICADOR_META,DEPARTAMENTO,VARCHAR2,VARCHAR2(24 BYTE),24,,,Y,4,,24,B,
AC_INDICADOR_META,META_INSCRITOS,NUMBER,"NUMBER(10,0)",22,10,0,Y,5,,0,,
AC_INDICADOR_META,META_VACANTES,NUMBER,"NUMBER(10,0)",22,10,0,Y,6,,0,,
AC_INDICADOR_META,META_COLOC_NO_SENA,NUMBER,"NUMBER(10,0)",22,10,0,Y,7,,0,,
AC_INDICADOR_META,META_COLOC_EGRESADOS_SENA,NUMBER,"NUMBER(10,0)",22,10,0,Y,8,,0,,
AC_INDICADOR_META,META_TOTAL_COLOCACIONES,NUMBER,"NUMBER(10,0)",22,10,0,Y,9,,0,,
AC_INDICADOR_META,META_COLOC_ECO_NAR,NUMBER,"NUMBER(10,0)",22,10,0,Y,10,,0,,
AC_INDICADOR_META,META_ORIENTADOS_DESEMPLEADOS,NUMBER,"NUMBER(10,0)",22,10,0,Y,11,,0,,
AC_INDICADOR_META,META_ORIENTADOS_DESPLAZADOS,NUMBER,"NUMBER(10,0)",22,10,0,Y,12,,0,,
AC_INDICADOR_META,META_TOTAL_ORIENTADOS,NUMBER,"NUMBER(10,0)",22,10,0,Y,13,,0,,
AC_INDICADOR_META,PERIODO,NUMBER,"NUMBER(4,0)",22,4,0,Y,14,,0,,
AC_INSCRITOS,OFT_ID,NUMBER,"NUMBER(10,0)",22,10,0,Y,1,,0,,
AC_INSCRITOS,TIPO_IDENTIFICACION,VARCHAR2,VARCHAR2(4 BYTE),4,,,Y,2,,4,B,
AC_INSCRITOS,IDENTIFICACION,NUMBER,"NUMBER(20,0)",22,20,0,Y,3,,0,,
AC_INSCRITOS,NOMBRES,VARCHAR2,VARCHAR2(80 BYTE),80,,,Y,4,,80,B,
AC_INSCRITOS,PRIMER_APELLIDO,VARCHAR2,VARCHAR2(80 BYTE),80,,,Y,5,,80,B,
AC_INSCRITOS,SEGUNDO_APELLIDO,VARCHAR2,VARCHAR2(80 BYTE),80,,,Y,6,,80,B,
AC_INSCRITOS,GENERO,VARCHAR2,VARCHAR2(20 BYTE),20,,,Y,7,,20,B,
AC_INSCRITOS,PAI_ID,NUMBER,"NUMBER(4,0)",22,4,0,Y,8,,0,,
AC_INSCRITOS,DPT_ID,NUMBER,"NUMBER(8,0)",22,8,0,Y,9,,0,,
AC_INSCRITOS,DEPARTAMENTO,VARCHAR2,VARCHAR2(60 BYTE),60,,,Y,10,,60,B,
AC_INSCRITOS,MPO_ID,NUMBER,"NUMBER(15,0)",22,15,0,Y,11,,0,,
AC_INSCRITOS,MUNICIPIO,VARCHAR2,VARCHAR2(60 BYTE),60,,,Y,12,,60,B,
AC_INSCRITOS,FECHA_INSCRIPCION,DATE,DATE,7,,,Y,13,,0,,
AC_INSCRITOS,FECHA_NACIMIENTO,DATE,DATE,7,,,Y,14,,0,,
AC_INSCRITOS,MPO_ID_NACIMIENTO,NUMBER,"NUMBER(15,0)",22,15,0,Y,15,,0,,
AC_ORIENTADOS,OFT_ID,NUMBER,"NUMBER(10,0)",22,10,0,Y,1,,0,,
AC_ORIENTADOS,HORIO_ID,NUMBER,"NUMBER(10,0)",22,10,0,Y,2,,0,,
AC_ORIENTADOS,TIPO_IDENTIFICACION,VARCHAR2,VARCHAR2(4 BYTE),4,,,Y,3,,4,B,
AC_ORIENTADOS,IDENTIFICACION,NUMBER,"NUMBER(20,0)",22,20,0,Y,4,,0,,
AC_ORIENTADOS,NOMBRES,VARCHAR2,VARCHAR2(80 BYTE),80,,,Y,5,,80,B,
AC_ORIENTADOS,PRIMER_APELLIDO,VARCHAR2,VARCHAR2(80 BYTE),80,,,Y,6,,80,B,
AC_ORIENTADOS,SEGUNDO_APELLIDO,VARCHAR2,VARCHAR2(80 BYTE),80,,,Y,7,,80,B,
AC_ORIENTADOS,GENERO,VARCHAR2,VARCHAR2(20 BYTE),20,,,Y,8,,20,B,
AC_ORIENTADOS,PAI_ID,NUMBER,"NUMBER(4,0)",22,4,0,Y,9,,0,,
AC_ORIENTADOS,DPT_ID,NUMBER,"NUMBER(8,0)",22,8,0,Y,10,,0,,
AC_ORIENTADOS,DEPARTAMENTO,VARCHAR2,VARCHAR2(60 BYTE),60,,,Y,11,,60,B,
AC_ORIENTADOS,MPO_ID,NUMBER,"NUMBER(15,0)",22,15,0,Y,12,,0,,
AC_ORIENTADOS,MUNICIPIO,VARCHAR2,VARCHAR2(60 BYTE),60,,,Y,13,,60,B,
AC_ORIENTADOS,FECHA_PRIMERA_ORIENTACION,DATE,DATE,7,,,Y,14,,0,,
AC_ORIENTADOS,FECHA_NACIMIENTO,DATE,DATE,7,,,Y,15,,0,,
AC_ORIENTADOS,MPO_ID_NACIMIENTO,NUMBER,"NUMBER(15,0)",22,15,0,Y,16,,0,,
AC_POSTULACIONES,OFT_ID,NUMBER,"NUMBER(10,0)",22,10,0,Y,1,,0,,
AC_POSTULACIONES,ENV_ID,NUMBER,"NUMBER(10,0)",22,10,0,Y,2,,0,,
AC_POSTULACIONES,TIPO_IDENTIFICACION,VARCHAR2,VARCHAR2(4 BYTE),4,,,Y,3,,4,B,
AC_POSTULACIONES,IDENTIFICACION,NUMBER,"NUMBER(20,0)",22,20,0,Y,4,,0,,
AC_POSTULACIONES,NOMBRES,VARCHAR2,VARCHAR2(80 BYTE),80,,,Y,5,,80,B,
AC_POSTULACIONES,PRIMER_APELLIDO,VARCHAR2,VARCHAR2(80 BYTE),80,,,Y,6,,80,B,
AC_POSTULACIONES,SEGUNDO_APELLIDO,VARCHAR2,VARCHAR2(80 BYTE),80,,,Y,7,,80,B,
AC_POSTULACIONES,GENERO,VARCHAR2,VARCHAR2(20 BYTE),20,,,Y,8,,20,B,
AC_POSTULACIONES,PAI_ID,NUMBER,"NUMBER(4,0)",22,4,0,Y,9,,0,,
AC_POSTULACIONES,DPT_ID,NUMBER,"NUMBER(8,0)",22,8,0,Y,10,,0,,
AC_POSTULACIONES,DEPARTAMENTO,VARCHAR2,VARCHAR2(60 BYTE),60,,,Y,11,,60,B,
AC_POSTULACIONES,MPO_ID,NUMBER,"NUMBER(15,0)",22,15,0,Y,12,,0,,
AC_POSTULACIONES,MUNICIPIO,VARCHAR2,VARCHAR2(60 BYTE),60,,,Y,13,,60,B,
AC_POSTULACIONES,SOLICITUD,NUMBER,"NUMBER(10,0)",22,10,0,Y,14,,0,,
AC_POSTULACIONES,OCU_ID,NUMBER,"NUMBER(8,0)",22,8,0,Y,15,,0,,
AC_POSTULACIONES,OCUPACION,VARCHAR2,VARCHAR2(200 BYTE),200,,,Y,16,,200,B,
AC_POSTULACIONES,DENOMINACION,VARCHAR2,VARCHAR2(200 BYTE),200,,,Y,17,,200,B,
AC_POSTULACIONES,EMP_ID,NUMBER,"NUMBER(8,0)",22,8,0,Y,18,,0,,
AC_POSTULACIONES,EMPRESA,VARCHAR2,VARCHAR2(200 BYTE),200,,,Y,19,,200,B,
AC_POSTULACIONES,FECHA_POSTULACION,DATE,DATE,7,,,Y,20,,0,,
AC_POSTULACIONES,FECHA_NACIMIENTO,DATE,DATE,7,,,Y,21,,0,,
AC_POSTULACIONES,MPO_ID_NACIMIENTO,NUMBER,"NUMBER(15,0)",22,15,0,Y,22,,0,,
AC_SOLICITUDES,DEM_ID,NUMBER,"NUMBER(14,0)",22,14,0,Y,1,,0,,
AC_SOLICITUDES,PAI_ID,NUMBER,"NUMBER(4,0)",22,4,0,Y,2,,0,,
AC_SOLICITUDES,DPT_ID,NUMBER,"NUMBER(8,0)",22,8,0,Y,3,,0,,
AC_SOLICITUDES,DEPARTAMENTO,VARCHAR2,VARCHAR2(60 BYTE),60,,,Y,4,,60,B,
AC_SOLICITUDES,MPO_ID,NUMBER,"NUMBER(15,0)",22,15,0,Y,5,,0,,
AC_SOLICITUDES,MUNICIPIO,VARCHAR2,VARCHAR2(60 BYTE),60,,,Y,6,,60,B,
AC_SOLICITUDES,OCU_ID,NUMBER,"NUMBER(8,0)",22,8,0,Y,7,,0,,
AC_SOLICITUDES,OCUPACION,VARCHAR2,VARCHAR2(200 BYTE),200,,,Y,8,,200,B,
AC_SOLICITUDES,DENOMINACION,VARCHAR2,VARCHAR2(200 BYTE),200,,,Y,9,,200,B,
AC_SOLICITUDES,EMP_ID,NUMBER,"NUMBER(8,0)",22,8,0,Y,10,,0,,
AC_SOLICITUDES,EMPRESA,VARCHAR2,VARCHAR2(200 BYTE),200,,,Y,11,,200,B,
AC_SOLICITUDES,CAO_ID,NUMBER,"NUMBER(8,0)",22,8,0,Y,12,,0,,
AC_SOLICITUDES,CAO_NOMBRE,VARCHAR2,VARCHAR2(200 BYTE),200,,,Y,13,,200,B,
AC_SOLICITUDES,SUE_ID,NUMBER,"NUMBER(8,0)",22,8,0,Y,14,,0,,
AC_SOLICITUDES,SUE_DESCRIPCION,VARCHAR2,VARCHAR2(100 BYTE),100,,,Y,15,,100,B,
AC_SOLICITUDES,DEM_MESES_EXP,NUMBER,"NUMBER(4,0)",22,4,0,Y,16,,0,,
AC_SOLICITUDES,DEM_NUM_VACANTES,NUMBER,"NUMBER(4,0)",22,4,0,Y,17,,0,,
AC_SOLICITUDES,FECHA_REGISTRO,DATE,DATE,7,,,Y,18,,0,,
ANEXO_HIDRO_2616,ANE_ID,NUMBER,"NUMBER(10,0)",22,10,0,N,1,,0,,
ANEXO_HIDRO_2616,IND_ID,NUMBER,"NUMBER(9,0)",22,9,0,N,2,,0,,
ANEXO_HIDRO_2616,DESCRIPCION,VARCHAR2,VARCHAR2(4000 BYTE),4000,,,N,3,,4000,B,
ANEXO_HIDRO_2616,ESTADO,NUMBER,NUMBER,22,,,N,4,,0,,
ANEXO_HIDRO_2616,FECHA_INICIO,DATE,DATE,7,,,N,5,,0,,
ANEXO_HIDRO_2616,FECHA_FIN,DATE,DATE,7,,,Y,6,,0,,
APRENDICES_ESTADO,AES_ID,NUMBER,NUMBER,22,,,N,1,,0,,
APRENDICES_ESTADO,AES_NOMBRE,VARCHAR2,VARCHAR2(50 BYTE),50,,,N,2,,50,B,
APRENDICES_ESTADO,AEA_ID,NUMBER,"NUMBER(6,0)",22,6,0,Y,3,,0,,
APRENDICES_ESTADO_APE,AEA_ID,NUMBER,"NUMBER(6,0)",22,6,0,N,1,,0,,
APRENDICES_ESTADO_APE,AEA_NOMBRE,VARCHAR2,VARCHAR2(100 BYTE),100,,,N,2,,100,B,
APRENDICES_MIG,AMI_NIS,NUMBER,NUMBER,22,,,N,1,,0,,
APRENDICES_MIG,OFT_ID,NUMBER,NUMBER,22,,,N,2,,0,,
APRENDICES_MIG,REG_ID,NUMBER,NUMBER,22,,,Y,3,,0,,
APRENDICES_MIG,CSPE_ID,NUMBER,NUMBER,22,,,Y,4,,0,,
APRENDICES_MIG_CERTIFICADOS,ACE_ID,NUMBER,NUMBER,22,,,N,1,,0,,
APRENDICES_MIG_CERTIFICADOS,NIS,NUMBER,NUMBER,22,,,N,2,,0,,
APRENDICES_MIG_CERTIFICADOS,OFT_ID,NUMBER,NUMBER,22,,,N,3,,0,,
APRENDICES_MIG_CERTIFICADOS,PROGRAMA,VARCHAR2,VARCHAR2(255 BYTE),255,,,N,4,,255,B,
APRENDICES_MIG_CONF,AMC_ULT_FECHA,DATE,DATE,7,,,Y,1,,0,,
APRENDICES_MIG_CONF,AMC_ID,NUMBER,NUMBER,22,,,N,2,,0,,
APRENDICES_MIG_CONF,AMC_ULT_FECHA_CERTIFICADOS,DATE,DATE,7,,,Y,3,,0,,
APRENDICES_MIG_ORI,AMO_ID,NUMBER,NUMBER,22,,,N,1,,0,,
APRENDICES_MIG_ORI,AMI_NIS,NUMBER,NUMBER,22,,,N,2,,0,,
APRENDICES_MIG_ORI,AES_ID,NUMBER,NUMBER,22,,,N,3,,0,,
APRENDICES_MIG_ORI,AMO_ORIENTADO,NUMBER,NUMBER,22,,,N,4,,0,,
APRENDIZ_AMAZON,FIC_ID,NUMBER,"NUMBER(*,0)",22,,0,Y,1,,0,,
APRENDIZ_AMAZON,FIC_FCH_INICIALIZACION,VARCHAR2,VARCHAR2(110 BYTE),110,,,Y,2,,110,B,
APRENDIZ_AMAZON,FIC_FCH_FINALIZACION,VARCHAR2,VARCHAR2(110 BYTE),110,,,Y,3,,110,B,
APRENDIZ_AMAZON,ESTADO_FICHA,VARCHAR2,VARCHAR2(125 BYTE),125,,,Y,4,,125,B,
APRENDIZ_AMAZON,NIVEL_FORMACION,VARCHAR2,VARCHAR2(127 BYTE),127,,,Y,5,,127,B,
APRENDIZ_AMAZON,PRF_CODIGO,NUMBER,"NUMBER(*,0)",22,,0,Y,6,,0,,
APRENDIZ_AMAZON,MISENA_PRG,VARCHAR2,VARCHAR2(11 BYTE),11,,,Y,7,,11,B,
APRENDIZ_AMAZON,PRF_DENOMINACION,VARCHAR2,VARCHAR2(288 BYTE),288,,,Y,8,,288,B,
APRENDIZ_AMAZON,RGN_NOMBRE,VARCHAR2,VARCHAR2(227 BYTE),227,,,Y,9,,227,B,
APRENDIZ_AMAZON,SED_NOMBRE,VARCHAR2,VARCHAR2(273 BYTE),273,,,Y,10,,273,B,
APRENDIZ_AMAZON,DATOS_CENTRO,VARCHAR2,VARCHAR2(280 BYTE),280,,,Y,11,,280,B,
APRENDIZ_AMAZON,MISENA_TIPDOC,VARCHAR2,VARCHAR2(231 BYTE),231,,,Y,12,,231,B,
APRENDIZ_AMAZON,TIPO_DOCUMENTO,VARCHAR2,VARCHAR2(22 BYTE),22,,,Y,13,,22,B,
APRENDIZ_AMAZON,NUM_DOC_IDENTIDAD,NUMBER,"NUMBER(*,0)",22,,0,Y,14,,0,,
APRENDIZ_AMAZON,ASP_NOMBRE,VARCHAR2,VARCHAR2(219 BYTE),219,,,Y,15,,219,B,
APRENDIZ_AMAZON,ASP_PRIMER_APELLIDO,VARCHAR2,VARCHAR2(211 BYTE),211,,,Y,16,,211,B,
APRENDIZ_AMAZON,ASP_SEGUNDO_APELLIDO,VARCHAR2,VARCHAR2(213 BYTE),213,,,Y,17,,213,B,
APRENDIZ_AMAZON,ASP_CORREO_E,VARCHAR2,VARCHAR2(238 BYTE),238,,,Y,18,,238,B,
APRENDIZ_AMAZON,CORREO_MISENA,VARCHAR2,VARCHAR2(231 BYTE),231,,,Y,19,,231,B,
APRENDIZ_AMAZON,ESTADO aws,VARCHAR2,VARCHAR2(212 BYTE),212,,,Y,20,,212,B,
APRENDIZ_AMAZON,Estado Registro Académico,VARCHAR2,VARCHAR2(214 BYTE),214,,,Y,21,,214,B,
APRENDIZ_AMAZON,DBU_TEL_MOVIL_CONTACTO,VARCHAR2,VARCHAR2(214 BYTE),214,,,Y,22,,214,B,
APRENDIZ_AMAZON,GENERO,VARCHAR2,VARCHAR2(11 BYTE),11,,,Y,23,,11,B,
APRENDIZ_AMAZON,FIC_MOD_FORMACION,VARCHAR2,VARCHAR2(11 BYTE),11,,,Y,24,,11,B,
APRENDIZ_AMAZON,TIPO,VARCHAR2,VARCHAR2(118 BYTE),118,,,Y,25,,118,B,
APRENDIZ_DOBLE_TITULACION,REG_ID,NUMBER,"NUMBER(*,0)",22,,0,Y,1,,0,,
APRENDIZ_DOBLE_TITULACION,REGIONAL,VARCHAR2,VARCHAR2(350 BYTE),350,,,Y,2,,350,B,
APRENDIZ_DOBLE_TITULACION,CENTRO_ID,VARCHAR2,VARCHAR2(350 BYTE),350,,,Y,3,,350,B,
APRENDIZ_DOBLE_TITULACION,CENTRO,VARCHAR2,VARCHAR2(350 BYTE),350,,,Y,4,,350,B,
APRENDIZ_DOBLE_TITULACION,MUNICIPIO,VARCHAR2,VARCHAR2(350 BYTE),350,,,Y,5,,350,B,
APRENDIZ_DOBLE_TITULACION,TIPO_DOC,VARCHAR2,VARCHAR2(350 BYTE),350,,,Y,6,,350,B,
APRENDIZ_DOBLE_TITULACION,IDENTIFICACION,NUMBER,"NUMBER(*,0)",22,,0,Y,7,,0,,
APRENDIZ_DOBLE_TITULACION,FECHA_EXP_DOC_ID,VARCHAR2,VARCHAR2(350 BYTE),350,,,Y,8,,350,B,
APRENDIZ_DOBLE_TITULACION,NOMBRE,VARCHAR2,VARCHAR2(350 BYTE),350,,,Y,9,,350,B,
APRENDIZ_DOBLE_TITULACION,APELLIDOS,VARCHAR2,VARCHAR2(350 BYTE),350,,,Y,10,,350,B,
APRENDIZ_DOBLE_TITULACION,FECHA_NACIMIENTO,VARCHAR2,VARCHAR2(350 BYTE),350,,,Y,11,,350,B,
APRENDIZ_DOBLE_TITULACION,MPIO_DOMICILIO,VARCHAR2,VARCHAR2(350 BYTE),350,,,Y,12,,350,B,
APRENDIZ_DOBLE_TITULACION,TELEFONO,VARCHAR2,VARCHAR2(350 BYTE),350,,,Y,13,,350,B,
APRENDIZ_DOBLE_TITULACION,CELULAR,VARCHAR2,VARCHAR2(350 BYTE),350,,,Y,14,,350,B,
APRENDIZ_DOBLE_TITULACION,DIRECCION,VARCHAR2,VARCHAR2(350 BYTE),350,,,Y,15,,350,B,
APRENDIZ_DOBLE_TITULACION,CORREO_MISENA,VARCHAR2,VARCHAR2(350 BYTE),350,,,Y,16,,350,B,
APRENDIZ_DOBLE_TITULACION,CORREO_E,VARCHAR2,VARCHAR2(350 BYTE),350,,,Y,17,,350,B,
APRENDIZ_DOBLE_TITULACION,ESTADO_APRENDIZ,VARCHAR2,VARCHAR2(350 BYTE),350,,,Y,18,,350,B,
APRENDIZ_DOBLE_TITULACION,FICHA,VARCHAR2,VARCHAR2(350 BYTE),350,,,Y,19,,350,B,
APRENDIZ_DOBLE_TITULACION,FECHA_INICIO,VARCHAR2,VARCHAR2(350 BYTE),350,,,Y,20,,350,B,
APRENDIZ_DOBLE_TITULACION,FECHA_FIN,VARCHAR2,VARCHAR2(350 BYTE),350,,,Y,21,,350,B,
APRENDIZ_DOBLE_TITULACION,ESTADO_FICHA,VARCHAR2,VARCHAR2(350 BYTE),350,,,Y,22,,350,B,
APRENDIZ_DOBLE_TITULACION,PROGRAMA,VARCHAR2,VARCHAR2(350 BYTE),350,,,Y,23,,350,B,
APRENDIZ_DOBLE_TITULACION,NIVEL,VARCHAR2,VARCHAR2(350 BYTE),350,,,Y,24,,350,B,
APRENDIZ_DOBLE_TITULACION,PGRM_ESPECIAL,VARCHAR2,VARCHAR2(350 BYTE),350,,,Y,25,,350,B,
APRENDIZ_EGRESADOS,TIPO IDENTIFICACION APRENDIZ,VARCHAR2,VARCHAR2(222 BYTE),222,,,Y,1,,222,B,
APRENDIZ_EGRESADOS,NUMERO_IDENTIFICACION_APRENDIZ,NUMBER,"NUMBER(*,0)",22,,0,Y,2,,0,,
APRENDIZ_EGRESADOS,NOMBRE APRENDIZ,VARCHAR2,VARCHAR2(232 BYTE),232,,,Y,3,,232,B,
APRENDIZ_EGRESADOS,PRIMER APELLIDO,VARCHAR2,VARCHAR2(216 BYTE),216,,,Y,4,,216,B,
APRENDIZ_EGRESADOS,SEGUNDO APELLIDO,VARCHAR2,VARCHAR2(216 BYTE),216,,,Y,5,,216,B,
APRENDIZ_EGRESADOS,CODIGO REGIONAL,NUMBER,"NUMBER(*,0)",22,,0,Y,6,,0,,
APRENDIZ_EGRESADOS,NOMBRE REGIONAL,VARCHAR2,VARCHAR2(322 BYTE),322,,,Y,7,,322,B,
APRENDIZ_EGRESADOS,CODIGO CENTRO,NUMBER,"NUMBER(*,0)",22,,0,Y,8,,0,,
APRENDIZ_EGRESADOS,NOMBRE CENTRO,VARCHAR2,VARCHAR2(528 BYTE),528,,,Y,9,,528,B,
APRENDIZ_EGRESADOS,CODIGO NIVEL FORMACION,NUMBER,"NUMBER(*,0)",22,,0,Y,10,,0,,
APRENDIZ_EGRESADOS,NIVEL FORMACION,VARCHAR2,VARCHAR2(232 BYTE),232,,,Y,11,,232,B,
APRENDIZ_EGRESADOS,CODIGO PROGRAMA,NUMBER,"NUMBER(*,0)",22,,0,Y,12,,0,,
APRENDIZ_EGRESADOS,NOMBRE PROGRAMA FORMACION,VARCHAR2,VARCHAR2(528 BYTE),528,,,Y,13,,528,B,
APRENDIZ_EGRESADOS,CORREO PERSONAL,VARCHAR2,VARCHAR2(264 BYTE),264,,,Y,14,,264,B,
APRENDIZ_EGRESADOS,TELÉFONOS DE CONTACTO,VARCHAR2,VARCHAR2(232 BYTE),232,,,Y,15,,232,B,
APRENDIZ_EGRESADOS,CELULAR,VARCHAR2,VARCHAR2(222 BYTE),222,,,Y,16,,222,B,
APRENDIZ_EGRESADOS,DIRECCIÓN,VARCHAR2,VARCHAR2(264 BYTE),264,,,Y,17,,264,B,
APRENDIZ_EGRESADOS,FECHA DE NACIMIENTO,VARCHAR2,VARCHAR2(216 BYTE),216,,,Y,18,,216,B,
APRENDIZ_EGRESADOS,FECHA DE EXPEDICIÓN ,VARCHAR2,VARCHAR2(216 BYTE),216,,,Y,19,,216,B,
APRENDIZ_ETP_PRODUCTIVA,RGN_ID,NUMBER,"NUMBER(*,0)",22,,0,Y,1,,0,,
APRENDIZ_ETP_PRODUCTIVA,REGIONAL,VARCHAR2,VARCHAR2(200 BYTE),200,,,Y,2,,200,B,
APRENDIZ_ETP_PRODUCTIVA,CTR_ID,NUMBER,"NUMBER(*,0)",22,,0,Y,3,,0,,
APRENDIZ_ETP_PRODUCTIVA,CENTRO,VARCHAR2,VARCHAR2(600 BYTE),600,,,Y,4,,600,B,
APRENDIZ_ETP_PRODUCTIVA,MUNICIPIO,VARCHAR2,VARCHAR2(200 BYTE),200,,,Y,5,,200,B,
APRENDIZ_ETP_PRODUCTIVA,TIPO_DOC,VARCHAR2,VARCHAR2(200 BYTE),200,,,Y,6,,200,B,
APRENDIZ_ETP_PRODUCTIVA,NRO_DOC,NUMBER,"NUMBER(*,0)",22,,0,Y,7,,0,,
APRENDIZ_ETP_PRODUCTIVA,FECHA_EXP_DOC_ID,VARCHAR2,VARCHAR2(200 BYTE),200,,,Y,8,,200,B,
APRENDIZ_ETP_PRODUCTIVA,NOMBRE,VARCHAR2,VARCHAR2(200 BYTE),200,,,Y,9,,200,B,
APRENDIZ_ETP_PRODUCTIVA,APELLIDOS,VARCHAR2,VARCHAR2(200 BYTE),200,,,Y,10,,200,B,
APRENDIZ_ETP_PRODUCTIVA,FECHA_NACIMIENTO,VARCHAR2,VARCHAR2(200 BYTE),200,,,Y,11,,200,B,
APRENDIZ_ETP_PRODUCTIVA,MPIO_DOMICILIO,VARCHAR2,VARCHAR2(200 BYTE),200,,,Y,12,,200,B,
APRENDIZ_ETP_PRODUCTIVA,TELEFONO,VARCHAR2,VARCHAR2(22 BYTE),22,,,Y,13,,22,B,
APRENDIZ_ETP_PRODUCTIVA,CELULAR,VARCHAR2,VARCHAR2(22 BYTE),22,,,Y,14,,22,B,
APRENDIZ_ETP_PRODUCTIVA,CORREO_MISENA,VARCHAR2,VARCHAR2(200 BYTE),200,,,Y,15,,200,B,
APRENDIZ_ETP_PRODUCTIVA,CORREO_E,VARCHAR2,VARCHAR2(200 BYTE),200,,,Y,16,,200,B,
APRENDIZ_ETP_PRODUCTIVA,FICHA,VARCHAR2,VARCHAR2(22 BYTE),22,,,Y,17,,22,B,
APRENDIZ_ETP_PRODUCTIVA,FCH_INI_CAP,VARCHAR2,VARCHAR2(200 BYTE),200,,,Y,18,,200,B,
APRENDIZ_ETP_PRODUCTIVA,FCH_FIN_CAP,VARCHAR2,VARCHAR2(200 BYTE),200,,,Y,19,,200,B,
APRENDIZ_ETP_PRODUCTIVA,FECHA_INI_MOD,VARCHAR2,VARCHAR2(200 BYTE),200,,,Y,20,,200,B,
APRENDIZ_ETP_PRODUCTIVA,FECHA_FIN_MOD,VARCHAR2,VARCHAR2(200 BYTE),200,,,Y,21,,200,B,
APRENDIZ_ETP_PRODUCTIVA,PROGRAMA,VARCHAR2,VARCHAR2(600 BYTE),600,,,Y,22,,600,B,
APRENDIZ_ETP_PRODUCTIVA,NIVEL,VARCHAR2,VARCHAR2(200 BYTE),200,,,Y,23,,200,B,
APRENDIZ_ETP_PRODUCTIVA,TIPO_ALTERNATIVA,VARCHAR2,VARCHAR2(200 BYTE),200,,,Y,24,,200,B,
APRENDIZ_F_TITULADA,¿Tipo documento de identidad,VARCHAR2,VARCHAR2(80 BYTE),80,,,Y,1,,80,B,
APRENDIZ_F_TITULADA,No de documento de identidad,NUMBER,"NUMBER(*,0)",22,,0,Y,2,,0,,
APRENDIZ_F_TITULADA,NOMBRES,VARCHAR2,VARCHAR2(225 BYTE),225,,,Y,3,,225,B,
APRENDIZ_F_TITULADA,APELLIDOS,VARCHAR2,VARCHAR2(222 BYTE),222,,,Y,4,,222,B,
APRENDIZ_F_TITULADA,REGIONAL,VARCHAR2,VARCHAR2(227 BYTE),227,,,Y,5,,227,B,
APRENDIZ_F_TITULADA,Centro de formación,VARCHAR2,VARCHAR2(273 BYTE),273,,,Y,6,,273,B,
APRENDIZ_F_TITULADA,Correo Personal,VARCHAR2,VARCHAR2(241 BYTE),241,,,Y,7,,241,B,
APRENDIZ_F_TITULADA,Correo Misena,VARCHAR2,VARCHAR2(236 BYTE),236,,,Y,8,,236,B,
APRENDIZ_F_TITULADA,Programa de formación,VARCHAR2,VARCHAR2(291 BYTE),291,,,Y,9,,291,B,
APRENDIZ_F_TITULADA,TELÉFONO,VARCHAR2,VARCHAR2(291 BYTE),291,,,Y,10,,291,B,
APRENDIZ_LINKEDIN,NOMBRES,VARCHAR2,VARCHAR2(60 BYTE),60,,,Y,1,,60,B,
APRENDIZ_LINKEDIN,T.DOCUMENTO,VARCHAR2,VARCHAR2(5 BYTE),5,,,Y,2,,5,B,
APRENDIZ_LINKEDIN,DOCUMENTO,NUMBER,"NUMBER(38,0)",22,38,0,Y,3,,0,,
APRENDIZ_LINKEDIN,CORREO,VARCHAR2,VARCHAR2(60 BYTE),60,,,Y,4,,60,B,
APRENDIZ_LINKEDIN,REGIONAL,VARCHAR2,VARCHAR2(18 BYTE),18,,,Y,5,,18,B,
APRENDIZ_LINKEDIN,PROGRAMA,VARCHAR2,VARCHAR2(150 BYTE),150,,,Y,6,,150,B,
APRENDIZ_LINKEDIN,FORMACION,VARCHAR2,VARCHAR2(50 BYTE),50,,,Y,7,,50,B,
AREA_CONOCIMIENTO,ARC_ID,NUMBER,"NUMBER(2,0)",22,2,0,N,1,,0,,
AREA_CONOCIMIENTO,ARC_NOMBRE,VARCHAR2,VARCHAR2(50 BYTE),50,,,N,2,,50,B,
AREA_DESEMPENO,ARD_ID,VARCHAR2,VARCHAR2(1 BYTE),1,,,N,1,,1,B,
AREA_DESEMPENO,ARD_NOMBRE,VARCHAR2,VARCHAR2(80 BYTE),80,,,N,2,,80,B,
AREA_DESEMPENO,ARD_DESCRIPCION,VARCHAR2,VARCHAR2(800 BYTE),800,,,N,3,,800,B,
AREA_INFLUENCIA,ARI_ID,NUMBER,"NUMBER(1,0)",22,1,0,N,1,,0,,
AREA_INFLUENCIA,ARI_DESCRIPCION,VARCHAR2,VARCHAR2(50 BYTE),50,,,N,2,,50,B,
AREA_OCUPACIONAL,ARO_ID,VARCHAR2,VARCHAR2(2 BYTE),2,,,N,1,,2,B,
AREA_OCUPACIONAL,ARO_NOMBRE,VARCHAR2,VARCHAR2(100 BYTE),100,,,N,2,,100,B,
AREA_OCUPACIONAL,ARD_ID,VARCHAR2,VARCHAR2(1 BYTE),1,,,N,3,,1,B,
AREA_OCUPACIONAL,NIM_ID,VARCHAR2,VARCHAR2(1 BYTE),1,,,N,4,,1,B,
ARN,NUM,NUMBER,"NUMBER(20,0)",22,20,0,Y,1,,0,,
ARN,PROCESO,VARCHAR2,VARCHAR2(80 BYTE),80,,,Y,2,,80,B,
ARN,ETCR,VARCHAR2,VARCHAR2(200 BYTE),200,,,Y,3,,200,B,
ARN,ESTADO,NUMBER,"NUMBER(1,0)",22,1,0,Y,4,,0,,
ARN,DESCRIPCION,VARCHAR2,VARCHAR2(40 BYTE),40,,,Y,5,,40,B,
ARN_ANUALES,N_DOC,VARCHAR2,VARCHAR2(240 BYTE),240,,,Y,1,,240,B,
ARN_ANUALES,T_PROCESO,VARCHAR2,VARCHAR2(1024 BYTE),1024,,,Y,2,,1024,B,
ARN_ANUALES,ESTADO,VARCHAR2,VARCHAR2(1024 BYTE),1024,,,Y,3,,1024,B,
ARN_ANUALES,ANO,NUMBER,"NUMBER(*,0)",22,,0,Y,4,,0,,
ARN_ANUALES,NP,NUMBER,"NUMBER(*,0)",22,,0,Y,5,,0,,
ARREGLO_1,DEM_ID,NUMBER,NUMBER,22,,,Y,1,,0,,
ARREGLO_1,ESD_ID,NUMBER,NUMBER,22,,,Y,2,,0,,
ARREGLO_2021,DEM_ID,NUMBER,NUMBER,22,,,Y,1,,0,,
ARREGLO_2021,ESD_ID,NUMBER,NUMBER,22,,,Y,2,,0,,
ASPIRANTES_2022,APIRANTES_IDENTIFICACION,NUMBER,"NUMBER(38,0)",22,38,0,Y,1,,0,,
ASPIRANTES_2022,AUX_NUM,NUMBER,NUMBER,22,,,Y,2,,0,,
AUX_SOLICITUDES_MOD_HIDRO,DEM_ID,NUMBER,NUMBER,22,,,Y,1,,0,,
BARRIO,BAR_ID,NUMBER,"NUMBER(6,0)",22,6,0,N,1,,0,,
BARRIO,BAR_NOMBRE,VARCHAR2,VARCHAR2(50 BYTE),50,,,N,2,,50,B,
BARRIO,ZON_ID,NUMBER,"NUMBER(12,0)",22,12,0,N,3,,0,,
BARRIO,ESTADO,NUMBER,NUMBER,22,,,Y,4,1,0,,
CAJA_HERRAMIENTAS,CJA_ID,NUMBER,"NUMBER(2,0)",22,2,0,N,1,,0,,
CAJA_HERRAMIENTAS,CJA_NOMBRE,VARCHAR2,VARCHAR2(150 BYTE),150,,,N,2,,150,B,
CAJA_HERRAMIENTAS,CJA_DESCRIPCION,VARCHAR2,VARCHAR2(300 BYTE),300,,,N,3,,300,B,
CAJA_HERRAMIENTAS,CJA_FECHA_CREACION,DATE,DATE,7,,,N,4,SYSDATE ,0,,
CAJA_HERRAMIENTAS,CJA_ESTADO,NUMBER,"NUMBER(1,0)",22,1,0,N,5,1 ,0,,
CAMBIOS_REGISTRO_ORO,ROWID_OBJECT,CHAR,CHAR(14 BYTE),14,,,N,1,,14,B,
CAMBIOS_REGISTRO_ORO,TIPOPERSONA_CD,CHAR,CHAR(1 BYTE),1,,,Y,2,,1,B,
CAMBIOS_REGISTRO_ORO,TIPODOCUMENTO_CD,VARCHAR2,VARCHAR2(10 BYTE),10,,,Y,3,,10,B,
CAMBIOS_REGISTRO_ORO,NUMERODOCUMENTO,VARCHAR2,VARCHAR2(16 BYTE),16,,,Y,4,,16,B,
CAMBIOS_REGISTRO_ORO,FECHAEXPDOCUMENTO,DATE,DATE,7,,,Y,5,,0,,
CAMBIOS_REGISTRO_ORO,MUNICIPIOEXPDOCUMENTO_CD,VARCHAR2,VARCHAR2(10 BYTE),10,,,Y,6,,10,B,
CAMBIOS_REGISTRO_ORO,MUNICIPIOEXPDOCUMENTO_DS,VARCHAR2,VARCHAR2(50 BYTE),50,,,Y,7,,50,B,
CAMBIOS_REGISTRO_ORO,FECHANACIMIENTO,DATE,DATE,7,,,Y,8,,0,,
CAMBIOS_REGISTRO_ORO,MUNICIPIONACIMIENTO_CD,VARCHAR2,VARCHAR2(10 BYTE),10,,,Y,9,,10,B,
CAMBIOS_REGISTRO_ORO,MUNICIPIONACIMIENTO_DS,VARCHAR2,VARCHAR2(50 BYTE),50,,,Y,10,,50,B,
CAMBIOS_REGISTRO_ORO,PRIMERNOMBRE,VARCHAR2,VARCHAR2(50 BYTE),50,,,Y,11,,50,B,
CAMBIOS_REGISTRO_ORO,SEGUNDONOMBRE,VARCHAR2,VARCHAR2(50 BYTE),50,,,Y,12,,50,B,
CAMBIOS_REGISTRO_ORO,PRIMERAPELLIDO,VARCHAR2,VARCHAR2(50 BYTE),50,,,Y,13,,50,B,
CAMBIOS_REGISTRO_ORO,SEGUNDOAPELLIDO,VARCHAR2,VARCHAR2(50 BYTE),50,,,Y,14,,50,B,
CAMBIOS_REGISTRO_ORO,SEXO_CD,CHAR,CHAR(1 BYTE),1,,,Y,15,,1,B,
CAMBIOS_REGISTRO_ORO,SEXO_DS,VARCHAR2,VARCHAR2(50 BYTE),50,,,Y,16,,50,B,
CAMBIOS_REGISTRO_ORO,ESTADOCIVIL_CD,CHAR,CHAR(1 BYTE),1,,,Y,17,,1,B,
CAMBIOS_REGISTRO_ORO,ESTADOCIVIL_DS,VARCHAR2,VARCHAR2(50 BYTE),50,,,Y,18,,50,B,
CAMBIOS_REGISTRO_ORO,PAISUBICACIONAPR_CD,NUMBER,"NUMBER(10,0)",22,10,0,Y,19,,0,,
CAMBIOS_REGISTRO_ORO,PAISUBICACIONAPR_DS,VARCHAR2,VARCHAR2(50 BYTE),50,,,Y,20,,50,B,
CAMBIOS_REGISTRO_ORO,DEPARTAMENTOUBICAAPR_CD,VARCHAR2,VARCHAR2(10 BYTE),10,,,Y,21,,10,B,
CAMBIOS_REGISTRO_ORO,DEPARTAMENTOUBICAAPR_DS,VARCHAR2,VARCHAR2(100 BYTE),100,,,Y,22,,100,B,
CAMBIOS_REGISTRO_ORO,MUNICIPIOUBICACIONAPR_CD,VARCHAR2,VARCHAR2(10 BYTE),10,,,Y,23,,10,B,
CAMBIOS_REGISTRO_ORO,MUNICIPIOUBICACIONAPR_DS,VARCHAR2,VARCHAR2(50 BYTE),50,,,Y,24,,50,B,
CAMBIOS_REGISTRO_ORO,DIRECCIONUBICACIONAPR,VARCHAR2,VARCHAR2(200 BYTE),200,,,Y,25,,200,B,
CAMBIOS_REGISTRO_ORO,ESTRATO,NUMBER,"NUMBER(1,0)",22,1,0,Y,26,,0,,
CAMBIOS_REGISTRO_ORO,CONTACTOACEL1_CD,VARCHAR2,VARCHAR2(2 BYTE),2,,,Y,27,,2,B,
CAMBIOS_REGISTRO_ORO,CONTACTOACEL1_DS,VARCHAR2,VARCHAR2(100 BYTE),100,,,Y,28,,100,B,
CAMBIOS_REGISTRO_ORO,CONTACTOACEL2_CD,VARCHAR2,VARCHAR2(2 BYTE),2,,,Y,29,,2,B,
CAMBIOS_REGISTRO_ORO,CONTACTOACEL2_DS,VARCHAR2,VARCHAR2(100 BYTE),100,,,Y,30,,100,B,
CAMBIOS_REGISTRO_ORO,CONTACTOATEL1_CD,VARCHAR2,VARCHAR2(2 BYTE),2,,,Y,31,,2,B,
CAMBIOS_REGISTRO_ORO,CONTACTOATEL1_DS,VARCHAR2,VARCHAR2(100 BYTE),100,,,Y,32,,100,B,
CAMBIOS_REGISTRO_ORO,CONTACTOATEL2_CD,VARCHAR2,VARCHAR2(2 BYTE),2,,,Y,33,,2,B,
CAMBIOS_REGISTRO_ORO,CONTACTOATEL2_DS,VARCHAR2,VARCHAR2(100 BYTE),100,,,Y,34,,100,B,
CAMBIOS_REGISTRO_ORO,CONTACTOACOR1_CD,VARCHAR2,VARCHAR2(2 BYTE),2,,,Y,35,,2,B,
CAMBIOS_REGISTRO_ORO,CONTACTOACOR1_DS,VARCHAR2,VARCHAR2(100 BYTE),100,,,Y,36,,100,B,
CAMBIOS_REGISTRO_ORO,CONTACTOACOR2_CD,VARCHAR2,VARCHAR2(2 BYTE),2,,,Y,37,,2,B,
CAMBIOS_REGISTRO_ORO,CONTACTOACOR2_DS,VARCHAR2,VARCHAR2(100 BYTE),100,,,Y,38,,100,B,
CAMBIOS_REGISTRO_ORO,ESAPRENDIZ,VARCHAR2,VARCHAR2(2 BYTE),2,,,Y,39,,2,B,
CAMBIOS_REGISTRO_ORO,ESEGRESADO,VARCHAR2,VARCHAR2(2 BYTE),2,,,Y,40,,2,B,
CAMBIOS_REGISTRO_ORO,NIT,VARCHAR2,VARCHAR2(50 BYTE),50,,,Y,41,,50,B,
CAMBIOS_REGISTRO_ORO,DIGITOVERIFICACION,VARCHAR2,VARCHAR2(1 BYTE),1,,,Y,42,,1,B,
CAMBIOS_REGISTRO_ORO,RAZONSOCIAL,VARCHAR2,VARCHAR2(200 BYTE),200,,,Y,43,,200,B,
CAMBIOS_REGISTRO_ORO,NUMEROEMPLEADOS,NUMBER,NUMBER,22,,,Y,44,,0,,
CAMBIOS_REGISTRO_ORO,CONTACTOECOR1_CD,VARCHAR2,VARCHAR2(2 BYTE),2,,,Y,45,,2,B,
CAMBIOS_REGISTRO_ORO,CONTACTOECOR1_DS,VARCHAR2,VARCHAR2(100 BYTE),100,,,Y,46,,100,B,
CAMBIOS_REGISTRO_ORO,CONTACTOECOR2_CD,VARCHAR2,VARCHAR2(2 BYTE),2,,,Y,47,,2,B,
CAMBIOS_REGISTRO_ORO,CONTACTOECOR2_DS,VARCHAR2,VARCHAR2(100 BYTE),100,,,Y,48,,100,B,
CAMBIOS_REGISTRO_ORO,CONTACTOETEL1_CD,VARCHAR2,VARCHAR2(2 BYTE),2,,,Y,49,,2,B,
CAMBIOS_REGISTRO_ORO,CONTACTOETEL1_DS,VARCHAR2,VARCHAR2(100 BYTE),100,,,Y,50,,100,B,
CAMBIOS_REGISTRO_ORO,CONTACTOETEL2_CD,VARCHAR2,VARCHAR2(2 BYTE),2,,,Y,51,,2,B,
CAMBIOS_REGISTRO_ORO,CONTACTOETEL2_DS,VARCHAR2,VARCHAR2(100 BYTE),100,,,Y,52,,100,B,
CAMBIOS_REGISTRO_ORO,CONTACTOECEL1_CD,VARCHAR2,VARCHAR2(2 BYTE),2,,,Y,53,,2,B,
CAMBIOS_REGISTRO_ORO,CONTACTOECEL1_DS,VARCHAR2,VARCHAR2(100 BYTE),100,,,Y,54,,100,B,
CAMBIOS_REGISTRO_ORO,CONTACTOECEL2_CD,VARCHAR2,VARCHAR2(2 BYTE),2,,,Y,55,,2,B,
CAMBIOS_REGISTRO_ORO,CONTACTOECEL2_DS,VARCHAR2,VARCHAR2(100 BYTE),100,,,Y,56,,100,B,
CAMBIOS_REGISTRO_ORO,TIPOSOCIEDAD_DS,VARCHAR2,VARCHAR2(100 BYTE),100,,,Y,57,,100,B,
CAMBIOS_REGISTRO_ORO,PAISUBICACIONEMP_CD,NUMBER,"NUMBER(10,0)",22,10,0,Y,58,,0,,
CAMBIOS_REGISTRO_ORO,PAISUBICACIONEMP_DS,VARCHAR2,VARCHAR2(50 BYTE),50,,,Y,59,,50,B,
CAMBIOS_REGISTRO_ORO,DEPARTAMENTOUBICAEMP_CD,VARCHAR2,VARCHAR2(10 BYTE),10,,,Y,60,,10,B,
CAMBIOS_REGISTRO_ORO,DEPARTAMENTOUBICAEMP_DS,VARCHAR2,VARCHAR2(100 BYTE),100,,,Y,61,,100,B,
CAMBIOS_REGISTRO_ORO,MUNICIPIOUBICACIONEMP_CD,VARCHAR2,VARCHAR2(10 BYTE),10,,,Y,62,,10,B,
CAMBIOS_REGISTRO_ORO,MUNICIPIOUBICACIONEMP_DS,VARCHAR2,VARCHAR2(50 BYTE),50,,,Y,63,,50,B,
CAMBIOS_REGISTRO_ORO,DIRECCIONUBICACIONEMP,VARCHAR2,VARCHAR2(200 BYTE),200,,,Y,64,,200,B,
CAMBIOS_REGISTRO_ORO,FECHA_FUE_PROCESADO,DATE,DATE,7,,,Y,65,,0,,
CAMBIOS_REGISTRO_ORO,FUNCIONARIO_PROCESO,NUMBER,NUMBER,22,,,Y,66,,0,,
CAMBIOS_REGISTRO_ORO,FECHI_INICIO_PROCESO,DATE,DATE,7,,,N,67,,0,,
CAMBIOS_REGISTRO_ORO,FECHI_FIN_PROCESO,DATE,DATE,7,,,N,68,,0,,
CAMBIOS_REGISTRO_ORO,FECHA_CARGUE,TIMESTAMP(6),TIMESTAMP(6),11,,6,Y,69,,0,,
CAMBIO_ESTADO_C_DEMANDA,ID_DEM,NUMBER,"NUMBER(*,0)",22,,0,Y,1,,0,,
CAMPE_SENA_CNO,OCU_ID,NUMBER,"NUMBER(38,0)",22,38,0,N,1,,0,,
CAMPE_SENA_CNO,OCUPACION,VARCHAR2,VARCHAR2(300 BYTE),300,,,N,2,,300,B,
CAMPO_OCUPACIONAL,CAO_ID,VARCHAR2,VARCHAR2(3 BYTE),3,,,N,1,,3,B,
CAMPO_OCUPACIONAL,CAO_NOMBRE,VARCHAR2,VARCHAR2(200 BYTE),200,,,N,2,,200,B,
CAMPO_OCUPACIONAL,ARO_ID,VARCHAR2,VARCHAR2(2 BYTE),2,,,N,3,,2,B,
CANDIDATOS_BUSQUEDA,CB_IND_NOMBRE,VARCHAR2,VARCHAR2(300 BYTE),300,,,Y,1,,300,B,
CANDIDATOS_BUSQUEDA,CB_DPT_NOMBRE,VARCHAR2,VARCHAR2(100 BYTE),100,,,Y,2,,100,B,
CANDIDATOS_BUSQUEDA,CB_MPO_NOMBRE,VARCHAR2,VARCHAR2(100 BYTE),100,,,Y,3,,100,B,
CANDIDATOS_BUSQUEDA,CB_ARO_NOMBRE,VARCHAR2,VARCHAR2(500 BYTE),500,,,Y,4,,500,B,
CANDIDATOS_BUSQUEDA,CB_ARD_NOMBRE,VARCHAR2,VARCHAR2(500 BYTE),500,,,Y,5,,500,B,
CANDIDATOS_BUSQUEDA,CB_CANDIDATOS,NUMBER,NUMBER,22,,,Y,6,,0,,
CANDIDATOS_BUSQUEDA,CB_ESTADO_ECO_NAR,NUMBER,NUMBER,22,,,Y,7,,0,,
CANDIDATOS_BUSQUEDA,CB_FECHA_INSERTA,DATE,DATE,7,,,Y,8,,0,,
CANDIDATOS_BUSQUEDA_PORTAL,CBP_COINCIDENCIA_BUSQ,VARCHAR2,VARCHAR2(500 BYTE),500,,,Y,1,,500,B,
CANDIDATOS_BUSQUEDA_PORTAL,CBP_CATEGORIA_ID,NUMBER,NUMBER,22,,,Y,2,,0,,
CANDIDATOS_BUSQUEDA_PORTAL,CBP_CATEGORIA,VARCHAR2,VARCHAR2(30 BYTE),30,,,Y,3,,30,B,
CANDIDATOS_BUSQUEDA_PORTAL,CBP_VALOR_CATEGORIA,VARCHAR2,VARCHAR2(500 BYTE),500,,,Y,4,,500,B,
CANDIDATOS_BUSQUEDA_PORTAL,CBP_ENLACE,VARCHAR2,VARCHAR2(200 BYTE),200,,,Y,5,,200,B,
CANDIDATOS_BUSQUEDA_PORTAL,CBP_CANDIDATOS,NUMBER,NUMBER,22,,,Y,6,,0,,
CANDIDATOS_BUSQUEDA_PORTAL,CBP_FECHA_INSERTA,DATE,DATE,7,,,Y,7,,0,,
CANDIDATOS_BUSQUEDA_PORTAL,CBP_CODIGO_CATEGORIA,NUMBER,NUMBER,22,,,Y,8,,0,,
CAP_CAPACITACIONES,CCA_ID,NUMBER,NUMBER,22,,,N,1,,0,,
CAP_CAPACITACIONES,OFT_ID,NUMBER,NUMBER,22,,,N,2,,0,,
CAP_CAPACITACIONES,HORIO_ID,NUMBER,NUMBER,22,,,Y,3,,0,,
CAP_CAPACITACIONES,FICHA_ID,NUMBER,NUMBER,22,,,Y,4,,0,,
CAP_PROGRAMAS,CPR_ID,NUMBER,NUMBER,22,,,N,1,,0,,
CAP_PROGRAMAS,CPR_NOMBRE,VARCHAR2,VARCHAR2(255 BYTE),255,,,N,2,,255,B,
CARACTER,CAR_ID,NUMBER,"NUMBER(2,0)",22,2,0,N,1,,0,,
CARACTER,CAR_NOMBRE,VARCHAR2,VARCHAR2(40 BYTE),40,,,N,2,,40,B,
CENTRO_SPE,CSPE_ID,NUMBER,"NUMBER(7,0)",22,7,0,N,1,,0,,
CENTRO_SPE,CSPE_NOMBRE,VARCHAR2,VARCHAR2(80 BYTE),80,,,N,2,,80,B,
CENTRO_SPE,CSPE_DIRECCION,VARCHAR2,VARCHAR2(100 BYTE),100,,,N,3,,100,B,
CENTRO_SPE,CSPE_TEL,VARCHAR2,VARCHAR2(30 BYTE),30,,,N,4,,30,B,
CENTRO_SPE,CSPE_TEL_ALT,VARCHAR2,VARCHAR2(30 BYTE),30,,,Y,5,,30,B,
CENTRO_SPE,CSPE_CORREO_E,VARCHAR2,VARCHAR2(50 BYTE),50,,,Y,6,,50,B,
CENTRO_SPE,CSPE_CORREO_E_ALT,VARCHAR2,VARCHAR2(50 BYTE),50,,,Y,7,,50,B,
CENTRO_SPE,CSPE_ESTADO,NUMBER,"NUMBER(1,0)",22,1,0,N,8,,0,,
CENTRO_SPE,REG_ID,NUMBER,"NUMBER(2,0)",22,2,0,N,9,,0,,
CENTRO_SPE,MPO_ID,NUMBER,"NUMBER(9,0)",22,9,0,N,10,,0,,
CENTRO_SPE,TIPO_CSPE,NUMBER,"NUMBER(1,0)",22,1,0,N,11,0 ,0,,
CENTRO_SPE,CSPE_ATENCION,VARCHAR2,VARCHAR2(100 BYTE),100,,,Y,12,,100,B,
CENTRO_SPE,CSPE_RESPONSABLE,VARCHAR2,VARCHAR2(100 BYTE),100,,,Y,13,,100,B,
CENTRO_SPE,CSPE_CODIGO_SOFIA,NUMBER,"NUMBER(5,0)",22,5,0,Y,14,0,0,,
CENTRO_SPE_07122012,CSPE_ID,NUMBER,"NUMBER(7,0)",22,7,0,N,1,,0,,
CENTRO_SPE_07122012,CSPE_NOMBRE,VARCHAR2,VARCHAR2(80 BYTE),80,,,N,2,,80,B,
CENTRO_SPE_07122012,CSPE_DIRECCION,VARCHAR2,VARCHAR2(100 BYTE),100,,,N,3,,100,B,
CENTRO_SPE_07122012,CSPE_TEL,VARCHAR2,VARCHAR2(30 BYTE),30,,,N,4,,30,B,
CENTRO_SPE_07122012,CSPE_TEL_ALT,VARCHAR2,VARCHAR2(30 BYTE),30,,,Y,5,,30,B,
CENTRO_SPE_07122012,CSPE_CORREO_E,VARCHAR2,VARCHAR2(50 BYTE),50,,,Y,6,,50,B,
CENTRO_SPE_07122012,CSPE_CORREO_E_ALT,VARCHAR2,VARCHAR2(50 BYTE),50,,,Y,7,,50,B,
CENTRO_SPE_07122012,CSPE_ESTADO,NUMBER,"NUMBER(1,0)",22,1,0,N,8,,0,,
CENTRO_SPE_07122012,REG_ID,NUMBER,"NUMBER(2,0)",22,2,0,N,9,,0,,
CENTRO_SPE_07122012,MPO_ID,NUMBER,"NUMBER(9,0)",22,9,0,N,10,,0,,
CENTRO_SPE_07122012,TIPO_CSPE,NUMBER,"NUMBER(1,0)",22,1,0,N,11,,0,,
CENTRO_SPE_07122012,CSPE_ATENCION,VARCHAR2,VARCHAR2(100 BYTE),100,,,Y,12,,100,B,
CENTRO_SPE_07122012,CSPE_RESPONSABLE,VARCHAR2,VARCHAR2(100 BYTE),100,,,Y,13,,100,B,
CENTRO_SPE_10062012,CSPE_ID,NUMBER,"NUMBER(7,0)",22,7,0,N,1,,0,,
CENTRO_SPE_10062012,CSPE_NOMBRE,VARCHAR2,VARCHAR2(80 BYTE),80,,,N,2,,80,B,
CENTRO_SPE_10062012,CSPE_DIRECCION,VARCHAR2,VARCHAR2(100 BYTE),100,,,N,3,,100,B,
CENTRO_SPE_10062012,CSPE_TEL,VARCHAR2,VARCHAR2(30 BYTE),30,,,N,4,,30,B,
CENTRO_SPE_10062012,CSPE_TEL_ALT,VARCHAR2,VARCHAR2(30 BYTE),30,,,Y,5,,30,B,
CENTRO_SPE_10062012,CSPE_CORREO_E,VARCHAR2,VARCHAR2(50 BYTE),50,,,Y,6,,50,B,
CENTRO_SPE_10062012,CSPE_CORREO_E_ALT,VARCHAR2,VARCHAR2(50 BYTE),50,,,Y,7,,50,B,
CENTRO_SPE_10062012,CSPE_ESTADO,NUMBER,"NUMBER(1,0)",22,1,0,N,8,,0,,
CENTRO_SPE_10062012,REG_ID,NUMBER,"NUMBER(2,0)",22,2,0,N,9,,0,,
CENTRO_SPE_10062012,MPO_ID,NUMBER,"NUMBER(9,0)",22,9,0,N,10,,0,,
CENTRO_SPE_10062012,TIPO_CSPE,NUMBER,"NUMBER(1,0)",22,1,0,N,11,,0,,
CENTRO_SPE_10062012,CSPE_ATENCION,VARCHAR2,VARCHAR2(100 BYTE),100,,,Y,12,,100,B,
CENTRO_SPE_10062012,CSPE_RESPONSABLE,VARCHAR2,VARCHAR2(100 BYTE),100,,,Y,13,,100,B,
CENTRO_SPE_12102012,CSPE_ID,NUMBER,"NUMBER(7,0)",22,7,0,N,1,,0,,
CENTRO_SPE_12102012,CSPE_NOMBRE,VARCHAR2,VARCHAR2(80 BYTE),80,,,N,2,,80,B,
CENTRO_SPE_12102012,CSPE_DIRECCION,VARCHAR2,VARCHAR2(100 BYTE),100,,,N,3,,100,B,
CENTRO_SPE_12102012,CSPE_TEL,VARCHAR2,VARCHAR2(30 BYTE),30,,,N,4,,30,B,
CENTRO_SPE_12102012,CSPE_TEL_ALT,VARCHAR2,VARCHAR2(30 BYTE),30,,,Y,5,,30,B,
CENTRO_SPE_12102012,CSPE_CORREO_E,VARCHAR2,VARCHAR2(50 BYTE),50,,,Y,6,,50,B,
CENTRO_SPE_12102012,CSPE_CORREO_E_ALT,VARCHAR2,VARCHAR2(50 BYTE),50,,,Y,7,,50,B,
CENTRO_SPE_12102012,CSPE_ESTADO,NUMBER,"NUMBER(1,0)",22,1,0,N,8,,0,,
CENTRO_SPE_12102012,REG_ID,NUMBER,"NUMBER(2,0)",22,2,0,N,9,,0,,
CENTRO_SPE_12102012,MPO_ID,NUMBER,"NUMBER(9,0)",22,9,0,N,10,,0,,
CENTRO_SPE_12102012,TIPO_CSPE,NUMBER,"NUMBER(1,0)",22,1,0,N,11,,0,,
CENTRO_SPE_12102012,CSPE_ATENCION,VARCHAR2,VARCHAR2(100 BYTE),100,,,Y,12,,100,B,
CENTRO_SPE_12102012,CSPE_RESPONSABLE,VARCHAR2,VARCHAR2(100 BYTE),100,,,Y,13,,100,B,
CENTRO_SPE_17052013,CSPE_ID,NUMBER,"NUMBER(7,0)",22,7,0,N,1,,0,,
CENTRO_SPE_17052013,CSPE_NOMBRE,VARCHAR2,VARCHAR2(80 BYTE),80,,,N,2,,80,B,
CENTRO_SPE_17052013,CSPE_DIRECCION,VARCHAR2,VARCHAR2(100 BYTE),100,,,N,3,,100,B,
CENTRO_SPE_17052013,CSPE_TEL,VARCHAR2,VARCHAR2(30 BYTE),30,,,N,4,,30,B,
CENTRO_SPE_17052013,CSPE_TEL_ALT,VARCHAR2,VARCHAR2(30 BYTE),30,,,Y,5,,30,B,
CENTRO_SPE_17052013,CSPE_CORREO_E,VARCHAR2,VARCHAR2(50 BYTE),50,,,Y,6,,50,B,
CENTRO_SPE_17052013,CSPE_CORREO_E_ALT,VARCHAR2,VARCHAR2(50 BYTE),50,,,Y,7,,50,B,
CENTRO_SPE_17052013,CSPE_ESTADO,NUMBER,"NUMBER(1,0)",22,1,0,N,8,,0,,
CENTRO_SPE_17052013,REG_ID,NUMBER,"NUMBER(2,0)",22,2,0,N,9,,0,,
CENTRO_SPE_17052013,MPO_ID,NUMBER,"NUMBER(9,0)",22,9,0,N,10,,0,,
CENTRO_SPE_17052013,TIPO_CSPE,NUMBER,"NUMBER(1,0)",22,1,0,N,11,,0,,
CENTRO_SPE_17052013,CSPE_ATENCION,VARCHAR2,VARCHAR2(100 BYTE),100,,,Y,12,,100,B,
CENTRO_SPE_17052013,CSPE_RESPONSABLE,VARCHAR2,VARCHAR2(100 BYTE),100,,,Y,13,,100,B,
CENTRO_SPE_17072012,CSPE_ID,NUMBER,"NUMBER(7,0)",22,7,0,N,1,,0,,
CENTRO_SPE_17072012,CSPE_NOMBRE,VARCHAR2,VARCHAR2(80 BYTE),80,,,N,2,,80,B,
CENTRO_SPE_17072012,CSPE_DIRECCION,VARCHAR2,VARCHAR2(100 BYTE),100,,,N,3,,100,B,
CENTRO_SPE_17072012,CSPE_TEL,VARCHAR2,VARCHAR2(30 BYTE),30,,,N,4,,30,B,
CENTRO_SPE_17072012,CSPE_TEL_ALT,VARCHAR2,VARCHAR2(30 BYTE),30,,,Y,5,,30,B,
CENTRO_SPE_17072012,CSPE_CORREO_E,VARCHAR2,VARCHAR2(50 BYTE),50,,,Y,6,,50,B,
CENTRO_SPE_17072012,CSPE_CORREO_E_ALT,VARCHAR2,VARCHAR2(50 BYTE),50,,,Y,7,,50,B,
CENTRO_SPE_17072012,CSPE_ESTADO,NUMBER,"NUMBER(1,0)",22,1,0,N,8,,0,,
CENTRO_SPE_17072012,REG_ID,NUMBER,"NUMBER(2,0)",22,2,0,N,9,,0,,
CENTRO_SPE_17072012,MPO_ID,NUMBER,"NUMBER(9,0)",22,9,0,N,10,,0,,
CENTRO_SPE_17072012,TIPO_CSPE,NUMBER,"NUMBER(1,0)",22,1,0,N,11,,0,,
CENTRO_SPE_17072012,CSPE_ATENCION,VARCHAR2,VARCHAR2(100 BYTE),100,,,Y,12,,100,B,
CENTRO_SPE_17072012,CSPE_RESPONSABLE,VARCHAR2,VARCHAR2(100 BYTE),100,,,Y,13,,100,B,
CENTRO_SPE_19102012,CSPE_ID,NUMBER,"NUMBER(7,0)",22,7,0,N,1,,0,,
CENTRO_SPE_19102012,CSPE_NOMBRE,VARCHAR2,VARCHAR2(80 BYTE),80,,,N,2,,80,B,
CENTRO_SPE_19102012,CSPE_DIRECCION,VARCHAR2,VARCHAR2(100 BYTE),100,,,N,3,,100,B,
CENTRO_SPE_19102012,CSPE_TEL,VARCHAR2,VARCHAR2(30 BYTE),30,,,N,4,,30,B,
CENTRO_SPE_19102012,CSPE_TEL_ALT,VARCHAR2,VARCHAR2(30 BYTE),30,,,Y,5,,30,B,
CENTRO_SPE_19102012,CSPE_CORREO_E,VARCHAR2,VARCHAR2(50 BYTE),50,,,Y,6,,50,B,
CENTRO_SPE_19102012,CSPE_CORREO_E_ALT,VARCHAR2,VARCHAR2(50 BYTE),50,,,Y,7,,50,B,
CENTRO_SPE_19102012,CSPE_ESTADO,NUMBER,"NUMBER(1,0)",22,1,0,N,8,,0,,
CENTRO_SPE_19102012,REG_ID,NUMBER,"NUMBER(2,0)",22,2,0,N,9,,0,,
CENTRO_SPE_19102012,MPO_ID,NUMBER,"NUMBER(9,0)",22,9,0,N,10,,0,,
CENTRO_SPE_19102012,TIPO_CSPE,NUMBER,"NUMBER(1,0)",22,1,0,N,11,,0,,
CENTRO_SPE_19102012,CSPE_ATENCION,VARCHAR2,VARCHAR2(100 BYTE),100,,,Y,12,,100,B,
CENTRO_SPE_19102012,CSPE_RESPONSABLE,VARCHAR2,VARCHAR2(100 BYTE),100,,,Y,13,,100,B,
CENTRO_SPE_21122012,CSPE_ID,NUMBER,"NUMBER(7,0)",22,7,0,N,1,,0,,
CENTRO_SPE_21122012,CSPE_NOMBRE,VARCHAR2,VARCHAR2(80 BYTE),80,,,N,2,,80,B,
CENTRO_SPE_21122012,CSPE_DIRECCION,VARCHAR2,VARCHAR2(100 BYTE),100,,,N,3,,100,B,
CENTRO_SPE_21122012,CSPE_TEL,VARCHAR2,VARCHAR2(30 BYTE),30,,,N,4,,30,B,
CENTRO_SPE_21122012,CSPE_TEL_ALT,VARCHAR2,VARCHAR2(30 BYTE),30,,,Y,5,,30,B,
CENTRO_SPE_21122012,CSPE_CORREO_E,VARCHAR2,VARCHAR2(50 BYTE),50,,,Y,6,,50,B,
CENTRO_SPE_21122012,CSPE_CORREO_E_ALT,VARCHAR2,VARCHAR2(50 BYTE),50,,,Y,7,,50,B,
CENTRO_SPE_21122012,CSPE_ESTADO,NUMBER,"NUMBER(1,0)",22,1,0,N,8,,0,,
CENTRO_SPE_21122012,REG_ID,NUMBER,"NUMBER(2,0)",22,2,0,N,9,,0,,
CENTRO_SPE_21122012,MPO_ID,NUMBER,"NUMBER(9,0)",22,9,0,N,10,,0,,
CENTRO_SPE_21122012,TIPO_CSPE,NUMBER,"NUMBER(1,0)",22,1,0,N,11,,0,,
CENTRO_SPE_21122012,CSPE_ATENCION,VARCHAR2,VARCHAR2(100 BYTE),100,,,Y,12,,100,B,
CENTRO_SPE_21122012,CSPE_RESPONSABLE,VARCHAR2,VARCHAR2(100 BYTE),100,,,Y,13,,100,B,
CENTRO_SPE_23112012,CSPE_ID,NUMBER,"NUMBER(7,0)",22,7,0,N,1,,0,,
CENTRO_SPE_23112012,CSPE_NOMBRE,VARCHAR2,VARCHAR2(80 BYTE),80,,,N,2,,80,B,
CENTRO_SPE_23112012,CSPE_DIRECCION,VARCHAR2,VARCHAR2(100 BYTE),100,,,N,3,,100,B,
CENTRO_SPE_23112012,CSPE_TEL,VARCHAR2,VARCHAR2(30 BYTE),30,,,N,4,,30,B,
CENTRO_SPE_23112012,CSPE_TEL_ALT,VARCHAR2,VARCHAR2(30 BYTE),30,,,Y,5,,30,B,
CENTRO_SPE_23112012,CSPE_CORREO_E,VARCHAR2,VARCHAR2(50 BYTE),50,,,Y,6,,50,B,
CENTRO_SPE_23112012,CSPE_CORREO_E_ALT,VARCHAR2,VARCHAR2(50 BYTE),50,,,Y,7,,50,B,
CENTRO_SPE_23112012,CSPE_ESTADO,NUMBER,"NUMBER(1,0)",22,1,0,N,8,,0,,
CENTRO_SPE_23112012,REG_ID,NUMBER,"NUMBER(2,0)",22,2,0,N,9,,0,,
CENTRO_SPE_23112012,MPO_ID,NUMBER,"NUMBER(9,0)",22,9,0,N,10,,0,,
CENTRO_SPE_23112012,TIPO_CSPE,NUMBER,"NUMBER(1,0)",22,1,0,N,11,,0,,
CENTRO_SPE_23112012,CSPE_ATENCION,VARCHAR2,VARCHAR2(100 BYTE),100,,,Y,12,,100,B,
CENTRO_SPE_23112012,CSPE_RESPONSABLE,VARCHAR2,VARCHAR2(100 BYTE),100,,,Y,13,,100,B,
CERTIFICADOS_2022,COD_REGIONAL,NUMBER,"NUMBER(*,0)",22,,0,Y,1,,0,,
CERTIFICADOS_2022,TIPO_APRENDIZ,VARCHAR2,VARCHAR2(50 BYTE),50,,,Y,2,,50,B,
CERTIFICADOS_2022,NUMERO_APRENDIZ,NUMBER,"NUMBER(*,0)",22,,0,Y,3,,0,,
CERTIFICADOS_2022,NOMBRE_APRENDIZ,VARCHAR2,VARCHAR2(250 BYTE),250,,,Y,4,,250,B,
CERTIFICADOS_2022,PRIMER_APELLIDO,VARCHAR2,VARCHAR2(250 BYTE),250,,,Y,5,,250,B,
CERTIFICADOS_2022,SEGUNDO_APELLIDO,VARCHAR2,VARCHAR2(250 BYTE),250,,,Y,6,,250,B,
CERTIFICADOS_2022,GENERO,VARCHAR2,VARCHAR2(250 BYTE),250,,,Y,7,,250,B,
CERTIFICADOS_2022,CODIGO_REGIONAL,NUMBER,"NUMBER(*,0)",22,,0,Y,8,,0,,
CERTIFICADOS_2022,NOMBRE_REGIONAL,VARCHAR2,VARCHAR2(250 BYTE),250,,,Y,9,,250,B,
CERTIFICADOS_2022,CODIGO_CENTRO,NUMBER,"NUMBER(*,0)",22,,0,Y,10,,0,,
CERTIFICADOS_2022,NOMBRE_CENTRO,VARCHAR2,VARCHAR2(250 BYTE),250,,,Y,11,,250,B,
CERTIFICADOS_2022,CODIGO_NIVEL_FORM,NUMBER,"NUMBER(*,0)",22,,0,Y,12,,0,,
CERTIFICADOS_2022,NIVEL_FORMACION,VARCHAR2,VARCHAR2(250 BYTE),250,,,Y,13,,250,B,
CERTIFICADOS_2022,CODIGO_PROGRAMA,NUMBER,"NUMBER(*,0)",22,,0,Y,14,,0,,
CERTIFICADOS_2022,PROGRAMA_FORMACION,VARCHAR2,VARCHAR2(250 BYTE),250,,,Y,15,,250,B,
CERTIFICADOS_2022,MES_CERTIFICACION,NUMBER,"NUMBER(*,0)",22,,0,Y,16,,0,,
CERTIFICADOS_2022,COTIZANTE,NUMBER,"NUMBER(*,0)",22,,0,Y,17,,0,,
CERTIFICADOS_6M_GENERAL,TIPO_IDEN_APRENDIZ,VARCHAR2,VARCHAR2(5 BYTE),5,,,Y,1,,5,B,
CERTIFICADOS_6M_GENERAL,NUMERO_IDEN_APRENDIZ,NUMBER,"NUMBER(38,0)",22,38,0,Y,2,,0,,
CERTIFICADOS_6M_GENERAL,NOMBRE_APRENDIZ,VARCHAR2,VARCHAR2(250 BYTE),250,,,Y,3,,250,B,
CERTIFICADOS_6M_GENERAL,PRIMER_APELLIDO,VARCHAR2,VARCHAR2(250 BYTE),250,,,Y,4,,250,B,
CERTIFICADOS_6M_GENERAL,SEGUNDO_APELLIDO,VARCHAR2,VARCHAR2(250 BYTE),250,,,Y,5,,250,B,
CERTIFICADOS_6M_GENERAL,GENERO,VARCHAR2,VARCHAR2(2 BYTE),2,,,Y,6,,2,B,
CERTIFICADOS_6M_GENERAL,CODIGO_REGIONAL,NUMBER,"NUMBER(38,0)",22,38,0,Y,7,,0,,
CERTIFICADOS_6M_GENERAL,NOMBRE_REGIONAL,VARCHAR2,VARCHAR2(250 BYTE),250,,,Y,8,,250,B,
CERTIFICADOS_6M_GENERAL,CODIGO_CENTRO,NUMBER,"NUMBER(38,0)",22,38,0,Y,9,,0,,
CERTIFICADOS_6M_GENERAL,NOMBRE_CENTRO,VARCHAR2,VARCHAR2(250 BYTE),250,,,Y,10,,250,B,
CERTIFICADOS_6M_GENERAL,CODIGO_NIVEL_FORM,NUMBER,"NUMBER(38,0)",22,38,0,Y,11,,0,,
CERTIFICADOS_6M_GENERAL,NIVEL_FORMACION,VARCHAR2,VARCHAR2(250 BYTE),250,,,Y,12,,250,B,
CERTIFICADOS_6M_GENERAL,CODIGO_PROGRAMA,NUMBER,"NUMBER(38,0)",22,38,0,Y,13,,0,,
CERTIFICADOS_6M_GENERAL,PROGRAMA_FORMACION,VARCHAR2,VARCHAR2(250 BYTE),250,,,Y,14,,250,B,
CERTIFICADOS_6M_GENERAL,MES_CERTIFICACION,NUMBER,"NUMBER(38,0)",22,38,0,Y,15,,0,,
CERTIFICADOS_6M_GENERAL,COTIZANTE,NUMBER,"NUMBER(38,0)",22,38,0,Y,16,,0,,
CERTIFICADOS_6_MESES_TOTAL,Regional,VARCHAR2,VARCHAR2(1024 BYTE),1024,,,Y,1,,1024,B,
CERTIFICADOS_6_MESES_TOTAL,ID Centro,NUMBER,"NUMBER(*,0)",22,,0,Y,2,,0,,
CERTIFICADOS_6_MESES_TOTAL,CENTRO,VARCHAR2,VARCHAR2(1024 BYTE),1024,,,Y,3,,1024,B,
CERTIFICADOS_6_MESES_TOTAL,FICHA,VARCHAR2,VARCHAR2(1024 BYTE),1024,,,Y,4,,1024,B,
CERTIFICADOS_6_MESES_TOTAL,Fecha Inicio,VARCHAR2,VARCHAR2(1024 BYTE),1024,,,Y,5,,1024,B,
CERTIFICADOS_6_MESES_TOTAL,Fecha Fin,VARCHAR2,VARCHAR2(1024 BYTE),1024,,,Y,6,,1024,B,
CERTIFICADOS_6_MESES_TOTAL,Estado Ficha,VARCHAR2,VARCHAR2(1024 BYTE),1024,,,Y,7,,1024,B,
CERTIFICADOS_6_MESES_TOTAL,MODALIDAD,VARCHAR2,VARCHAR2(1024 BYTE),1024,,,Y,8,,1024,B,
CERTIFICADOS_6_MESES_TOTAL,Tipo Programa,VARCHAR2,VARCHAR2(1024 BYTE),1024,,,Y,9,,1024,B,
CERTIFICADOS_6_MESES_TOTAL,NIVEL,VARCHAR2,VARCHAR2(1024 BYTE),1024,,,Y,10,,1024,B,
CERTIFICADOS_6_MESES_TOTAL,PROGRAMA,VARCHAR2,VARCHAR2(1024 BYTE),1024,,,Y,11,,1024,B,
CERTIFICADOS_6_MESES_TOTAL,Municipio Programa,VARCHAR2,VARCHAR2(1024 BYTE),1024,,,Y,12,,1024,B,
CERTIFICADOS_6_MESES_TOTAL,Estado Aprendiz,VARCHAR2,VARCHAR2(1024 BYTE),1024,,,Y,13,,1024,B,
CERTIFICADOS_6_MESES_TOTAL,Fecha de Certificado,VARCHAR2,VARCHAR2(1024 BYTE),1024,,,Y,14,,1024,B,
CERTIFICADOS_6_MESES_TOTAL,Tipo Documento,VARCHAR2,VARCHAR2(1024 BYTE),1024,,,Y,15,,1024,B,
CERTIFICADOS_6_MESES_TOTAL,NUMERO_IDENTIFICACION_APRENDIZ,NUMBER,"NUMBER(*,0)",22,,0,Y,16,,0,,
CERTIFICADOS_6_MESES_TOTAL,NOMBRES,VARCHAR2,VARCHAR2(1024 BYTE),1024,,,Y,17,,1024,B,
CERTIFICADOS_6_MESES_TOTAL,Primer Apellido,VARCHAR2,VARCHAR2(1024 BYTE),1024,,,Y,18,,1024,B,
CERTIFICADOS_6_MESES_TOTAL,Segundo Apellidos,VARCHAR2,VARCHAR2(1024 BYTE),1024,,,Y,19,,1024,B,
CERTIFICADOS_6_MESES_TOTAL,CORREO,VARCHAR2,VARCHAR2(1024 BYTE),1024,,,Y,20,,1024,B,
CERTIFICADOS_6_MESES_TOTAL,TELEFONOS,VARCHAR2,VARCHAR2(1024 BYTE),1024,,,Y,21,,1024,B,
CERTIFICADOS_6_MESES_TOTAL,CELULAR,VARCHAR2,VARCHAR2(1024 BYTE),1024,,,Y,22,,1024,B,
CERTIFICADOS_6_MESES_TOTAL,Ciudad Residencia,VARCHAR2,VARCHAR2(1024 BYTE),1024,,,Y,23,,1024,B,
CERTIFICADOS_6_MESES_TOTAL,DIRECCION,VARCHAR2,VARCHAR2(1024 BYTE),1024,,,Y,24,,1024,B,
CERTIFICADOS_6_MESES_TOTAL,GÉNERO,VARCHAR2,VARCHAR2(1024 BYTE),1024,,,Y,25,,1024,B,
CERTIFICADOS_6_MESES_TOTAL,Fecha Nacimiento,VARCHAR2,VARCHAR2(1024 BYTE),1024,,,Y,26,,1024,B,
CERTIFICADOS_6_MESES_TOTAL,Fecha Exp Documento,VARCHAR2,VARCHAR2(1024 BYTE),1024,,,Y,27,,1024,B,
CERTIFICADOS_6_MESES_TOTAL,Incluido en el RUV,VARCHAR2,VARCHAR2(1024 BYTE),1024,,,Y,28,,1024,B,
CERTIFICADOS_NACIONAL,CODIGO_REGIONAL,NUMBER,"NUMBER(*,0)",22,,0,Y,1,,0,,
CERTIFICADOS_NACIONAL,NOMBRE_REGIONAL,VARCHAR2,VARCHAR2(350 BYTE),350,,,Y,2,,350,B,
CERTIFICADOS_NACIONAL,CODIGO_NOMBRE_CENTRO,VARCHAR2,VARCHAR2(350 BYTE),350,,,Y,3,,350,B,
CERTIFICADOS_NACIONAL,CENTRO,VARCHAR2,VARCHAR2(350 BYTE),350,,,Y,4,,350,B,
CERTIFICADOS_NACIONAL,PROGRAMA_FORMACION,VARCHAR2,VARCHAR2(350 BYTE),350,,,Y,5,,350,B,
CERTIFICADOS_NACIONAL,CODIGO_PROGRMA_FORMACION,VARCHAR2,VARCHAR2(350 BYTE),350,,,Y,6,,350,B,
CERTIFICADOS_NACIONAL,VERSION_PROGRAMA,VARCHAR2,VARCHAR2(350 BYTE),350,,,Y,7,,350,B,
CERTIFICADOS_NACIONAL,TIPO_PROGRAMA,VARCHAR2,VARCHAR2(350 BYTE),350,,,Y,8,,350,B,
CERTIFICADOS_NACIONAL,NIVEL_FORMACION,VARCHAR2,VARCHAR2(50 BYTE),50,,,Y,9,,50,B,
CERTIFICADOS_NACIONAL,FICHA,VARCHAR2,VARCHAR2(350 BYTE),350,,,Y,10,,350,B,
CERTIFICADOS_NACIONAL,ESTADO_APRENDIZ,VARCHAR2,VARCHAR2(50 BYTE),50,,,Y,11,,50,B,
CERTIFICADOS_NACIONAL,FICHA_TIPO_RESPUESTA,VARCHAR2,VARCHAR2(50 BYTE),50,,,Y,12,,50,B,
CERTIFICADOS_NACIONAL,FICHA_MOD_FORMACIÓN,VARCHAR2,VARCHAR2(50 BYTE),50,,,Y,13,,50,B,
CERTIFICADOS_NACIONAL,FECHA_INICIO,VARCHAR2,VARCHAR2(50 BYTE),50,,,Y,14,,50,B,
CERTIFICADOS_NACIONAL,FECHA_FIN,VARCHAR2,VARCHAR2(50 BYTE),50,,,Y,15,,50,B,
CERTIFICADOS_NACIONAL,DURACION,VARCHAR2,VARCHAR2(350 BYTE),350,,,Y,16,,350,B,
CERTIFICADOS_NACIONAL,NIS_APRENDIZ,VARCHAR2,VARCHAR2(350 BYTE),350,,,Y,17,,350,B,
CERTIFICADOS_NACIONAL,TIPO_DOCUMENTO,VARCHAR2,VARCHAR2(50 BYTE),50,,,Y,18,,50,B,
CERTIFICADOS_NACIONAL,NUM_DOC_IDENTIDAD,NUMBER,"NUMBER(*,0)",22,,0,Y,19,,0,,
CERTIFICADOS_NACIONAL,NOMBRE,VARCHAR2,VARCHAR2(350 BYTE),350,,,Y,20,,350,B,
CERTIFICADOS_NACIONAL,APELLIDOS,VARCHAR2,VARCHAR2(350 BYTE),350,,,Y,21,,350,B,
CERTIFICADOS_NACIONAL,CORREO_E,VARCHAR2,VARCHAR2(350 BYTE),350,,,Y,22,,350,B,
CERTIFICADOS_NACIONAL,NUM_CONTACTO,VARCHAR2,VARCHAR2(350 BYTE),350,,,Y,23,,350,B,
CERTIFICADOS_NACIONAL,PERIODO_CERTIF,VARCHAR2,VARCHAR2(350 BYTE),350,,,Y,24,,350,B,
CERTIFICADOS_NACIONAL,FECHA_CERTIF,VARCHAR2,VARCHAR2(350 BYTE),350,,,Y,25,,350,B,
CERTIFICADOS_NACIONAL,EDAD_CERTIFICADO,VARCHAR2,VARCHAR2(350 BYTE),350,,,Y,26,,350,B,
CERTIFICADOS_NACIONAL,GENERO,VARCHAR2,VARCHAR2(350 BYTE),350,,,Y,27,,350,B,
CERTIFICADOS_NACIONAL,ESTADO_CIVIL,VARCHAR2,VARCHAR2(350 BYTE),350,,,Y,28,,350,B,
CERTIFICADOS_NACIONAL,TIPO_POBLACION,VARCHAR2,VARCHAR2(350 BYTE),350,,,Y,29,,350,B,
CERTIFICADOS_NACIONAL,PAIS_NACIMIENTO,VARCHAR2,VARCHAR2(350 BYTE),350,,,Y,30,,350,B,
CERTIFICADOS_NACIONAL,DPT_NACIMIENTO,VARCHAR2,VARCHAR2(350 BYTE),350,,,Y,31,,350,B,
CERTIFICADOS_NACIONAL,CIUDAD_NACIMIENTO,VARCHAR2,VARCHAR2(350 BYTE),350,,,Y,32,,350,B,
CERTIFICADOS_NACIONAL,ESTRATO,VARCHAR2,VARCHAR2(350 BYTE),350,,,Y,33,,350,B,
CERTIFICADOS_NACIONAL,PAIS_RESIDENCIA,VARCHAR2,VARCHAR2(350 BYTE),350,,,Y,34,,350,B,
CERTIFICADOS_NACIONAL,DPTO_RESIDENCIA,VARCHAR2,VARCHAR2(350 BYTE),350,,,Y,35,,350,B,
CERTIFICADOS_NACIONAL,MUNICIPIO_RESIDENCIA,VARCHAR2,VARCHAR2(350 BYTE),350,,,Y,36,,350,B,
CERTIFICADOS_NACIONAL,FECHA_NACIMIENTO,VARCHAR2,VARCHAR2(350 BYTE),350,,,Y,37,,350,B,
CERTIFICADOS_NACIONAL,APOYO_FIC,VARCHAR2,VARCHAR2(350 BYTE),350,,,Y,38,,350,B,
CERTIFICADOS_NACIONAL,APOYO_SOSTENIMIENTO,VARCHAR2,VARCHAR2(350 BYTE),350,,,Y,39,,350,B,
CERTIFICADOS_NACIONAL,JORNADA,VARCHAR2,VARCHAR2(350 BYTE),350,,,Y,40,,350,B,
CERTIFICADOS_NACIONAL,AMPLIAC_COBERTURA,VARCHAR2,VARCHAR2(350 BYTE),350,,,Y,41,,350,B,
CERTIFICADOS_NACIONAL,PGRM_ESPECIAL,VARCHAR2,VARCHAR2(350 BYTE),350,,,Y,42,,350,B,
CERTIFICADOS_NACIONAL,REGISTRO_CERTIFICACION,VARCHAR2,VARCHAR2(350 BYTE),350,,,Y,43,,350,B,
CERTIFICADOS_NACIONAL,T,VARCHAR2,VARCHAR2(350 BYTE),350,,,Y,44,,350,B,
CIIU,CIIU_ID,VARCHAR2,VARCHAR2(4 BYTE),4,,,N,1,,4,B,
CIIU,CIIU_NOMBRE,VARCHAR2,VARCHAR2(200 BYTE),200,,,N,2,,200,B,
CIIU,GRC_ID,VARCHAR2,VARCHAR2(3 BYTE),3,,,N,3,,3,B,
CK_LOG,LINENUM,NUMBER,NUMBER,22,,,Y,1,,0,,
CK_LOG,LINEMSG,VARCHAR2,VARCHAR2(2000 BYTE),2000,,,Y,2,,2000,B,
CNO,CNO_ID,VARCHAR2,VARCHAR2(6 BYTE),6,,,N,1,,6,B,
CNO,OCU_ID,VARCHAR2,VARCHAR2(4 BYTE),4,,,N,2,,4,B,
CNO_CARGA,CNC_ID,VARCHAR2,VARCHAR2(32 BYTE),32,,,N,1,,32,B,
CNO_CARGA,CNC_ARCHIVO,VARCHAR2,VARCHAR2(255 BYTE),255,,,N,2,,255,B,
CNO_CARGA,CNC_USUARIO,VARCHAR2,VARCHAR2(20 BYTE),20,,,N,3,,20,B,
CNO_CARGA,CNC_FECHA_INICIO,DATE,DATE,7,,,N,4,,0,,
CNO_CARGA,CNC_FECHA_FIN,DATE,DATE,7,,,Y,5,,0,,
CNO_CARGA,CNC_STATUS,NUMBER,"NUMBER(1,0)",22,1,0,N,6,,0,,
CNO_CARGA_LOG,CNC_ID,VARCHAR2,VARCHAR2(32 BYTE),32,,,N,1,,32,B,
CNO_CARGA_LOG,CCL_MENSAJE,CLOB,CLOB,4000,,,N,2,,0,,
CNO_CARGA_LOG,CCL_ID,NUMBER,NUMBER,22,,,N,3,,0,,
COLOCACIONES_201809,OFT_ID,NUMBER,"NUMBER(10,0)",22,10,0,Y,1,,0,,
COLOCACIONES_201809,IDENTIFICACION,VARCHAR2,VARCHAR2(20 BYTE),20,,,Y,2,,20,B,
COLOCACIONES_201809,USUARIO,VARCHAR2,VARCHAR2(80 BYTE),80,,,Y,3,,80,B,
COLOCACIONES_201809,PAI_ID,NUMBER,"NUMBER(4,0)",22,4,0,Y,4,,0,,
COLOCACIONES_201809,DEPARTAMENTO,VARCHAR2,VARCHAR2(40 BYTE),40,,,Y,5,,40,B,
COLOCACIONES_201809,MUNICIPIO,VARCHAR2,VARCHAR2(40 BYTE),40,,,Y,6,,40,B,
COLOCACIONES_201809,GENERO,VARCHAR2,VARCHAR2(20 BYTE),20,,,Y,7,,20,B,
COLOCACIONES_201809,FECHA_COLOCACION,VARCHAR2,VARCHAR2(20 BYTE),20,,,Y,8,,20,B,
COLOCACIONES_201809,SOLICITUD,NUMBER,"NUMBER(10,0)",22,10,0,Y,9,,0,,
COLOCACIONES_201809,OCUPACION,VARCHAR2,VARCHAR2(200 BYTE),200,,,Y,10,,200,B,
COLOCACIONES_201809,EMPRESA,VARCHAR2,VARCHAR2(200 BYTE),200,,,Y,11,,200,B,
COLOCACIONES_201810,OFT_ID,NUMBER,"NUMBER(10,0)",22,10,0,Y,1,,0,,
COLOCACIONES_201810,IDENTIFICACION,VARCHAR2,VARCHAR2(20 BYTE),20,,,Y,2,,20,B,
COLOCACIONES_201810,USUARIO,VARCHAR2,VARCHAR2(80 BYTE),80,,,Y,3,,80,B,
COLOCACIONES_201810,PAI_ID,NUMBER,"NUMBER(4,0)",22,4,0,Y,4,,0,,
COLOCACIONES_201810,DEPARTAMENTO,VARCHAR2,VARCHAR2(40 BYTE),40,,,Y,5,,40,B,
COLOCACIONES_201810,MUNICIPIO,VARCHAR2,VARCHAR2(40 BYTE),40,,,Y,6,,40,B,
COLOCACIONES_201810,GENERO,VARCHAR2,VARCHAR2(20 BYTE),20,,,Y,7,,20,B,
COLOCACIONES_201810,FECHA_COLOCACION,VARCHAR2,VARCHAR2(20 BYTE),20,,,Y,8,,20,B,
COLOCACIONES_201810,SOLICITUD,NUMBER,"NUMBER(10,0)",22,10,0,Y,9,,0,,
COLOCACIONES_201810,OCUPACION,VARCHAR2,VARCHAR2(200 BYTE),200,,,Y,10,,200,B,
COLOCACIONES_201810,EMPRESA,VARCHAR2,VARCHAR2(200 BYTE),200,,,Y,11,,200,B,
COLOCACIONES_201811,OFT_ID,NUMBER,"NUMBER(10,0)",22,10,0,Y,1,,0,,
COLOCACIONES_201811,IDENTIFICACION,VARCHAR2,VARCHAR2(20 BYTE),20,,,Y,2,,20,B,
COLOCACIONES_201811,USUARIO,VARCHAR2,VARCHAR2(80 BYTE),80,,,Y,3,,80,B,
COLOCACIONES_201811,PAI_ID,NUMBER,"NUMBER(4,0)",22,4,0,Y,4,,0,,
COLOCACIONES_201811,DEPARTAMENTO,VARCHAR2,VARCHAR2(40 BYTE),40,,,Y,5,,40,B,
COLOCACIONES_201811,MUNICIPIO,VARCHAR2,VARCHAR2(40 BYTE),40,,,Y,6,,40,B,
COLOCACIONES_201811,GENERO,VARCHAR2,VARCHAR2(20 BYTE),20,,,Y,7,,20,B,
COLOCACIONES_201811,FECHA_COLOCACION,VARCHAR2,VARCHAR2(20 BYTE),20,,,Y,8,,20,B,
COLOCACIONES_201811,SOLICITUD,NUMBER,"NUMBER(10,0)",22,10,0,Y,9,,0,,
COLOCACIONES_201811,OCUPACION,VARCHAR2,VARCHAR2(200 BYTE),200,,,Y,10,,200,B,
COLOCACIONES_201811,EMPRESA,VARCHAR2,VARCHAR2(200 BYTE),200,,,Y,11,,200,B,
COLOCACIONES_201812,OFT_ID,NUMBER,"NUMBER(10,0)",22,10,0,Y,1,,0,,
COLOCACIONES_201812,IDENTIFICACION,VARCHAR2,VARCHAR2(20 BYTE),20,,,Y,2,,20,B,
COLOCACIONES_201812,USUARIO,VARCHAR2,VARCHAR2(80 BYTE),80,,,Y,3,,80,B,
COLOCACIONES_201812,PAI_ID,NUMBER,"NUMBER(4,0)",22,4,0,Y,4,,0,,
COLOCACIONES_201812,DEPARTAMENTO,VARCHAR2,VARCHAR2(40 BYTE),40,,,Y,5,,40,B,
COLOCACIONES_201812,MUNICIPIO,VARCHAR2,VARCHAR2(40 BYTE),40,,,Y,6,,40,B,
COLOCACIONES_201812,GENERO,VARCHAR2,VARCHAR2(20 BYTE),20,,,Y,7,,20,B,
COLOCACIONES_201812,FECHA_COLOCACION,VARCHAR2,VARCHAR2(20 BYTE),20,,,Y,8,,20,B,
COLOCACIONES_201812,SOLICITUD,NUMBER,"NUMBER(10,0)",22,10,0,Y,9,,0,,
COLOCACIONES_201812,OCUPACION,VARCHAR2,VARCHAR2(200 BYTE),200,,,Y,10,,200,B,
COLOCACIONES_201812,EMPRESA,VARCHAR2,VARCHAR2(200 BYTE),200,,,Y,11,,200,B,
COLOCACIONES_201901,OFT_ID,NUMBER,"NUMBER(10,0)",22,10,0,Y,1,,0,,
COLOCACIONES_201901,TIPO_IDENTIFICACION,VARCHAR2,VARCHAR2(4 BYTE),4,,,Y,2,,4,B,
COLOCACIONES_201901,IDENTIFICACION,VARCHAR2,VARCHAR2(20 BYTE),20,,,Y,3,,20,B,
COLOCACIONES_201901,USUARIO,VARCHAR2,VARCHAR2(80 BYTE),80,,,Y,4,,80,B,
COLOCACIONES_201901,GENERO,VARCHAR2,VARCHAR2(20 BYTE),20,,,Y,5,,20,B,
COLOCACIONES_201901,PAI_ID,NUMBER,"NUMBER(4,0)",22,4,0,Y,6,,0,,
COLOCACIONES_201901,DEPARTAMENTO,VARCHAR2,VARCHAR2(40 BYTE),40,,,Y,7,,40,B,
COLOCACIONES_201901,MUNICIPIO,VARCHAR2,VARCHAR2(40 BYTE),40,,,Y,8,,40,B,
COLOCACIONES_201901,SOLICITUD,NUMBER,"NUMBER(10,0)",22,10,0,Y,9,,0,,
COLOCACIONES_201901,OCUPACION,VARCHAR2,VARCHAR2(200 BYTE),200,,,Y,10,,200,B,
COLOCACIONES_201901,EMPRESA,VARCHAR2,VARCHAR2(200 BYTE),200,,,Y,11,,200,B,
COLOCACIONES_201901,FECHA_COLOCACION,VARCHAR2,VARCHAR2(20 BYTE),20,,,Y,12,,20,B,
COLOCACIONES_201902,OFT_ID,NUMBER,"NUMBER(10,0)",22,10,0,Y,1,,0,,
COLOCACIONES_201902,TIPO_IDENTIFICACION,VARCHAR2,VARCHAR2(4 BYTE),4,,,Y,2,,4,B,
COLOCACIONES_201902,IDENTIFICACION,VARCHAR2,VARCHAR2(20 BYTE),20,,,Y,3,,20,B,
COLOCACIONES_201902,USUARIO,VARCHAR2,VARCHAR2(80 BYTE),80,,,Y,4,,80,B,
COLOCACIONES_201902,GENERO,VARCHAR2,VARCHAR2(20 BYTE),20,,,Y,5,,20,B,
COLOCACIONES_201902,PAI_ID,NUMBER,"NUMBER(4,0)",22,4,0,Y,6,,0,,
COLOCACIONES_201902,DEPARTAMENTO,VARCHAR2,VARCHAR2(40 BYTE),40,,,Y,7,,40,B,
COLOCACIONES_201902,MUNICIPIO,VARCHAR2,VARCHAR2(40 BYTE),40,,,Y,8,,40,B,
COLOCACIONES_201902,SOLICITUD,NUMBER,"NUMBER(10,0)",22,10,0,Y,9,,0,,
COLOCACIONES_201902,OCUPACION,VARCHAR2,VARCHAR2(200 BYTE),200,,,Y,10,,200,B,
COLOCACIONES_201902,EMPRESA,VARCHAR2,VARCHAR2(200 BYTE),200,,,Y,11,,200,B,
COLOCACIONES_201902,FECHA_COLOCACION,VARCHAR2,VARCHAR2(20 BYTE),20,,,Y,12,,20,B,
COLOCACIONES_201903,OFT_ID,NUMBER,"NUMBER(10,0)",22,10,0,Y,1,,0,,
COLOCACIONES_201903,TIPO_IDENTIFICACION,VARCHAR2,VARCHAR2(4 BYTE),4,,,Y,2,,4,B,
COLOCACIONES_201903,IDENTIFICACION,VARCHAR2,VARCHAR2(20 BYTE),20,,,Y,3,,20,B,
COLOCACIONES_201903,USUARIO,VARCHAR2,VARCHAR2(80 BYTE),80,,,Y,4,,80,B,
COLOCACIONES_201903,GENERO,VARCHAR2,VARCHAR2(20 BYTE),20,,,Y,5,,20,B,
COLOCACIONES_201903,PAI_ID,NUMBER,"NUMBER(4,0)",22,4,0,Y,6,,0,,
COLOCACIONES_201903,DEPARTAMENTO,VARCHAR2,VARCHAR2(40 BYTE),40,,,Y,7,,40,B,
COLOCACIONES_201903,MUNICIPIO,VARCHAR2,VARCHAR2(40 BYTE),40,,,Y,8,,40,B,
COLOCACIONES_201903,SOLICITUD,NUMBER,"NUMBER(10,0)",22,10,0,Y,9,,0,,
COLOCACIONES_201903,OCUPACION,VARCHAR2,VARCHAR2(200 BYTE),200,,,Y,10,,200,B,
COLOCACIONES_201903,EMPRESA,VARCHAR2,VARCHAR2(200 BYTE),200,,,Y,11,,200,B,
COLOCACIONES_201903,FECHA_COLOCACION,VARCHAR2,VARCHAR2(20 BYTE),20,,,Y,12,,20,B,
COLOCACIONES_201904,OFT_ID,NUMBER,"NUMBER(10,0)",22,10,0,Y,1,,0,,
COLOCACIONES_201904,TIPO_IDENTIFICACION,VARCHAR2,VARCHAR2(4 BYTE),4,,,Y,2,,4,B,
COLOCACIONES_201904,IDENTIFICACION,VARCHAR2,VARCHAR2(20 BYTE),20,,,Y,3,,20,B,
COLOCACIONES_201904,USUARIO,VARCHAR2,VARCHAR2(80 BYTE),80,,,Y,4,,80,B,
COLOCACIONES_201904,GENERO,VARCHAR2,VARCHAR2(20 BYTE),20,,,Y,5,,20,B,
COLOCACIONES_201904,PAI_ID,NUMBER,"NUMBER(4,0)",22,4,0,Y,6,,0,,
COLOCACIONES_201904,DEPARTAMENTO,VARCHAR2,VARCHAR2(40 BYTE),40,,,Y,7,,40,B,
COLOCACIONES_201904,MUNICIPIO,VARCHAR2,VARCHAR2(40 BYTE),40,,,Y,8,,40,B,
COLOCACIONES_201904,SOLICITUD,NUMBER,"NUMBER(10,0)",22,10,0,Y,9,,0,,
COLOCACIONES_201904,OCUPACION,VARCHAR2,VARCHAR2(200 BYTE),200,,,Y,10,,200,B,
COLOCACIONES_201904,EMPRESA,VARCHAR2,VARCHAR2(200 BYTE),200,,,Y,11,,200,B,
COLOCACIONES_201904,FECHA_COLOCACION,VARCHAR2,VARCHAR2(20 BYTE),20,,,Y,12,,20,B,
COLOCACIONES_201905,OFT_ID,NUMBER,"NUMBER(10,0)",22,10,0,Y,1,,0,,
COLOCACIONES_201905,TIPO_IDENTIFICACION,VARCHAR2,VARCHAR2(4 BYTE),4,,,Y,2,,4,B,
COLOCACIONES_201905,IDENTIFICACION,VARCHAR2,VARCHAR2(20 BYTE),20,,,Y,3,,20,B,
COLOCACIONES_201905,USUARIO,VARCHAR2,VARCHAR2(80 BYTE),80,,,Y,4,,80,B,
COLOCACIONES_201905,GENERO,VARCHAR2,VARCHAR2(20 BYTE),20,,,Y,5,,20,B,
COLOCACIONES_201905,PAI_ID,NUMBER,"NUMBER(4,0)",22,4,0,Y,6,,0,,
COLOCACIONES_201905,DEPARTAMENTO,VARCHAR2,VARCHAR2(40 BYTE),40,,,Y,7,,40,B,
COLOCACIONES_201905,MUNICIPIO,VARCHAR2,VARCHAR2(40 BYTE),40,,,Y,8,,40,B,
COLOCACIONES_201905,SOLICITUD,NUMBER,"NUMBER(10,0)",22,10,0,Y,9,,0,,
COLOCACIONES_201905,OCUPACION,VARCHAR2,VARCHAR2(200 BYTE),200,,,Y,10,,200,B,
COLOCACIONES_201905,EMPRESA,VARCHAR2,VARCHAR2(200 BYTE),200,,,Y,11,,200,B,
COLOCACIONES_201905,FECHA_COLOCACION,VARCHAR2,VARCHAR2(20 BYTE),20,,,Y,12,,20,B,
COLOCACIONES_201906,OFT_ID,NUMBER,"NUMBER(10,0)",22,10,0,Y,1,,0,,
COLOCACIONES_201906,TIPO_IDENTIFICACION,VARCHAR2,VARCHAR2(4 BYTE),4,,,Y,2,,4,B,
COLOCACIONES_201906,IDENTIFICACION,VARCHAR2,VARCHAR2(20 BYTE),20,,,Y,3,,20,B,
COLOCACIONES_201906,USUARIO,VARCHAR2,VARCHAR2(80 BYTE),80,,,Y,4,,80,B,
COLOCACIONES_201906,GENERO,VARCHAR2,VARCHAR2(20 BYTE),20,,,Y,5,,20,B,
COLOCACIONES_201906,PAI_ID,NUMBER,"NUMBER(4,0)",22,4,0,Y,6,,0,,
COLOCACIONES_201906,DEPARTAMENTO,VARCHAR2,VARCHAR2(40 BYTE),40,,,Y,7,,40,B,
COLOCACIONES_201906,MUNICIPIO,VARCHAR2,VARCHAR2(40 BYTE),40,,,Y,8,,40,B,
COLOCACIONES_201906,SOLICITUD,NUMBER,"NUMBER(10,0)",22,10,0,Y,9,,0,,
COLOCACIONES_201906,OCUPACION,VARCHAR2,VARCHAR2(200 BYTE),200,,,Y,10,,200,B,
COLOCACIONES_201906,EMPRESA,VARCHAR2,VARCHAR2(200 BYTE),200,,,Y,11,,200,B,
COLOCACIONES_201906,FECHA_COLOCACION,VARCHAR2,VARCHAR2(20 BYTE),20,,,Y,12,,20,B,
COLOCACIONES_201907,OFT_ID,NUMBER,"NUMBER(10,0)",22,10,0,Y,1,,0,,
COLOCACIONES_201907,TIPO_IDENTIFICACION,VARCHAR2,VARCHAR2(4 BYTE),4,,,Y,2,,4,B,
COLOCACIONES_201907,IDENTIFICACION,VARCHAR2,VARCHAR2(20 BYTE),20,,,Y,3,,20,B,
COLOCACIONES_201907,USUARIO,VARCHAR2,VARCHAR2(80 BYTE),80,,,Y,4,,80,B,
COLOCACIONES_201907,GENERO,VARCHAR2,VARCHAR2(20 BYTE),20,,,Y,5,,20,B,
COLOCACIONES_201907,PAI_ID,NUMBER,"NUMBER(4,0)",22,4,0,Y,6,,0,,
COLOCACIONES_201907,DEPARTAMENTO,VARCHAR2,VARCHAR2(40 BYTE),40,,,Y,7,,40,B,
COLOCACIONES_201907,MUNICIPIO,VARCHAR2,VARCHAR2(40 BYTE),40,,,Y,8,,40,B,
COLOCACIONES_201907,SOLICITUD,NUMBER,"NUMBER(10,0)",22,10,0,Y,9,,0,,
COLOCACIONES_201907,OCUPACION,VARCHAR2,VARCHAR2(200 BYTE),200,,,Y,10,,200,B,
COLOCACIONES_201907,EMPRESA,VARCHAR2,VARCHAR2(200 BYTE),200,,,Y,11,,200,B,
COLOCACIONES_201907,FECHA_COLOCACION,VARCHAR2,VARCHAR2(20 BYTE),20,,,Y,12,,20,B,
COLOCACIONES_201908,OFT_ID,NUMBER,"NUMBER(10,0)",22,10,0,Y,1,,0,,
COLOCACIONES_201908,TIPO_IDENTIFICACION,VARCHAR2,VARCHAR2(4 BYTE),4,,,Y,2,,4,B,
COLOCACIONES_201908,IDENTIFICACION,VARCHAR2,VARCHAR2(20 BYTE),20,,,Y,3,,20,B,
COLOCACIONES_201908,USUARIO,VARCHAR2,VARCHAR2(80 BYTE),80,,,Y,4,,80,B,
COLOCACIONES_201908,GENERO,VARCHAR2,VARCHAR2(20 BYTE),20,,,Y,5,,20,B,
COLOCACIONES_201908,PAI_ID,NUMBER,"NUMBER(4,0)",22,4,0,Y,6,,0,,
COLOCACIONES_201908,DEPARTAMENTO,VARCHAR2,VARCHAR2(60 BYTE),60,,,Y,7,,60,B,
COLOCACIONES_201908,MUNICIPIO,VARCHAR2,VARCHAR2(60 BYTE),60,,,Y,8,,60,B,
COLOCACIONES_201908,SOLICITUD,NUMBER,"NUMBER(10,0)",22,10,0,Y,9,,0,,
COLOCACIONES_201908,OCUPACION,VARCHAR2,VARCHAR2(200 BYTE),200,,,Y,10,,200,B,
COLOCACIONES_201908,EMPRESA,VARCHAR2,VARCHAR2(200 BYTE),200,,,Y,11,,200,B,
COLOCACIONES_201908,FECHA_COLOCACION,VARCHAR2,VARCHAR2(20 BYTE),20,,,Y,12,,20,B,
COLOCACIONES_201909,OFT_ID,NUMBER,"NUMBER(10,0)",22,10,0,Y,1,,0,,
COLOCACIONES_201909,TIPO_IDENTIFICACION,VARCHAR2,VARCHAR2(4 BYTE),4,,,Y,2,,4,B,
COLOCACIONES_201909,IDENTIFICACION,VARCHAR2,VARCHAR2(20 BYTE),20,,,Y,3,,20,B,
COLOCACIONES_201909,USUARIO,VARCHAR2,VARCHAR2(80 BYTE),80,,,Y,4,,80,B,
COLOCACIONES_201909,GENERO,VARCHAR2,VARCHAR2(20 BYTE),20,,,Y,5,,20,B,
COLOCACIONES_201909,PAI_ID,NUMBER,"NUMBER(4,0)",22,4,0,Y,6,,0,,
COLOCACIONES_201909,DEPARTAMENTO,VARCHAR2,VARCHAR2(60 BYTE),60,,,Y,7,,60,B,
COLOCACIONES_201909,MUNICIPIO,VARCHAR2,VARCHAR2(60 BYTE),60,,,Y,8,,60,B,
COLOCACIONES_201909,SOLICITUD,NUMBER,"NUMBER(10,0)",22,10,0,Y,9,,0,,
COLOCACIONES_201909,OCUPACION,VARCHAR2,VARCHAR2(200 BYTE),200,,,Y,10,,200,B,
COLOCACIONES_201909,EMPRESA,VARCHAR2,VARCHAR2(200 BYTE),200,,,Y,11,,200,B,
COLOCACIONES_201909,FECHA_COLOCACION,VARCHAR2,VARCHAR2(20 BYTE),20,,,Y,12,,20,B,
COLOCACIONES_201910,OFT_ID,NUMBER,"NUMBER(10,0)",22,10,0,Y,1,,0,,
COLOCACIONES_201910,TIPO_IDENTIFICACION,VARCHAR2,VARCHAR2(4 BYTE),4,,,Y,2,,4,B,
COLOCACIONES_201910,IDENTIFICACION,VARCHAR2,VARCHAR2(20 BYTE),20,,,Y,3,,20,B,
COLOCACIONES_201910,USUARIO,VARCHAR2,VARCHAR2(80 BYTE),80,,,Y,4,,80,B,
COLOCACIONES_201910,GENERO,VARCHAR2,VARCHAR2(20 BYTE),20,,,Y,5,,20,B,
COLOCACIONES_201910,PAI_ID,NUMBER,"NUMBER(4,0)",22,4,0,Y,6,,0,,
COLOCACIONES_201910,DEPARTAMENTO,VARCHAR2,VARCHAR2(60 BYTE),60,,,Y,7,,60,B,
COLOCACIONES_201910,MUNICIPIO,VARCHAR2,VARCHAR2(60 BYTE),60,,,Y,8,,60,B,
COLOCACIONES_201910,SOLICITUD,NUMBER,"NUMBER(10,0)",22,10,0,Y,9,,0,,
COLOCACIONES_201910,OCUPACION,VARCHAR2,VARCHAR2(200 BYTE),200,,,Y,10,,200,B,
COLOCACIONES_201910,EMPRESA,VARCHAR2,VARCHAR2(200 BYTE),200,,,Y,11,,200,B,
COLOCACIONES_201910,FECHA_COLOCACION,VARCHAR2,VARCHAR2(20 BYTE),20,,,Y,12,,20,B,
COLOCACIONES_201911,OFT_ID,NUMBER,"NUMBER(10,0)",22,10,0,Y,1,,0,,
COLOCACIONES_201911,TIPO_IDENTIFICACION,VARCHAR2,VARCHAR2(4 BYTE),4,,,Y,2,,4,B,
COLOCACIONES_201911,IDENTIFICACION,VARCHAR2,VARCHAR2(20 BYTE),20,,,Y,3,,20,B,
COLOCACIONES_201911,USUARIO,VARCHAR2,VARCHAR2(80 BYTE),80,,,Y,4,,80,B,
COLOCACIONES_201911,GENERO,VARCHAR2,VARCHAR2(20 BYTE),20,,,Y,5,,20,B,
COLOCACIONES_201911,PAI_ID,NUMBER,"NUMBER(4,0)",22,4,0,Y,6,,0,,
COLOCACIONES_201911,DEPARTAMENTO,VARCHAR2,VARCHAR2(60 BYTE),60,,,Y,7,,60,B,
COLOCACIONES_201911,MUNICIPIO,VARCHAR2,VARCHAR2(60 BYTE),60,,,Y,8,,60,B,
COLOCACIONES_201911,SOLICITUD,NUMBER,"NUMBER(10,0)",22,10,0,Y,9,,0,,
COLOCACIONES_201911,OCUPACION,VARCHAR2,VARCHAR2(200 BYTE),200,,,Y,10,,200,B,
COLOCACIONES_201911,EMPRESA,VARCHAR2,VARCHAR2(200 BYTE),200,,,Y,11,,200,B,
COLOCACIONES_201911,FECHA_COLOCACION,VARCHAR2,VARCHAR2(20 BYTE),20,,,Y,12,,20,B,
COLOCACIONES_201912,OFT_ID,NUMBER,"NUMBER(10,0)",22,10,0,Y,1,,0,,
COLOCACIONES_201912,TIPO_IDENTIFICACION,VARCHAR2,VARCHAR2(4 BYTE),4,,,Y,2,,4,B,
COLOCACIONES_201912,IDENTIFICACION,VARCHAR2,VARCHAR2(20 BYTE),20,,,Y,3,,20,B,
COLOCACIONES_201912,USUARIO,VARCHAR2,VARCHAR2(80 BYTE),80,,,Y,4,,80,B,
COLOCACIONES_201912,GENERO,VARCHAR2,VARCHAR2(20 BYTE),20,,,Y,5,,20,B,
COLOCACIONES_201912,PAI_ID,NUMBER,"NUMBER(4,0)",22,4,0,Y,6,,0,,
COLOCACIONES_201912,DEPARTAMENTO,VARCHAR2,VARCHAR2(60 BYTE),60,,,Y,7,,60,B,
COLOCACIONES_201912,MUNICIPIO,VARCHAR2,VARCHAR2(60 BYTE),60,,,Y,8,,60,B,
COLOCACIONES_201912,SOLICITUD,NUMBER,"NUMBER(10,0)",22,10,0,Y,9,,0,,
COLOCACIONES_201912,OCUPACION,VARCHAR2,VARCHAR2(200 BYTE),200,,,Y,10,,200,B,
COLOCACIONES_201912,EMPRESA,VARCHAR2,VARCHAR2(200 BYTE),200,,,Y,11,,200,B,
COLOCACIONES_201912,FECHA_COLOCACION,VARCHAR2,VARCHAR2(20 BYTE),20,,,Y,12,,20,B,
COLOCACIONES_202001,OFT_ID,NUMBER,"NUMBER(10,0)",22,10,0,Y,1,,0,,
COLOCACIONES_202001,TIPO_IDENTIFICACION,VARCHAR2,VARCHAR2(4 BYTE),4,,,Y,2,,4,B,
COLOCACIONES_202001,IDENTIFICACION,VARCHAR2,VARCHAR2(20 BYTE),20,,,Y,3,,20,B,
COLOCACIONES_202001,USUARIO,VARCHAR2,VARCHAR2(80 BYTE),80,,,Y,4,,80,B,
COLOCACIONES_202001,GENERO,VARCHAR2,VARCHAR2(20 BYTE),20,,,Y,5,,20,B,
COLOCACIONES_202001,PAI_ID,NUMBER,"NUMBER(4,0)",22,4,0,Y,6,,0,,
COLOCACIONES_202001,DEPARTAMENTO,VARCHAR2,VARCHAR2(60 BYTE),60,,,Y,7,,60,B,
COLOCACIONES_202001,MUNICIPIO,VARCHAR2,VARCHAR2(60 BYTE),60,,,Y,8,,60,B,
COLOCACIONES_202001,SOLICITUD,NUMBER,"NUMBER(10,0)",22,10,0,Y,9,,0,,
COLOCACIONES_202001,OCUPACION,VARCHAR2,VARCHAR2(200 BYTE),200,,,Y,10,,200,B,
COLOCACIONES_202001,EMPRESA,VARCHAR2,VARCHAR2(200 BYTE),200,,,Y,11,,200,B,
COLOCACIONES_202001,FECHA_COLOCACION,VARCHAR2,VARCHAR2(20 BYTE),20,,,Y,12,,20,B,
COMPETENCIA_LABORAL,CPL_ID,NUMBER,"NUMBER(10,0)",22,10,0,N,1,,0,,
COMPETENCIA_LABORAL,CPL_DESCRIPCION,VARCHAR2,VARCHAR2(1024 BYTE),1024,,,Y,2,,1024,B,
COMPETENCIA_LABORAL_1,CPL_ID,NUMBER,"NUMBER(10,0)",22,10,0,N,1,,0,,
COMPETENCIA_LABORAL_1,CPL_DESCRIPCION,VARCHAR2,VARCHAR2(1024 BYTE),1024,,,Y,2,,1024,B,
CONFECAMARAS,rues_id,NUMBER,"NUMBER(*,0)",22,,0,Y,1,,0,,
CONFECAMARAS,rues_camara_cod,NUMBER,"NUMBER(*,0)",22,,0,Y,2,,0,,
CONFECAMARAS,rues_camara_nombre,VARCHAR2,VARCHAR2(108 BYTE),108,,,Y,3,,108,B,
CONFECAMARAS,rues_numero_matricula,NUMBER,"NUMBER(*,0)",22,,0,Y,4,,0,,
CONFECAMARAS,rues_clase_identificacion,VARCHAR2,VARCHAR2(221 BYTE),221,,,Y,5,,221,B,
CONFECAMARAS,rues_numero_identificacion,NUMBER,"NUMBER(*,0)",22,,0,Y,6,,0,,
CONFECAMARAS,rues_razon_social,VARCHAR2,VARCHAR2(879 BYTE),879,,,Y,7,,879,B,
CONFECAMARAS,rues_fecha_ultima_renovacion,VARCHAR2,VARCHAR2(110 BYTE),110,,,Y,8,,110,B,
CONFECAMARAS,rues_fecha_matricula,VARCHAR2,VARCHAR2(110 BYTE),110,,,Y,9,,110,B,
CONFECAMARAS,rues_organizacion_juridica,VARCHAR2,VARCHAR2(241 BYTE),241,,,Y,10,,241,B,
CONFECAMARAS,rues_categoria_matricula,VARCHAR2,VARCHAR2(137 BYTE),137,,,Y,11,,137,B,
CONFECAMARAS,rues_estado_matricula,VARCHAR2,VARCHAR2(106 BYTE),106,,,Y,12,,106,B,
CONFECAMARAS,rues_direccion_comercial,VARCHAR2,VARCHAR2(265 BYTE),265,,,Y,13,,265,B,
CONFECAMARAS,rues_dpto_comercial,VARCHAR2,VARCHAR2(282 BYTE),282,,,Y,14,,282,B,
CONFECAMARAS,rues_municipio_comercial,NUMBER,"NUMBER(*,0)",22,,0,Y,15,,0,,
CONFECAMARAS,rues_telefono_comercial,VARCHAR2,VARCHAR2(137 BYTE),137,,,Y,16,,137,B,
CONFECAMARAS,rues_email_comercial,VARCHAR2,VARCHAR2(247 BYTE),247,,,Y,17,,247,B,
CONFECAMARAS,rues_direccion_fiscal,VARCHAR2,VARCHAR2(265 BYTE),265,,,Y,18,,265,B,
CONFECAMARAS,rues_dpto_fiscal,VARCHAR2,VARCHAR2(228 BYTE),228,,,Y,19,,228,B,
CONFECAMARAS,rues_municipio_fiscal,VARCHAR2,VARCHAR2(200 BYTE),200,,,Y,20,,200,B,
CONFECAMARAS,rues_telefono_fiscal,VARCHAR2,VARCHAR2(136 BYTE),136,,,Y,21,,136,B,
CONFECAMARAS,rues_email_fiscal,VARCHAR2,VARCHAR2(347 BYTE),347,,,Y,22,,347,B,
CONFECAMARAS,rues_actividad_comercial,VARCHAR2,VARCHAR2(200 BYTE),200,,,Y,23,,200,B,
CONFECAMARAS,rues_replegal_identificacion,VARCHAR2,VARCHAR2(110 BYTE),110,,,Y,24,,110,B,
CONFECAMARAS,rues_replegal,VARCHAR2,VARCHAR2(236 BYTE),236,,,Y,25,,236,B,
CONFECAMARAS,rues_fecha_actualizacion,VARCHAR2,VARCHAR2(110 BYTE),110,,,Y,26,,110,B,
CONTACT_CENTER_2021,Cedula,NUMBER,"NUMBER(*,0)",22,,0,Y,1,,0,,
CONTROL_CURSO,CUR_ID,NUMBER,"NUMBER(12,0)",22,12,0,N,1,,0,,
CONTROL_CURSO,CCU_FCH_INSCRIPCION,DATE,DATE,7,,,N,2,,0,,
CONTROL_CURSO,ECR_ID,NUMBER,"NUMBER(2,0)",22,2,0,N,3,,0,,
CONTROL_CURSO,CCU_TOT_INS_CSPE,NUMBER,"NUMBER(3,0)",22,3,0,N,4,,0,,
CONTROL_CURSO,CCU_TOT_INS_WEB,NUMBER,"NUMBER(3,0)",22,3,0,N,5,,0,,
CONTROL_CURSO,CCU_TOT_INS_IVR,NUMBER,"NUMBER(3,0)",22,3,0,N,6,,0,,
CONTROL_CURSO,CCU_TOT_TERMINO,NUMBER,"NUMBER(3,0)",22,3,0,N,7,,0,,
CONTROL_CURSO,CCU_TOT_NO_PRESENTO,NUMBER,"NUMBER(3,0)",22,3,0,N,8,,0,,
CONTROL_CURSO,CCU_TOT_DESERTO,NUMBER,"NUMBER(3,0)",22,3,0,N,9,,0,,
CONTROL_CURSO,CCU_FCH_ULT_INSC,DATE,DATE,7,,,Y,10,,0,,
CONTROL_CURSO,CCU_FCH_ULT_EST,DATE,DATE,7,,,N,11,,0,,
CONTROL_CURSO_05102012,CUR_ID,NUMBER,"NUMBER(12,0)",22,12,0,N,1,,0,,
CONTROL_CURSO_05102012,CCU_FCH_INSCRIPCION,DATE,DATE,7,,,N,2,,0,,
CONTROL_CURSO_05102012,ECR_ID,NUMBER,"NUMBER(2,0)",22,2,0,N,3,,0,,
CONTROL_CURSO_05102012,CCU_TOT_INS_CSPE,NUMBER,"NUMBER(3,0)",22,3,0,N,4,,0,,
CONTROL_CURSO_05102012,CCU_TOT_INS_WEB,NUMBER,"NUMBER(3,0)",22,3,0,N,5,,0,,
CONTROL_CURSO_05102012,CCU_TOT_INS_IVR,NUMBER,"NUMBER(3,0)",22,3,0,N,6,,0,,
CONTROL_CURSO_05102012,CCU_TOT_TERMINO,NUMBER,"NUMBER(3,0)",22,3,0,N,7,,0,,
CONTROL_CURSO_05102012,CCU_TOT_NO_PRESENTO,NUMBER,"NUMBER(3,0)",22,3,0,N,8,,0,,
CONTROL_CURSO_05102012,CCU_TOT_DESERTO,NUMBER,"NUMBER(3,0)",22,3,0,N,9,,0,,
CONTROL_CURSO_05102012,CCU_FCH_ULT_INSC,DATE,DATE,7,,,Y,10,,0,,
CONTROL_CURSO_05102012,CCU_FCH_ULT_EST,DATE,DATE,7,,,N,11,,0,,
CONTROL_CURSO_07122012,CUR_ID,NUMBER,"NUMBER(12,0)",22,12,0,N,1,,0,,
CONTROL_CURSO_07122012,CCU_FCH_INSCRIPCION,DATE,DATE,7,,,N,2,,0,,
CONTROL_CURSO_07122012,ECR_ID,NUMBER,"NUMBER(2,0)",22,2,0,N,3,,0,,
CONTROL_CURSO_07122012,CCU_TOT_INS_CSPE,NUMBER,"NUMBER(3,0)",22,3,0,N,4,,0,,
CONTROL_CURSO_07122012,CCU_TOT_INS_WEB,NUMBER,"NUMBER(3,0)",22,3,0,N,5,,0,,
CONTROL_CURSO_07122012,CCU_TOT_INS_IVR,NUMBER,"NUMBER(3,0)",22,3,0,N,6,,0,,
CONTROL_CURSO_07122012,CCU_TOT_TERMINO,NUMBER,"NUMBER(3,0)",22,3,0,N,7,,0,,
CONTROL_CURSO_07122012,CCU_TOT_NO_PRESENTO,NUMBER,"NUMBER(3,0)",22,3,0,N,8,,0,,
CONTROL_CURSO_07122012,CCU_TOT_DESERTO,NUMBER,"NUMBER(3,0)",22,3,0,N,9,,0,,
CONTROL_CURSO_07122012,CCU_FCH_ULT_INSC,DATE,DATE,7,,,Y,10,,0,,
CONTROL_CURSO_07122012,CCU_FCH_ULT_EST,DATE,DATE,7,,,N,11,,0,,
CONTROL_CURSO_12102012,CUR_ID,NUMBER,"NUMBER(12,0)",22,12,0,N,1,,0,,
CONTROL_CURSO_12102012,CCU_FCH_INSCRIPCION,DATE,DATE,7,,,N,2,,0,,
CONTROL_CURSO_12102012,ECR_ID,NUMBER,"NUMBER(2,0)",22,2,0,N,3,,0,,
CONTROL_CURSO_12102012,CCU_TOT_INS_CSPE,NUMBER,"NUMBER(3,0)",22,3,0,N,4,,0,,
CONTROL_CURSO_12102012,CCU_TOT_INS_WEB,NUMBER,"NUMBER(3,0)",22,3,0,N,5,,0,,
CONTROL_CURSO_12102012,CCU_TOT_INS_IVR,NUMBER,"NUMBER(3,0)",22,3,0,N,6,,0,,
CONTROL_CURSO_12102012,CCU_TOT_TERMINO,NUMBER,"NUMBER(3,0)",22,3,0,N,7,,0,,
CONTROL_CURSO_12102012,CCU_TOT_NO_PRESENTO,NUMBER,"NUMBER(3,0)",22,3,0,N,8,,0,,
CONTROL_CURSO_12102012,CCU_TOT_DESERTO,NUMBER,"NUMBER(3,0)",22,3,0,N,9,,0,,
CONTROL_CURSO_12102012,CCU_FCH_ULT_INSC,DATE,DATE,7,,,Y,10,,0,,
CONTROL_CURSO_12102012,CCU_FCH_ULT_EST,DATE,DATE,7,,,N,11,,0,,
CONTROL_CURSO_17052013,CUR_ID,NUMBER,"NUMBER(12,0)",22,12,0,N,1,,0,,
CONTROL_CURSO_17052013,CCU_FCH_INSCRIPCION,DATE,DATE,7,,,N,2,,0,,
CONTROL_CURSO_17052013,ECR_ID,NUMBER,"NUMBER(2,0)",22,2,0,N,3,,0,,
CONTROL_CURSO_17052013,CCU_TOT_INS_CSPE,NUMBER,"NUMBER(3,0)",22,3,0,N,4,,0,,
CONTROL_CURSO_17052013,CCU_TOT_INS_WEB,NUMBER,"NUMBER(3,0)",22,3,0,N,5,,0,,
CONTROL_CURSO_17052013,CCU_TOT_INS_IVR,NUMBER,"NUMBER(3,0)",22,3,0,N,6,,0,,
CONTROL_CURSO_17052013,CCU_TOT_TERMINO,NUMBER,"NUMBER(3,0)",22,3,0,N,7,,0,,
CONTROL_CURSO_17052013,CCU_TOT_NO_PRESENTO,NUMBER,"NUMBER(3,0)",22,3,0,N,8,,0,,
CONTROL_CURSO_17052013,CCU_TOT_DESERTO,NUMBER,"NUMBER(3,0)",22,3,0,N,9,,0,,
CONTROL_CURSO_17052013,CCU_FCH_ULT_INSC,DATE,DATE,7,,,Y,10,,0,,
CONTROL_CURSO_17052013,CCU_FCH_ULT_EST,DATE,DATE,7,,,N,11,,0,,
CONTROL_CURSO_17072012,CUR_ID,NUMBER,"NUMBER(12,0)",22,12,0,N,1,,0,,
CONTROL_CURSO_17072012,CCU_FCH_INSCRIPCION,DATE,DATE,7,,,N,2,,0,,
CONTROL_CURSO_17072012,ECR_ID,NUMBER,"NUMBER(2,0)",22,2,0,N,3,,0,,
CONTROL_CURSO_17072012,CCU_TOT_INS_CSPE,NUMBER,"NUMBER(3,0)",22,3,0,N,4,,0,,
CONTROL_CURSO_17072012,CCU_TOT_INS_WEB,NUMBER,"NUMBER(3,0)",22,3,0,N,5,,0,,
CONTROL_CURSO_17072012,CCU_TOT_INS_IVR,NUMBER,"NUMBER(3,0)",22,3,0,N,6,,0,,
CONTROL_CURSO_17072012,CCU_TOT_TERMINO,NUMBER,"NUMBER(3,0)",22,3,0,N,7,,0,,
CONTROL_CURSO_17072012,CCU_TOT_NO_PRESENTO,NUMBER,"NUMBER(3,0)",22,3,0,N,8,,0,,
CONTROL_CURSO_17072012,CCU_TOT_DESERTO,NUMBER,"NUMBER(3,0)",22,3,0,N,9,,0,,
CONTROL_CURSO_17072012,CCU_FCH_ULT_INSC,DATE,DATE,7,,,Y,10,,0,,
CONTROL_CURSO_17072012,CCU_FCH_ULT_EST,DATE,DATE,7,,,N,11,,0,,
CONTROL_CURSO_19102012,CUR_ID,NUMBER,"NUMBER(12,0)",22,12,0,N,1,,0,,
CONTROL_CURSO_19102012,CCU_FCH_INSCRIPCION,DATE,DATE,7,,,N,2,,0,,
CONTROL_CURSO_19102012,ECR_ID,NUMBER,"NUMBER(2,0)",22,2,0,N,3,,0,,
CONTROL_CURSO_19102012,CCU_TOT_INS_CSPE,NUMBER,"NUMBER(3,0)",22,3,0,N,4,,0,,
CONTROL_CURSO_19102012,CCU_TOT_INS_WEB,NUMBER,"NUMBER(3,0)",22,3,0,N,5,,0,,
CONTROL_CURSO_19102012,CCU_TOT_INS_IVR,NUMBER,"NUMBER(3,0)",22,3,0,N,6,,0,,
CONTROL_CURSO_19102012,CCU_TOT_TERMINO,NUMBER,"NUMBER(3,0)",22,3,0,N,7,,0,,
CONTROL_CURSO_19102012,CCU_TOT_NO_PRESENTO,NUMBER,"NUMBER(3,0)",22,3,0,N,8,,0,,
CONTROL_CURSO_19102012,CCU_TOT_DESERTO,NUMBER,"NUMBER(3,0)",22,3,0,N,9,,0,,
CONTROL_CURSO_19102012,CCU_FCH_ULT_INSC,DATE,DATE,7,,,Y,10,,0,,
CONTROL_CURSO_19102012,CCU_FCH_ULT_EST,DATE,DATE,7,,,N,11,,0,,
CONTROL_CURSO_21122012,CUR_ID,NUMBER,"NUMBER(12,0)",22,12,0,N,1,,0,,
CONTROL_CURSO_21122012,CCU_FCH_INSCRIPCION,DATE,DATE,7,,,N,2,,0,,
CONTROL_CURSO_21122012,ECR_ID,NUMBER,"NUMBER(2,0)",22,2,0,N,3,,0,,
CONTROL_CURSO_21122012,CCU_TOT_INS_CSPE,NUMBER,"NUMBER(3,0)",22,3,0,N,4,,0,,
CONTROL_CURSO_21122012,CCU_TOT_INS_WEB,NUMBER,"NUMBER(3,0)",22,3,0,N,5,,0,,
CONTROL_CURSO_21122012,CCU_TOT_INS_IVR,NUMBER,"NUMBER(3,0)",22,3,0,N,6,,0,,
CONTROL_CURSO_21122012,CCU_TOT_TERMINO,NUMBER,"NUMBER(3,0)",22,3,0,N,7,,0,,
CONTROL_CURSO_21122012,CCU_TOT_NO_PRESENTO,NUMBER,"NUMBER(3,0)",22,3,0,N,8,,0,,
CONTROL_CURSO_21122012,CCU_TOT_DESERTO,NUMBER,"NUMBER(3,0)",22,3,0,N,9,,0,,
CONTROL_CURSO_21122012,CCU_FCH_ULT_INSC,DATE,DATE,7,,,Y,10,,0,,
CONTROL_CURSO_21122012,CCU_FCH_ULT_EST,DATE,DATE,7,,,N,11,,0,,
CONTROL_CURSO_23112012,CUR_ID,NUMBER,"NUMBER(12,0)",22,12,0,N,1,,0,,
CONTROL_CURSO_23112012,CCU_FCH_INSCRIPCION,DATE,DATE,7,,,N,2,,0,,
CONTROL_CURSO_23112012,ECR_ID,NUMBER,"NUMBER(2,0)",22,2,0,N,3,,0,,
CONTROL_CURSO_23112012,CCU_TOT_INS_CSPE,NUMBER,"NUMBER(3,0)",22,3,0,N,4,,0,,
CONTROL_CURSO_23112012,CCU_TOT_INS_WEB,NUMBER,"NUMBER(3,0)",22,3,0,N,5,,0,,
CONTROL_CURSO_23112012,CCU_TOT_INS_IVR,NUMBER,"NUMBER(3,0)",22,3,0,N,6,,0,,
CONTROL_CURSO_23112012,CCU_TOT_TERMINO,NUMBER,"NUMBER(3,0)",22,3,0,N,7,,0,,
CONTROL_CURSO_23112012,CCU_TOT_NO_PRESENTO,NUMBER,"NUMBER(3,0)",22,3,0,N,8,,0,,
CONTROL_CURSO_23112012,CCU_TOT_DESERTO,NUMBER,"NUMBER(3,0)",22,3,0,N,9,,0,,
CONTROL_CURSO_23112012,CCU_FCH_ULT_INSC,DATE,DATE,7,,,Y,10,,0,,
CONTROL_CURSO_23112012,CCU_FCH_ULT_EST,DATE,DATE,7,,,N,11,,0,,
CONTROL_CURSO_26102012,CUR_ID,NUMBER,"NUMBER(12,0)",22,12,0,N,1,,0,,
CONTROL_CURSO_26102012,CCU_FCH_INSCRIPCION,DATE,DATE,7,,,N,2,,0,,
CONTROL_CURSO_26102012,ECR_ID,NUMBER,"NUMBER(2,0)",22,2,0,N,3,,0,,
CONTROL_CURSO_26102012,CCU_TOT_INS_CSPE,NUMBER,"NUMBER(3,0)",22,3,0,N,4,,0,,
CONTROL_CURSO_26102012,CCU_TOT_INS_WEB,NUMBER,"NUMBER(3,0)",22,3,0,N,5,,0,,
CONTROL_CURSO_26102012,CCU_TOT_INS_IVR,NUMBER,"NUMBER(3,0)",22,3,0,N,6,,0,,
CONTROL_CURSO_26102012,CCU_TOT_TERMINO,NUMBER,"NUMBER(3,0)",22,3,0,N,7,,0,,
CONTROL_CURSO_26102012,CCU_TOT_NO_PRESENTO,NUMBER,"NUMBER(3,0)",22,3,0,N,8,,0,,
CONTROL_CURSO_26102012,CCU_TOT_DESERTO,NUMBER,"NUMBER(3,0)",22,3,0,N,9,,0,,
CONTROL_CURSO_26102012,CCU_FCH_ULT_INSC,DATE,DATE,7,,,Y,10,,0,,
CONTROL_CURSO_26102012,CCU_FCH_ULT_EST,DATE,DATE,7,,,N,11,,0,,
CONTROL_CURSO_BCK,CUR_ID,NUMBER,"NUMBER(12,0)",22,12,0,N,1,,0,,
CONTROL_CURSO_BCK,CCU_FCH_INSCRIPCION,DATE,DATE,7,,,N,2,,0,,
CONTROL_CURSO_BCK,ECR_ID,NUMBER,"NUMBER(2,0)",22,2,0,N,3,,0,,
CONTROL_CURSO_BCK,CCU_TOT_INS_CSPE,NUMBER,"NUMBER(3,0)",22,3,0,N,4,,0,,
CONTROL_CURSO_BCK,CCU_TOT_INS_WEB,NUMBER,"NUMBER(3,0)",22,3,0,N,5,,0,,
CONTROL_CURSO_BCK,CCU_TOT_INS_IVR,NUMBER,"NUMBER(3,0)",22,3,0,N,6,,0,,
CONTROL_CURSO_BCK,CCU_TOT_TERMINO,NUMBER,"NUMBER(3,0)",22,3,0,N,7,,0,,
CONTROL_CURSO_BCK,CCU_TOT_NO_PRESENTO,NUMBER,"NUMBER(3,0)",22,3,0,N,8,,0,,
CONTROL_CURSO_BCK,CCU_TOT_DESERTO,NUMBER,"NUMBER(3,0)",22,3,0,N,9,,0,,
CONTROL_CURSO_BCK,CCU_FCH_ULT_INSC,DATE,DATE,7,,,Y,10,,0,,
CONTROL_CURSO_BCK,CCU_FCH_ULT_EST,DATE,DATE,7,,,N,11,,0,,
CONTROL_CURSO_BCK2,CUR_ID,NUMBER,"NUMBER(12,0)",22,12,0,N,1,,0,,
CONTROL_CURSO_BCK2,CCU_FCH_INSCRIPCION,DATE,DATE,7,,,N,2,,0,,
CONTROL_CURSO_BCK2,ECR_ID,NUMBER,"NUMBER(2,0)",22,2,0,N,3,,0,,
CONTROL_CURSO_BCK2,CCU_TOT_INS_CSPE,NUMBER,"NUMBER(3,0)",22,3,0,N,4,,0,,
CONTROL_CURSO_BCK2,CCU_TOT_INS_WEB,NUMBER,"NUMBER(3,0)",22,3,0,N,5,,0,,
CONTROL_CURSO_BCK2,CCU_TOT_INS_IVR,NUMBER,"NUMBER(3,0)",22,3,0,N,6,,0,,
CONTROL_CURSO_BCK2,CCU_TOT_TERMINO,NUMBER,"NUMBER(3,0)",22,3,0,N,7,,0,,
CONTROL_CURSO_BCK2,CCU_TOT_NO_PRESENTO,NUMBER,"NUMBER(3,0)",22,3,0,N,8,,0,,
CONTROL_CURSO_BCK2,CCU_TOT_DESERTO,NUMBER,"NUMBER(3,0)",22,3,0,N,9,,0,,
CONTROL_CURSO_BCK2,CCU_FCH_ULT_INSC,DATE,DATE,7,,,Y,10,,0,,
CONTROL_CURSO_BCK2,CCU_FCH_ULT_EST,DATE,DATE,7,,,N,11,,0,,
CONTROL_CURSO_BCK_1,CUR_ID,NUMBER,"NUMBER(12,0)",22,12,0,N,1,,0,,
CONTROL_CURSO_BCK_1,CCU_FCH_INSCRIPCION,DATE,DATE,7,,,N,2,,0,,
CONTROL_CURSO_BCK_1,ECR_ID,NUMBER,"NUMBER(2,0)",22,2,0,N,3,,0,,
CONTROL_CURSO_BCK_1,CCU_TOT_INS_CSPE,NUMBER,"NUMBER(3,0)",22,3,0,N,4,,0,,
CONTROL_CURSO_BCK_1,CCU_TOT_INS_WEB,NUMBER,"NUMBER(3,0)",22,3,0,N,5,,0,,
CONTROL_CURSO_BCK_1,CCU_TOT_INS_IVR,NUMBER,"NUMBER(3,0)",22,3,0,N,6,,0,,
CONTROL_CURSO_BCK_1,CCU_TOT_TERMINO,NUMBER,"NUMBER(3,0)",22,3,0,N,7,,0,,
CONTROL_CURSO_BCK_1,CCU_TOT_NO_PRESENTO,NUMBER,"NUMBER(3,0)",22,3,0,N,8,,0,,
CONTROL_CURSO_BCK_1,CCU_TOT_DESERTO,NUMBER,"NUMBER(3,0)",22,3,0,N,9,,0,,
CONTROL_CURSO_BCK_1,CCU_FCH_ULT_INSC,DATE,DATE,7,,,Y,10,,0,,
CONTROL_CURSO_BCK_1,CCU_FCH_ULT_EST,DATE,DATE,7,,,N,11,,0,,
CONTROL_DEMANDA,DEM_ID,NUMBER,"NUMBER(10,0)",22,10,0,N,1,,0,,
CONTROL_DEMANDA,CDE_FCH_INSCRIPCION,DATE,DATE,7,,,N,2,,0,,
CONTROL_DEMANDA,ESD_ID,NUMBER,"NUMBER(2,0)",22,2,0,N,3,,0,,
CONTROL_DEMANDA,CDE_TOT_ENV_CSPE,NUMBER,"NUMBER(10,0)",22,10,0,N,4,,0,,
CONTROL_DEMANDA,CDE_TOT_ENV_WEB,NUMBER,"NUMBER(10,0)",22,10,0,N,5,,0,,
CONTROL_DEMANDA,CDE_TOT_ENV_IVR,NUMBER,"NUMBER(10,0)",22,10,0,N,6,,0,,
CONTROL_DEMANDA,CDE_TOT_VTE_CUB_SPE,NUMBER,"NUMBER(4,0)",22,4,0,N,7,,0,,
CONTROL_DEMANDA,CDE_TOT_VTE_CUB_EMP,NUMBER,"NUMBER(3,0)",22,3,0,N,8,,0,,
CONTROL_DEMANDA,CDE_TOT_VTE_CAN_EMP,NUMBER,"NUMBER(3,0)",22,3,0,N,9,,0,,
CONTROL_DEMANDA,CDE_FCH_ULT_ENV,DATE,DATE,7,,,Y,10,,0,,
CONTROL_DEMANDA,CDE_FCH_ULT_EST,DATE,DATE,7,,,N,11,,0,,
CONTROL_DEMANDA,CDE_NUM_DEM_SISE,NUMBER,"NUMBER(8,0)",22,8,0,Y,12,,0,,
CONTROL_DEMANDA,CDE_NAL_ENV_CSPE,NUMBER,"NUMBER(10,0)",22,10,0,Y,13,,0,,
CONTROL_DEMANDA,CDE_NAL_ENV_WEB,NUMBER,"NUMBER(10,0)",22,10,0,Y,14,,0,,
CONTROL_DEMANDA,CDE_NAL_ENV_IVR,NUMBER,"NUMBER(10,0)",22,10,0,Y,15,,0,,
CONTROL_DEMANDA,CDE_SAL_MIN,NUMBER,"NUMBER(6,3)",22,6,3,Y,16,,0,,
CONTROL_EMPRESA,EMP_ID,NUMBER,"NUMBER(8,0)",22,8,0,N,1,,0,,
CONTROL_EMPRESA,CEM_FCH_INSCRIPCION,DATE,DATE,7,,,N,2,,0,,
CONTROL_EMPRESA,ESE_ID,NUMBER,"NUMBER(2,0)",22,2,0,N,3,,0,,
CONTROL_EMPRESA,CEM_TOT_DEMANDAS,NUMBER,"NUMBER(4,0)",22,4,0,N,4,,0,,
CONTROL_EMPRESA,CEM_TOT_DEM_ACT,NUMBER,"NUMBER(4,0)",22,4,0,N,5,,0,,
CONTROL_EMPRESA,CEM_TOT_VACANTES,NUMBER,"NUMBER(4,0)",22,4,0,N,6,,0,,
CONTROL_EMPRESA,CEM_TOT_VAC_ACT,NUMBER,"NUMBER(4,0)",22,4,0,N,7,,0,,
CONTROL_EMPRESA,CEM_TOT_COL_SPE,NUMBER,"NUMBER(4,0)",22,4,0,N,8,,0,,
CONTROL_EMPRESA,CEM_TOT_COL_EMP,NUMBER,"NUMBER(4,0)",22,4,0,N,9,,0,,
CONTROL_EMPRESA,CEM_FCH_ULT_DEMANDA,DATE,DATE,7,,,Y,10,,0,,
CONTROL_EMPRESA,CEM_FCH_ULT_ESTADO,DATE,DATE,7,,,N,11,,0,,
CONTROL_EMPRESA,CEM_FCH_ULT_CONTACTO,DATE,DATE,7,,,N,12,,0,,
CONTROL_EMPRESA,CEM_TOT_VAC_CAN_EMP,NUMBER,"NUMBER(4,0)",22,4,0,N,13,,0,,
CONTROL_EMPRESA,CEM_ACU_SUSPENSION,NUMBER,"NUMBER(2,0)",22,2,0,N,14,,0,,
CONTROL_OFERTA,OFT_ID,NUMBER,"NUMBER(9,0)",22,9,0,N,1,,0,,
CONTROL_OFERTA,COF_FCH_INSCRIPCION,DATE,DATE,7,,,N,2,,0,,
CONTROL_OFERTA,SIO_ID,NUMBER,"NUMBER(1,0)",22,1,0,N,3,,0,,
CONTROL_OFERTA,ESO_ID,NUMBER,"NUMBER(2,0)",22,2,0,N,4,,0,,
CONTROL_OFERTA,COF_TOT_COLOCACIONES,NUMBER,"NUMBER(3,0)",22,3,0,N,5,,0,,
CONTROL_OFERTA,COF_TOT_CONSULT_CSPE,NUMBER,"NUMBER(5,0)",22,5,0,N,6,,0,,
CONTROL_OFERTA,COF_TOT_CONSULT_WEB,NUMBER,"NUMBER(5,0)",22,5,0,N,7,,0,,
CONTROL_OFERTA,COF_TOT_CONSULT_IVR,NUMBER,"NUMBER(5,0)",22,5,0,N,8,,0,,
CONTROL_OFERTA,COF_CONSULT_DIA_CSPE,NUMBER,"NUMBER(2,0)",22,2,0,N,9,,0,,
CONTROL_OFERTA,COF_CONSULT_DIA_WEB,NUMBER,"NUMBER(2,0)",22,2,0,N,10,,0,,
CONTROL_OFERTA,COF_CONSULT_DIA_IVR,NUMBER,"NUMBER(2,0)",22,2,0,N,11,,0,,
CONTROL_OFERTA,COF_TOT_ENVIO_CSPE,NUMBER,"NUMBER(10,0)",22,10,0,N,12,,0,,
CONTROL_OFERTA,COF_TOT_ENVIO_WEB,NUMBER,"NUMBER(10,0)",22,10,0,N,13,,0,,
CONTROL_OFERTA,COF_TOT_ENVIO_IVR,NUMBER,"NUMBER(10,0)",22,10,0,N,14,,0,,
CONTROL_OFERTA,COF_ENVIO_DIA_CSPE,NUMBER,"NUMBER(10,0)",22,10,0,N,15,,0,,
CONTROL_OFERTA,COF_ENVIO_DIA_WEB,NUMBER,"NUMBER(10,0)",22,10,0,N,16,,0,,
CONTROL_OFERTA,COF_ENVIO_DIA_IVR,NUMBER,"NUMBER(10,0)",22,10,0,N,17,,0,,
CONTROL_OFERTA,COF_TOT_CON_CSPE_CUR,NUMBER,"NUMBER(5,0)",22,5,0,N,18,,0,,
CONTROL_OFERTA,COF_TOT_CON_WEB_CUR,NUMBER,"NUMBER(5,0)",22,5,0,N,19,,0,,
CONTROL_OFERTA,COF_TOT_CON_IVR_CUR,NUMBER,"NUMBER(5,0)",22,5,0,N,20,,0,,
CONTROL_OFERTA,COF_CON_DIA_CSPE_CUR,NUMBER,"NUMBER(2,0)",22,2,0,N,21,,0,,
CONTROL_OFERTA,COF_CON_DIA_WEB_CUR,NUMBER,"NUMBER(2,0)",22,2,0,N,22,,0,,
CONTROL_OFERTA,COF_CON_DIA_IVR_CUR,NUMBER,"NUMBER(2,0)",22,2,0,N,23,,0,,
CONTROL_OFERTA,COF_TOT_INS_CSPE_CUR,NUMBER,"NUMBER(4,0)",22,4,0,N,24,,0,,
CONTROL_OFERTA,COF_TOT_INS_WEB_CUR,NUMBER,"NUMBER(4,0)",22,4,0,N,25,,0,,
CONTROL_OFERTA,COF_TOT_INS_IVR_CUR,NUMBER,"NUMBER(4,0)",22,4,0,N,26,,0,,
CONTROL_OFERTA,COF_INS_DIA_CSPE_CUR,NUMBER,"NUMBER(2,0)",22,2,0,N,27,,0,,
CONTROL_OFERTA,COF_INS_DIA_WEB_CUR,NUMBER,"NUMBER(2,0)",22,2,0,N,28,,0,,
CONTROL_OFERTA,COF_INS_DIA_IVR_CUR,NUMBER,"NUMBER(2,0)",22,2,0,N,29,,0,,
CONTROL_OFERTA,COF_FCH_ULT_ESTADO,DATE,DATE,7,,,N,30,,0,,
CONTROL_OFERTA,COF_FCH_ULT_ENVIO,DATE,DATE,7,,,Y,31,,0,,
CONTROL_OFERTA,COF_FCH_ULT_INS_CUR,DATE,DATE,7,,,Y,32,,0,,
CONTROL_OFERTA,COF_FCH_ULT_CONTACTO,DATE,DATE,7,,,N,33,,0,,
CONTROL_OFERTA,COF_FCH_ULT_ACTUALIZA,DATE,DATE,7,,,N,34,,0,,
CONTROL_OFERTA,COF_FCH_INI_BUSQUEDA,DATE,DATE,7,,,N,35,,0,,
CONTROL_OFERTA,COF_FCH_ULT_COLOCAC,DATE,DATE,7,,,Y,36,,0,,
CONTROL_OFERTA,COF_SPT_GENERAL,NUMBER,"NUMBER(1,0)",22,1,0,N,37,,0,,
CONTROL_OFERTA,COF_SPT_E_FORMAL,NUMBER,"NUMBER(1,0)",22,1,0,N,38,,0,,
CONTROL_OFERTA,COF_SPT_E_NO_FORMAL,NUMBER,"NUMBER(1,0)",22,1,0,N,39,,0,,
CONTROL_OFERTA,COF_SPT_IDIOMA,NUMBER,"NUMBER(1,0)",22,1,0,N,40,,0,,
CONTROL_OFERTA,COF_SPT_EXPERIENCIA,NUMBER,"NUMBER(1,0)",22,1,0,N,41,,0,,
CONTROL_OFERTA,COF_SAL_MIN,NUMBER,"NUMBER(6,3)",22,6,3,N,42,,0,,
CONTROL_OFERTA,COF_ACU_SUSPENSION,NUMBER,"NUMBER(2,0)",22,2,0,N,43,,0,,
CONVENIO_ACCION,CAC_ID,NUMBER,"NUMBER(8,0)",22,8,0,N,1,,0,,
CONVENIO_ACCION,CAC_NOMBRE,VARCHAR2,VARCHAR2(40 BYTE),40,,,N,2,,40,B,
CONVENIO_ACCION,CAC_METODO,VARCHAR2,VARCHAR2(100 BYTE),100,,,N,3,,100,B,
CONVENIO_ACCION,CEN_ID,NUMBER,"NUMBER(3,0)",22,3,0,N,4,,0,,
CONVENIO_ACCION,CAC_OFERTA,NUMBER,"NUMBER(1,0)",22,1,0,N,5,0 ,0,,
CONVENIO_ACCION,CAC_DEMANDA,NUMBER,"NUMBER(1,0)",22,1,0,N,6,0 ,0,,
CONVENIO_ACCION,CAC_EMPRESA,NUMBER,"NUMBER(1,0)",22,1,0,N,7,0 ,0,,
CONVENIO_ACCION,CAC_ENVIO,NUMBER,"NUMBER(1,0)",22,1,0,N,8,0 ,0,,
CONVENIO_ENTIDAD,CEN_ID,NUMBER,"NUMBER(3,0)",22,3,0,N,1,,0,,
CONVENIO_ENTIDAD,CEN_NOMBRE,VARCHAR2,VARCHAR2(100 BYTE),100,,,N,2,,100,B,
CONVENIO_ENTIDAD,CEN_URLIMG,VARCHAR2,VARCHAR2(250 BYTE),250,,,Y,3,,250,B,
CONVENIO_ENTIDAD,DPT_ID,NUMBER,"NUMBER(7,0)",22,7,0,Y,4,,0,,
CONVENIO_ENTIDAD,CEN_ESTADO,NUMBER,"NUMBER(1,0)",22,1,0,N,5,1 ,0,,
CONVENIO_GESTION,CGE_ID,NUMBER,"NUMBER(12,0)",22,12,0,N,1,,0,,
CONVENIO_GESTION,CEN_ID,NUMBER,"NUMBER(3,0)",22,3,0,N,2,,0,,
CONVENIO_GESTION,CAC_ID,NUMBER,"NUMBER(8,0)",22,8,0,N,3,,0,,
CONVENIO_GESTION,OFT_ID,NUMBER,"NUMBER(9,0)",22,9,0,Y,4,,0,,
CONVENIO_GESTION,EMP_ID,NUMBER,"NUMBER(8,0)",22,8,0,Y,5,,0,,
CONVENIO_GESTION,DEM_ID,NUMBER,"NUMBER(10,0)",22,10,0,Y,6,,0,,
CONVENIO_GESTION,ENV_ID,NUMBER,"NUMBER(15,0)",22,15,0,Y,7,,0,,
CONVENIO_GESTION,CGE_FCH_REGISTRO,DATE,DATE,7,,,N,8,,0,,
CONVOCATORIA_2011,TIPO_CONV,VARCHAR2,VARCHAR2(3 BYTE),3,,,Y,1,,3,B,
CONVOCATORIA_2011,REG_ID,NUMBER,"NUMBER(2,0)",22,2,0,N,2,,0,,
CONVOCATORIA_2011,CENTRO_ID,NUMBER,"NUMBER(8,0)",22,8,0,N,3,,0,,
CONVOCATORIA_2011,CONSECUTIVO,NUMBER,"NUMBER(4,0)",22,4,0,N,4,,0,,
CONVOCATORIA_2011,CEDULA,NUMBER,"NUMBER(12,0)",22,12,0,N,5,,0,,
CONVOCATORIA_2011,CONVOCATORIA,VARCHAR2,VARCHAR2(100 BYTE),100,,,N,6,,100,B,
CONVOCATORIA_2011,FECHA_REGISTRO,VARCHAR2,VARCHAR2(20 BYTE),20,,,N,7,,20,B,
CORREOS_NEWSLETTER,FECHA_EXTRACCION,VARCHAR2,VARCHAR2(10 BYTE),10,,,Y,1,NULL,10,B,
CORREOS_NEWSLETTER,CORREO_ELECTRONICO,VARCHAR2,VARCHAR2(180 BYTE),180,,,Y,2,NULL,180,B,
CORREOS_NEWSLETTER_EMP,FECHA_EXTRACCION,VARCHAR2,VARCHAR2(10 BYTE),10,,,Y,1,NULL,10,B,
CORREOS_NEWSLETTER_EMP,CORREO_ELECTRONICO,VARCHAR2,VARCHAR2(180 BYTE),180,,,Y,2,NULL,180,B,
CORREO_ESPECIAL,TITULO,VARCHAR2,VARCHAR2(10 BYTE),10,,,Y,1,,10,B,
CORREO_ESPECIAL,NOMBRE,VARCHAR2,VARCHAR2(40 BYTE),40,,,Y,2,,40,B,
CORREO_ESPECIAL,CORREO_E,VARCHAR2,VARCHAR2(50 BYTE),50,,,Y,3,,50,B,
CORREO_OFT_EMP,COE_ID,NUMBER,"NUMBER(12,0)",22,12,0,N,1,,0,,
CORREO_OFT_EMP,EMP_ID,NUMBER,"NUMBER(8,0)",22,8,0,Y,2,,0,,
CORREO_OFT_EMP,DEM_ID,NUMBER,"NUMBER(10,0)",22,10,0,Y,3,,0,,
CORREO_OFT_EMP,CUR_ID,NUMBER,"NUMBER(12,0)",22,12,0,Y,4,,0,,
CORREO_OFT_EMP,OFT_ID,NUMBER,"NUMBER(9,0)",22,9,0,Y,5,,0,,
CORREO_OFT_EMP,TIC_ID,NUMBER,"NUMBER(2,0)",22,2,0,N,6,,0,,
CORREO_OFT_EMP,COE_FCH_REGISTRO,DATE,DATE,7,,,N,7,,0,,
CRUCES_BANIN,ID,NUMBER,"NUMBER(38,0)",22,38,0,Y,1,,0,,
CRUCES_BANIN,CEDULAS,NUMBER,"NUMBER(*,0)",22,,0,Y,2,,0,,
CRUCE_DPS,TIPODOCUMENTO,VARCHAR2,VARCHAR2(1024 BYTE),1024,,,Y,1,,1024,B,
CRUCE_DPS,DOC,NUMBER,"NUMBER(*,0)",22,,0,Y,2,,0,,
CRUCE_ICBF,ID,NUMBER,"NUMBER(38,0)",22,38,0,Y,1,,0,,
CRUCE_ICBF,CODIGO CASO,VARCHAR2,VARCHAR2(150 BYTE),150,,,Y,2,,150,B,
CRUCE_ICBF,REGIONAL_DIR,VARCHAR2,VARCHAR2(150 BYTE),150,,,Y,3,,150,B,
CRUCE_ICBF,CENTRO_ZONAL_DIR,VARCHAR2,VARCHAR2(150 BYTE),150,,,Y,4,,150,B,
CRUCE_ICBF,TIPO DOCUMENTO,VARCHAR2,VARCHAR2(150 BYTE),150,,,Y,5,,150,B,
CRUCE_ICBF,NUMERO DOC IDENTIFICACION,NUMBER,"NUMBER(*,0)",22,,0,Y,6,,0,,
CRUCE_ICBF,PRIMER APELLIDO,VARCHAR2,VARCHAR2(150 BYTE),150,,,Y,7,,150,B,
CRUCE_ICBF,SEGUNDO APELLIDO,VARCHAR2,VARCHAR2(150 BYTE),150,,,Y,8,,150,B,
CRUCE_ICBF,PRIMER NOMBRE,VARCHAR2,VARCHAR2(150 BYTE),150,,,Y,9,,150,B,
CRUCE_ICBF,SEGUNDO NOMBRE,VARCHAR2,VARCHAR2(150 BYTE),150,,,Y,10,,150,B,
CRUCE_ICBF,SEXO,VARCHAR2,VARCHAR2(150 BYTE),150,,,Y,11,,150,B,
CRUCE_ICBF,FECHA NACIMIENTO,NUMBER,"NUMBER(*,0)",22,,0,Y,12,,0,,
CRUCE_ICBF,EDAD,VARCHAR2,VARCHAR2(150 BYTE),150,,,Y,13,,150,B,
CRUCE_ICBF,DEFINICION JURIDICA,VARCHAR2,VARCHAR2(150 BYTE),150,,,Y,14,,150,B,
CRUCE_ICBF,ESTADO PARD,VARCHAR2,VARCHAR2(150 BYTE),150,,,Y,15,,150,B,
CRUCE_PIG,Tipo_documento,VARCHAR2,VARCHAR2(2 BYTE),2,,,Y,1,,2,B,
CRUCE_PIG,NUMERO_DOCUMENTO,NUMBER,"NUMBER(*,0)",22,,0,Y,2,,0,,
CRUCE_PIG,Nombre y Apellidos Sofía Plus,VARCHAR2,VARCHAR2(55 BYTE),55,,,Y,3,,55,B,
CRUCE_UIAE,NIT,NUMBER,"NUMBER(*,0)",22,,0,Y,1,,0,,
CRUCE_UIAE,Razon_Social,VARCHAR2,VARCHAR2(1024 BYTE),1024,,,Y,2,,1024,B,
CRUCE_UIAE,Tipo_Documento,VARCHAR2,VARCHAR2(1024 BYTE),1024,,,Y,3,,1024,B,
CRUCE_UIAE,DEPARTAMENTO,VARCHAR2,VARCHAR2(1024 BYTE),1024,,,Y,4,,1024,B,
CRUCE_UIAE,Tipo Empresa Sena,VARCHAR2,VARCHAR2(1024 BYTE),1024,,,Y,5,,1024,B,
CRUCE_UIAE,Tipo de Sede Anterior,VARCHAR2,VARCHAR2(1024 BYTE),1024,,,Y,6,,1024,B,
CRUCE_UIAE,GESTOR,VARCHAR2,VARCHAR2(1024 BYTE),1024,,,Y,7,,1024,B,
CRUCE_UIAE,CARGO,VARCHAR2,VARCHAR2(1024 BYTE),1024,,,Y,8,,1024,B,
CRUCE_UIAE,REG,VARCHAR2,VARCHAR2(1024 BYTE),1024,,,Y,9,,1024,B,
CRUCE_UIAE,EMPLEADOS,NUMBER,"NUMBER(*,0)",22,,0,Y,10,,0,,
CRU_CONF_VARIABLE,CCV_ID,NUMBER,"NUMBER(10,0)",22,10,0,N,1,,0,,
CRU_CONF_VARIABLE,CCV_NOMBRE,VARCHAR2,VARCHAR2(50 CHAR),50,,,N,2,,50,C,
CRU_CONF_VARIABLE,CCV_DESCRIPCION,VARCHAR2,VARCHAR2(255 CHAR),255,,,Y,3,,255,C,
CRU_CONF_VARIABLE,CCV_ACTIVA,NUMBER,"NUMBER(1,0)",22,1,0,N,4,1 ,0,,
CRU_CONF_VARIABLE,CCV_PESO,NUMBER,"NUMBER(7,4)",22,7,4,N,5,1.0 ,0,,
CRU_CONF_VARIABLE,CCV_TOLERANCIA,NUMBER,"NUMBER(7,4)",22,7,4,N,6,0 ,0,,
CRU_EVENTO_CAMBIO,CEC_ID,NUMBER,NUMBER,22,,,N,1,,0,,
CRU_EVENTO_CAMBIO,CEC_FCH,TIMESTAMP(6),TIMESTAMP(6),11,,6,N,2,CURRENT_TIMESTAMP ,0,,
CRU_EVENTO_CAMBIO,CEC_TIPO,VARCHAR2,VARCHAR2(50 BYTE),50,,,N,3,,50,B,
CRU_EVENTO_CAMBIO,CEC_PARAM,NUMBER,NUMBER,22,,,Y,4,,0,,
CRU_SERVER_LOCK,SERVER_ID,NUMBER,"NUMBER(*,0)",22,,0,N,1,,0,,
CRU_SERVER_LOCK,BEAT_DATE,TIMESTAMP(6),TIMESTAMP(6),11,,6,N,2,,0,,
CRU_SERVER_LOCK,CLUSTER_ID,NUMBER,"NUMBER(*,0)",22,,0,N,3,,0,,
CRU_SERVER_LOCK,PROCESS_ID,NUMBER,"NUMBER(*,0)",22,,0,N,4,,0,,
CRU_SERVER_LOCK,URL,VARCHAR2,VARCHAR2(255 BYTE),255,,,N,5,,255,B,
CUESTIONARIO_TALLER,CUT_ID,NUMBER,"NUMBER(5,0)",22,5,0,N,1,,0,,
CUESTIONARIO_TALLER,CUT_PREGUNTA,VARCHAR2,VARCHAR2(250 BYTE),250,,,N,2,,250,B,
CUESTIONARIO_TALLER,CUT_OPCION_A,VARCHAR2,VARCHAR2(250 BYTE),250,,,N,3,,250,B,
CUESTIONARIO_TALLER,CUT_OPCION_B,VARCHAR2,VARCHAR2(250 BYTE),250,,,N,4,,250,B,
CUESTIONARIO_TALLER,CUT_OPCION_C,VARCHAR2,VARCHAR2(250 BYTE),250,,,N,5,,250,B,
CUESTIONARIO_TALLER,CUT_OPCION_D,VARCHAR2,VARCHAR2(250 BYTE),250,,,N,6,,250,B,
CUESTIONARIO_TALLER,CUT_RESPUESTA,VARCHAR2,VARCHAR2(1 BYTE),1,,,N,7,,1,B,
CUESTIONARIO_TALLER,CUT_FCH_REGISTRO,DATE,DATE,7,,,N,8,,0,,
CUESTIONARIO_TALLER,FUN_ID,NUMBER,"NUMBER(5,0)",22,5,0,N,9,,0,,
CUESTIONARIO_TALLER,CSPE_ID,NUMBER,"NUMBER(7,0)",22,7,0,N,10,,0,,
CURSO,CUR_ID,NUMBER,"NUMBER(12,0)",22,12,0,N,1,,0,,
CURSO,ENF_ID,NUMBER,"NUMBER(7,0)",22,7,0,N,2,,0,,
CURSO,CUR_DESCRIPCION,VARCHAR2,VARCHAR2(300 BYTE),300,,,N,3,,300,B,
CURSO,EMP_ID,NUMBER,"NUMBER(8,0)",22,8,0,N,4,,0,,
CURSO,OFT_ID,NUMBER,"NUMBER(9,0)",22,9,0,N,5,,0,,
CURSO,CUR_NUM_CUPOS,NUMBER,"NUMBER(2,0)",22,2,0,N,6,,0,,
CURSO,CUR_MODALIDAD,NUMBER,"NUMBER(1,0)",22,1,0,N,7,,0,,
CURSO,CUR_HORARIO,VARCHAR2,VARCHAR2(100 BYTE),100,,,N,8,,100,B,
CURSO,CUR_DURACION,NUMBER,"NUMBER(4,0)",22,4,0,N,9,,0,,
CURSO,DUR_ID,NUMBER,"NUMBER(2,0)",22,2,0,N,10,,0,,
CURSO,CUR_AULA,VARCHAR2,VARCHAR2(100 BYTE),100,,,N,11,,100,B,
CURSO,CUR_FCH_INI_INSC,DATE,DATE,7,,,N,12,,0,,
CURSO,CUR_FCH_FIN_INSC,DATE,DATE,7,,,N,13,,0,,
CURSO,CUR_FCH_INICIO,DATE,DATE,7,,,N,14,,0,,
CURSO,CUR_FCH_FIN,DATE,DATE,7,,,N,15,,0,,
CURSO,PAI_ID,NUMBER,"NUMBER(3,0)",22,3,0,N,16,,0,,
CURSO,DPT_ID,NUMBER,"NUMBER(7,0)",22,7,0,Y,17,,0,,
CURSO,MPO_ID,NUMBER,"NUMBER(9,0)",22,9,0,Y,18,,0,,
CURSO,ZON_ID,NUMBER,"NUMBER(12,0)",22,12,0,Y,19,,0,,
CURSO,BAR_ID,NUMBER,"NUMBER(6,0)",22,6,0,Y,20,,0,,
CURSO,CUR_DIRECCION,VARCHAR2,VARCHAR2(100 BYTE),100,,,N,21,,100,B,
CURSO,CUR_CONTACTO,VARCHAR2,VARCHAR2(100 BYTE),100,,,N,22,,100,B,
CURSO,CUR_TEL_CONTACTO,VARCHAR2,VARCHAR2(20 BYTE),20,,,N,23,,20,B,
CURSO,CUR_EXT_CONTACTO,NUMBER,"NUMBER(6,0)",22,6,0,Y,24,,0,,
CURSO,CUR_TEL_CONTACTO_ALT,VARCHAR2,VARCHAR2(20 BYTE),20,,,Y,25,,20,B,
CURSO,CUR_EXT_CONTACTO_ALT,NUMBER,"NUMBER(6,0)",22,6,0,Y,26,,0,,
CURSO,CUR_CORREO_E,VARCHAR2,VARCHAR2(60 BYTE),60,,,Y,27,,60,B,
CURSO,CUR_GENERO,NUMBER,"NUMBER(1,0)",22,1,0,N,28,,0,,
CURSO,CUR_EDAD_MAX,NUMBER,"NUMBER(2,0)",22,2,0,N,29,,0,,
CURSO,CUR_EDAD_MIN,NUMBER,"NUMBER(2,0)",22,2,0,N,30,,0,,
CURSO,ESC_ID,NUMBER,"NUMBER(1,0)",22,1,0,N,31,,0,,
CURSO,CUR_LIB_MILITAR,NUMBER,"NUMBER(1,0)",22,1,0,N,32,,0,,
CURSO,PSF_ID,NUMBER,"NUMBER(1,0)",22,1,0,Y,33,,0,,
CURSO,ETR_INI,NUMBER,"NUMBER(1,0)",22,1,0,Y,34,,0,,
CURSO,ETR_FIN,NUMBER,"NUMBER(1,0)",22,1,0,Y,35,,0,,
CURSO,CUR_SISBEN_NIV_INI,NUMBER,"NUMBER(2,0)",22,2,0,Y,36,,0,,
CURSO,CUR_SISBEN_NIV_FIN,NUMBER,"NUMBER(2,0)",22,2,0,Y,37,,0,,
CURSO,CUR_SISBEN_TIPO,NUMBER,"NUMBER(1,0)",22,1,0,Y,38,,0,,
CURSO,CUR_SISBEN_PTJ_INI,NUMBER,"NUMBER(3,0)",22,3,0,Y,39,,0,,
CURSO,CUR_SISBEN_PTJ_FIN,NUMBER,"NUMBER(3,0)",22,3,0,Y,40,,0,,
CURSO,FUN_ID,NUMBER,"NUMBER(5,0)",22,5,0,N,41,,0,,
CURSO,CSPE_ID,NUMBER,"NUMBER(7,0)",22,7,0,N,42,,0,,
CURSO,REG_ID,NUMBER,"NUMBER(2,0)",22,2,0,N,43,,0,,
CURSO_05102012,CUR_ID,NUMBER,"NUMBER(12,0)",22,12,0,N,1,,0,,
CURSO_05102012,ENF_ID,NUMBER,"NUMBER(7,0)",22,7,0,N,2,,0,,
CURSO_05102012,CUR_DESCRIPCION,VARCHAR2,VARCHAR2(300 BYTE),300,,,N,3,,300,B,
CURSO_05102012,EMP_ID,NUMBER,"NUMBER(8,0)",22,8,0,N,4,,0,,
CURSO_05102012,OFT_ID,NUMBER,"NUMBER(9,0)",22,9,0,N,5,,0,,
CURSO_05102012,CUR_NUM_CUPOS,NUMBER,"NUMBER(2,0)",22,2,0,N,6,,0,,
CURSO_05102012,CUR_MODALIDAD,NUMBER,"NUMBER(1,0)",22,1,0,N,7,,0,,
CURSO_05102012,CUR_HORARIO,VARCHAR2,VARCHAR2(100 BYTE),100,,,N,8,,100,B,
CURSO_05102012,CUR_DURACION,NUMBER,"NUMBER(4,0)",22,4,0,N,9,,0,,
CURSO_05102012,DUR_ID,NUMBER,"NUMBER(2,0)",22,2,0,N,10,,0,,
CURSO_05102012,CUR_AULA,VARCHAR2,VARCHAR2(100 BYTE),100,,,N,11,,100,B,
CURSO_05102012,CUR_FCH_INI_INSC,DATE,DATE,7,,,N,12,,0,,
CURSO_05102012,CUR_FCH_FIN_INSC,DATE,DATE,7,,,N,13,,0,,
CURSO_05102012,CUR_FCH_INICIO,DATE,DATE,7,,,N,14,,0,,
CURSO_05102012,CUR_FCH_FIN,DATE,DATE,7,,,N,15,,0,,
CURSO_05102012,PAI_ID,NUMBER,"NUMBER(3,0)",22,3,0,N,16,,0,,
CURSO_05102012,DPT_ID,NUMBER,"NUMBER(7,0)",22,7,0,Y,17,,0,,
CURSO_05102012,MPO_ID,NUMBER,"NUMBER(9,0)",22,9,0,Y,18,,0,,
CURSO_05102012,ZON_ID,NUMBER,"NUMBER(12,0)",22,12,0,Y,19,,0,,
CURSO_05102012,BAR_ID,NUMBER,"NUMBER(6,0)",22,6,0,Y,20,,0,,
CURSO_05102012,CUR_DIRECCION,VARCHAR2,VARCHAR2(100 BYTE),100,,,N,21,,100,B,
CURSO_05102012,CUR_CONTACTO,VARCHAR2,VARCHAR2(100 BYTE),100,,,N,22,,100,B,
CURSO_05102012,CUR_TEL_CONTACTO,VARCHAR2,VARCHAR2(20 BYTE),20,,,N,23,,20,B,
CURSO_05102012,CUR_EXT_CONTACTO,NUMBER,"NUMBER(6,0)",22,6,0,Y,24,,0,,
CURSO_05102012,CUR_TEL_CONTACTO_ALT,VARCHAR2,VARCHAR2(20 BYTE),20,,,Y,25,,20,B,
CURSO_05102012,CUR_EXT_CONTACTO_ALT,NUMBER,"NUMBER(6,0)",22,6,0,Y,26,,0,,
CURSO_05102012,CUR_CORREO_E,VARCHAR2,VARCHAR2(60 BYTE),60,,,Y,27,,60,B,
CURSO_05102012,CUR_GENERO,NUMBER,"NUMBER(1,0)",22,1,0,N,28,,0,,
CURSO_05102012,CUR_EDAD_MAX,NUMBER,"NUMBER(2,0)",22,2,0,N,29,,0,,
CURSO_05102012,CUR_EDAD_MIN,NUMBER,"NUMBER(2,0)",22,2,0,N,30,,0,,
CURSO_05102012,ESC_ID,NUMBER,"NUMBER(1,0)",22,1,0,N,31,,0,,
CURSO_05102012,CUR_LIB_MILITAR,NUMBER,"NUMBER(1,0)",22,1,0,N,32,,0,,
CURSO_05102012,PSF_ID,NUMBER,"NUMBER(1,0)",22,1,0,Y,33,,0,,
CURSO_05102012,ETR_INI,NUMBER,"NUMBER(1,0)",22,1,0,Y,34,,0,,
CURSO_05102012,ETR_FIN,NUMBER,"NUMBER(1,0)",22,1,0,Y,35,,0,,
CURSO_05102012,CUR_SISBEN_NIV_INI,NUMBER,"NUMBER(2,0)",22,2,0,Y,36,,0,,
CURSO_05102012,CUR_SISBEN_NIV_FIN,NUMBER,"NUMBER(2,0)",22,2,0,Y,37,,0,,
CURSO_05102012,CUR_SISBEN_TIPO,NUMBER,"NUMBER(1,0)",22,1,0,Y,38,,0,,
CURSO_05102012,CUR_SISBEN_PTJ_INI,NUMBER,"NUMBER(3,0)",22,3,0,Y,39,,0,,
CURSO_05102012,CUR_SISBEN_PTJ_FIN,NUMBER,"NUMBER(3,0)",22,3,0,Y,40,,0,,
CURSO_05102012,FUN_ID,NUMBER,"NUMBER(5,0)",22,5,0,N,41,,0,,
CURSO_05102012,CSPE_ID,NUMBER,"NUMBER(7,0)",22,7,0,N,42,,0,,
CURSO_05102012,REG_ID,NUMBER,"NUMBER(2,0)",22,2,0,N,43,,0,,
CURSO_07122012,CUR_ID,NUMBER,"NUMBER(12,0)",22,12,0,N,1,,0,,
CURSO_07122012,ENF_ID,NUMBER,"NUMBER(7,0)",22,7,0,N,2,,0,,
CURSO_07122012,CUR_DESCRIPCION,VARCHAR2,VARCHAR2(300 BYTE),300,,,N,3,,300,B,
CURSO_07122012,EMP_ID,NUMBER,"NUMBER(8,0)",22,8,0,N,4,,0,,
CURSO_07122012,OFT_ID,NUMBER,"NUMBER(9,0)",22,9,0,N,5,,0,,
CURSO_07122012,CUR_NUM_CUPOS,NUMBER,"NUMBER(2,0)",22,2,0,N,6,,0,,
CURSO_07122012,CUR_MODALIDAD,NUMBER,"NUMBER(1,0)",22,1,0,N,7,,0,,
CURSO_07122012,CUR_HORARIO,VARCHAR2,VARCHAR2(100 BYTE),100,,,N,8,,100,B,
CURSO_07122012,CUR_DURACION,NUMBER,"NUMBER(4,0)",22,4,0,N,9,,0,,
CURSO_07122012,DUR_ID,NUMBER,"NUMBER(2,0)",22,2,0,N,10,,0,,
CURSO_07122012,CUR_AULA,VARCHAR2,VARCHAR2(100 BYTE),100,,,N,11,,100,B,
CURSO_07122012,CUR_FCH_INI_INSC,DATE,DATE,7,,,N,12,,0,,
CURSO_07122012,CUR_FCH_FIN_INSC,DATE,DATE,7,,,N,13,,0,,
CURSO_07122012,CUR_FCH_INICIO,DATE,DATE,7,,,N,14,,0,,
CURSO_07122012,CUR_FCH_FIN,DATE,DATE,7,,,N,15,,0,,
CURSO_07122012,PAI_ID,NUMBER,"NUMBER(3,0)",22,3,0,N,16,,0,,
CURSO_07122012,DPT_ID,NUMBER,"NUMBER(7,0)",22,7,0,Y,17,,0,,
CURSO_07122012,MPO_ID,NUMBER,"NUMBER(9,0)",22,9,0,Y,18,,0,,
CURSO_07122012,ZON_ID,NUMBER,"NUMBER(12,0)",22,12,0,Y,19,,0,,
CURSO_07122012,BAR_ID,NUMBER,"NUMBER(6,0)",22,6,0,Y,20,,0,,
CURSO_07122012,CUR_DIRECCION,VARCHAR2,VARCHAR2(100 BYTE),100,,,N,21,,100,B,
CURSO_07122012,CUR_CONTACTO,VARCHAR2,VARCHAR2(100 BYTE),100,,,N,22,,100,B,
CURSO_07122012,CUR_TEL_CONTACTO,VARCHAR2,VARCHAR2(20 BYTE),20,,,N,23,,20,B,
CURSO_07122012,CUR_EXT_CONTACTO,NUMBER,"NUMBER(6,0)",22,6,0,Y,24,,0,,
CURSO_07122012,CUR_TEL_CONTACTO_ALT,VARCHAR2,VARCHAR2(20 BYTE),20,,,Y,25,,20,B,
CURSO_07122012,CUR_EXT_CONTACTO_ALT,NUMBER,"NUMBER(6,0)",22,6,0,Y,26,,0,,
CURSO_07122012,CUR_CORREO_E,VARCHAR2,VARCHAR2(60 BYTE),60,,,Y,27,,60,B,
CURSO_07122012,CUR_GENERO,NUMBER,"NUMBER(1,0)",22,1,0,N,28,,0,,
CURSO_07122012,CUR_EDAD_MAX,NUMBER,"NUMBER(2,0)",22,2,0,N,29,,0,,
CURSO_07122012,CUR_EDAD_MIN,NUMBER,"NUMBER(2,0)",22,2,0,N,30,,0,,
CURSO_07122012,ESC_ID,NUMBER,"NUMBER(1,0)",22,1,0,N,31,,0,,
CURSO_07122012,CUR_LIB_MILITAR,NUMBER,"NUMBER(1,0)",22,1,0,N,32,,0,,
CURSO_07122012,PSF_ID,NUMBER,"NUMBER(1,0)",22,1,0,Y,33,,0,,
CURSO_07122012,ETR_INI,NUMBER,"NUMBER(1,0)",22,1,0,Y,34,,0,,
CURSO_07122012,ETR_FIN,NUMBER,"NUMBER(1,0)",22,1,0,Y,35,,0,,
CURSO_07122012,CUR_SISBEN_NIV_INI,NUMBER,"NUMBER(2,0)",22,2,0,Y,36,,0,,
CURSO_07122012,CUR_SISBEN_NIV_FIN,NUMBER,"NUMBER(2,0)",22,2,0,Y,37,,0,,
CURSO_07122012,CUR_SISBEN_TIPO,NUMBER,"NUMBER(1,0)",22,1,0,Y,38,,0,,
CURSO_07122012,CUR_SISBEN_PTJ_INI,NUMBER,"NUMBER(3,0)",22,3,0,Y,39,,0,,
CURSO_07122012,CUR_SISBEN_PTJ_FIN,NUMBER,"NUMBER(3,0)",22,3,0,Y,40,,0,,
CURSO_07122012,FUN_ID,NUMBER,"NUMBER(5,0)",22,5,0,N,41,,0,,
CURSO_07122012,CSPE_ID,NUMBER,"NUMBER(7,0)",22,7,0,N,42,,0,,
CURSO_07122012,REG_ID,NUMBER,"NUMBER(2,0)",22,2,0,N,43,,0,,
CURSO_12102012,CUR_ID,NUMBER,"NUMBER(12,0)",22,12,0,N,1,,0,,
CURSO_12102012,ENF_ID,NUMBER,"NUMBER(7,0)",22,7,0,N,2,,0,,
CURSO_12102012,CUR_DESCRIPCION,VARCHAR2,VARCHAR2(300 BYTE),300,,,N,3,,300,B,
CURSO_12102012,EMP_ID,NUMBER,"NUMBER(8,0)",22,8,0,N,4,,0,,
CURSO_12102012,OFT_ID,NUMBER,"NUMBER(9,0)",22,9,0,N,5,,0,,
CURSO_12102012,CUR_NUM_CUPOS,NUMBER,"NUMBER(2,0)",22,2,0,N,6,,0,,
CURSO_12102012,CUR_MODALIDAD,NUMBER,"NUMBER(1,0)",22,1,0,N,7,,0,,
CURSO_12102012,CUR_HORARIO,VARCHAR2,VARCHAR2(100 BYTE),100,,,N,8,,100,B,
CURSO_12102012,CUR_DURACION,NUMBER,"NUMBER(4,0)",22,4,0,N,9,,0,,
CURSO_12102012,DUR_ID,NUMBER,"NUMBER(2,0)",22,2,0,N,10,,0,,
CURSO_12102012,CUR_AULA,VARCHAR2,VARCHAR2(100 BYTE),100,,,N,11,,100,B,
CURSO_12102012,CUR_FCH_INI_INSC,DATE,DATE,7,,,N,12,,0,,
CURSO_12102012,CUR_FCH_FIN_INSC,DATE,DATE,7,,,N,13,,0,,
CURSO_12102012,CUR_FCH_INICIO,DATE,DATE,7,,,N,14,,0,,
CURSO_12102012,CUR_FCH_FIN,DATE,DATE,7,,,N,15,,0,,
CURSO_12102012,PAI_ID,NUMBER,"NUMBER(3,0)",22,3,0,N,16,,0,,
CURSO_12102012,DPT_ID,NUMBER,"NUMBER(7,0)",22,7,0,Y,17,,0,,
CURSO_12102012,MPO_ID,NUMBER,"NUMBER(9,0)",22,9,0,Y,18,,0,,
CURSO_12102012,ZON_ID,NUMBER,"NUMBER(12,0)",22,12,0,Y,19,,0,,
CURSO_12102012,BAR_ID,NUMBER,"NUMBER(6,0)",22,6,0,Y,20,,0,,
CURSO_12102012,CUR_DIRECCION,VARCHAR2,VARCHAR2(100 BYTE),100,,,N,21,,100,B,
CURSO_12102012,CUR_CONTACTO,VARCHAR2,VARCHAR2(100 BYTE),100,,,N,22,,100,B,
CURSO_12102012,CUR_TEL_CONTACTO,VARCHAR2,VARCHAR2(20 BYTE),20,,,N,23,,20,B,
CURSO_12102012,CUR_EXT_CONTACTO,NUMBER,"NUMBER(6,0)",22,6,0,Y,24,,0,,
CURSO_12102012,CUR_TEL_CONTACTO_ALT,VARCHAR2,VARCHAR2(20 BYTE),20,,,Y,25,,20,B,
CURSO_12102012,CUR_EXT_CONTACTO_ALT,NUMBER,"NUMBER(6,0)",22,6,0,Y,26,,0,,
CURSO_12102012,CUR_CORREO_E,VARCHAR2,VARCHAR2(60 BYTE),60,,,Y,27,,60,B,
CURSO_12102012,CUR_GENERO,NUMBER,"NUMBER(1,0)",22,1,0,N,28,,0,,
CURSO_12102012,CUR_EDAD_MAX,NUMBER,"NUMBER(2,0)",22,2,0,N,29,,0,,
CURSO_12102012,CUR_EDAD_MIN,NUMBER,"NUMBER(2,0)",22,2,0,N,30,,0,,
CURSO_12102012,ESC_ID,NUMBER,"NUMBER(1,0)",22,1,0,N,31,,0,,
CURSO_12102012,CUR_LIB_MILITAR,NUMBER,"NUMBER(1,0)",22,1,0,N,32,,0,,
CURSO_12102012,PSF_ID,NUMBER,"NUMBER(1,0)",22,1,0,Y,33,,0,,
CURSO_12102012,ETR_INI,NUMBER,"NUMBER(1,0)",22,1,0,Y,34,,0,,
CURSO_12102012,ETR_FIN,NUMBER,"NUMBER(1,0)",22,1,0,Y,35,,0,,
CURSO_12102012,CUR_SISBEN_NIV_INI,NUMBER,"NUMBER(2,0)",22,2,0,Y,36,,0,,
CURSO_12102012,CUR_SISBEN_NIV_FIN,NUMBER,"NUMBER(2,0)",22,2,0,Y,37,,0,,
CURSO_12102012,CUR_SISBEN_TIPO,NUMBER,"NUMBER(1,0)",22,1,0,Y,38,,0,,
CURSO_12102012,CUR_SISBEN_PTJ_INI,NUMBER,"NUMBER(3,0)",22,3,0,Y,39,,0,,
CURSO_12102012,CUR_SISBEN_PTJ_FIN,NUMBER,"NUMBER(3,0)",22,3,0,Y,40,,0,,
CURSO_12102012,FUN_ID,NUMBER,"NUMBER(5,0)",22,5,0,N,41,,0,,
CURSO_12102012,CSPE_ID,NUMBER,"NUMBER(7,0)",22,7,0,N,42,,0,,
CURSO_12102012,REG_ID,NUMBER,"NUMBER(2,0)",22,2,0,N,43,,0,,
CURSO_19102012,CUR_ID,NUMBER,"NUMBER(12,0)",22,12,0,N,1,,0,,
CURSO_19102012,ENF_ID,NUMBER,"NUMBER(7,0)",22,7,0,N,2,,0,,
CURSO_19102012,CUR_DESCRIPCION,VARCHAR2,VARCHAR2(300 BYTE),300,,,N,3,,300,B,
CURSO_19102012,EMP_ID,NUMBER,"NUMBER(8,0)",22,8,0,N,4,,0,,
CURSO_19102012,OFT_ID,NUMBER,"NUMBER(9,0)",22,9,0,N,5,,0,,
CURSO_19102012,CUR_NUM_CUPOS,NUMBER,"NUMBER(2,0)",22,2,0,N,6,,0,,
CURSO_19102012,CUR_MODALIDAD,NUMBER,"NUMBER(1,0)",22,1,0,N,7,,0,,
CURSO_19102012,CUR_HORARIO,VARCHAR2,VARCHAR2(100 BYTE),100,,,N,8,,100,B,
CURSO_19102012,CUR_DURACION,NUMBER,"NUMBER(4,0)",22,4,0,N,9,,0,,
CURSO_19102012,DUR_ID,NUMBER,"NUMBER(2,0)",22,2,0,N,10,,0,,
CURSO_19102012,CUR_AULA,VARCHAR2,VARCHAR2(100 BYTE),100,,,N,11,,100,B,
CURSO_19102012,CUR_FCH_INI_INSC,DATE,DATE,7,,,N,12,,0,,
CURSO_19102012,CUR_FCH_FIN_INSC,DATE,DATE,7,,,N,13,,0,,
CURSO_19102012,CUR_FCH_INICIO,DATE,DATE,7,,,N,14,,0,,
CURSO_19102012,CUR_FCH_FIN,DATE,DATE,7,,,N,15,,0,,
CURSO_19102012,PAI_ID,NUMBER,"NUMBER(3,0)",22,3,0,N,16,,0,,
CURSO_19102012,DPT_ID,NUMBER,"NUMBER(7,0)",22,7,0,Y,17,,0,,
CURSO_19102012,MPO_ID,NUMBER,"NUMBER(9,0)",22,9,0,Y,18,,0,,
CURSO_19102012,ZON_ID,NUMBER,"NUMBER(12,0)",22,12,0,Y,19,,0,,
CURSO_19102012,BAR_ID,NUMBER,"NUMBER(6,0)",22,6,0,Y,20,,0,,
CURSO_19102012,CUR_DIRECCION,VARCHAR2,VARCHAR2(100 BYTE),100,,,N,21,,100,B,
CURSO_19102012,CUR_CONTACTO,VARCHAR2,VARCHAR2(100 BYTE),100,,,N,22,,100,B,
CURSO_19102012,CUR_TEL_CONTACTO,VARCHAR2,VARCHAR2(20 BYTE),20,,,N,23,,20,B,
CURSO_19102012,CUR_EXT_CONTACTO,NUMBER,"NUMBER(6,0)",22,6,0,Y,24,,0,,
CURSO_19102012,CUR_TEL_CONTACTO_ALT,VARCHAR2,VARCHAR2(20 BYTE),20,,,Y,25,,20,B,
CURSO_19102012,CUR_EXT_CONTACTO_ALT,NUMBER,"NUMBER(6,0)",22,6,0,Y,26,,0,,
CURSO_19102012,CUR_CORREO_E,VARCHAR2,VARCHAR2(60 BYTE),60,,,Y,27,,60,B,
CURSO_19102012,CUR_GENERO,NUMBER,"NUMBER(1,0)",22,1,0,N,28,,0,,
CURSO_19102012,CUR_EDAD_MAX,NUMBER,"NUMBER(2,0)",22,2,0,N,29,,0,,
CURSO_19102012,CUR_EDAD_MIN,NUMBER,"NUMBER(2,0)",22,2,0,N,30,,0,,
CURSO_19102012,ESC_ID,NUMBER,"NUMBER(1,0)",22,1,0,N,31,,0,,
CURSO_19102012,CUR_LIB_MILITAR,NUMBER,"NUMBER(1,0)",22,1,0,N,32,,0,,
CURSO_19102012,PSF_ID,NUMBER,"NUMBER(1,0)",22,1,0,Y,33,,0,,
CURSO_19102012,ETR_INI,NUMBER,"NUMBER(1,0)",22,1,0,Y,34,,0,,
CURSO_19102012,ETR_FIN,NUMBER,"NUMBER(1,0)",22,1,0,Y,35,,0,,
CURSO_19102012,CUR_SISBEN_NIV_INI,NUMBER,"NUMBER(2,0)",22,2,0,Y,36,,0,,
CURSO_19102012,CUR_SISBEN_NIV_FIN,NUMBER,"NUMBER(2,0)",22,2,0,Y,37,,0,,
CURSO_19102012,CUR_SISBEN_TIPO,NUMBER,"NUMBER(1,0)",22,1,0,Y,38,,0,,
CURSO_19102012,CUR_SISBEN_PTJ_INI,NUMBER,"NUMBER(3,0)",22,3,0,Y,39,,0,,
CURSO_19102012,CUR_SISBEN_PTJ_FIN,NUMBER,"NUMBER(3,0)",22,3,0,Y,40,,0,,
CURSO_19102012,FUN_ID,NUMBER,"NUMBER(5,0)",22,5,0,N,41,,0,,
CURSO_19102012,CSPE_ID,NUMBER,"NUMBER(7,0)",22,7,0,N,42,,0,,
CURSO_19102012,REG_ID,NUMBER,"NUMBER(2,0)",22,2,0,N,43,,0,,
CURSO_21122012,CUR_ID,NUMBER,"NUMBER(12,0)",22,12,0,N,1,,0,,
CURSO_21122012,ENF_ID,NUMBER,"NUMBER(7,0)",22,7,0,N,2,,0,,
CURSO_21122012,CUR_DESCRIPCION,VARCHAR2,VARCHAR2(300 BYTE),300,,,N,3,,300,B,
CURSO_21122012,EMP_ID,NUMBER,"NUMBER(8,0)",22,8,0,N,4,,0,,
CURSO_21122012,OFT_ID,NUMBER,"NUMBER(9,0)",22,9,0,N,5,,0,,
CURSO_21122012,CUR_NUM_CUPOS,NUMBER,"NUMBER(2,0)",22,2,0,N,6,,0,,
CURSO_21122012,CUR_MODALIDAD,NUMBER,"NUMBER(1,0)",22,1,0,N,7,,0,,
CURSO_21122012,CUR_HORARIO,VARCHAR2,VARCHAR2(100 BYTE),100,,,N,8,,100,B,
CURSO_21122012,CUR_DURACION,NUMBER,"NUMBER(4,0)",22,4,0,N,9,,0,,
CURSO_21122012,DUR_ID,NUMBER,"NUMBER(2,0)",22,2,0,N,10,,0,,
CURSO_21122012,CUR_AULA,VARCHAR2,VARCHAR2(100 BYTE),100,,,N,11,,100,B,
CURSO_21122012,CUR_FCH_INI_INSC,DATE,DATE,7,,,N,12,,0,,
CURSO_21122012,CUR_FCH_FIN_INSC,DATE,DATE,7,,,N,13,,0,,
CURSO_21122012,CUR_FCH_INICIO,DATE,DATE,7,,,N,14,,0,,
CURSO_21122012,CUR_FCH_FIN,DATE,DATE,7,,,N,15,,0,,
CURSO_21122012,PAI_ID,NUMBER,"NUMBER(3,0)",22,3,0,N,16,,0,,
CURSO_21122012,DPT_ID,NUMBER,"NUMBER(7,0)",22,7,0,Y,17,,0,,
CURSO_21122012,MPO_ID,NUMBER,"NUMBER(9,0)",22,9,0,Y,18,,0,,
CURSO_21122012,ZON_ID,NUMBER,"NUMBER(12,0)",22,12,0,Y,19,,0,,
CURSO_21122012,BAR_ID,NUMBER,"NUMBER(6,0)",22,6,0,Y,20,,0,,
CURSO_21122012,CUR_DIRECCION,VARCHAR2,VARCHAR2(100 BYTE),100,,,N,21,,100,B,
CURSO_21122012,CUR_CONTACTO,VARCHAR2,VARCHAR2(100 BYTE),100,,,N,22,,100,B,
CURSO_21122012,CUR_TEL_CONTACTO,VARCHAR2,VARCHAR2(20 BYTE),20,,,N,23,,20,B,
CURSO_21122012,CUR_EXT_CONTACTO,NUMBER,"NUMBER(6,0)",22,6,0,Y,24,,0,,
CURSO_21122012,CUR_TEL_CONTACTO_ALT,VARCHAR2,VARCHAR2(20 BYTE),20,,,Y,25,,20,B,
CURSO_21122012,CUR_EXT_CONTACTO_ALT,NUMBER,"NUMBER(6,0)",22,6,0,Y,26,,0,,
CURSO_21122012,CUR_CORREO_E,VARCHAR2,VARCHAR2(60 BYTE),60,,,Y,27,,60,B,
CURSO_21122012,CUR_GENERO,NUMBER,"NUMBER(1,0)",22,1,0,N,28,,0,,
CURSO_21122012,CUR_EDAD_MAX,NUMBER,"NUMBER(2,0)",22,2,0,N,29,,0,,
CURSO_21122012,CUR_EDAD_MIN,NUMBER,"NUMBER(2,0)",22,2,0,N,30,,0,,
CURSO_21122012,ESC_ID,NUMBER,"NUMBER(1,0)",22,1,0,N,31,,0,,
CURSO_21122012,CUR_LIB_MILITAR,NUMBER,"NUMBER(1,0)",22,1,0,N,32,,0,,
CURSO_21122012,PSF_ID,NUMBER,"NUMBER(1,0)",22,1,0,Y,33,,0,,
CURSO_21122012,ETR_INI,NUMBER,"NUMBER(1,0)",22,1,0,Y,34,,0,,
CURSO_21122012,ETR_FIN,NUMBER,"NUMBER(1,0)",22,1,0,Y,35,,0,,
CURSO_21122012,CUR_SISBEN_NIV_INI,NUMBER,"NUMBER(2,0)",22,2,0,Y,36,,0,,
CURSO_21122012,CUR_SISBEN_NIV_FIN,NUMBER,"NUMBER(2,0)",22,2,0,Y,37,,0,,
CURSO_21122012,CUR_SISBEN_TIPO,NUMBER,"NUMBER(1,0)",22,1,0,Y,38,,0,,
CURSO_21122012,CUR_SISBEN_PTJ_INI,NUMBER,"NUMBER(3,0)",22,3,0,Y,39,,0,,
CURSO_21122012,CUR_SISBEN_PTJ_FIN,NUMBER,"NUMBER(3,0)",22,3,0,Y,40,,0,,
CURSO_21122012,FUN_ID,NUMBER,"NUMBER(5,0)",22,5,0,N,41,,0,,
CURSO_21122012,CSPE_ID,NUMBER,"NUMBER(7,0)",22,7,0,N,42,,0,,
CURSO_21122012,REG_ID,NUMBER,"NUMBER(2,0)",22,2,0,N,43,,0,,
CURSO_23112012,CUR_ID,NUMBER,"NUMBER(12,0)",22,12,0,N,1,,0,,
CURSO_23112012,ENF_ID,NUMBER,"NUMBER(7,0)",22,7,0,N,2,,0,,
CURSO_23112012,CUR_DESCRIPCION,VARCHAR2,VARCHAR2(300 BYTE),300,,,N,3,,300,B,
CURSO_23112012,EMP_ID,NUMBER,"NUMBER(8,0)",22,8,0,N,4,,0,,
CURSO_23112012,OFT_ID,NUMBER,"NUMBER(9,0)",22,9,0,N,5,,0,,
CURSO_23112012,CUR_NUM_CUPOS,NUMBER,"NUMBER(2,0)",22,2,0,N,6,,0,,
CURSO_23112012,CUR_MODALIDAD,NUMBER,"NUMBER(1,0)",22,1,0,N,7,,0,,
CURSO_23112012,CUR_HORARIO,VARCHAR2,VARCHAR2(100 BYTE),100,,,N,8,,100,B,
CURSO_23112012,CUR_DURACION,NUMBER,"NUMBER(4,0)",22,4,0,N,9,,0,,
CURSO_23112012,DUR_ID,NUMBER,"NUMBER(2,0)",22,2,0,N,10,,0,,
CURSO_23112012,CUR_AULA,VARCHAR2,VARCHAR2(100 BYTE),100,,,N,11,,100,B,
CURSO_23112012,CUR_FCH_INI_INSC,DATE,DATE,7,,,N,12,,0,,
CURSO_23112012,CUR_FCH_FIN_INSC,DATE,DATE,7,,,N,13,,0,,
CURSO_23112012,CUR_FCH_INICIO,DATE,DATE,7,,,N,14,,0,,
CURSO_23112012,CUR_FCH_FIN,DATE,DATE,7,,,N,15,,0,,
CURSO_23112012,PAI_ID,NUMBER,"NUMBER(3,0)",22,3,0,N,16,,0,,
CURSO_23112012,DPT_ID,NUMBER,"NUMBER(7,0)",22,7,0,Y,17,,0,,
CURSO_23112012,MPO_ID,NUMBER,"NUMBER(9,0)",22,9,0,Y,18,,0,,
CURSO_23112012,ZON_ID,NUMBER,"NUMBER(12,0)",22,12,0,Y,19,,0,,
CURSO_23112012,BAR_ID,NUMBER,"NUMBER(6,0)",22,6,0,Y,20,,0,,
CURSO_23112012,CUR_DIRECCION,VARCHAR2,VARCHAR2(100 BYTE),100,,,N,21,,100,B,
CURSO_23112012,CUR_CONTACTO,VARCHAR2,VARCHAR2(100 BYTE),100,,,N,22,,100,B,
CURSO_23112012,CUR_TEL_CONTACTO,VARCHAR2,VARCHAR2(20 BYTE),20,,,N,23,,20,B,
CURSO_23112012,CUR_EXT_CONTACTO,NUMBER,"NUMBER(6,0)",22,6,0,Y,24,,0,,
CURSO_23112012,CUR_TEL_CONTACTO_ALT,VARCHAR2,VARCHAR2(20 BYTE),20,,,Y,25,,20,B,
CURSO_23112012,CUR_EXT_CONTACTO_ALT,NUMBER,"NUMBER(6,0)",22,6,0,Y,26,,0,,
CURSO_23112012,CUR_CORREO_E,VARCHAR2,VARCHAR2(60 BYTE),60,,,Y,27,,60,B,
CURSO_23112012,CUR_GENERO,NUMBER,"NUMBER(1,0)",22,1,0,N,28,,0,,
CURSO_23112012,CUR_EDAD_MAX,NUMBER,"NUMBER(2,0)",22,2,0,N,29,,0,,
CURSO_23112012,CUR_EDAD_MIN,NUMBER,"NUMBER(2,0)",22,2,0,N,30,,0,,
CURSO_23112012,ESC_ID,NUMBER,"NUMBER(1,0)",22,1,0,N,31,,0,,
CURSO_23112012,CUR_LIB_MILITAR,NUMBER,"NUMBER(1,0)",22,1,0,N,32,,0,,
CURSO_23112012,PSF_ID,NUMBER,"NUMBER(1,0)",22,1,0,Y,33,,0,,
CURSO_23112012,ETR_INI,NUMBER,"NUMBER(1,0)",22,1,0,Y,34,,0,,
CURSO_23112012,ETR_FIN,NUMBER,"NUMBER(1,0)",22,1,0,Y,35,,0,,
CURSO_23112012,CUR_SISBEN_NIV_INI,NUMBER,"NUMBER(2,0)",22,2,0,Y,36,,0,,
CURSO_23112012,CUR_SISBEN_NIV_FIN,NUMBER,"NUMBER(2,0)",22,2,0,Y,37,,0,,
CURSO_23112012,CUR_SISBEN_TIPO,NUMBER,"NUMBER(1,0)",22,1,0,Y,38,,0,,
CURSO_23112012,CUR_SISBEN_PTJ_INI,NUMBER,"NUMBER(3,0)",22,3,0,Y,39,,0,,
CURSO_23112012,CUR_SISBEN_PTJ_FIN,NUMBER,"NUMBER(3,0)",22,3,0,Y,40,,0,,
CURSO_23112012,FUN_ID,NUMBER,"NUMBER(5,0)",22,5,0,N,41,,0,,
CURSO_23112012,CSPE_ID,NUMBER,"NUMBER(7,0)",22,7,0,N,42,,0,,
CURSO_23112012,REG_ID,NUMBER,"NUMBER(2,0)",22,2,0,N,43,,0,,
CURSO_26102012,CUR_ID,NUMBER,"NUMBER(12,0)",22,12,0,N,1,,0,,
CURSO_26102012,ENF_ID,NUMBER,"NUMBER(7,0)",22,7,0,N,2,,0,,
CURSO_26102012,CUR_DESCRIPCION,VARCHAR2,VARCHAR2(300 BYTE),300,,,N,3,,300,B,
CURSO_26102012,EMP_ID,NUMBER,"NUMBER(8,0)",22,8,0,N,4,,0,,
CURSO_26102012,OFT_ID,NUMBER,"NUMBER(9,0)",22,9,0,N,5,,0,,
CURSO_26102012,CUR_NUM_CUPOS,NUMBER,"NUMBER(2,0)",22,2,0,N,6,,0,,
CURSO_26102012,CUR_MODALIDAD,NUMBER,"NUMBER(1,0)",22,1,0,N,7,,0,,
CURSO_26102012,CUR_HORARIO,VARCHAR2,VARCHAR2(100 BYTE),100,,,N,8,,100,B,
CURSO_26102012,CUR_DURACION,NUMBER,"NUMBER(4,0)",22,4,0,N,9,,0,,
CURSO_26102012,DUR_ID,NUMBER,"NUMBER(2,0)",22,2,0,N,10,,0,,
CURSO_26102012,CUR_AULA,VARCHAR2,VARCHAR2(100 BYTE),100,,,N,11,,100,B,
CURSO_26102012,CUR_FCH_INI_INSC,DATE,DATE,7,,,N,12,,0,,
CURSO_26102012,CUR_FCH_FIN_INSC,DATE,DATE,7,,,N,13,,0,,
CURSO_26102012,CUR_FCH_INICIO,DATE,DATE,7,,,N,14,,0,,
CURSO_26102012,CUR_FCH_FIN,DATE,DATE,7,,,N,15,,0,,
CURSO_26102012,PAI_ID,NUMBER,"NUMBER(3,0)",22,3,0,N,16,,0,,
CURSO_26102012,DPT_ID,NUMBER,"NUMBER(7,0)",22,7,0,Y,17,,0,,
CURSO_26102012,MPO_ID,NUMBER,"NUMBER(9,0)",22,9,0,Y,18,,0,,
CURSO_26102012,ZON_ID,NUMBER,"NUMBER(12,0)",22,12,0,Y,19,,0,,
CURSO_26102012,BAR_ID,NUMBER,"NUMBER(6,0)",22,6,0,Y,20,,0,,
CURSO_26102012,CUR_DIRECCION,VARCHAR2,VARCHAR2(100 BYTE),100,,,N,21,,100,B,
CURSO_26102012,CUR_CONTACTO,VARCHAR2,VARCHAR2(100 BYTE),100,,,N,22,,100,B,
CURSO_26102012,CUR_TEL_CONTACTO,VARCHAR2,VARCHAR2(20 BYTE),20,,,N,23,,20,B,
CURSO_26102012,CUR_EXT_CONTACTO,NUMBER,"NUMBER(6,0)",22,6,0,Y,24,,0,,
CURSO_26102012,CUR_TEL_CONTACTO_ALT,VARCHAR2,VARCHAR2(20 BYTE),20,,,Y,25,,20,B,
CURSO_26102012,CUR_EXT_CONTACTO_ALT,NUMBER,"NUMBER(6,0)",22,6,0,Y,26,,0,,
CURSO_26102012,CUR_CORREO_E,VARCHAR2,VARCHAR2(60 BYTE),60,,,Y,27,,60,B,
CURSO_26102012,CUR_GENERO,NUMBER,"NUMBER(1,0)",22,1,0,N,28,,0,,
CURSO_26102012,CUR_EDAD_MAX,NUMBER,"NUMBER(2,0)",22,2,0,N,29,,0,,
CURSO_26102012,CUR_EDAD_MIN,NUMBER,"NUMBER(2,0)",22,2,0,N,30,,0,,
CURSO_26102012,ESC_ID,NUMBER,"NUMBER(1,0)",22,1,0,N,31,,0,,
CURSO_26102012,CUR_LIB_MILITAR,NUMBER,"NUMBER(1,0)",22,1,0,N,32,,0,,
CURSO_26102012,PSF_ID,NUMBER,"NUMBER(1,0)",22,1,0,Y,33,,0,,
CURSO_26102012,ETR_INI,NUMBER,"NUMBER(1,0)",22,1,0,Y,34,,0,,
CURSO_26102012,ETR_FIN,NUMBER,"NUMBER(1,0)",22,1,0,Y,35,,0,,
CURSO_26102012,CUR_SISBEN_NIV_INI,NUMBER,"NUMBER(2,0)",22,2,0,Y,36,,0,,
CURSO_26102012,CUR_SISBEN_NIV_FIN,NUMBER,"NUMBER(2,0)",22,2,0,Y,37,,0,,
CURSO_26102012,CUR_SISBEN_TIPO,NUMBER,"NUMBER(1,0)",22,1,0,Y,38,,0,,
CURSO_26102012,CUR_SISBEN_PTJ_INI,NUMBER,"NUMBER(3,0)",22,3,0,Y,39,,0,,
CURSO_26102012,CUR_SISBEN_PTJ_FIN,NUMBER,"NUMBER(3,0)",22,3,0,Y,40,,0,,
CURSO_26102012,FUN_ID,NUMBER,"NUMBER(5,0)",22,5,0,N,41,,0,,
CURSO_26102012,CSPE_ID,NUMBER,"NUMBER(7,0)",22,7,0,N,42,,0,,
CURSO_26102012,REG_ID,NUMBER,"NUMBER(2,0)",22,2,0,N,43,,0,,
CURXCNO,CNC_ID,NUMBER,"NUMBER(12,0)",22,12,0,N,1,,0,,
CURXCNO,CUR_ID,NUMBER,"NUMBER(12,0)",22,12,0,N,2,,0,,
CURXCNO,IND_ID,NUMBER,"NUMBER(9,0)",22,9,0,N,3,,0,,
CURXCNO,CNC_MESES_EXP,NUMBER,"NUMBER(3,0)",22,3,0,N,4,,0,,
CURXCNO,FUN_ID,NUMBER,"NUMBER(5,0)",22,5,0,N,5,,0,,
CURXCNO,CSPE_ID,NUMBER,"NUMBER(7,0)",22,7,0,N,6,,0,,
CURXCNO,CNC_FCH_REGISTRO,DATE,DATE,7,,,N,7,,0,,
CURXPES,CPE_ID,NUMBER,"NUMBER(12,0)",22,12,0,N,1,,0,,
CURXPES,CUR_ID,NUMBER,"NUMBER(12,0)",22,12,0,N,2,,0,,
CURXPES,PES_ID,NUMBER,"NUMBER(3,0)",22,3,0,N,3,,0,,
CURXPES,FUN_ID,NUMBER,"NUMBER(5,0)",22,5,0,N,4,,0,,
CURXPES,CSPE_ID,NUMBER,"NUMBER(7,0)",22,7,0,N,5,,0,,
CURXPES,CPE_FCH_REGISTRO,DATE,DATE,7,,,N,6,,0,,
CUR_ETD_FORMAL,CEF_ID,NUMBER,"NUMBER(12,0)",22,12,0,N,1,,0,,
CUR_ETD_FORMAL,CUR_ID,NUMBER,"NUMBER(12,0)",22,12,0,N,2,,0,,
CUR_ETD_FORMAL,TIT_ID,NUMBER,"NUMBER(5,0)",22,5,0,N,3,,0,,
CUR_ETD_FORMAL,CEF_NUM_GRADOS,NUMBER,"NUMBER(2,0)",22,2,0,N,4,,0,,
CUR_ETD_FORMAL,CEF_GRADUADO,NUMBER,"NUMBER(1,0)",22,1,0,N,5,,0,,
CUR_ETD_FORMAL,CEF_FORMACION_SENA,NUMBER,"NUMBER(1,0)",22,1,0,N,6,,0,,
CUR_ETD_FORMAL,FUN_ID,NUMBER,"NUMBER(5,0)",22,5,0,N,7,,0,,
CUR_ETD_FORMAL,CSPE_ID,NUMBER,"NUMBER(7,0)",22,7,0,N,8,,0,,
CUR_ETD_FORMAL,CEF_FCH_REGISTRO,DATE,DATE,7,,,N,9,,0,,
CUR_ETD_FORMAL,INS_ID,NUMBER,"NUMBER(7,0)",22,7,0,Y,10,,0,,
CUR_ETD_FORMAL,NIA_ID,NUMBER,"NUMBER(2,0)",22,2,0,N,11,,0,,
CUR_ETD_NO_FORMAL,CNF_ID,NUMBER,"NUMBER(12,0)",22,12,0,N,1,,0,,
CUR_ETD_NO_FORMAL,CUR_ID,NUMBER,"NUMBER(12,0)",22,12,0,N,2,,0,,
CUR_ETD_NO_FORMAL,ENF_ID,NUMBER,"NUMBER(7,0)",22,7,0,N,3,,0,,
CUR_ETD_NO_FORMAL,CNF_TERMINADO,NUMBER,"NUMBER(1,0)",22,1,0,N,4,,0,,
CUR_ETD_NO_FORMAL,CNF_FORMACION_SENA,NUMBER,"NUMBER(1,0)",22,1,0,N,5,,0,,
CUR_ETD_NO_FORMAL,FUN_ID,NUMBER,"NUMBER(5,0)",22,5,0,N,6,,0,,
CUR_ETD_NO_FORMAL,CSPE_ID,NUMBER,"NUMBER(7,0)",22,7,0,N,7,,0,,
CUR_ETD_NO_FORMAL,CNF_FCH_REGISTRO,DATE,DATE,7,,,N,8,,0,,
CUR_IDIOMA,CUI_ID,NUMBER,"NUMBER(12,0)",22,12,0,N,1,,0,,
CUR_IDIOMA,CUR_ID,NUMBER,"NUMBER(12,0)",22,12,0,N,2,,0,,
CUR_IDIOMA,IDM_ID,NUMBER,"NUMBER(2,0)",22,2,0,N,3,,0,,
CUR_IDIOMA,CUI_LEE,NUMBER,"NUMBER(1,0)",22,1,0,N,4,,0,,
CUR_IDIOMA,CUI_HABLA,NUMBER,"NUMBER(1,0)",22,1,0,N,5,,0,,
CUR_IDIOMA,CUI_ESCRIBE,NUMBER,"NUMBER(1,0)",22,1,0,N,6,,0,,
CUR_IDIOMA,FUN_ID,NUMBER,"NUMBER(5,0)",22,5,0,N,7,,0,,
CUR_IDIOMA,CSPE_ID,NUMBER,"NUMBER(7,0)",22,7,0,N,8,,0,,
CUR_IDIOMA,CUI_FCH_REGISTRO,DATE,DATE,7,,,N,9,,0,,
CUR_INSTRUCTOR_CORREO,CIC_ID,NUMBER,"NUMBER(15,0)",22,15,0,N,1,,0,,
CUR_INSTRUCTOR_CORREO,CUR_ID,NUMBER,"NUMBER(12,0)",22,12,0,N,2,,0,,
CUR_INSTRUCTOR_CORREO,OFT_ID,NUMBER,"NUMBER(9,0)",22,9,0,N,3,,0,,
CUR_INSTRUCTOR_CORREO,CIC_CLAVE,NUMBER,"NUMBER(10,0)",22,10,0,N,4,,0,,
CUR_LICENCIA,CUL_ID,NUMBER,"NUMBER(12,0)",22,12,0,N,1,,0,,
CUR_LICENCIA,CUR_ID,NUMBER,"NUMBER(12,0)",22,12,0,N,2,,0,,
CUR_LICENCIA,LIC_ID,NUMBER,"NUMBER(1,0)",22,1,0,N,3,,0,,
CUR_SISBEN_MPO,CSM_ID,NUMBER,"NUMBER(13,0)",22,13,0,N,1,,0,,
CUR_SISBEN_MPO,CUR_ID,NUMBER,"NUMBER(12,0)",22,12,0,N,2,,0,,
CUR_SISBEN_MPO,MPO_ID,NUMBER,"NUMBER(9,0)",22,9,0,N,3,,0,,
CUR_TALLER,CTA_ID,NUMBER,"NUMBER(13,0)",22,13,0,N,1,,0,,
CUR_TALLER,CUR_ID,NUMBER,"NUMBER(12,0)",22,12,0,N,2,,0,,
CUR_TALLER,GUT_ID,NUMBER,"NUMBER(2,0)",22,2,0,N,3,,0,,
CZ_CURSO,CUR_ID,NUMBER,"NUMBER(12,0)",22,12,0,N,1,,0,,
CZ_CURSO,REG_ID,NUMBER,"NUMBER(2,0)",22,2,0,N,2,,0,,
CZ_CURSO,CZC_GENERO,NUMBER,"NUMBER(1,0)",22,1,0,N,3,,0,,
CZ_CURSO,CZC_EDAD_MIN,NUMBER,"NUMBER(2,0)",22,2,0,N,4,,0,,
CZ_CURSO,CZC_EDAD_MAX,NUMBER,"NUMBER(2,0)",22,2,0,N,5,,0,,
CZ_CURSO,ESC_ID,NUMBER,"NUMBER(1,0)",22,1,0,N,6,,0,,
CZ_CURSO,CZC_LIB_MILITAR,NUMBER,"NUMBER(1,0)",22,1,0,N,7,,0,,
CZ_CURSO,PSF_ID,NUMBER,"NUMBER(1,0)",22,1,0,Y,8,,0,,
CZ_CURSO,ETR_INI,NUMBER,"NUMBER(1,0)",22,1,0,Y,9,,0,,
CZ_CURSO,ETR_FIN,NUMBER,"NUMBER(1,0)",22,1,0,Y,10,,0,,
CZ_CURSO,CZC_SISBEN_NIV_INI,NUMBER,"NUMBER(2,0)",22,2,0,Y,11,,0,,
CZ_CURSO,CZC_SISBEN_NIV_FIN,NUMBER,"NUMBER(2,0)",22,2,0,Y,12,,0,,
CZ_CURSO,CZC_SISBEN_TIPO,NUMBER,"NUMBER(1,0)",22,1,0,Y,13,,0,,
CZ_CURSO,CZC_SISBEN_PTJ_INI,NUMBER,"NUMBER(3,0)",22,3,0,Y,14,,0,,
CZ_CURSO,CZC_SISBEN_PTJ_FIN,NUMBER,"NUMBER(3,0)",22,3,0,Y,15,,0,,
CZ_CURXCNO,CUR_ID,NUMBER,"NUMBER(12,0)",22,12,0,N,1,,0,,
CZ_CURXCNO,CNO_ID,VARCHAR2,VARCHAR2(6 BYTE),6,,,N,2,,6,B,
CZ_CURXCNO,CCC_MESES_EXP,NUMBER,"NUMBER(3,0)",22,3,0,N,3,,0,,
CZ_CURXPES,CUR_ID,NUMBER,"NUMBER(12,0)",22,12,0,N,1,,0,,
CZ_CURXPES,PES_ID,NUMBER,"NUMBER(3,0)",22,3,0,N,2,,0,,
CZ_CUR_ETD_FORM,CUR_ID,NUMBER,"NUMBER(12,0)",22,12,0,N,1,,0,,
CZ_CUR_ETD_FORM,TIT_ID,NUMBER,"NUMBER(5,0)",22,5,0,N,2,,0,,
CZ_CUR_ETD_FORM,INS_ID,NUMBER,"NUMBER(7,0)",22,7,0,Y,3,,0,,
CZ_CUR_ETD_FORM,CCF_NUM_GRADOS,NUMBER,"NUMBER(2,0)",22,2,0,N,4,,0,,
CZ_CUR_ETD_FORM,CCF_GRADUADO,NUMBER,"NUMBER(1,0)",22,1,0,N,5,,0,,
CZ_CUR_ETD_FORM,CCF_FORMACION_SENA,NUMBER,"NUMBER(1,0)",22,1,0,N,6,,0,,
CZ_CUR_ETD_FORM,NIA_ORDEN,NUMBER,"NUMBER(2,0)",22,2,0,N,7,,0,,
CZ_CUR_ETD_NFORM,CUR_ID,NUMBER,"NUMBER(12,0)",22,12,0,N,1,,0,,
CZ_CUR_ETD_NFORM,ENF_ID,NUMBER,"NUMBER(7,0)",22,7,0,N,2,,0,,
CZ_CUR_ETD_NFORM,CCN_FORMACION_SENA,NUMBER,"NUMBER(1,0)",22,1,0,N,3,,0,,
CZ_CUR_ETD_NFORM,CCN_TERMINADO,NUMBER,"NUMBER(1,0)",22,1,0,N,4,,0,,
CZ_CUR_IDIOMA,CUR_ID,NUMBER,"NUMBER(12,0)",22,12,0,N,1,,0,,
CZ_CUR_IDIOMA,IDM_ID,NUMBER,"NUMBER(2,0)",22,2,0,N,2,,0,,
CZ_CUR_IDIOMA,CCI_LEE,NUMBER,"NUMBER(1,0)",22,1,0,N,3,,0,,
CZ_CUR_IDIOMA,CCI_HABLA,NUMBER,"NUMBER(1,0)",22,1,0,N,4,,0,,
CZ_CUR_IDIOMA,CCI_ESCRIBE,NUMBER,"NUMBER(1,0)",22,1,0,N,5,,0,,
CZ_CUR_LICENCIA,CUR_ID,NUMBER,"NUMBER(12,0)",22,12,0,N,1,,0,,
CZ_CUR_LICENCIA,LIC_ID,NUMBER,"NUMBER(1,0)",22,1,0,N,2,,0,,
CZ_CUR_SISBEN_MPO,CUR_ID,NUMBER,"NUMBER(12,0)",22,12,0,N,1,,0,,
CZ_CUR_SISBEN_MPO,MPO_ID,NUMBER,"NUMBER(9,0)",22,9,0,N,2,,0,,
CZ_CUR_TALLER,CUR_ID,NUMBER,"NUMBER(12,0)",22,12,0,N,1,,0,,
CZ_CUR_TALLER,GUT_ID,NUMBER,"NUMBER(2,0)",22,2,0,N,2,,0,,
CZ_DEMANDA,DEM_ID,NUMBER,"NUMBER(10,0)",22,10,0,N,1,,0,,
CZ_DEMANDA,REG_ID,NUMBER,"NUMBER(2,0)",22,2,0,N,2,,0,,
CZ_DEMANDA,CNO_ID,VARCHAR2,VARCHAR2(6 BYTE),6,,,N,3,,6,B,
CZ_DEMANDA,CDE_MESES_EXP,NUMBER,"NUMBER(3,0)",22,3,0,N,4,,0,,
CZ_DEMANDA,ESC_ID,NUMBER,"NUMBER(1,0)",22,1,0,N,5,,0,,
CZ_DEMANDA,CDE_LIB_MILITAR,NUMBER,"NUMBER(1,0)",22,1,0,N,6,,0,,
CZ_DEMANDA,CDE_DATOS_SOPORTADOS,NUMBER,"NUMBER(1,0)",22,1,0,N,7,,0,,
CZ_DEMANDA,PAI_ID_RESIDENCIA,NUMBER,"NUMBER(3,0)",22,3,0,Y,8,,0,,
CZ_DEMANDA,DPT_ID_RESIDENCIA,NUMBER,"NUMBER(7,0)",22,7,0,Y,9,,0,,
CZ_DEMANDA,MPO_ID_RESIDENCIA,NUMBER,"NUMBER(9,0)",22,9,0,Y,10,,0,,
CZ_DEMANDA,ZON_ID_RESIDENCIA,NUMBER,"NUMBER(12,0)",22,12,0,Y,11,,0,,
CZ_DEMANDA,BAR_ID_RESIDENCIA,NUMBER,"NUMBER(6,0)",22,6,0,Y,12,,0,,
CZ_DEMANDA,IND_ID,NUMBER,"NUMBER(9,0)",22,9,0,N,13,,0,,
CZ_DEMANDA,ADMITE_POSTULACION,NUMBER,"NUMBER(1,0)",22,1,0,N,14,1 ,0,,
CZ_DEMANDA$REORG,DEM_ID,NUMBER,"NUMBER(10,0)",22,10,0,N,1,,0,,
CZ_DEMANDA$REORG,REG_ID,NUMBER,"NUMBER(2,0)",22,2,0,N,2,,0,,
CZ_DEMANDA$REORG,CNO_ID,VARCHAR2,VARCHAR2(6 BYTE),6,,,N,3,,6,B,
CZ_DEMANDA$REORG,CDE_MESES_EXP,NUMBER,"NUMBER(3,0)",22,3,0,N,4,,0,,
CZ_DEMANDA$REORG,ESC_ID,NUMBER,"NUMBER(1,0)",22,1,0,N,5,,0,,
CZ_DEMANDA$REORG,CDE_LIB_MILITAR,NUMBER,"NUMBER(1,0)",22,1,0,N,6,,0,,
CZ_DEMANDA$REORG,CDE_DATOS_SOPORTADOS,NUMBER,"NUMBER(1,0)",22,1,0,N,7,,0,,
CZ_DEMANDA$REORG,PAI_ID_RESIDENCIA,NUMBER,"NUMBER(3,0)",22,3,0,Y,8,,0,,
CZ_DEMANDA$REORG,DPT_ID_RESIDENCIA,NUMBER,"NUMBER(7,0)",22,7,0,Y,9,,0,,
CZ_DEMANDA$REORG,MPO_ID_RESIDENCIA,NUMBER,"NUMBER(9,0)",22,9,0,Y,10,,0,,
CZ_DEMANDA_COUNT,NUMVACANTES,NUMBER,NUMBER,22,,,Y,1,,0,,
CZ_DEMXPES,DEM_ID,NUMBER,"NUMBER(10,0)",22,10,0,N,1,,0,,
CZ_DEMXPES,PES_ID,NUMBER,"NUMBER(3,0)",22,3,0,N,2,,0,,
CZ_DEM_ETD_FORM,DEM_ID,NUMBER,"NUMBER(10,0)",22,10,0,N,1,,0,,
CZ_DEM_ETD_FORM,TIT_ID,NUMBER,"NUMBER(5,0)",22,5,0,N,2,,0,,
CZ_DEM_ETD_FORM,INS_ID,NUMBER,"NUMBER(7,0)",22,7,0,Y,3,,0,,
CZ_DEM_ETD_FORM,CDF_NUM_GRADOS,NUMBER,"NUMBER(2,0)",22,2,0,N,4,,0,,
CZ_DEM_ETD_FORM,CDF_GRADUADO,NUMBER,"NUMBER(1,0)",22,1,0,N,5,,0,,
CZ_DEM_ETD_FORM,CDF_FORMACION_SENA,NUMBER,"NUMBER(1,0)",22,1,0,N,6,,0,,
CZ_DEM_ETD_FORM,NIA_ORDEN,NUMBER,"NUMBER(2,0)",22,2,0,N,7,,0,,
CZ_DEM_ETD_NFORM,DEM_ID,NUMBER,"NUMBER(10,0)",22,10,0,N,1,,0,,
CZ_DEM_ETD_NFORM,ENF_ID,NUMBER,"NUMBER(7,0)",22,7,0,N,2,,0,,
CZ_DEM_ETD_NFORM,CDN_FORMACION_SENA,NUMBER,"NUMBER(1,0)",22,1,0,N,3,,0,,
CZ_DEM_ETD_NFORM,CDN_TERMINADO,NUMBER,"NUMBER(1,0)",22,1,0,N,4,,0,,
CZ_DEM_IDIOMA,DEM_ID,NUMBER,"NUMBER(10,0)",22,10,0,N,1,,0,,
CZ_DEM_IDIOMA,IDM_ID,NUMBER,"NUMBER(2,0)",22,2,0,N,2,,0,,
CZ_DEM_IDIOMA,CDI_LEE,NUMBER,"NUMBER(1,0)",22,1,0,N,3,,0,,
CZ_DEM_IDIOMA,CDI_HABLA,NUMBER,"NUMBER(1,0)",22,1,0,N,4,,0,,
CZ_DEM_IDIOMA,CDI_ESCRIBE,NUMBER,"NUMBER(1,0)",22,1,0,N,5,,0,,
CZ_DEM_LICENCIA,DEM_ID,NUMBER,"NUMBER(10,0)",22,10,0,N,1,,0,,
CZ_DEM_LICENCIA,LIC_ID,NUMBER,"NUMBER(1,0)",22,1,0,N,2,,0,,
CZ_DEM_VARIABLE,DEM_ID,NUMBER,"NUMBER(10,0)",22,10,0,N,1,,0,,
CZ_DEM_VARIABLE,VAC_CODIGO,VARCHAR2,VARCHAR2(3 BYTE),3,,,N,2,,3,B,
CZ_DEM_VEHICULO,DEM_ID,NUMBER,"NUMBER(10,0)",22,10,0,N,1,,0,,
CZ_DEM_VEHICULO,VEH_ID,NUMBER,"NUMBER(2,0)",22,2,0,N,2,,0,,
CZ_OFERTA,OFT_ID,NUMBER,"NUMBER(9,0)",22,9,0,N,1,,0,,
CZ_OFERTA,REG_ID,NUMBER,"NUMBER(2,0)",22,2,0,N,2,,0,,
CZ_OFERTA,COF_GENERO,NUMBER,"NUMBER(1,0)",22,1,0,N,3,,0,,
CZ_OFERTA,ESC_ID,NUMBER,"NUMBER(1,0)",22,1,0,N,4,,0,,
CZ_OFERTA,COF_FCH_NACIMIENTO,DATE,DATE,7,,,N,5,,0,,
CZ_OFERTA,COF_LIB_MILITAR,NUMBER,"NUMBER(1,0)",22,1,0,N,6,,0,,
CZ_OFERTA,ETR_ID,NUMBER,"NUMBER(1,0)",22,1,0,N,7,,0,,
CZ_OFERTA,PSF_ID,NUMBER,"NUMBER(1,0)",22,1,0,N,8,,0,,
CZ_OFERTA,COF_SISBEN_NIVEL,NUMBER,"NUMBER(2,0)",22,2,0,Y,9,,0,,
CZ_OFERTA,COF_SISBEN_PUNTAJE,NUMBER,"NUMBER(3,0)",22,3,0,Y,10,,0,,
CZ_OFERTA,COF_SISBEN_TIPO,NUMBER,"NUMBER(1,0)",22,1,0,Y,11,,0,,
CZ_OFERTA,COF_SISBEN_FCH_FIN,DATE,DATE,7,,,Y,12,,0,,
CZ_OFERTA,COF_SISBEN_MPO,NUMBER,"NUMBER(9,0)",22,9,0,Y,13,,0,,
CZ_OFERTA,PAI_ID_RESIDENCIA,NUMBER,"NUMBER(3,0)",22,3,0,Y,14,,0,,
CZ_OFERTA,DPT_ID_RESIDENCIA,NUMBER,"NUMBER(7,0)",22,7,0,Y,15,,0,,
CZ_OFERTA,MPO_ID_RESIDENCIA,NUMBER,"NUMBER(9,0)",22,9,0,Y,16,,0,,
CZ_OFERTA,OFT_AUTORIZA,VARCHAR2,VARCHAR2(1 BYTE),1,,,Y,17,,1,B,
CZ_OFERTA,ZON_ID_RESIDENCIA,NUMBER,"NUMBER(12,0)",22,12,0,Y,18,,0,,
CZ_OFERTA,BAR_ID_RESIDENCIA,NUMBER,"NUMBER(6,0)",22,6,0,Y,19,,0,,
CZ_OFTXPES,OFT_ID,NUMBER,"NUMBER(9,0)",22,9,0,N,1,,0,,
CZ_OFTXPES,PES_ID,NUMBER,"NUMBER(3,0)",22,3,0,N,2,,0,,
CZ_OFT_ETD_FORM,OFT_ID,NUMBER,"NUMBER(9,0)",22,9,0,N,1,,0,,
CZ_OFT_ETD_FORM,TIT_ID,NUMBER,"NUMBER(5,0)",22,5,0,N,2,,0,,
CZ_OFT_ETD_FORM,INS_ID,NUMBER,"NUMBER(7,0)",22,7,0,N,3,,0,,
CZ_OFT_ETD_FORM,COF_ULT_GRADO,NUMBER,"NUMBER(2,0)",22,2,0,N,4,,0,,
CZ_OFT_ETD_FORM,COF_GRADUADO,NUMBER,"NUMBER(1,0)",22,1,0,N,5,,0,,
CZ_OFT_ETD_FORM,COF_SOPORTE,NUMBER,"NUMBER(1,0)",22,1,0,N,6,,0,,
CZ_OFT_ETD_FORM,COF_FORMACION_SENA,NUMBER,"NUMBER(1,0)",22,1,0,N,7,,0,,
CZ_OFT_ETD_FORM,NIA_ORDEN,NUMBER,"NUMBER(2,0)",22,2,0,N,8,,0,,
CZ_OFT_ETD_NFORM,OFT_ID,NUMBER,"NUMBER(9,0)",22,9,0,N,1,,0,,
CZ_OFT_ETD_NFORM,ENF_ID,NUMBER,"NUMBER(7,0)",22,7,0,N,2,,0,,
CZ_OFT_ETD_NFORM,CON_FORMACION_SENA,NUMBER,"NUMBER(1,0)",22,1,0,N,3,,0,,
CZ_OFT_ETD_NFORM,CON_TERMINO,NUMBER,"NUMBER(1,0)",22,1,0,N,4,,0,,
CZ_OFT_ETD_NFORM,CON_SOPORTE,NUMBER,"NUMBER(1,0)",22,1,0,N,5,,0,,
CZ_OFT_EXP,OFT_ID,NUMBER,"NUMBER(9,0)",22,9,0,N,1,,0,,
CZ_OFT_EXP,CNO_ID,VARCHAR2,VARCHAR2(6 BYTE),6,,,N,2,,6,B,
CZ_OFT_EXP,COE_MESES,NUMBER,"NUMBER(5,0)",22,5,0,N,3,,0,,
CZ_OFT_EXP,COE_MESES_SOP,NUMBER,"NUMBER(5,0)",22,5,0,N,4,,0,,
CZ_OFT_EXP_IND,OFT_ID,NUMBER,"NUMBER(9,0)",22,9,0,N,1,,0,,
CZ_OFT_EXP_IND,IND_ID,NUMBER,"NUMBER(9,0)",22,9,0,N,2,,0,,
CZ_OFT_EXP_IND,COE_MESES,NUMBER,"NUMBER(5,0)",22,5,0,N,3,,0,,
CZ_OFT_EXP_IND,COE_MESES_SOP,NUMBER,"NUMBER(5,0)",22,5,0,N,4,,0,,
CZ_OFT_IDIOMA,OFT_ID,NUMBER,"NUMBER(9,0)",22,9,0,N,1,,0,,
CZ_OFT_IDIOMA,IDM_ID,NUMBER,"NUMBER(2,0)",22,2,0,N,2,,0,,
CZ_OFT_IDIOMA,COI_LEE,NUMBER,"NUMBER(1,0)",22,1,0,N,3,,0,,
CZ_OFT_IDIOMA,COI_HABLA,NUMBER,"NUMBER(1,0)",22,1,0,N,4,,0,,
CZ_OFT_IDIOMA,COI_ESCRIBE,NUMBER,"NUMBER(1,0)",22,1,0,N,5,,0,,
CZ_OFT_IDIOMA,COI_SOPORTE,NUMBER,"NUMBER(1,0)",22,1,0,N,6,,0,,
CZ_OFT_LICENCIA,OFT_ID,NUMBER,"NUMBER(9,0)",22,9,0,N,1,,0,,
CZ_OFT_LICENCIA,LIC_ID,NUMBER,"NUMBER(1,0)",22,1,0,N,2,,0,,
CZ_OFT_TALLER,OFT_ID,NUMBER,"NUMBER(9,0)",22,9,0,N,1,,0,,
CZ_OFT_TALLER,GUT_ID,NUMBER,"NUMBER(2,0)",22,2,0,N,2,,0,,
CZ_OFT_VEHICULO,OFT_ID,NUMBER,"NUMBER(9,0)",22,9,0,N,1,,0,,
CZ_OFT_VEHICULO,VEH_ID,NUMBER,"NUMBER(2,0)",22,2,0,N,2,,0,,
C_CR_EGRESADOS,ID,NUMBER,"NUMBER(38,0)",22,38,0,Y,1,,0,,
DEMANDA,DEM_ID,NUMBER,"NUMBER(10,0)",22,10,0,N,1,,0,,
DEMANDA,EMP_ID,NUMBER,"NUMBER(8,0)",22,8,0,N,2,,0,,
DEMANDA,DEM_NUM_CANDIDATOS,NUMBER,"NUMBER(4,0)",22,4,0,N,3,,0,,
DEMANDA,DEM_CARGO_NUEVO,NUMBER,"NUMBER(1,0)",22,1,0,N,4,,0,,
DEMANDA,IND_ID,NUMBER,"NUMBER(9,0)",22,9,0,N,5,,0,,
DEMANDA,DEM_MESES_EXP,NUMBER,"NUMBER(3,0)",22,3,0,N,6,,0,,
DEMANDA,ESC_ID,NUMBER,"NUMBER(1,0)",22,1,0,N,7,,0,,
DEMANDA,DEM_LIB_MILITAR,NUMBER,"NUMBER(1,0)",22,1,0,N,8,,0,,
DEMANDA,DEM_SUELDO_MES,NUMBER,"NUMBER(8,0)",22,8,0,N,9,,0,,
DEMANDA,TSU_ID,NUMBER,"NUMBER(1,0)",22,1,0,N,10,,0,,
DEMANDA,JTR_ID,NUMBER,"NUMBER(1,0)",22,1,0,N,11,,0,,
DEMANDA,TCO_ID,NUMBER,"NUMBER(1,0)",22,1,0,N,12,,0,,
DEMANDA,DEM_HORARIO,VARCHAR2,VARCHAR2(100 BYTE),100,,,N,13,,100,B,
DEMANDA,PAI_ID,NUMBER,"NUMBER(3,0)",22,3,0,N,14,,0,,
DEMANDA,DPT_ID,NUMBER,"NUMBER(7,0)",22,7,0,Y,15,,0,,
DEMANDA,MPO_ID,NUMBER,"NUMBER(9,0)",22,9,0,Y,16,,0,,
DEMANDA,ZON_ID,NUMBER,"NUMBER(12,0)",22,12,0,Y,17,,0,,
DEMANDA,BAR_ID,NUMBER,"NUMBER(6,0)",22,6,0,Y,18,,0,,
DEMANDA,DEM_DIRECCION,VARCHAR2,VARCHAR2(100 BYTE),100,,,N,19,,100,B,
DEMANDA,DEM_CONTACTO,VARCHAR2,VARCHAR2(100 BYTE),100,,,N,20,,100,B,
DEMANDA,DEM_TEL_CONTACTO,VARCHAR2,VARCHAR2(20 BYTE),20,,,N,21,,20,B,
DEMANDA,DEM_EXT_CONTACTO,NUMBER,"NUMBER(6,0)",22,6,0,Y,22,,0,,
DEMANDA,DEM_TEL_CONTACTO_ALT,VARCHAR2,VARCHAR2(20 BYTE),20,,,Y,23,,20,B,
DEMANDA,DEM_CORREO_E,VARCHAR2,VARCHAR2(60 BYTE),60,,,Y,24,,60,B,
DEMANDA,DEM_FCH_LIMITE,DATE,DATE,7,,,N,25,,0,,
DEMANDA,DEM_FORMA_ENVIO,NUMBER,"NUMBER(1,0)",22,1,0,N,26,,0,,
DEMANDA,DEM_MED_INSCRIPCION,NUMBER,"NUMBER(1,0)",22,1,0,N,27,,0,,
DEMANDA,DEM_MANEJO_PERSONAL,NUMBER,"NUMBER(1,0)",22,1,0,N,28,,0,,
DEMANDA,DEM_MANEJO_DINERO,NUMBER,"NUMBER(1,0)",22,1,0,N,29,,0,,
DEMANDA,DEM_MANEJO_EQUIPOS,VARCHAR2,VARCHAR2(400 BYTE),400,,,Y,30,,400,B,
DEMANDA,DEM_FUNCIONES_ALT,VARCHAR2,VARCHAR2(400 BYTE),400,,,Y,31,,400,B,
DEMANDA,DEM_DATOS_SOPORTADOS,NUMBER,"NUMBER(1,0)",22,1,0,N,32,,0,,
DEMANDA,FUN_ID,NUMBER,"NUMBER(5,0)",22,5,0,Y,33,,0,,
DEMANDA,CSPE_ID,NUMBER,"NUMBER(7,0)",22,7,0,N,34,,0,,
DEMANDA,REG_ID,NUMBER,"NUMBER(2,0)",22,2,0,N,35,,0,,
DEMANDA,FUN_ID_VALIDA_DEM,NUMBER,"NUMBER(5,0)",22,5,0,Y,36,,0,,
DEMANDA,FUN_ID_ACTUALIZA,NUMBER,"NUMBER(5,0)",22,5,0,Y,37,,0,,
DEMANDA,CSPE_ID_ACTUALIZA,NUMBER,"NUMBER(7,0)",22,7,0,Y,38,,0,,
DEMANDA,DEM_HABILIDADES,VARCHAR2,VARCHAR2(400 BYTE),400,,,Y,39,,400,B,
DEMANDA,DEM_COMPETENCIAS,VARCHAR2,VARCHAR2(400 BYTE),400,,,Y,40,,400,B,
DEMANDA,CIIU_DEM_ORG_TMP,VARCHAR2,VARCHAR2(4 BYTE),4,,,Y,41,,4,B,
DEMANDA,DEM_EXT_CONTACTO_ALT,NUMBER,"NUMBER(6,0)",22,6,0,Y,42,,0,,
DEMANDA,DEM_NUM_VACANTES,NUMBER,"NUMBER(4,0)",22,4,0,N,43,,0,,
DEMANDA,PAI_ID_RESIDENCIA,NUMBER,"NUMBER(3,0)",22,3,0,Y,44,,0,,
DEMANDA,DPT_ID_RESIDENCIA,NUMBER,"NUMBER(7,0)",22,7,0,Y,45,,0,,
DEMANDA,MPO_ID_RESIDENCIA,NUMBER,"NUMBER(9,0)",22,9,0,Y,46,,0,,
DEMANDA,ZON_ID_RESIDENCIA,NUMBER,"NUMBER(12,0)",22,12,0,Y,47,,0,,
DEMANDA,BAR_ID_RESIDENCIA,NUMBER,"NUMBER(6,0)",22,6,0,Y,48,,0,,
DEMANDA,DEM_PUBLICADA,NUMBER,"NUMBER(1,0)",22,1,0,Y,49,,0,,
DEMANDA,SUE_ID,NUMBER,"NUMBER(3,0)",22,3,0,Y,50,,0,,
DEMANDA,DEM_BUS_PRECISA,NUMBER,"NUMBER(1,0)",22,1,0,Y,51,,0,,
DEMANDA,IND_ID_2,NUMBER,"NUMBER(9,0)",22,9,0,Y,52,,0,,
DEMANDA,IND_ID_3,NUMBER,"NUMBER(9,0)",22,9,0,Y,53,,0,,
DEMANDA,DEM_IND_TEL_CONTACTO,NUMBER,"NUMBER(5,0)",22,5,0,Y,54,,0,,
DEMANDA,DEM_IND_TEL_CONTACTO_ALT,NUMBER,"NUMBER(5,0)",22,5,0,Y,55,,0,,
DEMANDA,DEM_PCLAVES,VARCHAR2,VARCHAR2(400 BYTE),400,,,Y,56,,400,B,
DEMANDA,DEM_ES_HIDROCARBUROS,NUMBER,"NUMBER(1,0)",22,1,0,Y,57,0,0,,
DEMANDA,ARI_ID,NUMBER,"NUMBER(1,0)",22,1,0,Y,58,,0,,
DEMANDA,DEM_FCH_PUBLICACION,DATE,DATE,7,,,Y,59,,0,,
DEMANDA,DEM_COD_UNICO_IDENT,VARCHAR2,VARCHAR2(21 BYTE),21,,,Y,60,,21,B,"Código único de la solicitud, para las marcadas como Hidrocarburos"
DEMANDA,DEM_ES_TELETRABAJO,NUMBER,NUMBER,22,,,Y,61,,0,,Indica si la solicitud es de Teletrabajo
DEMANDA,DEM_ES_EXPOEMPLEO,NUMBER,NUMBER,22,,,Y,62,,0,,Indica si la solicitud es de ExpoEmpleo
DEMANDA,DEM_EVENTO_ID,NUMBER,NUMBER,22,,,Y,63,,0,,Indica si la solicitud es de un evento
DEMANDA,OBSERVACION_ANEX_HIDRO,VARCHAR2,VARCHAR2(4000 BYTE),4000,,,Y,64,,4000,B,
DEMANDA,DEM_ES_EMPLEO_JOVEN,NUMBER,NUMBER,22,,,Y,65,,0,,Indica si la solicitud es de empleo joven
DEMANDA,DEM_IND_ALL,NUMBER,"NUMBER(2,0)",22,2,0,Y,66,,0,,
DEMANDA,DEM_PROGRAMA_ESTADO_JOVEN,NUMBER,NUMBER,22,,,Y,67,,0,,
DEMANDA,DEM_CAMPE_SENA,NUMBER,"NUMBER(1,0)",22,1,0,Y,68,,0,,
DEMANDA,DEM_TRANSNACIONAL,NUMBER,"NUMBER(1,0)",22,1,0,Y,69,,0,,"Indica el estado de la demanda para publicacion transnacional: 1=Registrada transnacional, 0 = Registrada Nacional."
DEMANDAS_CONVOCATORIA_PT_2017,DEM_ID,NUMBER,"NUMBER(10,0)",22,10,0,N,1,,0,,
DEMANDA_FUNCION_CPL,ID_DEM_FNC_CPL,NUMBER,"NUMBER(10,0)",22,10,0,N,1,,0,,
DEMANDA_FUNCION_CPL,DEM_FNC_CPL_ID,NUMBER,"NUMBER(10,0)",22,10,0,N,2,,0,,
DEMANDA_FUNCION_CPL,FNC_CPL_ID,NUMBER,"NUMBER(5,0)",22,5,0,N,3,,0,,
DEMANDA_INDICE,DEI_ID,NUMBER,"NUMBER(9,0)",22,9,0,N,1,,0,,
DEMANDA_INDICE,DEM_ID,NUMBER,"NUMBER(9,0)",22,9,0,N,2,,0,,
DEMANDA_INDICE,IND_ID,NUMBER,"NUMBER(9,0)",22,9,0,N,3,,0,,
DEMANDA_INDICE,FECHA_REGISTRO,DATE,DATE,7,,,N,4,,0,,
DEMANDA_INDICE,FUN_ID,NUMBER,"NUMBER(9,0)",22,9,0,Y,5,,0,,
DEMANDA_INDICE,FECHA_ACTUALIZACION,DATE,DATE,7,,,Y,6,,0,,
DEMANDA_OCUPACION,DEO_ID,NUMBER,"NUMBER(9,0)",22,9,0,N,1,,0,,
DEMANDA_OCUPACION,DEM_ID,NUMBER,"NUMBER(9,0)",22,9,0,N,2,,0,,
DEMANDA_OCUPACION,OCU_ID,VARCHAR2,VARCHAR2(4 BYTE),4,,,N,3,,4,B,
DEMANDA_OCUPACION,DEO_FECHA_REGISTRO,DATE,DATE,7,,,N,4,,0,,
DEMANDA_OCUPACION,FUN_ID,NUMBER,"NUMBER(9,0)",22,9,0,Y,5,,0,,
DEMANDA_OCUPACION,DEO_FECHA_ACTUALIZACION,DATE,DATE,7,,,Y,6,,0,,
DEMANDA_SENA,COS_ID,NUMBER,"NUMBER(2,0)",22,2,0,N,1,,0,,
DEMANDA_SENA,DEMS_ID,NUMBER,"NUMBER(10,0)",22,10,0,N,2,,0,,
DEMANDA_SENA,DEMS_OBJETO,VARCHAR2,VARCHAR2(400 BYTE),400,,,Y,3,,400,B,
DEMANDA_SENA,DEMS_OBLIGACIONES,VARCHAR2,VARCHAR2(400 BYTE),400,,,Y,4,,400,B,
DEMANDA_SENA,DEMS_EXP_ESP,VARCHAR2,VARCHAR2(400 BYTE),400,,,Y,5,,400,B,
DEMANDA_SENA,DEMS_FORMAL,VARCHAR2,VARCHAR2(400 BYTE),400,,,Y,6,,400,B,
DEMANDA_SENA,DEMS_NO_FORMAL,VARCHAR2,VARCHAR2(400 BYTE),400,,,Y,7,,400,B,
DEMANDA_SENA,DEMS_COMPETENCIAS,VARCHAR2,VARCHAR2(400 BYTE),400,,,Y,8,,400,B,
DEMANDA_SENA,DEMS_SUELDO_MES,NUMBER,"NUMBER(8,0)",22,8,0,Y,9,,0,,
DEMANDA_SENA,DEMS_NUM_CANDIDATOS,NUMBER,"NUMBER(3,0)",22,3,0,Y,10,,0,,
DEMANDA_SENA,DEMS_FCH_REGISTRO,DATE,DATE,7,,,Y,11,,0,,
DEMANDA_SENA,DEMS_OBSERVACIONES,VARCHAR2,VARCHAR2(400 BYTE),400,,,Y,12,,400,B,
DEMANDA_SENA,EMP_ID,NUMBER,"NUMBER(8,0)",22,8,0,Y,13,,0,,
DEMANDA_SENA,OCUS_ID,NUMBER,"NUMBER(5,0)",22,5,0,Y,14,,0,,
DEMANDA_SENA,TDS_ID,NUMBER,"NUMBER(1,0)",22,1,0,Y,15,,0,,
DEMANDA_SENA,EDS_ID,NUMBER,"NUMBER(2,0)",22,2,0,Y,16,,0,,
DEMANDA_SENA,DEMSEXPERIENCIA,VARCHAR2,VARCHAR2(255 BYTE),255,,,Y,17,,255,B,
DEMXFUNCION,DFN_ID,NUMBER,"NUMBER(10,0)",22,10,0,N,1,,0,,
DEMXFUNCION,DEM_ID,NUMBER,"NUMBER(10,0)",22,10,0,N,2,,0,,
DEMXFUNCION,FNC_ID,NUMBER,"NUMBER(5,0)",22,5,0,N,3,,0,,
DEMXFUNCIONREL1,DFNR_1_ID,NUMBER,"NUMBER(10,0)",22,10,0,N,1,,0,,
DEMXFUNCIONREL1,DEM_ID,NUMBER,"NUMBER(10,0)",22,10,0,N,2,,0,,
DEMXFUNCIONREL1,FNC_ID,NUMBER,"NUMBER(5,0)",22,5,0,N,3,,0,,
DEMXFUNCIONREL2,DFNR_2_ID,NUMBER,"NUMBER(10,0)",22,10,0,N,1,,0,,
DEMXFUNCIONREL2,DEM_ID,NUMBER,"NUMBER(10,0)",22,10,0,N,2,,0,,
DEMXFUNCIONREL2,FNC_ID,NUMBER,"NUMBER(5,0)",22,5,0,N,3,,0,,
DEMXPES,DPE_ID,NUMBER,"NUMBER(12,0)",22,12,0,N,1,,0,,
DEMXPES,DEM_ID,NUMBER,"NUMBER(10,0)",22,10,0,N,2,,0,,
DEMXPES,PES_ID,NUMBER,"NUMBER(3,0)",22,3,0,N,3,,0,,
DEMXPES,FUN_ID,NUMBER,"NUMBER(5,0)",22,5,0,Y,4,,0,,
DEMXPES,CSPE_ID,NUMBER,"NUMBER(7,0)",22,7,0,Y,5,,0,,
DEMXPES,DPE_FCH_REGISTRO,DATE,DATE,7,,,N,6,,0,,
DEM_COMP_LABORAL,DCL_ID,NUMBER,"NUMBER(10,0)",22,10,0,N,1,,0,,
DEM_COMP_LABORAL,DEM_ID,NUMBER,"NUMBER(10,0)",22,10,0,N,2,,0,,
DEM_COMP_LABORAL,CPL_ID,NUMBER,"NUMBER(10,0)",22,10,0,N,3,,0,,
DEM_DUPLICADAS,DEM_ID,NUMBER,"NUMBER(12,0)",22,12,0,Y,1,,0,,
DEM_DUPLICADAS,EMP_ID,NUMBER,"NUMBER(10,0)",22,10,0,Y,2,,0,,
DEM_DUPLICADAS,IND_ID,NUMBER,"NUMBER(10,0)",22,10,0,Y,3,,0,,
DEM_DUPLICADAS,FUN_ID,NUMBER,"NUMBER(5,0)",22,5,0,Y,4,,0,,
DEM_DUPLICADAS,NOMBRE,VARCHAR2,VARCHAR2(120 BYTE),120,,,Y,5,,120,B,
DEM_DUPLICADAS,FECHA,DATE,DATE,7,,,Y,6,,0,,
DEM_ESTUDIOS,DES_ID,NUMBER,"NUMBER(10,0)",22,10,0,N,1,,0,,
DEM_ESTUDIOS,DEM_ID,NUMBER,"NUMBER(10,0)",22,10,0,Y,2,,0,,
DEM_ESTUDIOS,TIT_NOMBRE,VARCHAR2,VARCHAR2(200 BYTE),200,,,Y,3,,200,B,
DEM_ESTUDIOS,DES_NUM_GRADOS,NUMBER,"NUMBER(2,0)",22,2,0,Y,4,,0,,
DEM_ESTUDIOS,DES_GRADUADO,NUMBER,"NUMBER(1,0)",22,1,0,Y,5,,0,,
DEM_ESTUDIOS,DES_FORMACION_SENA,NUMBER,"NUMBER(1,0)",22,1,0,Y,6,,0,,
DEM_ESTUDIOS,FUN_ID,NUMBER,"NUMBER(5,0)",22,5,0,Y,7,,0,,
DEM_ESTUDIOS,CSPE_ID,NUMBER,"NUMBER(7,0)",22,7,0,Y,8,,0,,
DEM_ESTUDIOS,DES_FCH_REGISTRO,DATE,DATE,7,,,Y,9,,0,,
DEM_ESTUDIOS,INS_NOMBRE,VARCHAR2,VARCHAR2(200 BYTE),200,,,Y,10,,200,B,
DEM_ESTUDIOS,NIA_ID,NUMBER,"NUMBER(2,0)",22,2,0,Y,11,,0,,
DEM_ETD_FORMAL,DEF_ID,NUMBER,"NUMBER(10,0)",22,10,0,N,1,,0,,
DEM_ETD_FORMAL,DEM_ID,NUMBER,"NUMBER(10,0)",22,10,0,N,2,,0,,
DEM_ETD_FORMAL,TIT_ID,NUMBER,"NUMBER(5,0)",22,5,0,N,3,,0,,
DEM_ETD_FORMAL,DEF_NUM_GRADOS,NUMBER,"NUMBER(2,0)",22,2,0,N,4,,0,,
DEM_ETD_FORMAL,DEF_GRADUADO,NUMBER,"NUMBER(1,0)",22,1,0,N,5,,0,,
DEM_ETD_FORMAL,DEF_FORMACION_SENA,NUMBER,"NUMBER(1,0)",22,1,0,N,6,,0,,
DEM_ETD_FORMAL,FUN_ID,NUMBER,"NUMBER(5,0)",22,5,0,Y,7,,0,,
DEM_ETD_FORMAL,CSPE_ID,NUMBER,"NUMBER(7,0)",22,7,0,N,8,,0,,
DEM_ETD_FORMAL,DEF_FCH_REGISTRO,DATE,DATE,7,,,N,9,,0,,
DEM_ETD_FORMAL,INS_ID,NUMBER,"NUMBER(7,0)",22,7,0,Y,10,,0,,
DEM_ETD_FORMAL,NIA_ID,NUMBER,"NUMBER(2,0)",22,2,0,N,11,,0,,
DEM_ETD_NO_FORMAL,DNF_ID,NUMBER,"NUMBER(10,0)",22,10,0,N,1,,0,,
DEM_ETD_NO_FORMAL,DEM_ID,NUMBER,"NUMBER(10,0)",22,10,0,N,2,,0,,
DEM_ETD_NO_FORMAL,ENF_ID,NUMBER,"NUMBER(7,0)",22,7,0,N,3,,0,,
DEM_ETD_NO_FORMAL,DNF_TERMINADO,NUMBER,"NUMBER(1,0)",22,1,0,N,4,,0,,
DEM_ETD_NO_FORMAL,DNF_FORMACION_SENA,NUMBER,"NUMBER(1,0)",22,1,0,N,5,,0,,
DEM_ETD_NO_FORMAL,FUN_ID,NUMBER,"NUMBER(5,0)",22,5,0,Y,6,,0,,
DEM_ETD_NO_FORMAL,CSPE_ID,NUMBER,"NUMBER(7,0)",22,7,0,N,7,,0,,
DEM_ETD_NO_FORMAL,DNF_FCH_REGISTRO,DATE,DATE,7,,,N,8,,0,,
DEM_EVENTO,DEE_ID,NUMBER,NUMBER,22,,,N,1,,0,,Secuencia de la Tabla
DEM_EVENTO,DEM_ID,NUMBER,NUMBER,22,,,Y,2,,0,,Id Demanda a la que se le relacionará el evento
DEM_EVENTO,EVENTO_ID,NUMBER,NUMBER,22,,,Y,3,,0,,Id Evento que se asocian a la solicitud
DEM_IDIOMA,DEI_ID,NUMBER,"NUMBER(10,0)",22,10,0,N,1,,0,,
DEM_IDIOMA,DEM_ID,NUMBER,"NUMBER(10,0)",22,10,0,N,2,,0,,
DEM_IDIOMA,IDM_ID,NUMBER,"NUMBER(2,0)",22,2,0,N,3,,0,,
DEM_IDIOMA,DEI_LEE,NUMBER,"NUMBER(1,0)",22,1,0,N,4,,0,,
DEM_IDIOMA,DEI_HABLA,NUMBER,"NUMBER(1,0)",22,1,0,N,5,,0,,
DEM_IDIOMA,DEI_ESCRIBE,NUMBER,"NUMBER(1,0)",22,1,0,N,6,,0,,
DEM_IDIOMA,FUN_ID,NUMBER,"NUMBER(5,0)",22,5,0,Y,7,,0,,
DEM_IDIOMA,CSPE_ID,NUMBER,"NUMBER(7,0)",22,7,0,N,8,,0,,
DEM_IDIOMA,DEI_FCH_REGISTRO,DATE,DATE,7,,,N,9,,0,,
DEM_LICENCIA,DEL_ID,NUMBER,"NUMBER(10,0)",22,10,0,N,1,,0,,
DEM_LICENCIA,DEM_ID,NUMBER,"NUMBER(10,0)",22,10,0,N,2,,0,,
DEM_LICENCIA,LIC_ID,NUMBER,"NUMBER(1,0)",22,1,0,N,3,,0,,
DEM_MUN_HID,DMH_ID,NUMBER,"NUMBER(10,0)",22,10,0,N,1,,0,,Id Secuencia de la tabla
DEM_MUN_HID,DEM_ID,NUMBER,"NUMBER(10,0)",22,10,0,N,2,,0,,Id que relaciona la demanda a la que se seleccionaron varios municipios
DEM_MUN_HID,ARI_ID,NUMBER,"NUMBER(1,0)",22,1,0,N,3,,0,,Id del área de influencia para la demanda
DEM_MUN_HID,PAI_ID,NUMBER,"NUMBER(3,0)",22,3,0,N,4,,0,,Id de los países relacionados en la demanda
DEM_MUN_HID,DPT_ID,NUMBER,"NUMBER(7,0)",22,7,0,Y,5,,0,,Id de los departamentos relacionados en la demanda
DEM_MUN_HID,MPO_ID,NUMBER,"NUMBER(9,0)",22,9,0,Y,6,,0,,Id de los municipios relacionados en la demanda
DEM_MUN_HID,ARI_FCH_ASIGNACION,DATE,DATE,7,,,Y,7,,0,,Fecha en la que se asigna el departamento y/o municipio
DEM_PRESELECCION,DPS_ID,VARCHAR2,VARCHAR2(32 BYTE),32,,,N,1,,32,B,
DEM_PRESELECCION,DEM_ID,NUMBER,"NUMBER(10,0)",22,10,0,N,2,,0,,
DEM_PRESELECCION,DPS_FECHA,TIMESTAMP(6),TIMESTAMP(6),11,,6,N,3,,0,,
DEM_PRESELECCION,DPS_ESTADO,NUMBER,"NUMBER(1,0)",22,1,0,N,4,,0,,
DEM_VARIABLE_CRUCE,DVC_ID,NUMBER,"NUMBER(10,0)",22,10,0,N,1,,0,,
DEM_VARIABLE_CRUCE,DEM_ID,NUMBER,"NUMBER(10,0)",22,10,0,N,2,,0,,
DEM_VARIABLE_CRUCE,VAC_CODIGO,VARCHAR2,VARCHAR2(3 BYTE),3,,,N,3,,3,B,
DEM_VEHICULO,DEV_ID,NUMBER,"NUMBER(10,0)",22,10,0,N,1,,0,,
DEM_VEHICULO,DEM_ID,NUMBER,"NUMBER(10,0)",22,10,0,N,2,,0,,
DEM_VEHICULO,VEH_ID,NUMBER,"NUMBER(2,0)",22,2,0,N,3,,0,,
DENOMINACIONES_ECO_NAR,IND_ID,NUMBER,"NUMBER(10,0)",22,10,0,Y,1,,0,,
DENOMINACIONES_ECO_NAR,OCU_ID,VARCHAR2,VARCHAR2(10 BYTE),10,,,Y,2,,10,B,
DENOMINACIONES_ECO_NAR,ESTADO,NUMBER,"NUMBER(1,0)",22,1,0,Y,3,,0,,
DENOMINACIONES_ECO_NAR,GRUPO_CARGUE,NUMBER,"NUMBER(1,0)",22,1,0,Y,4,,0,,
DENOMINACIONES_ECO_NAR,OBSERVACION_GRUPO,VARCHAR2,VARCHAR2(400 BYTE),400,,,Y,5,,400,B,
DENOMINACIONES_EPL_CULT,IND_ID,NUMBER,"NUMBER(10,0)",22,10,0,Y,1,,0,,
DENOMINACIONES_EPL_CULT,OCU_ID,VARCHAR2,VARCHAR2(10 BYTE),10,,,Y,2,,10,B,
DENOMINACIONES_EPL_CULT,ESTADO,NUMBER,"NUMBER(1,0)",22,1,0,Y,3,,0,,
DENOMINACIONES_EPL_CULT,GRUPO_CARGUE,NUMBER,"NUMBER(1,0)",22,1,0,Y,4,,0,,
DENOMINACIONES_EPL_CULT,OBSERVACION_GRUPO,VARCHAR2,VARCHAR2(400 BYTE),400,,,Y,5,,400,B,
DEPARTAMENTO,DPT_ID,NUMBER,"NUMBER(7,0)",22,7,0,N,1,,0,,
DEPARTAMENTO,DPT_NOMBRE,VARCHAR2,VARCHAR2(150 BYTE),150,,,N,2,,150,B,
DEPARTAMENTO,PAI_ID,NUMBER,"NUMBER(3,0)",22,3,0,N,3,,0,,
DIA_NO_LABORABLE,DNL_ID,NUMBER,"NUMBER(4,0)",22,4,0,N,1,,0,,
DIA_NO_LABORABLE,DNL_FCH,DATE,DATE,7,,,N,2,,0,,
DIA_NO_LABORABLE,CSPE_ID,NUMBER,"NUMBER(7,0)",22,7,0,Y,3,,0,,
DICCIONARIO,DIC_ID,NUMBER,"NUMBER(3,0)",22,3,0,N,1,,0,,
DICCIONARIO,DIC_PAL_ERRONEA,VARCHAR2,VARCHAR2(100 BYTE),100,,,N,2,,100,B,
DICCIONARIO,DIC_PAL_CORRECTA,VARCHAR2,VARCHAR2(100 BYTE),100,,,N,3,,100,B,
DIVISION_CIIU,DIC_ID,VARCHAR2,VARCHAR2(2 BYTE),2,,,N,1,,2,B,
DIVISION_CIIU,DIC_NOMBRE,VARCHAR2,VARCHAR2(200 BYTE),200,,,N,2,,200,B,
DIVISION_CIIU,SCC_ID,VARCHAR2,VARCHAR2(1 BYTE),1,,,N,3,,1,B,
DURACION,DUR_ID,NUMBER,"NUMBER(2,0)",22,2,0,N,1,,0,,
DURACION,DUR_NOMBRE,VARCHAR2,VARCHAR2(20 BYTE),20,,,N,2,,20,B,
DURACION,DUR_VAL_OFT,NUMBER,"NUMBER(1,0)",22,1,0,N,3,,0,,
DURACION,DUR_VAL_OFT_MAX,NUMBER,"NUMBER(4,0)",22,4,0,N,4,,0,,
DURACION,DUR_VAL_ONF,NUMBER,"NUMBER(1,0)",22,1,0,N,5,,0,,
DURACION,DUR_VAL_ONF_MAX,NUMBER,"NUMBER(4,0)",22,4,0,N,6,,0,,
DURACION,DUR_ORDEN,NUMBER,"NUMBER(2,0)",22,2,0,N,7,,0,,
DWH_COLO_FUN,PERIODO,NUMBER,NUMBER,22,,,N,1,,0,,
DWH_COLO_FUN,FUNCIONARIO,NUMBER,NUMBER,22,,,Y,2,,0,,
DWH_COLO_FUN,CENTRO,NUMBER,NUMBER,22,,,Y,3,,0,,
DWH_COLO_FUN,REGIONAL,NUMBER,NUMBER,22,,,Y,4,,0,,
DWH_COLO_FUN,CONTEO,NUMBER,NUMBER,22,,,N,5,,0,,
DWH_COLO_MUN,PERIODO,NUMBER,NUMBER,22,,,N,1,,0,,
DWH_COLO_MUN,MUNICIPIO,NUMBER,NUMBER,22,,,Y,2,,0,,
DWH_COLO_MUN,DEPARTAMENTO,NUMBER,NUMBER,22,,,Y,3,,0,,
DWH_COLO_MUN,PAIS,NUMBER,NUMBER,22,,,Y,4,,0,,
DWH_COLO_MUN,INTERNET,NUMBER,NUMBER,22,,,Y,5,,0,,
DWH_COLO_MUN,CONTEO,NUMBER,NUMBER,22,,,N,6,,0,,
DWH_CURS_FUN,PERIODO,NUMBER,NUMBER,22,,,N,1,,0,,
DWH_CURS_FUN,FUNCIONARIO,NUMBER,NUMBER,22,,,Y,2,,0,,
DWH_CURS_FUN,CENTRO,NUMBER,NUMBER,22,,,Y,3,,0,,
DWH_CURS_FUN,REGIONAL,NUMBER,NUMBER,22,,,Y,4,,0,,
DWH_CURS_FUN,CONTEO,NUMBER,NUMBER,22,,,N,5,,0,,
DWH_CURS_FUN,OFERTA,NUMBER,NUMBER,22,,,Y,6,,0,,
DWH_CURS_FUN,ESTADO,NUMBER,NUMBER,22,,,Y,7,,0,,
DWH_CURS_MUN,PERIODO,NUMBER,NUMBER,22,,,N,1,,0,,
DWH_CURS_MUN,MUNICIPIO,NUMBER,NUMBER,22,,,Y,2,,0,,
DWH_CURS_MUN,DEPARTAMENTO,NUMBER,NUMBER,22,,,Y,3,,0,,
DWH_CURS_MUN,PAIS,NUMBER,NUMBER,22,,,Y,4,,0,,
DWH_CURS_MUN,CONTEO,NUMBER,NUMBER,22,,,N,5,,0,,
DWH_CURS_MUN,OFERTA,NUMBER,NUMBER,22,,,Y,6,,0,,
DWH_CURS_MUN,ESTADO,NUMBER,NUMBER,22,,,Y,7,,0,,
DWH_CURS_MUN,INTERNET,NUMBER,NUMBER,22,,,Y,8,,0,,
DWH_DEMA_FUN,PERIODO,NUMBER,NUMBER,22,,,N,1,,0,,
DWH_DEMA_FUN,FUNCIONARIO,NUMBER,NUMBER,22,,,Y,2,,0,,
DWH_DEMA_FUN,CENTRO,NUMBER,NUMBER,22,,,Y,3,,0,,
DWH_DEMA_FUN,REGIONAL,NUMBER,NUMBER,22,,,Y,4,,0,,
DWH_DEMA_FUN,CONTEO,NUMBER,NUMBER,22,,,N,5,,0,,
DWH_DEMA_MUN,PERIODO,NUMBER,NUMBER,22,,,N,1,,0,,
DWH_DEMA_MUN,MUNICIPIO,NUMBER,NUMBER,22,,,Y,2,,0,,
DWH_DEMA_MUN,DEPARTAMENTO,NUMBER,NUMBER,22,,,Y,3,,0,,
DWH_DEMA_MUN,PAIS,NUMBER,NUMBER,22,,,Y,4,,0,,
DWH_DEMA_MUN,INTERNET,NUMBER,NUMBER,22,,,Y,5,,0,,
DWH_DEMA_MUN,CONTEO,NUMBER,NUMBER,22,,,N,6,,0,,
DWH_EMPR_FUN,PERIODO,NUMBER,NUMBER,22,,,N,1,,0,,
DWH_EMPR_FUN,FUNCIONARIO,NUMBER,NUMBER,22,,,Y,2,,0,,
DWH_EMPR_FUN,CENTRO,NUMBER,NUMBER,22,,,Y,3,,0,,
DWH_EMPR_FUN,REGIONAL,NUMBER,NUMBER,22,,,Y,4,,0,,
DWH_EMPR_FUN,CONTEO,NUMBER,NUMBER,22,,,N,5,,0,,
DWH_EMPR_MUN,PERIODO,NUMBER,NUMBER,22,,,N,1,,0,,
DWH_EMPR_MUN,MUNICIPIO,NUMBER,NUMBER,22,,,Y,2,,0,,
DWH_EMPR_MUN,DEPARTAMENTO,NUMBER,NUMBER,22,,,Y,3,,0,,
DWH_EMPR_MUN,PAIS,NUMBER,NUMBER,22,,,Y,4,,0,,
DWH_EMPR_MUN,CONTEO,NUMBER,NUMBER,22,,,N,5,,0,,
DWH_INSC,TRIMESTRE,NUMBER,NUMBER,22,,,N,1,,0,,
DWH_INSC,MUNICIPIO,NUMBER,NUMBER,22,,,N,2,,0,,
DWH_INSC,CONTEO,NUMBER,NUMBER,22,,,N,3,,0,,
DWH_INSC,DEPARTAMENTO,NUMBER,NUMBER,22,,,N,4,,0,,
DWH_INSC,OCUPACION,NUMBER,NUMBER,22,,,N,5,,0,,
DWH_INSC,SEXO,NUMBER,NUMBER,22,,,N,6,,0,,
DWH_INSC,EDAD,NUMBER,NUMBER,22,,,N,7,,0,,
DWH_INSC,EXPERIENCIA,NUMBER,NUMBER,22,,,Y,8,,0,,
DWH_INSC,ASPIRACION,NUMBER,NUMBER,22,,,N,9,,0,,
DWH_INSC,ESTRATO,NUMBER,NUMBER,22,,,N,10,,0,,
DWH_INSC,SITUACION,NUMBER,NUMBER,22,,,N,11,,0,,
DWH_INSC,NIVEL_ACADEMICO,NUMBER,NUMBER,22,,,Y,12,,0,,
DWH_INSC_FUN,PERIODO,NUMBER,NUMBER,22,,,N,1,,0,,
DWH_INSC_FUN,FUNCIONARIO,NUMBER,NUMBER,22,,,Y,2,,0,,
DWH_INSC_FUN,CENTRO,NUMBER,NUMBER,22,,,Y,3,,0,,
DWH_INSC_FUN,REGIONAL,NUMBER,NUMBER,22,,,Y,4,,0,,
DWH_INSC_FUN,CONTEO,NUMBER,NUMBER,22,,,N,5,,0,,
DWH_INSC_MUN,PERIODO,NUMBER,NUMBER,22,,,N,1,,0,,
DWH_INSC_MUN,MUNICIPIO,NUMBER,NUMBER,22,,,Y,2,,0,,
DWH_INSC_MUN,DEPARTAMENTO,NUMBER,NUMBER,22,,,Y,3,,0,,
DWH_INSC_MUN,PAIS,NUMBER,NUMBER,22,,,Y,4,,0,,
DWH_INSC_MUN,INTERNET,NUMBER,NUMBER,22,,,Y,5,,0,,
DWH_INSC_MUN,CONTEO,NUMBER,NUMBER,22,,,N,6,,0,,
DWH_ORIE_FUN,PERIODO,NUMBER,NUMBER,22,,,N,1,,0,,
DWH_ORIE_FUN,FUNCIONARIO,NUMBER,NUMBER,22,,,Y,2,,0,,
DWH_ORIE_FUN,CENTRO,NUMBER,NUMBER,22,,,Y,3,,0,,
DWH_ORIE_FUN,REGIONAL,NUMBER,NUMBER,22,,,Y,4,,0,,
DWH_ORIE_FUN,CONTEO,NUMBER,NUMBER,22,,,N,5,,0,,
DWH_ORIE_FUN,OFERTA,NUMBER,NUMBER,22,,,Y,6,,0,,
DWH_ORIE_MUN,PERIODO,NUMBER,NUMBER,22,,,N,1,,0,,
DWH_ORIE_MUN,MUNICIPIO,NUMBER,NUMBER,22,,,Y,2,,0,,
DWH_ORIE_MUN,DEPARTAMENTO,NUMBER,NUMBER,22,,,Y,3,,0,,
DWH_ORIE_MUN,PAIS,NUMBER,NUMBER,22,,,Y,4,,0,,
DWH_ORIE_MUN,CONTEO,NUMBER,NUMBER,22,,,N,5,,0,,
DWH_ORIE_MUN,OFERTA,NUMBER,NUMBER,22,,,Y,6,,0,,
DWH_POST_FUN,PERIODO,NUMBER,NUMBER,22,,,N,1,,0,,
DWH_POST_FUN,FUNCIONARIO,NUMBER,NUMBER,22,,,Y,2,,0,,
DWH_POST_FUN,CENTRO,NUMBER,NUMBER,22,,,Y,3,,0,,
DWH_POST_FUN,REGIONAL,NUMBER,NUMBER,22,,,Y,4,,0,,
DWH_POST_FUN,CONTEO,NUMBER,NUMBER,22,,,N,5,,0,,
DWH_POST_MUN,PERIODO,NUMBER,NUMBER,22,,,N,1,,0,,
DWH_POST_MUN,MUNICIPIO,NUMBER,NUMBER,22,,,Y,2,,0,,
DWH_POST_MUN,DEPARTAMENTO,NUMBER,NUMBER,22,,,Y,3,,0,,
DWH_POST_MUN,PAIS,NUMBER,NUMBER,22,,,Y,4,,0,,
DWH_POST_MUN,INTERNET,NUMBER,NUMBER,22,,,Y,5,,0,,
DWH_POST_MUN,CONTEO,NUMBER,NUMBER,22,,,N,6,,0,,
DWH_SEGU_FUN,PERIODO,NUMBER,NUMBER,22,,,N,1,,0,,
DWH_SEGU_FUN,FUNCIONARIO,NUMBER,NUMBER,22,,,Y,2,,0,,
DWH_SEGU_FUN,CENTRO,NUMBER,NUMBER,22,,,Y,3,,0,,
DWH_SEGU_FUN,REGIONAL,NUMBER,NUMBER,22,,,Y,4,,0,,
DWH_SEGU_FUN,CONTEO,NUMBER,NUMBER,22,,,N,5,,0,,
DWH_SEGU_FUN,TIPO,NUMBER,NUMBER,22,,,Y,6,,0,,
DWH_SEGU_MUN,PERIODO,NUMBER,NUMBER,22,,,N,1,,0,,
DWH_SEGU_MUN,MUNICIPIO,NUMBER,NUMBER,22,,,Y,2,,0,,
DWH_SEGU_MUN,DEPARTAMENTO,NUMBER,NUMBER,22,,,Y,3,,0,,
DWH_SEGU_MUN,PAIS,NUMBER,NUMBER,22,,,Y,4,,0,,
DWH_SEGU_MUN,CONTEO,NUMBER,NUMBER,22,,,N,5,,0,,
DWH_SEGU_MUN,TIPO,NUMBER,NUMBER,22,,,Y,6,,0,,
DWH_VACA_FUN,PERIODO,NUMBER,NUMBER,22,,,N,1,,0,,
DWH_VACA_FUN,FUNCIONARIO,NUMBER,NUMBER,22,,,Y,2,,0,,
DWH_VACA_FUN,CENTRO,NUMBER,NUMBER,22,,,Y,3,,0,,
DWH_VACA_FUN,REGIONAL,NUMBER,NUMBER,22,,,Y,4,,0,,
DWH_VACA_FUN,CONTEO,NUMBER,NUMBER,22,,,N,5,,0,,
DWH_VACA_MUN,PERIODO,NUMBER,NUMBER,22,,,N,1,,0,,
DWH_VACA_MUN,MUNICIPIO,NUMBER,NUMBER,22,,,Y,2,,0,,
DWH_VACA_MUN,DEPARTAMENTO,NUMBER,NUMBER,22,,,Y,3,,0,,
DWH_VACA_MUN,PAIS,NUMBER,NUMBER,22,,,Y,4,,0,,
DWH_VACA_MUN,INTERNET,NUMBER,NUMBER,22,,,Y,5,,0,,
DWH_VACA_MUN,CONTEO,NUMBER,NUMBER,22,,,N,6,,0,,
EESXPES,EEP_ID,NUMBER,"NUMBER(6,0)",22,6,0,N,1,,0,,
EESXPES,EES_ID,NUMBER,"NUMBER(3,0)",22,3,0,N,2,,0,,
EESXPES,PES_ID,NUMBER,"NUMBER(3,0)",22,3,0,N,3,,0,,
EGRESADO,EGR_IDENTIFICACION,NUMBER,"NUMBER(20,0)",22,20,0,Y,1,,0,,
EGRESADO,CARGUE_ID,NUMBER,"NUMBER(2,0)",22,2,0,Y,2,,0,,
EGRESADOS_TEC,Ficha,NUMBER,"NUMBER(*,0)",22,,0,Y,1,,0,,
EGRESADOS_TEC,Denominación Programa,VARCHAR2,VARCHAR2(100 BYTE),100,,,Y,2,,100,B,
EGRESADOS_TEC,NIS,NUMBER,"NUMBER(*,0)",22,,0,Y,3,,0,,
EGRESADOS_TEC,Número Registro,NUMBER,"NUMBER(*,0)",22,,0,Y,4,,0,,
EGRESADOS_TEC,Tipo Documento,VARCHAR2,VARCHAR2(6 BYTE),6,,,Y,5,,6,B,
EGRESADOS_TEC,Número Documento,NUMBER,"NUMBER(*,0)",22,,0,Y,6,,0,,
EGRESADOS_TEC,Nombre Aprendiz,VARCHAR2,VARCHAR2(100 BYTE),100,,,Y,7,,100,B,
EGRESADOS_TEC,Lugar de Residencia,VARCHAR2,VARCHAR2(50 BYTE),50,,,Y,8,,50,B,
EGRESADOS_TEC,Correo Electrónico,VARCHAR2,VARCHAR2(100 BYTE),100,,,Y,9,,100,B,
EGRESADOS_TEC,Tel. Principal,VARCHAR2,VARCHAR2(50 BYTE),50,,,Y,10,,50,B,
EGRESADOS_TEC,Tel. Alterno,VARCHAR2,VARCHAR2(50 BYTE),50,,,Y,11,,50,B,
EGRESADOS_TEC,Tel. Celular,VARCHAR2,VARCHAR2(50 BYTE),50,,,Y,12,,50,B,
EGRESADOS_TITULADA_2017,CODIGO_CENTRO,VARCHAR2,VARCHAR2(6 BYTE),6,,,Y,1,,6,B,
EGRESADOS_TITULADA_2017,NIVEL_FORMACION,VARCHAR2,VARCHAR2(30 BYTE),30,,,Y,2,,30,B,
EGRESADOS_TITULADA_2017,TIPO_IDENTIFICACION_APRENDIZ,VARCHAR2,VARCHAR2(4 BYTE),4,,,Y,3,,4,B,
EGRESADOS_TITULADA_2017,NUMERO_IDENTIFICACION_APRENDIZ,NUMBER,NUMBER,22,,,Y,4,,0,,
EGRESADOS_TITULADA_2017,PRIMER_APELLIDO_APRENDIZ,VARCHAR2,VARCHAR2(60 BYTE),60,,,Y,5,,60,B,
EGRESADOS_TITULADA_2017,SEGUNDO_APELLIDO_APRENDIZ,VARCHAR2,VARCHAR2(60 BYTE),60,,,Y,6,,60,B,
EGRESADOS_TITULADA_2017,NOMBRE_APRENDIZ,VARCHAR2,VARCHAR2(60 BYTE),60,,,Y,7,,60,B,
EGRESADO_AUX,EGR_IDENTIFICACION,NUMBER,"NUMBER(20,0)",22,20,0,Y,1,,0,,
EGRESADO_AUX,CARGUE_ID,NUMBER,"NUMBER(2,0)",22,2,0,Y,2,,0,,
EGRESADO_INSERTAR,EGR_IDENTIFICACION,NUMBER,"NUMBER(20,0)",22,20,0,Y,1,,0,,
EGRESADO_INSERTAR,CARGUE_ID,NUMBER,"NUMBER(2,0)",22,2,0,Y,2,,0,,
EGRESADO_SIMULA,EGR_IDENTIFICACION,NUMBER,"NUMBER(20,0)",22,20,0,Y,1,,0,,
EGRESADO_SIMULA,CARGUE_ID,NUMBER,"NUMBER(2,0)",22,2,0,Y,2,,0,,
EJECUCION_TALLER,ETA_ID,NUMBER,"NUMBER(12,0)",22,12,0,N,1,,0,,
EJECUCION_TALLER,GUT_ID,NUMBER,"NUMBER(2,0)",22,2,0,N,2,,0,,
EJECUCION_TALLER,ETA_FCH_EJECUCION,TIMESTAMP(6),TIMESTAMP(6),11,,6,N,3,,0,,
EJECUCION_TALLER,ETA_LUGAR,VARCHAR2,VARCHAR2(60 BYTE),60,,,N,4,,60,B,
EJECUCION_TALLER,ETA_DESCRIPCION,VARCHAR2,VARCHAR2(180 BYTE),180,,,Y,5,,180,B,
EJECUCION_TALLER,ETA_FCH_REGISTRO,DATE,DATE,7,,,N,6,,0,,
EJECUCION_TALLER,FUN_ID,NUMBER,"NUMBER(5,0)",22,5,0,N,7,,0,,
EJECUCION_TALLER,CSPE_ID,NUMBER,"NUMBER(7,0)",22,7,0,N,8,,0,,
EJECUCION_TALLER,ETA_ESTADO,NUMBER,NUMBER,22,,,Y,9,,0,,
EJECUCION_TALLER,ETA_EVENTO_ID,NUMBER,NUMBER,22,,,Y,10,,0,,Indica si el taller se realiza en marco de un evento
EJECUCION_TALLER,PDC_ID,NUMBER,"NUMBER(1,0)",22,1,0,Y,11,,0,,
EMPRESA,EMP_ID,NUMBER,"NUMBER(8,0)",22,8,0,N,1,,0,,
EMPRESA,TDI_ID,NUMBER,"NUMBER(1,0)",22,1,0,N,2,,0,,
EMPRESA,EMP_IDENTIFICACION,NUMBER,"NUMBER(15,0)",22,15,0,N,3,,0,,
EMPRESA,EMP_RAZON_SOCIAL,VARCHAR2,VARCHAR2(150 BYTE),150,,,N,4,,150,B,
EMPRESA,TEM_ID,NUMBER,"NUMBER(2,0)",22,2,0,N,5,,0,,
EMPRESA,CIIU_ID,VARCHAR2,VARCHAR2(4 BYTE),4,,,N,6,,4,B,
EMPRESA,EMP_NATURALEZA,NUMBER,"NUMBER(1,0)",22,1,0,N,7,,0,,
EMPRESA,EMP_NUM_TRABAJADORES,NUMBER,"NUMBER(5,0)",22,5,0,N,8,,0,,
EMPRESA,PAI_ID,NUMBER,"NUMBER(3,0)",22,3,0,N,9,,0,,
EMPRESA,DPT_ID,NUMBER,"NUMBER(7,0)",22,7,0,Y,10,,0,,
EMPRESA,MPO_ID,NUMBER,"NUMBER(9,0)",22,9,0,Y,11,,0,,
EMPRESA,ZON_ID,NUMBER,"NUMBER(12,0)",22,12,0,Y,12,,0,,
EMPRESA,BAR_ID,NUMBER,"NUMBER(6,0)",22,6,0,Y,13,,0,,
EMPRESA,EMP_DIRECCION,VARCHAR2,VARCHAR2(100 BYTE),100,,,N,14,,100,B,
EMPRESA,EMP_TEL,VARCHAR2,VARCHAR2(20 BYTE),20,,,N,15,,20,B,
EMPRESA,EMP_EXT_TEL,NUMBER,"NUMBER(6,0)",22,6,0,Y,16,,0,,
EMPRESA,EMP_TEL_ALT,VARCHAR2,VARCHAR2(20 BYTE),20,,,Y,17,,20,B,
EMPRESA,EMP_EXT_TEL_ALT,NUMBER,"NUMBER(6,0)",22,6,0,Y,18,,0,,
EMPRESA,EMP_FAX,VARCHAR2,VARCHAR2(20 BYTE),20,,,Y,19,,20,B,
EMPRESA,EMP_EXT_FAX,NUMBER,"NUMBER(6,0)",22,6,0,Y,20,,0,,
EMPRESA,EMP_SITIO_WEB,VARCHAR2,VARCHAR2(100 BYTE),100,,,Y,21,,100,B,
EMPRESA,EMP_SEDE,NUMBER,"NUMBER(1,0)",22,1,0,N,22,,0,,
EMPRESA,EMP_REP_LEGAL,VARCHAR2,VARCHAR2(100 BYTE),100,,,N,23,,100,B,
EMPRESA,EMP_CORREO_REP_LEGAL,VARCHAR2,VARCHAR2(100 BYTE),100,,,Y,24,,100,B,
EMPRESA,EMP_RECURSOS_HUMANOS,VARCHAR2,VARCHAR2(100 BYTE),100,,,N,25,,100,B,
EMPRESA,EMP_CORREO_RECURSOS,VARCHAR2,VARCHAR2(100 BYTE),100,,,Y,26,,100,B,
EMPRESA,EMP_TEL_RECURSOS,VARCHAR2,VARCHAR2(20 BYTE),20,,,N,27,,20,B,
EMPRESA,EMP_EXT_TEL_RH,NUMBER,"NUMBER(6,0)",22,6,0,Y,28,,0,,
EMPRESA,EMP_TEL_RECURSOS_ALT,VARCHAR2,VARCHAR2(20 BYTE),20,,,Y,29,,20,B,
EMPRESA,EMP_EXT_TEL_RH_ALT,NUMBER,"NUMBER(6,0)",22,6,0,Y,30,,0,,
EMPRESA,EMP_MED_INSCRIPCION,NUMBER,"NUMBER(1,0)",22,1,0,N,31,,0,,
EMPRESA,EMP_CLAVE,NUMBER,"NUMBER(10,0)",22,10,0,N,32,,0,,
EMPRESA,EMP_PREGUNTA,VARCHAR2,VARCHAR2(40 BYTE),40,,,N,33,,40,B,
EMPRESA,EMP_RESPUESTA,VARCHAR2,VARCHAR2(40 BYTE),40,,,N,34,,40,B,
EMPRESA,FUN_ID,NUMBER,"NUMBER(5,0)",22,5,0,Y,35,,0,,
EMPRESA,CSPE_ID,NUMBER,"NUMBER(7,0)",22,7,0,Y,36,,0,,
EMPRESA,REG_ID,NUMBER,"NUMBER(2,0)",22,2,0,N,37,,0,,
EMPRESA,EMP_TEL_CEL,NUMBER,"NUMBER(10,0)",22,10,0,Y,38,,0,,
EMPRESA,EMP_IND_TEL,NUMBER,"NUMBER(5,0)",22,5,0,Y,39,,0,,
EMPRESA,EMP_IND_TEL_ALT,NUMBER,"NUMBER(5,0)",22,5,0,Y,40,,0,,
EMPRESA,EMP_IND_TEL_RECURSOS,NUMBER,"NUMBER(5,0)",22,5,0,Y,41,,0,,
EMPRESA,EMP_IND_TEL_RECURSOS_ALT,NUMBER,"NUMBER(5,0)",22,5,0,Y,42,,0,,
EMPRESA,EMP_POSTU_RESTRINGIDAS,NUMBER,"NUMBER(1,0)",22,1,0,Y,43,,0,,"Identifica si para esta empresa la aplicación sólo permite al UBE una postulación, si la demanda se encuentra disponible o en seguimiento no puede postularse más. O=NO, 1=SI"
EMPRESASCRM,Tipo Id,VARCHAR2,VARCHAR2(220 BYTE),220,,,Y,1,,220,B,
EMPRESASCRM,NIT,NUMBER,"NUMBER(*,0)",22,,0,Y,2,,0,,
EMPRESASCRM,Nombre Empresa,VARCHAR2,VARCHAR2(221 BYTE),221,,,Y,3,,221,B,
EMPRESASCRM,JERARQUIA,VARCHAR2,VARCHAR2(119 BYTE),119,,,Y,4,,119,B,
EMPRESASCRM,DEPARTAMENTO,VARCHAR2,VARCHAR2(119 BYTE),119,,,Y,5,,119,B,
EMPRESASCRM,Clase CIIU DIAN,NUMBER,"NUMBER(*,0)",22,,0,Y,6,,0,,
EMPRESASCRM,Descripción  e CIIU,VARCHAR2,VARCHAR2(264 BYTE),264,,,Y,7,,264,B,
EMPRESASCRM,Correo Electrónico,VARCHAR2,VARCHAR2(152 BYTE),152,,,Y,8,,152,B,
EMPRESASCRM,TELÉFONO,NUMBER,"NUMBER(*,0)",22,,0,Y,9,,0,,
EMPRESASCRM,CELULAR,FLOAT,FLOAT,22,63,,Y,10,,0,,
EMPRESASCRM,Gestor r Empresarial,VARCHAR2,VARCHAR2(126 BYTE),126,,,Y,11,,126,B,
EMPRESASCRM,Regional Gestor r Empresarial,VARCHAR2,VARCHAR2(19 BYTE),19,,,Y,12,,19,B,
EMPRESASCRM,SEGMENTO,VARCHAR2,VARCHAR2(153 BYTE),153,,,Y,13,,153,B,
EMPRESASCRM,TIPO,VARCHAR2,VARCHAR2(122 BYTE),122,,,Y,14,,122,B,
EMPRESASCRM,Cruce con UIAE,VARCHAR2,VARCHAR2(22 BYTE),22,,,Y,15,,22,B,
EMPRESASSENNOVAFOMENTO,Nit,NUMBER,"NUMBER(*,0)",22,,0,Y,1,,0,,
EMPRESASSENNOVAFOMENTO,Codigo CIIU,VARCHAR2,VARCHAR2(114 BYTE),114,,,Y,2,,114,B,
EMPRESASSENNOVAFOMENTO,Nombre de la empresa,VARCHAR2,VARCHAR2(208 BYTE),208,,,Y,3,,208,B,
EMPRESASSENNOVAFOMENTO,Fecha de creación empresa,VARCHAR2,VARCHAR2(110 BYTE),110,,,Y,4,,110,B,
EMPRESASSENNOVAFOMENTO,SECTOR,VARCHAR2,VARCHAR2(231 BYTE),231,,,Y,5,,231,B,
EMPRESASSENNOVAFOMENTO,CIUDAD,VARCHAR2,VARCHAR2(240 BYTE),240,,,Y,6,,240,B,
EMPRESASSENNOVAFOMENTO,DEPARTAMENTO,VARCHAR2,VARCHAR2(218 BYTE),218,,,Y,7,,218,B,
EMPRESASSENNOVAFOMENTO,DIRECCIÓN,VARCHAR2,VARCHAR2(278 BYTE),278,,,Y,8,,278,B,
EMPRESASSENNOVAFOMENTO,EMAIL,VARCHAR2,VARCHAR2(254 BYTE),254,,,Y,9,,254,B,
EMPRESASSENNOVAFOMENTO,Tamaño de la empresa,VARCHAR2,VARCHAR2(211 BYTE),211,,,Y,10,,211,B,
EMPRESASSENNOVAFOMENTO,Tipo de empresa,VARCHAR2,VARCHAR2(211 BYTE),211,,,Y,11,,211,B,
EMPRESASSENNOVAFOMENTO,Cruce con UIAE,VARCHAR2,VARCHAR2(22 BYTE),22,,,Y,12,,22,B,
EMPRESASSENNOVAI,NIT,NUMBER,"NUMBER(*,0)",22,,0,Y,1,,0,,
EMPRESASSENNOVAI,DEPARTAMENTO,VARCHAR2,VARCHAR2(224 BYTE),224,,,Y,2,,224,B,
EMPRESASSENNOVAI,REPRESENTANTE LEGAL,VARCHAR2,VARCHAR2(284 BYTE),284,,,Y,3,,284,B,
EMPRESASSENNOVAI,TELEFONO CONTACTO,VARCHAR2,VARCHAR2(213 BYTE),213,,,Y,4,,213,B,
EMPRESASSENNOVAI,CORREO ELECTRÓNICO,VARCHAR2,VARCHAR2(256 BYTE),256,,,Y,5,,256,B,
EMPRESASSENNOVAI,Cruce con UIAE,VARCHAR2,VARCHAR2(102 BYTE),102,,,Y,6,,102,B,
EMPRESASSENNOVAII,No,NUMBER,"NUMBER(*,0)",22,,0,Y,1,,0,,
EMPRESASSENNOVAII,CODIGO SIGP,NUMBER,"NUMBER(*,0)",22,,0,Y,2,,0,,
EMPRESASSENNOVAII,NIT,NUMBER,"NUMBER(*,0)",22,,0,Y,3,,0,,
EMPRESASSENNOVAII,EMPRESA,VARCHAR2,VARCHAR2(220 BYTE),220,,,Y,4,,220,B,
EMPRESASSENNOVAII,SECTOR,VARCHAR2,VARCHAR2(256 BYTE),256,,,Y,5,,256,B,
EMPRESASSENNOVAII,REPRESENTANTE LEGAL,VARCHAR2,VARCHAR2(236 BYTE),236,,,Y,6,,236,B,
EMPRESASSENNOVAII,CORREO,VARCHAR2,VARCHAR2(258 BYTE),258,,,Y,7,,258,B,
EMPRESASSENNOVAII,DIRECCION,VARCHAR2,VARCHAR2(298 BYTE),298,,,Y,8,,298,B,
EMPRESASSENNOVAII,TELEFONO,VARCHAR2,VARCHAR2(123 BYTE),123,,,Y,9,,123,B,
EMPRESASSENNOVAII,DEPARAMENTO,VARCHAR2,VARCHAR2(124 BYTE),124,,,Y,10,,124,B,
EMPRESASSENNOVAII,CIUDAD,VARCHAR2,VARCHAR2(122 BYTE),122,,,Y,11,,122,B,
EMPRESASSENNOVAII,Cruce con UIAE,VARCHAR2,VARCHAR2(22 BYTE),22,,,Y,12,,22,B,
EMPRESAS_ACTIVAS_EAE,EAE,VARCHAR2,VARCHAR2(22 BYTE),22,,,Y,1,,22,B,
EMPRESAS_ACTIVAS_EAE,IDENTIFICACION,NUMBER,"NUMBER(*,0)",22,,0,Y,2,,0,,
EMPRESAS_ACTIVAS_EAE,Razón Social,VARCHAR2,VARCHAR2(428 BYTE),428,,,Y,3,,428,B,
EMPRESAS_ACTIVAS_EAE,Tipo de Documento,VARCHAR2,VARCHAR2(232 BYTE),232,,,Y,4,,232,B,
EMPRESAS_ACTIVAS_EAE,DEPARTAMENTO,VARCHAR2,VARCHAR2(232 BYTE),232,,,Y,5,,232,B,
EMPRESAS_ACTIVAS_EAE,Tipo Empresa Sena,VARCHAR2,VARCHAR2(28 BYTE),28,,,Y,6,,28,B,
EMPRESAS_ACTIVAS_EAE,Tipo de Sede Anterior,VARCHAR2,VARCHAR2(226 BYTE),226,,,Y,7,,226,B,
EMPRESAS_ACTIVAS_EAE,GESTOR,VARCHAR2,VARCHAR2(264 BYTE),264,,,Y,8,,264,B,
EMPRESAS_ACTIVAS_EAE,CARGO,VARCHAR2,VARCHAR2(232 BYTE),232,,,Y,9,,232,B,
EMPRESAS_ACTIVAS_EAE,REG,VARCHAR2,VARCHAR2(232 BYTE),232,,,Y,10,,232,B,
EMPRESAS_ACTIVAS_EAE,EMPLEADOS,NUMBER,"NUMBER(*,0)",22,,0,Y,11,,0,,
EMPRESAS_ACT_UAIE,Nit,NUMBER,"NUMBER(*,0)",22,,0,Y,1,,0,,
EMPRESAS_ACT_UAIE,RazonSocial,VARCHAR2,VARCHAR2(250 BYTE),250,,,Y,2,,250,B,
EMPRESAS_ACT_UAIE,Tipo_de_Documento,VARCHAR2,VARCHAR2(40 BYTE),40,,,Y,3,,40,B,
EMPRESAS_ACT_UAIE,DEPARTAMENTO,VARCHAR2,VARCHAR2(50 BYTE),50,,,Y,4,,50,B,
EMPRESAS_FE,NIT,NUMBER,"NUMBER(*,0)",22,,0,Y,1,,0,,
EMPRESAS_FE,Nombre Beneficiario,VARCHAR2,VARCHAR2(447 BYTE),447,,,Y,2,,447,B,
EMPRESAS_FE,NOMBRE_PROYECTO,VARCHAR2,VARCHAR2(435 BYTE),435,,,Y,3,,435,B,
EMPRESAS_FE,CIUDAD,VARCHAR2,VARCHAR2(128 BYTE),128,,,Y,4,,128,B,
EMPRESAS_FE,DEPARTAMENTO,VARCHAR2,VARCHAR2(126 BYTE),126,,,Y,5,,126,B,
EMPRESAS_FE,ESTADO,VARCHAR2,VARCHAR2(16 BYTE),16,,,Y,6,,16,B,
EMPRESAS_FE,CORREO,VARCHAR2,VARCHAR2(141 BYTE),141,,,Y,7,,141,B,
EMPRESAS_FE,TELEFONO,VARCHAR2,VARCHAR2(141 BYTE),141,,,Y,8,,141,B,
EMPRESAS_FE,EMPLEOS_VERIFICADOS,NUMBER,"NUMBER(*,0)",22,,0,Y,9,,0,,
EMPRESAS_FE,CIIU,NUMBER,"NUMBER(*,0)",22,,0,Y,10,,0,,
EMPRESA_ANULADA,EMP_ID,NUMBER,"NUMBER(8,0)",22,8,0,N,1,,0,,
EMPRESA_ANULADA,TDI_ID,NUMBER,"NUMBER(1,0)",22,1,0,N,2,,0,,
EMPRESA_ANULADA,EMP_IDENTIFICACION,NUMBER,"NUMBER(15,0)",22,15,0,N,3,,0,,
EMPRESA_ANULADA,EMP_RAZON_SOCIAL,VARCHAR2,VARCHAR2(150 BYTE),150,,,N,4,,150,B,
EMPRESA_ANULADA,TEM_ID,NUMBER,"NUMBER(2,0)",22,2,0,N,5,,0,,
EMPRESA_ANULADA,CIIU_ID,VARCHAR2,VARCHAR2(4 BYTE),4,,,N,6,,4,B,
EMPRESA_ANULADA,EMP_NATURALEZA,NUMBER,"NUMBER(1,0)",22,1,0,N,7,,0,,
EMPRESA_ANULADA,EMP_NUM_TRABAJADORES,NUMBER,"NUMBER(5,0)",22,5,0,N,8,,0,,
EMPRESA_ANULADA,PAI_ID,NUMBER,"NUMBER(3,0)",22,3,0,N,9,,0,,
EMPRESA_ANULADA,DPT_ID,NUMBER,"NUMBER(7,0)",22,7,0,Y,10,,0,,
EMPRESA_ANULADA,MPO_ID,NUMBER,"NUMBER(9,0)",22,9,0,Y,11,,0,,
EMPRESA_ANULADA,ZON_ID,NUMBER,"NUMBER(12,0)",22,12,0,Y,12,,0,,
EMPRESA_ANULADA,BAR_ID,NUMBER,"NUMBER(6,0)",22,6,0,Y,13,,0,,
EMPRESA_ANULADA,EMP_DIRECCION,VARCHAR2,VARCHAR2(100 BYTE),100,,,N,14,,100,B,
EMPRESA_ANULADA,EMP_TEL,VARCHAR2,VARCHAR2(20 BYTE),20,,,N,15,,20,B,
EMPRESA_ANULADA,EMP_EXT_TEL,NUMBER,"NUMBER(6,0)",22,6,0,Y,16,,0,,
EMPRESA_ANULADA,EMP_TEL_ALT,VARCHAR2,VARCHAR2(20 BYTE),20,,,Y,17,,20,B,
EMPRESA_ANULADA,EMP_EXT_TEL_ALT,NUMBER,"NUMBER(6,0)",22,6,0,Y,18,,0,,
EMPRESA_ANULADA,EMP_FAX,VARCHAR2,VARCHAR2(20 BYTE),20,,,Y,19,,20,B,
EMPRESA_ANULADA,EMP_EXT_FAX,NUMBER,"NUMBER(6,0)",22,6,0,Y,20,,0,,
EMPRESA_ANULADA,EMP_SITIO_WEB,VARCHAR2,VARCHAR2(100 BYTE),100,,,Y,21,,100,B,
EMPRESA_ANULADA,EMP_SEDE,NUMBER,"NUMBER(1,0)",22,1,0,N,22,,0,,
EMPRESA_ANULADA,EMP_REP_LEGAL,VARCHAR2,VARCHAR2(100 BYTE),100,,,N,23,,100,B,
EMPRESA_ANULADA,EMP_CORREO_REP_LEGAL,VARCHAR2,VARCHAR2(100 BYTE),100,,,Y,24,,100,B,
EMPRESA_ANULADA,EMP_RECURSOS_HUMANOS,VARCHAR2,VARCHAR2(100 BYTE),100,,,N,25,,100,B,
EMPRESA_ANULADA,EMP_CORREO_RECURSOS,VARCHAR2,VARCHAR2(100 BYTE),100,,,Y,26,,100,B,
EMPRESA_ANULADA,EMP_TEL_RECURSOS,VARCHAR2,VARCHAR2(20 BYTE),20,,,N,27,,20,B,
EMPRESA_ANULADA,EMP_EXT_TEL_RH,NUMBER,"NUMBER(6,0)",22,6,0,Y,28,,0,,
EMPRESA_ANULADA,EMP_TEL_RECURSOS_ALT,VARCHAR2,VARCHAR2(20 BYTE),20,,,Y,29,,20,B,
EMPRESA_ANULADA,EMP_EXT_TEL_RH_ALT,NUMBER,"NUMBER(6,0)",22,6,0,Y,30,,0,,
EMPRESA_ANULADA,EMP_MED_INSCRIPCION,NUMBER,"NUMBER(1,0)",22,1,0,N,31,,0,,
EMPRESA_ANULADA,EMP_CLAVE,NUMBER,"NUMBER(10,0)",22,10,0,N,32,,0,,
EMPRESA_ANULADA,EMP_PREGUNTA,VARCHAR2,VARCHAR2(40 BYTE),40,,,N,33,,40,B,
EMPRESA_ANULADA,EMP_RESPUESTA,VARCHAR2,VARCHAR2(40 BYTE),40,,,N,34,,40,B,
EMPRESA_ANULADA,FUN_ID,NUMBER,"NUMBER(5,0)",22,5,0,Y,35,,0,,
EMPRESA_ANULADA,CSPE_ID,NUMBER,"NUMBER(7,0)",22,7,0,Y,36,,0,,
EMPRESA_ANULADA,REG_ID,NUMBER,"NUMBER(2,0)",22,2,0,N,37,,0,,
EMPRESA_ANULADA,EMP_TEL_CEL,NUMBER,"NUMBER(10,0)",22,10,0,Y,38,,0,,
EMPRESA_ANULADA,EMP_IND_TEL,NUMBER,"NUMBER(5,0)",22,5,0,Y,39,,0,,
EMPRESA_ANULADA,EMP_IND_TEL_ALT,NUMBER,"NUMBER(5,0)",22,5,0,Y,40,,0,,
EMPRESA_ANULADA,EMP_IND_TEL_RECURSOS,NUMBER,"NUMBER(5,0)",22,5,0,Y,41,,0,,
EMPRESA_ANULADA,EMP_IND_TEL_RECURSOS_ALT,NUMBER,"NUMBER(5,0)",22,5,0,Y,42,,0,,
EMPRESA_ANULADA,EMP_POSTU_RESTRINGIDAS,NUMBER,"NUMBER(1,0)",22,1,0,Y,43,,0,,
EMPRESA_ESPECIAL,EES_ID,NUMBER,"NUMBER(3,0)",22,3,0,N,1,,0,,
EMPRESA_ESPECIAL,EES_NOMBRE,VARCHAR2,VARCHAR2(50 BYTE),50,,,N,2,,50,B,
EMPRESA_ESPECIAL,EES_DESCRIPCION,VARCHAR2,VARCHAR2(300 BYTE),300,,,N,3,,300,B,
EMPRESA_ESPECIAL,EES_ESTADO,NUMBER,"NUMBER(1,0)",22,1,0,N,4,,0,,
EMPRESA_ESPECIAL,EES_FCH_CREACION,DATE,DATE,7,,,N,5,,0,,
EMPRESA_ESPECIAL,EES_FCH_INI,DATE,DATE,7,,,N,6,,0,,
EMPRESA_ESPECIAL,EES_FCH_FIN,DATE,DATE,7,,,Y,7,,0,,
EMPRESA_ESPECIAL,EES_HAB_INTERNET,NUMBER,"NUMBER(1,0)",22,1,0,N,8,,0,,
EMPRESA_ESPECIAL,EES_DUP_INDICE,NUMBER,"NUMBER(1,0)",22,1,0,N,9,0 ,0,,
EMPRESA_ESPECIAL,EES_POSTULACION_INC,NUMBER,"NUMBER(1,0)",22,1,0,N,10,1 ,0,,
EMPRESA_ESPECIAL,EES_BUSCA_PCLAVE,NUMBER,"NUMBER(1,0)",22,1,0,N,11,0 ,0,,
EMPRESA_PILA_TEMP,TDI_ID,NUMBER,"NUMBER(1,0)",22,1,0,N,1,,0,,
EMPRESA_PILA_TEMP,EMP_IDENTIFICACION,NUMBER,"NUMBER(15,0)",22,15,0,N,2,,0,,
EMPRESA_PILA_TEMP,EMP_RAZON_SOCIAL,VARCHAR2,VARCHAR2(150 BYTE),150,,,N,3,,150,B,
EMPRESA_PILA_TEMP,TEM_ID,NUMBER,"NUMBER(2,0)",22,2,0,N,4,,0,,
EMPRESA_PILA_TEMP,CIIU_ID,VARCHAR2,VARCHAR2(4 BYTE),4,,,Y,5,,4,B,
EMPRESA_PILA_TEMP,EMP_NATURALEZA,NUMBER,"NUMBER(1,0)",22,1,0,N,6,,0,,
EMPRESA_PILA_TEMP,EMP_NUM_TRABAJADORES,NUMBER,"NUMBER(5,0)",22,5,0,Y,7,,0,,
EMPRESA_PILA_TEMP,PAI_ID,NUMBER,"NUMBER(3,0)",22,3,0,N,8,57 ,0,,
EMPRESA_PILA_TEMP,DPT_ID,NUMBER,"NUMBER(7,0)",22,7,0,N,9,,0,,
EMPRESA_PILA_TEMP,MPO_ID,NUMBER,"NUMBER(9,0)",22,9,0,N,10,,0,,
EMPRESA_PILA_TEMP,EMP_DIRECCION,VARCHAR2,VARCHAR2(100 BYTE),100,,,N,11,,100,B,
EMPRESA_PILA_TEMP,EMP_TEL,VARCHAR2,VARCHAR2(20 BYTE),20,,,Y,12,,20,B,
EMPRESA_PILA_TEMP,EMP_FAX,VARCHAR2,VARCHAR2(20 BYTE),20,,,Y,13,,20,B,
EMPRESA_PILA_TEMP,EMP_SEDE,NUMBER,"NUMBER(1,0)",22,1,0,N,14,,0,,
EMPRESA_PILA_TEMP,EMP_REP_LEGAL,VARCHAR2,VARCHAR2(100 BYTE),100,,,N,15,,100,B,
EMPRESA_PILA_TEMP,EMP_CORREO_REP_LEGAL,VARCHAR2,VARCHAR2(100 BYTE),100,,,Y,16,,100,B,
EMPRESA_PILA_TEMP,EMP_RECURSOS_HUMANOS,VARCHAR2,VARCHAR2(100 BYTE),100,,,N,17,,100,B,
EMPRESA_PILA_TEMP,EMP_TEL_RECURSOS,VARCHAR2,VARCHAR2(100 BYTE),100,,,N,18,,100,B,
EMPRESA_PILA_TEMP,FECHA_CARGUE,DATE,DATE,7,,,Y,19,,0,,
EMPXEES,EEE_ID,NUMBER,"NUMBER(12,0)",22,12,0,N,1,,0,,
EMPXEES,EMP_ID,NUMBER,"NUMBER(8,0)",22,8,0,N,2,,0,,
EMPXEES,EES_ID,NUMBER,"NUMBER(3,0)",22,3,0,N,3,,0,,
EMPXEES,EEE_FCH_REGISTRO,DATE,DATE,7,,,N,4,,0,,
EMPXEES,FUN_ID,NUMBER,"NUMBER(5,0)",22,5,0,Y,5,,0,,
EMPXEES_COP,EEE_ID,NUMBER,"NUMBER(12,0)",22,12,0,N,1,,0,,
EMPXEES_COP,EMP_ID,NUMBER,"NUMBER(8,0)",22,8,0,N,2,,0,,
EMPXEES_COP,EES_ID,NUMBER,"NUMBER(3,0)",22,3,0,N,3,,0,,
EMPXEES_COP,EEE_FCH_REGISTRO,DATE,DATE,7,,,N,4,,0,,
EMPXEES_COP,FUN_ID,NUMBER,"NUMBER(5,0)",22,5,0,Y,5,,0,,
EMP_ACTIVAS_UAIE,DEPARTAMENTO,VARCHAR2,VARCHAR2(184 BYTE),184,,,Y,1,,184,B,
EMP_ACTIVAS_UAIE,RAZÓN_SOCIAL,VARCHAR2,VARCHAR2(200 BYTE),200,,,Y,2,,200,B,
EMP_ACTIVAS_UAIE,TIPO_DOCUMENTO,VARCHAR2,VARCHAR2(200 BYTE),200,,,Y,3,,200,B,
EMP_ACTIVAS_UAIE,NIT,NUMBER,"NUMBER(*,0)",22,,0,Y,4,,0,,
EMP_TALLER,EMT_ID,NUMBER,"NUMBER(15,0)",22,15,0,N,1,,0,,
EMP_TALLER,ETA_ID,NUMBER,"NUMBER(12,0)",22,12,0,N,2,,0,,
EMP_TALLER,EMP_ID,NUMBER,"NUMBER(8,0)",22,8,0,N,3,,0,,
ENVIO,ENV_ID,NUMBER,"NUMBER(15,0)",22,15,0,N,1,,0,,
ENVIO,OFT_ID,NUMBER,"NUMBER(9,0)",22,9,0,N,2,,0,,
ENVIO,DEM_ID,NUMBER,"NUMBER(10,0)",22,10,0,N,3,,0,,
ENVIO,ENV_AUTOR,NUMBER,"NUMBER(1,0)",22,1,0,N,4,,0,,
ENVIO,ENV_FCH_REGISTRO,DATE,DATE,7,,,N,5,,0,,
ENVIO,FUN_ID,NUMBER,"NUMBER(5,0)",22,5,0,Y,6,,0,,
ENVIO,CSPE_ID,NUMBER,"NUMBER(7,0)",22,7,0,Y,7,,0,,
ENVIO,ENV_MEDIO,NUMBER,"NUMBER(1,0)",22,1,0,N,8,,0,,
ENVIO,FSO_ID,NUMBER,"NUMBER(2,0)",22,2,0,Y,9,,0,,
ENVIO,ENV_FCH_SEGUIMIENTO,DATE,DATE,7,,,Y,10,,0,,
ENVIO,FUN_ID_SEGUIMIENTO,NUMBER,"NUMBER(5,0)",22,5,0,Y,11,,0,,
ENVIO,ENV_SEG_DESCRIPCION,VARCHAR2,VARCHAR2(80 BYTE),80,,,Y,12,,80,B,
ENVIO,ENV_DIRECTO,NUMBER,"NUMBER(1,0)",22,1,0,N,13,0 ,0,,
ENVIO,RCH_ENV_DIRECTO_REM,NUMBER,NUMBER,22,,,Y,14,,0,,
ENVIO_SENSIBILIZACION,ENV_SEN_ID,NUMBER,"NUMBER(15,0)",22,15,0,N,1,,0,,
ENVIO_SENSIBILIZACION,OFT_ID,NUMBER,"NUMBER(9,0)",22,9,0,N,2,,0,,
ENVIO_SENSIBILIZACION,DEM_ID,NUMBER,"NUMBER(10,0)",22,10,0,N,3,,0,,
ENVIO_SENSIBILIZACION,FCH_REGISTRO,DATE,DATE,7,,,N,4,,0,,
ENVIO_SENSIBILIZACION,FUN_ID,NUMBER,"NUMBER(5,0)",22,5,0,N,5,,0,,
ENVIO_SENSIBILIZACION,CSPE_ID,NUMBER,"NUMBER(7,0)",22,7,0,N,6,,0,,
ENVIO_SENSIBILIZACION,APLICA,NUMBER,"NUMBER(1,0)",22,1,0,Y,7,,0,,
ESPECIALIDAD_ARD,EAD_ID,NUMBER,"NUMBER(3,0)",22,3,0,N,1,,0,,
ESPECIALIDAD_ARD,EAD_NOMBRE,VARCHAR2,VARCHAR2(100 BYTE),100,,,N,2,,100,B,
ESPECIALIDAD_ARD,ARD_ID,VARCHAR2,VARCHAR2(1 BYTE),1,,,N,3,,1,B,
ESTACION_CONSULTA,ECN_ID,NUMBER,"NUMBER(4,0)",22,4,0,N,1,,0,,
ESTACION_CONSULTA,ECN_NOMBRE,VARCHAR2,VARCHAR2(20 BYTE),20,,,N,2,,20,B,
ESTACION_CONSULTA,ECN_DESCRIPCION,VARCHAR2,VARCHAR2(200 BYTE),200,,,Y,3,,200,B,
ESTACION_CONSULTA,ECN_FCH_INGRESO,DATE,DATE,7,,,N,4,,0,,
ESTACION_CONSULTA,CSPE_ID,NUMBER,"NUMBER(7,0)",22,7,0,N,5,,0,,
ESTACION_CONSULTA,ECN_ESTADO,NUMBER,"NUMBER(1,0)",22,1,0,N,6,,0,,
ESTACION_CONSULTA,ECN_CLAVE,NUMBER,"NUMBER(4,0)",22,4,0,N,7,,0,,
ESTADISTICAS_PROD,STATID,VARCHAR2,VARCHAR2(30 BYTE),30,,,Y,1,,30,B,
ESTADISTICAS_PROD,TYPE,CHAR,CHAR(1 BYTE),1,,,Y,2,,1,B,
ESTADISTICAS_PROD,VERSION,NUMBER,NUMBER,22,,,Y,3,,0,,
ESTADISTICAS_PROD,FLAGS,NUMBER,NUMBER,22,,,Y,4,,0,,
ESTADISTICAS_PROD,C1,VARCHAR2,VARCHAR2(30 BYTE),30,,,Y,5,,30,B,
ESTADISTICAS_PROD,C2,VARCHAR2,VARCHAR2(30 BYTE),30,,,Y,6,,30,B,
ESTADISTICAS_PROD,C3,VARCHAR2,VARCHAR2(30 BYTE),30,,,Y,7,,30,B,
ESTADISTICAS_PROD,C4,VARCHAR2,VARCHAR2(30 BYTE),30,,,Y,8,,30,B,
ESTADISTICAS_PROD,C5,VARCHAR2,VARCHAR2(30 BYTE),30,,,Y,9,,30,B,
ESTADISTICAS_PROD,N1,NUMBER,NUMBER,22,,,Y,10,,0,,
ESTADISTICAS_PROD,N2,NUMBER,NUMBER,22,,,Y,11,,0,,
ESTADISTICAS_PROD,N3,NUMBER,NUMBER,22,,,Y,12,,0,,
ESTADISTICAS_PROD,N4,NUMBER,NUMBER,22,,,Y,13,,0,,
ESTADISTICAS_PROD,N5,NUMBER,NUMBER,22,,,Y,14,,0,,
ESTADISTICAS_PROD,N6,NUMBER,NUMBER,22,,,Y,15,,0,,
ESTADISTICAS_PROD,N7,NUMBER,NUMBER,22,,,Y,16,,0,,
ESTADISTICAS_PROD,N8,NUMBER,NUMBER,22,,,Y,17,,0,,
ESTADISTICAS_PROD,N9,NUMBER,NUMBER,22,,,Y,18,,0,,
ESTADISTICAS_PROD,N10,NUMBER,NUMBER,22,,,Y,19,,0,,
ESTADISTICAS_PROD,N11,NUMBER,NUMBER,22,,,Y,20,,0,,
ESTADISTICAS_PROD,N12,NUMBER,NUMBER,22,,,Y,21,,0,,
ESTADISTICAS_PROD,D1,DATE,DATE,7,,,Y,22,,0,,
ESTADISTICAS_PROD,R1,RAW,RAW,32,,,Y,23,,0,,
ESTADISTICAS_PROD,R2,RAW,RAW,32,,,Y,24,,0,,
ESTADISTICAS_PROD,CH1,VARCHAR2,VARCHAR2(1000 BYTE),1000,,,Y,25,,1000,B,
ESTADO_CIVIL,ESC_ID,NUMBER,"NUMBER(1,0)",22,1,0,N,1,,0,,
ESTADO_CIVIL,ESC_NOMBRE,VARCHAR2,VARCHAR2(20 BYTE),20,,,N,2,,20,B,
ESTADO_CIVIL,ESC_VAL_OFERTA,NUMBER,"NUMBER(1,0)",22,1,0,N,3,,0,,
ESTADO_CIVIL,ESC_VAL_DEMANDA,NUMBER,"NUMBER(1,0)",22,1,0,N,4,,0,,
ESTADO_CURSO,ECR_ID,NUMBER,"NUMBER(2,0)",22,2,0,N,1,,0,,
ESTADO_CURSO,ECR_NOMBRE,VARCHAR2,VARCHAR2(100 BYTE),100,,,N,2,,100,B,
ESTADO_CURSO,ECR_DESCRIPCION,VARCHAR2,VARCHAR2(100 BYTE),100,,,N,3,,100,B,
ESTADO_CURSO,ECR_HAB_MATRICULA,NUMBER,"NUMBER(1,0)",22,1,0,N,4,,0,,
ESTADO_DEMANDA,ESD_ID,NUMBER,"NUMBER(2,0)",22,2,0,N,1,,0,,
ESTADO_DEMANDA,ESD_NOMBRE,VARCHAR2,VARCHAR2(100 BYTE),100,,,N,2,,100,B,
ESTADO_DEMANDA,ESD_DESCRIPCION,VARCHAR2,VARCHAR2(100 BYTE),100,,,N,3,,100,B,
ESTADO_DEMANDA,ESD_HAB_CRUCE_DEM,NUMBER,"NUMBER(1,0)",22,1,0,N,4,,0,,
ESTADO_EMPRESA,ESE_ID,NUMBER,"NUMBER(2,0)",22,2,0,N,1,,0,,
ESTADO_EMPRESA,ESE_NOMBRE,VARCHAR2,VARCHAR2(100 BYTE),100,,,N,2,,100,B,
ESTADO_EMPRESA,ESE_DESCRIPCION,VARCHAR2,VARCHAR2(100 BYTE),100,,,N,3,,100,B,
ESTADO_EMPRESA,ESE_HAB_CAPT_DEM,NUMBER,"NUMBER(1,0)",22,1,0,N,4,,0,,
ESTADO_OFERTA,ESO_ID,NUMBER,"NUMBER(2,0)",22,2,0,N,1,,0,,
ESTADO_OFERTA,ESO_NOMBRE,VARCHAR2,VARCHAR2(100 BYTE),100,,,N,2,,100,B,
ESTADO_OFERTA,ESO_DESCRIPCION,VARCHAR2,VARCHAR2(300 BYTE),300,,,N,3,,300,B,
ESTADO_OFERTA,ESO_HAB_CONSUL_DEM,NUMBER,"NUMBER(1,0)",22,1,0,N,4,,0,,
ESTRATO,ETR_ID,NUMBER,"NUMBER(1,0)",22,1,0,N,1,,0,,
ESTRATO,ETR_NOMBRE,VARCHAR2,VARCHAR2(20 BYTE),20,,,N,2,,20,B,
ESTUDIO_FORMAL,ETF_ID,NUMBER,"NUMBER(7,0)",22,7,0,N,1,,0,,
ESTUDIO_FORMAL,ETF_REF_ICFES,VARCHAR2,VARCHAR2(25 BYTE),25,,,Y,2,,25,B,
ESTUDIO_FORMAL,ETF_INI,NUMBER,"NUMBER(2,0)",22,2,0,N,3,,0,,
ESTUDIO_FORMAL,ETF_FIN,NUMBER,"NUMBER(2,0)",22,2,0,N,4,,0,,
ESTUDIO_FORMAL,ETF_ESTADO,NUMBER,"NUMBER(1,0)",22,1,0,N,5,,0,,
ESTUDIO_FORMAL,TIT_ID,NUMBER,"NUMBER(5,0)",22,5,0,N,6,,0,,
ESTUDIO_FORMAL,MET_ID,NUMBER,"NUMBER(1,0)",22,1,0,N,7,,0,,
ESTUDIO_FORMAL,INS_ID,NUMBER,"NUMBER(7,0)",22,7,0,N,8,,0,,
ESTUDIO_FORMAL,ARC_ID,NUMBER,"NUMBER(1,0)",22,1,0,N,9,,0,,
ESTUDIO_FORMAL,NIA_ID,NUMBER,"NUMBER(2,0)",22,2,0,N,10,,0,,
ESTUDIO_FORMAL,DUR_ID,NUMBER,"NUMBER(2,0)",22,2,0,N,11,,0,,
ESTUDIO_FORMAL,MPO_ID,NUMBER,"NUMBER(9,0)",22,9,0,N,12,,0,,
ESTUDIO_FORMAL,DPT_ID,NUMBER,"NUMBER(7,0)",22,7,0,N,13,,0,,
ESTUDIO_FORMAL,ETF_ORIGEN,NUMBER,"NUMBER(1,0)",22,1,0,N,14,0 ,0,,
ESTUDIO_NO_FORMAL,ENF_ID,NUMBER,"NUMBER(7,0)",22,7,0,N,1,,0,,
ESTUDIO_NO_FORMAL,ENF_NOMBRE,VARCHAR2,VARCHAR2(200 BYTE),200,,,N,2,,200,B,
ESTUDIO_NO_FORMAL,EAD_ID,NUMBER,"NUMBER(3,0)",22,3,0,N,3,,0,,
ESTUDIO_NO_FORMAL,TIE_ID,NUMBER,"NUMBER(1,0)",22,1,0,N,4,,0,,
EVENTO,EVE_ID,NUMBER,"NUMBER(9,0)",22,9,0,N,1,,0,,
EVENTO,TEV_ID,NUMBER,"NUMBER(2,0)",22,2,0,N,2,,0,,
EVENTO,EVE_IDENTIFICADOR,NUMBER,"NUMBER(12,0)",22,12,0,Y,3,,0,,
EVENTO,EVE_FCH_REGISTRO,DATE,DATE,7,,,N,4,,0,,
EVENTO,EVE_ERROR_STACK,VARCHAR2,VARCHAR2(2000 BYTE),2000,,,Y,5,,2000,B,
EVENTOS,EVENTO_ID,NUMBER,NUMBER,22,,,N,1,,0,,"Secuencia de la tabla, Id del evento"
EVENTOS,TEA_ID,NUMBER,"NUMBER(2,0)",22,2,0,N,2,,0,,"Estrategia a la que le apunta el evento(Microrueda,Oficina móvil, Jornadas empleabilidad, etc)"
EVENTOS,EVENTO_NOMBRE,VARCHAR2,VARCHAR2(500 BYTE),500,,,Y,3,,500,B,Nombre del evento. (Microrueda de empleo dÌa de la mujer)
EVENTOS,EVENTO_FECHA,DATE,DATE,7,,,Y,4,,0,,Fecha en la que se realiza el evento
EVENTOS,MPO_ID,NUMBER,NUMBER,22,,,Y,5,,0,,Municipio en el que se ejecuta el evento
EVENTOS,EVENTO_ESTADO,NUMBER,"NUMBER(2,0)",22,2,0,Y,6,,0,,Estado del evento (Activo-Inactivo)
EVENTOS,EVENTO_FCH_REGISTRO,DATE,DATE,7,,,Y,7,,0,,Fecha en la que se registra el evento
EVENTOS,FUN_ID,NUMBER,NUMBER,22,,,Y,8,,0,,Funcionario quien registra el evento
EXPERIENCIAXFUNCION,EXF_ID,NUMBER,"NUMBER(12,0)",22,12,0,N,1,,0,,
EXPERIENCIAXFUNCION,OEX_ID,NUMBER,"NUMBER(12,0)",22,12,0,N,2,,0,,
EXPERIENCIAXFUNCION,FNC_ID,NUMBER,"NUMBER(5,0)",22,5,0,N,3,,0,,
FUENTE_SEG_CURSO,FSC_ID,NUMBER,"NUMBER(2,0)",22,2,0,N,1,,0,,
FUENTE_SEG_CURSO,FSC_ACCION,VARCHAR2,VARCHAR2(150 BYTE),150,,,N,2,,150,B,
FUENTE_SEG_CURSO,FSC_NOMBRE,VARCHAR2,VARCHAR2(300 BYTE),300,,,N,3,,300,B,
FUENTE_SEG_CURSO,ECR_INI,NUMBER,"NUMBER(2,0)",22,2,0,Y,4,,0,,
FUENTE_SEG_CURSO,ECR_FIN,NUMBER,"NUMBER(2,0)",22,2,0,Y,5,,0,,
FUENTE_SEG_CURSO,FSC_ANUL_CURSO_CSPE,NUMBER,"NUMBER(1,0)",22,1,0,N,6,,0,,
FUENTE_SEG_DEMANDA,FSD_ID,NUMBER,"NUMBER(2,0)",22,2,0,N,1,,0,,
FUENTE_SEG_DEMANDA,FSD_ACCION,VARCHAR2,VARCHAR2(150 BYTE),150,,,N,2,,150,B,
FUENTE_SEG_DEMANDA,FSD_NOMBRE,VARCHAR2,VARCHAR2(300 BYTE),300,,,N,3,,300,B,
FUENTE_SEG_DEMANDA,ESD_INI,NUMBER,"NUMBER(2,0)",22,2,0,Y,4,,0,,
FUENTE_SEG_DEMANDA,ESD_FIN,NUMBER,"NUMBER(2,0)",22,2,0,Y,5,,0,,
FUENTE_SEG_DEMANDA,FSD_VALIDA_DEM_CSPE,NUMBER,"NUMBER(1,0)",22,1,0,N,6,,0,,
FUENTE_SEG_DEMANDA,FSD_REDUCE_VTE_CSPE,NUMBER,"NUMBER(1,0)",22,1,0,N,7,,0,,
FUENTE_SEG_DEMANDA,FSD_REDUCE_VTE_WEB,NUMBER,"NUMBER(1,0)",22,1,0,N,8,,0,,
FUENTE_SEG_EMPRESA,FSE_ID,NUMBER,"NUMBER(2,0)",22,2,0,N,1,,0,,
FUENTE_SEG_EMPRESA,FSE_ACCION,VARCHAR2,VARCHAR2(150 BYTE),150,,,N,2,,150,B,
FUENTE_SEG_EMPRESA,FSE_NOMBRE,VARCHAR2,VARCHAR2(300 BYTE),300,,,N,3,,300,B,
FUENTE_SEG_EMPRESA,ESE_INI,NUMBER,"NUMBER(2,0)",22,2,0,Y,4,,0,,
FUENTE_SEG_EMPRESA,ESE_FIN,NUMBER,"NUMBER(2,0)",22,2,0,Y,5,,0,,
FUENTE_SEG_EMPRESA,FSE_SEG_UNIVERS_CSPE,NUMBER,"NUMBER(1,0)",22,1,0,N,6,,0,,
FUENTE_SEG_EMPRESA,FSE_ACU_SUSPENSION,NUMBER,"NUMBER(1,0)",22,1,0,N,7,,0,,
FUENTE_SEG_OFERTA,FSO_ID,NUMBER,"NUMBER(2,0)",22,2,0,N,1,,0,,
FUENTE_SEG_OFERTA,FSO_ACCION,VARCHAR2,VARCHAR2(150 BYTE),150,,,N,2,,150,B,
FUENTE_SEG_OFERTA,FSO_NOMBRE,VARCHAR2,VARCHAR2(300 BYTE),300,,,N,3,,300,B,
FUENTE_SEG_OFERTA,ESO_INI,NUMBER,"NUMBER(2,0)",22,2,0,Y,4,,0,,
FUENTE_SEG_OFERTA,ESO_FIN,NUMBER,"NUMBER(2,0)",22,2,0,Y,5,,0,,
FUENTE_SEG_OFERTA,FSO_ANULA_ENV,NUMBER,"NUMBER(1,0)",22,1,0,N,6,,0,,
FUENTE_SEG_OFERTA,FSO_SEG_CURSO,NUMBER,"NUMBER(1,0)",22,1,0,N,7,,0,,
FUENTE_SEG_OFERTA,FSO_SEG_ENV,NUMBER,"NUMBER(1,0)",22,1,0,N,8,,0,,
FUENTE_SEG_OFERTA,FSO_SEG_UNIVERS,NUMBER,"NUMBER(1,0)",22,1,0,N,9,,0,,
FUENTE_SEG_OFERTA,FSO_ACU_SUSPENSION,NUMBER,"NUMBER(1,0)",22,1,0,N,10,,0,,
FUENTE_SEG_OFERTA,FSO_ANULA_MAT,NUMBER,"NUMBER(1,0)",22,1,0,N,11,,0,,
FUNCION,FNC_ID,NUMBER,"NUMBER(5,0)",22,5,0,N,1,,0,,
FUNCION,FNC_DESCRIPCION,VARCHAR2,VARCHAR2(700 BYTE),700,,,Y,2,,700,B,
FUNCION,OCU_ID,VARCHAR2,VARCHAR2(4 BYTE),4,,,Y,3,,4,B,
FUNCIONARIO,FUN_ID,NUMBER,"NUMBER(5,0)",22,5,0,N,1,,0,,
FUNCIONARIO,OFT_ID,NUMBER,"NUMBER(9,0)",22,9,0,N,2,,0,,
FUNCIONARIO,FUN_FCH_REGISTRO,DATE,DATE,7,,,N,3,,0,,
FUNCIONARIO,FUN_ESTADO,NUMBER,"NUMBER(1,0)",22,1,0,N,4,,0,,
FUNCIONARIO,CSPE_ID,NUMBER,"NUMBER(7,0)",22,7,0,N,5,,0,,
FUNCIONARIO,REG_ID,NUMBER,"NUMBER(2,0)",22,2,0,N,6,,0,,
FUNCIONARIO,USR_NOMBRE,VARCHAR2,VARCHAR2(50 BYTE),50,,,Y,7,,50,B,
FUNCIONARIO,FUN_VER_TODAS_REGIONALES,NUMBER,"NUMBER(1,0)",22,1,0,N,8,0 ,0,,
FUNCIONARIO,FUN_PUBLICA_TRANSNACIONAL,NUMBER,"NUMBER(1,0)",22,1,0,N,9,0 ,0,,
FUNCION_COMPETENCIA_LABORAL,FNC_CPL_ID,NUMBER,"NUMBER(10,0)",22,10,0,N,1,,0,,
FUNCION_COMPETENCIA_LABORAL,FNC_ID,NUMBER,"NUMBER(5,0)",22,5,0,N,2,,0,,
FUNCION_COMPETENCIA_LABORAL,CPL_ID,NUMBER,"NUMBER(10,0)",22,10,0,Y,3,,0,,
FUNCION_COMPETENCIA_LABORAL,OCU_ID,VARCHAR2,VARCHAR2(4 BYTE),4,,,Y,4,,4,B,
FUNXGRUPO,FUN_ID,NUMBER,"NUMBER(5,0)",22,5,0,N,1,,0,,
FUNXGRUPO,GRP_ID,NUMBER,"NUMBER(2,0)",22,2,0,N,2,,0,,
FUNXGRUPO,FGR_FCH,DATE,DATE,7,,,N,3,,0,,
FUN_ESP,FUN_ID,NUMBER,"NUMBER(5,0)",22,5,0,N,1,,0,,
FUN_ESP,VAL_ESP,NUMBER,"NUMBER(1,0)",22,1,0,N,2,,0,,
FUN_POWERBI_REPORT,ID,NUMBER,NUMBER,22,,,Y,1,,0,,
GRUPO,GRP_ID,NUMBER,"NUMBER(2,0)",22,2,0,N,1,,0,,
GRUPO,GRP_NOMBRE,VARCHAR2,VARCHAR2(100 BYTE),100,,,N,2,,100,B,
GRUPO,GRP_FCH,DATE,DATE,7,,,N,3,,0,,
GRUPOXROL,GRP_ID,NUMBER,"NUMBER(2,0)",22,2,0,N,1,,0,,
GRUPOXROL,ROL_ID,NUMBER,"NUMBER(2,0)",22,2,0,N,2,,0,,
GRUPOXROL,GRR_FCH,DATE,DATE,7,,,N,3,,0,,
GRUPO_CIIU,GRC_ID,VARCHAR2,VARCHAR2(3 BYTE),3,,,N,1,,3,B,
GRUPO_CIIU,GRC_NOMBRE,VARCHAR2,VARCHAR2(250 BYTE),250,,,N,2,,250,B,
GRUPO_CIIU,DIC_ID,VARCHAR2,VARCHAR2(2 BYTE),2,,,N,3,,2,B,
GRUPO_META_TABLA,GMT_ID,NUMBER,"NUMBER(2,0)",22,2,0,N,1,,0,,
GRUPO_META_TABLA,GMT_NOMBRE,VARCHAR2,VARCHAR2(150 BYTE),150,,,N,2,,150,B,
GUIA_TALLER,GUT_ID,NUMBER,"NUMBER(2,0)",22,2,0,N,1,,0,,
GUIA_TALLER,GUT_NOMBRE,VARCHAR2,VARCHAR2(100 BYTE),100,,,N,2,,100,B,
GUIA_TALLER,GUT_DESCRIPCION,VARCHAR2,VARCHAR2(150 BYTE),150,,,N,3,,150,B,
GUIA_TALLER,GUT_TIPO,NUMBER,"NUMBER(1,0)",22,1,0,N,4,,0,,
GUIA_TALLER,GUT_ACTIVO,NUMBER,"NUMBER(1,0)",22,1,0,N,5,1 ,0,,Indica si el taller está activo o no
GUIA_TALLER,CJA_HERRAMIENTAS,NUMBER,"NUMBER(2,0)",22,2,0,Y,6,,0,,
HISTORICO_MOTIVO_COLOCACION,HMC_ID,NUMBER,"NUMBER(18,0)",22,18,0,N,1,,0,,
HISTORICO_MOTIVO_COLOCACION,ENV_ID,NUMBER,"NUMBER(18,0)",22,18,0,N,2,,0,,
HISTORICO_MOTIVO_COLOCACION,OFT_ID,NUMBER,"NUMBER(18,0)",22,18,0,N,3,,0,,
HISTORICO_MOTIVO_COLOCACION,DEM_ID,NUMBER,"NUMBER(18,0)",22,18,0,N,4,,0,,
HISTORICO_MOTIVO_COLOCACION,FSO_ID_ORIGINAL,NUMBER,"NUMBER(10,0)",22,10,0,N,5,,0,,
HISTORICO_MOTIVO_COLOCACION,FSO_ID_NUEVO,NUMBER,"NUMBER(10,0)",22,10,0,N,6,,0,,
HISTORICO_MOTIVO_COLOCACION,HMC_JUSTIFICACION,VARCHAR2,VARCHAR2(1000 CHAR),1000,,,N,7,,1000,C,
HISTORICO_MOTIVO_COLOCACION,FUN_ID,NUMBER,"NUMBER(18,0)",22,18,0,N,8,,0,,
HISTORICO_MOTIVO_COLOCACION,HMC_FCH_REGISTRO,DATE,DATE,7,,,N,9,,0,,
HIST_MC_BANIN_CONTRATACION,HMCBCT_ID,NUMBER,NUMBER,22,,,N,1,,0,,
HIST_MC_BANIN_CONTRATACION,MCBCT_ID,NUMBER,NUMBER,22,,,Y,2,,0,,
HIST_MC_BANIN_CONTRATACION,MCBCT_CODIGO,NUMBER,NUMBER,22,,,Y,3,,0,,
HIST_MC_BANIN_CONTRATACION,MBRB_ID_OLD,NUMBER,NUMBER,22,,,Y,4,,0,,
HIST_MC_BANIN_CONTRATACION,MBRB_PROYECTO_LEY_OLD,VARCHAR2,VARCHAR2(200 BYTE),200,,,Y,5,,200,B,
HIST_MC_BANIN_CONTRATACION,MBRB_ID_NEW,NUMBER,NUMBER,22,,,Y,6,,0,,
HIST_MC_BANIN_CONTRATACION,MBRB_PROYECTO_LEY_NEW,VARCHAR2,VARCHAR2(200 BYTE),200,,,Y,7,,200,B,
HIST_MC_BANIN_CONTRATACION,MBPR_ID_OLD,NUMBER,NUMBER,22,,,Y,8,,0,,
HIST_MC_BANIN_CONTRATACION,MBPR_NOMBRE_OLD,VARCHAR2,VARCHAR2(1000 BYTE),1000,,,Y,9,,1000,B,
HIST_MC_BANIN_CONTRATACION,MBPR_ID_NEW,NUMBER,NUMBER,22,,,Y,10,,0,,
HIST_MC_BANIN_CONTRATACION,MBPR_NOMBRE_NEW,VARCHAR2,VARCHAR2(1000 BYTE),1000,,,Y,11,,1000,B,
HIST_MC_BANIN_CONTRATACION,MBCL_ID_OLD,NUMBER,NUMBER,22,,,Y,12,,0,,
HIST_MC_BANIN_CONTRATACION,MBCL_NOMBRE_OLD,VARCHAR2,VARCHAR2(4000 BYTE),4000,,,Y,13,,4000,B,
HIST_MC_BANIN_CONTRATACION,MBCL_ID_NEW,NUMBER,NUMBER,22,,,Y,14,,0,,
HIST_MC_BANIN_CONTRATACION,MBCL_NOMBRE_NEW,VARCHAR2,VARCHAR2(4000 BYTE),4000,,,Y,15,,4000,B,
HIST_MC_BANIN_CONTRATACION,MBTFC_ID_OLD,NUMBER,NUMBER,22,,,Y,16,,0,,
HIST_MC_BANIN_CONTRATACION,MBTFC_NOMBRE_OLD,VARCHAR2,VARCHAR2(200 BYTE),200,,,Y,17,,200,B,
HIST_MC_BANIN_CONTRATACION,MBTFC_ID_NEW,NUMBER,NUMBER,22,,,Y,18,,0,,
HIST_MC_BANIN_CONTRATACION,MBTFC_NOMBRE_NEW,VARCHAR2,VARCHAR2(200 BYTE),200,,,Y,19,,200,B,
HIST_MC_BANIN_CONTRATACION,MBMCT_ID_OLD,NUMBER,NUMBER,22,,,Y,20,,0,,
HIST_MC_BANIN_CONTRATACION,MBMCT_NOMBRE_OLD,VARCHAR2,VARCHAR2(200 BYTE),200,,,Y,21,,200,B,
HIST_MC_BANIN_CONTRATACION,MBMCT_ID_NEW,NUMBER,NUMBER,22,,,Y,22,,0,,
HIST_MC_BANIN_CONTRATACION,MBMCT_NOMBRE_NEW,VARCHAR2,VARCHAR2(200 BYTE),200,,,Y,23,,200,B,
HIST_MC_BANIN_CONTRATACION,TIEMPO_CONTRA_MES_OLD,NUMBER,NUMBER,22,,,Y,24,,0,,
HIST_MC_BANIN_CONTRATACION,TIEMPO_CONTRA_MES_NEW,NUMBER,NUMBER,22,,,Y,25,,0,,
HIST_MC_BANIN_CONTRATACION,TIEMPO_CONTRA_DIAS_OLD,NUMBER,NUMBER,22,,,Y,26,,0,,
HIST_MC_BANIN_CONTRATACION,TIEMPO_CONTRA_DIAS_NEW,NUMBER,NUMBER,22,,,Y,27,,0,,
HIST_MC_BANIN_CONTRATACION,TIEMPO_CONTRA_HORAS_OLD,NUMBER,NUMBER,22,,,Y,28,,0,,
HIST_MC_BANIN_CONTRATACION,TIEMPO_CONTRA_HORAS_NEW,NUMBER,NUMBER,22,,,Y,29,,0,,
HIST_MC_BANIN_CONTRATACION,FECHA_INICIO_CONTRA_OLD,DATE,DATE,7,,,Y,30,,0,,
HIST_MC_BANIN_CONTRATACION,FECHA_INICIO_CONTRA_NEW,DATE,DATE,7,,,Y,31,,0,,
HIST_MC_BANIN_CONTRATACION,FECHA_FIN_CONTRA_OLD,DATE,DATE,7,,,Y,32,,0,,
HIST_MC_BANIN_CONTRATACION,FECHA_FIN_CONTRA_NEW,DATE,DATE,7,,,Y,33,,0,,
HIST_MC_BANIN_CONTRATACION,MBNE_ID_OLD,NUMBER,NUMBER,22,,,Y,34,,0,,
HIST_MC_BANIN_CONTRATACION,MBNE_NOMBRE_OLD,VARCHAR2,VARCHAR2(200 BYTE),200,,,Y,35,,200,B,
HIST_MC_BANIN_CONTRATACION,MBNE_ID_NEW,NUMBER,NUMBER,22,,,Y,36,,0,,
HIST_MC_BANIN_CONTRATACION,MBNE_NOMBRE_NEW,VARCHAR2,VARCHAR2(200 BYTE),200,,,Y,37,,200,B,
HIST_MC_BANIN_CONTRATACION,MBTT_ID_OLD,NUMBER,NUMBER,22,,,Y,38,,0,,
HIST_MC_BANIN_CONTRATACION,MBTT_TIPO_TARIFA_OLD,VARCHAR2,VARCHAR2(10 BYTE),10,,,Y,39,,10,B,
HIST_MC_BANIN_CONTRATACION,MBTT_ID_NEW,NUMBER,NUMBER,22,,,Y,40,,0,,
HIST_MC_BANIN_CONTRATACION,MBTT_TIPO_TARIFA_NEW,VARCHAR2,VARCHAR2(10 BYTE),10,,,Y,41,,10,B,
HIST_MC_BANIN_CONTRATACION,COSTO_CONTRA_OLD,NUMBER,NUMBER,22,,,Y,42,,0,,
HIST_MC_BANIN_CONTRATACION,COSTO_CONTRA_NEW,NUMBER,NUMBER,22,,,Y,43,,0,,
HIST_MC_BANIN_CONTRATACION,CANTIDAD_INSTRU_OLD,NUMBER,NUMBER,22,,,Y,44,,0,,
HIST_MC_BANIN_CONTRATACION,CANTIDAD_INSTRU_NEW,NUMBER,NUMBER,22,,,Y,45,,0,,
HIST_MC_BANIN_CONTRATACION,COSTO_TOTAL_OLD,NUMBER,NUMBER,22,,,Y,46,,0,,
HIST_MC_BANIN_CONTRATACION,COSTO_TOTAL_NEW,NUMBER,NUMBER,22,,,Y,47,,0,,
HIST_MC_BANIN_CONTRATACION,MBDP_ID_OLD,NUMBER,NUMBER,22,,,Y,48,,0,,
HIST_MC_BANIN_CONTRATACION,MBDP_CONVOCATORIA_OLD,VARCHAR2,VARCHAR2(100 BYTE),100,,,Y,49,,100,B,
HIST_MC_BANIN_CONTRATACION,MBDP_ID_NEW,NUMBER,NUMBER,22,,,Y,50,,0,,
HIST_MC_BANIN_CONTRATACION,MBDP_CONVOCATORIA_NEW,VARCHAR2,VARCHAR2(100 BYTE),100,,,Y,51,,100,B,
HIST_MC_BANIN_CONTRATACION,MPO_ID_OLD,NUMBER,NUMBER,22,,,Y,52,,0,,
HIST_MC_BANIN_CONTRATACION,MPO_NOMBRE_OLD,VARCHAR2,VARCHAR2(100 BYTE),100,,,Y,53,,100,B,
HIST_MC_BANIN_CONTRATACION,MPO_ID_NEW,NUMBER,NUMBER,22,,,Y,54,,0,,
HIST_MC_BANIN_CONTRATACION,MPO_NOMBRE_NEW,VARCHAR2,VARCHAR2(100 BYTE),100,,,Y,55,,100,B,
HIST_MC_BANIN_CONTRATACION,VALOR_PLAN_OLD,NUMBER,NUMBER,22,,,Y,56,,0,,
HIST_MC_BANIN_CONTRATACION,VALOR_PLAN_NEW,NUMBER,NUMBER,22,,,Y,57,,0,,
HIST_MC_BANIN_CONTRATACION,SALDO_DISPONIBLE_OLD,NUMBER,NUMBER,22,,,Y,58,,0,,
HIST_MC_BANIN_CONTRATACION,SALDO_DISPONIBLE_NEW,NUMBER,NUMBER,22,,,Y,59,,0,,
HIST_MC_BANIN_CONTRATACION,MEC_ID,NUMBER,NUMBER,22,,,Y,60,,0,,
HIST_MC_BANIN_CONTRATACION,ACCION,VARCHAR2,VARCHAR2(30 BYTE),30,,,Y,61,,30,B,
HIST_MC_BANIN_CONTRATACION,CREATED_AT,DATE,DATE,7,,,Y,62,,0,,
HIST_MC_BANIN_DEPEN_PRESU,HMBDPP_ID,NUMBER,NUMBER,22,,,N,1,,0,,
HIST_MC_BANIN_DEPEN_PRESU,MBDPP_ID,NUMBER,NUMBER,22,,,Y,2,,0,,
HIST_MC_BANIN_DEPEN_PRESU,MBD_ID_OLD,NUMBER,NUMBER,22,,,Y,3,,0,,
HIST_MC_BANIN_DEPEN_PRESU,MBD_NOMBRE_OLD,VARCHAR2,VARCHAR2(100 BYTE),100,,,Y,4,,100,B,
HIST_MC_BANIN_DEPEN_PRESU,MBD_ID_NEW,NUMBER,NUMBER,22,,,Y,5,,0,,
HIST_MC_BANIN_DEPEN_PRESU,MBD_NOMBRE_NEW,VARCHAR2,VARCHAR2(100 BYTE),100,,,Y,6,,100,B,
HIST_MC_BANIN_DEPEN_PRESU,MBDP_ID_OLD,NUMBER,NUMBER,22,,,Y,7,,0,,
HIST_MC_BANIN_DEPEN_PRESU,MBDP_CONVOCATORIA_OLD,VARCHAR2,VARCHAR2(100 BYTE),100,,,Y,8,,100,B,
HIST_MC_BANIN_DEPEN_PRESU,MBDP_ID_NEW,NUMBER,NUMBER,22,,,Y,9,,0,,
HIST_MC_BANIN_DEPEN_PRESU,MBDP_CONVOCATORIA_NEW,VARCHAR2,VARCHAR2(100 BYTE),100,,,Y,10,,100,B,
HIST_MC_BANIN_DEPEN_PRESU,MBDP_YEAR_OLD,NUMBER,NUMBER,22,,,Y,11,,0,,
HIST_MC_BANIN_DEPEN_PRESU,MBDP_YEAR_NEW,NUMBER,NUMBER,22,,,Y,12,,0,,
HIST_MC_BANIN_DEPEN_PRESU,VALOR_ASIGNADO_OLD,NUMBER,NUMBER,22,,,Y,13,,0,,
HIST_MC_BANIN_DEPEN_PRESU,VALOR_ASIGNADO_NEW,NUMBER,NUMBER,22,,,Y,14,,0,,
HIST_MC_BANIN_DEPEN_PRESU,VALOR_DISPONIBLE_OLD,NUMBER,NUMBER,22,,,Y,15,,0,,
HIST_MC_BANIN_DEPEN_PRESU,VALOR_DISPONIBLE_NEW,NUMBER,NUMBER,22,,,Y,16,,0,,
HIST_MC_BANIN_DEPEN_PRESU,MEC_ID,NUMBER,NUMBER,22,,,Y,17,,0,,
HIST_MC_BANIN_DEPEN_PRESU,ACCION,VARCHAR2,VARCHAR2(30 BYTE),30,,,Y,18,,30,B,
HIST_MC_BANIN_DEPEN_PRESU,CREATED_AT,DATE,DATE,7,,,Y,19,,0,,
HIST_MC_BANIN_RUBRO,HMBRB_ID,NUMBER,NUMBER,22,,,N,1,,0,,
HIST_MC_BANIN_RUBRO,MBRB_ID,NUMBER,NUMBER,22,,,Y,2,,0,,
HIST_MC_BANIN_RUBRO,PYTO_LEY_OLD,VARCHAR2,VARCHAR2(200 BYTE),200,,,Y,3,,200,B,
HIST_MC_BANIN_RUBRO,PYTO_LEY_NEW,VARCHAR2,VARCHAR2(200 BYTE),200,,,Y,4,,200,B,
HIST_MC_BANIN_RUBRO,RUBRO_LEY_OLD,VARCHAR2,VARCHAR2(200 BYTE),200,,,Y,5,,200,B,
HIST_MC_BANIN_RUBRO,RUBRO_LEY_NEW,VARCHAR2,VARCHAR2(200 BYTE),200,,,Y,6,,200,B,
HIST_MC_BANIN_RUBRO,MBDP_ID_OLD,NUMBER,NUMBER,22,,,Y,7,,0,,
HIST_MC_BANIN_RUBRO,MBDP_ID_NEW,NUMBER,NUMBER,22,,,Y,8,,0,,
HIST_MC_BANIN_RUBRO,MBDP_CONVOCATORIA_OLD,VARCHAR2,VARCHAR2(200 BYTE),200,,,Y,9,,200,B,
HIST_MC_BANIN_RUBRO,MBDP_CONVOCATORIA_NEW,VARCHAR2,VARCHAR2(200 BYTE),200,,,Y,10,,200,B,
HIST_MC_BANIN_RUBRO,MBDPP_ID_OLD,NUMBER,NUMBER,22,,,Y,11,,0,,
HIST_MC_BANIN_RUBRO,MBDPP_ID_NEW,NUMBER,NUMBER,22,,,Y,12,,0,,
HIST_MC_BANIN_RUBRO,MBDPP_DEP_NOMBRE_OLD,VARCHAR2,VARCHAR2(200 BYTE),200,,,Y,13,,200,B,
HIST_MC_BANIN_RUBRO,MBDPP_DEP_NOMBRE_NEW,VARCHAR2,VARCHAR2(200 BYTE),200,,,Y,14,,200,B,
HIST_MC_BANIN_RUBRO,MEC_ID,NUMBER,NUMBER,22,,,Y,15,,0,,
HIST_MC_BANIN_RUBRO,ACCION,VARCHAR2,VARCHAR2(100 BYTE),100,,,Y,16,,100,B,
HIST_MC_BANIN_RUBRO,CREATED_AT,DATE,DATE,7,,,Y,17,,0,,
HIS_ARI_DEM,HD_ARI_ID,NUMBER,NUMBER,22,,,N,1,,0,,
HIS_ARI_DEM,DEM_ID,NUMBER,NUMBER,22,,,N,2,,0,,
HIS_ARI_DEM,OLD_ARI_ID,NUMBER,NUMBER,22,,,N,3,,0,,
HIS_ARI_DEM,NEW_ARI_ID,NUMBER,NUMBER,22,,,N,4,,0,,
HIS_ARI_DEM,HD_ARI_FCH_REG,VARCHAR2,VARCHAR2(50 BYTE),50,,,N,5,,50,B,
HIS_ARI_DEM_2,HD_ARI_ID,NUMBER,NUMBER,22,,,N,1,,0,,
HIS_ARI_DEM_2,DEM_ID,NUMBER,NUMBER,22,,,Y,2,,0,,
HIS_ARI_DEM_2,HD_ARI_FCH_REG,DATE,DATE,7,,,Y,3,,0,,
HIS_ARI_DEM_2,NEW_ARI_ID,NUMBER,NUMBER,22,,,Y,4,,0,,
HIS_ARI_DEM_2,OLD_ARI_ID,NUMBER,NUMBER,22,,,Y,5,,0,,
HIS_BARRIO_EMP,HBE_ID,NUMBER,"NUMBER(15,0)",22,15,0,N,1,,0,,
HIS_BARRIO_EMP,EMP_ID,NUMBER,"NUMBER(8,0)",22,8,0,N,2,,0,,
HIS_BARRIO_EMP,HBE_FCH_REGISTRO,DATE,DATE,7,,,N,3,,0,,
HIS_BARRIO_EMP,FUN_ID,NUMBER,"NUMBER(5,0)",22,5,0,Y,4,,0,,
HIS_BARRIO_EMP,BAR_ID,NUMBER,"NUMBER(6,0)",22,6,0,N,5,,0,,
HIS_BARRIO_OFT,HBO_ID,NUMBER,"NUMBER(10,0)",22,10,0,N,1,,0,,
HIS_BARRIO_OFT,OFT_ID,NUMBER,"NUMBER(9,0)",22,9,0,N,2,,0,,
HIS_BARRIO_OFT,HBO_FCH_REGISTRO,DATE,DATE,7,,,N,3,,0,,
HIS_BARRIO_OFT,FUN_ID,NUMBER,"NUMBER(5,0)",22,5,0,Y,4,,0,,
HIS_BARRIO_OFT,BAR_ID,NUMBER,"NUMBER(6,0)",22,6,0,N,5,,0,,
HIS_CEL_OFT,HCEO_ID,NUMBER,NUMBER,22,,,N,1,,0,,
HIS_CEL_OFT,OFT_ID,NUMBER,NUMBER,22,,,N,2,,0,,
HIS_CEL_OFT,FUN_ID,NUMBER,NUMBER,22,,,Y,3,,0,,
HIS_CEL_OFT,HCEO_NUM_TELEFONO,VARCHAR2,VARCHAR2(20 BYTE),20,,,Y,4,,20,B,
HIS_CEL_OFT,HCEO_FCH_REGISTRO,DATE,DATE,7,,,Y,5,SYSDATE,0,,
HIS_CIIU_EMP,HCE_ID,NUMBER,"NUMBER(15,0)",22,15,0,N,1,,0,,
HIS_CIIU_EMP,EMP_ID,NUMBER,"NUMBER(8,0)",22,8,0,N,2,,0,,
HIS_CIIU_EMP,HCE_FCH_REGISTRO,DATE,DATE,7,,,N,3,,0,,
HIS_CIIU_EMP,FUN_ID,NUMBER,"NUMBER(5,0)",22,5,0,Y,4,,0,,
HIS_CIIU_EMP,CIIU_ID,VARCHAR2,VARCHAR2(4 BYTE),4,,,N,5,,4,B,
HIS_CORREO_OFT,HCO_ID,NUMBER,"NUMBER(16,0)",22,16,0,N,1,,0,,
HIS_CORREO_OFT,OFT_ID,NUMBER,"NUMBER(9,0)",22,9,0,N,2,,0,,
HIS_CORREO_OFT,FUN_ID,NUMBER,"NUMBER(5,0)",22,5,0,Y,3,,0,,
HIS_CORREO_OFT,HCO_CORREO_E,VARCHAR2,VARCHAR2(50 BYTE),50,,,Y,4,,50,B,
HIS_CORREO_OFT,HCO_FCH_REGISTRO,DATE,DATE,7,,,N,5,,0,,
HIS_CURSO_OFT,HCO_ID,NUMBER,NUMBER,22,,,N,1,,0,,
HIS_CURSO_OFT,OFT_ID,NUMBER,NUMBER,22,,,N,2,,0,,
HIS_DEMANDA_CNO,DEM_ID,NUMBER,"NUMBER(10,0)",22,10,0,Y,1,,0,,
HIS_DEMANDA_CNO,FCH_ACTUALIZACION,DATE,DATE,7,,,Y,2,,0,,
HIS_DEMANDA_CNO,FUN_ACTUALIZA,NUMBER,"NUMBER(5,0)",22,5,0,Y,3,,0,,
HIS_DEMANDA_CNO,CSPE_ACTUALIZA,NUMBER,"NUMBER(7,0)",22,7,0,Y,4,,0,,
HIS_DEMANDA_CNO,IND_OLD,NUMBER,"NUMBER(9,0)",22,9,0,Y,5,,0,,
HIS_DEMANDA_CNO,IND_NEW,NUMBER,"NUMBER(9,0)",22,9,0,Y,6,,0,,
HIS_DEM_EVENTO,HIS_DEE_ID,NUMBER,NUMBER,22,,,N,1,,0,,Secuencia de la tabla históricos
HIS_DEM_EVENTO,DEM_ID,NUMBER,NUMBER,22,,,Y,2,,0,,Código de la solicitud a la que se le realiza cambios
HIS_DEM_EVENTO,EVENTO_ID,NUMBER,NUMBER,22,,,Y,3,,0,,Código del evento que se asocia
HIS_DEM_EVENTO,ACCION,VARCHAR2,VARCHAR2(100 BYTE),100,,,Y,4,,100,B,Acción realizada en la tabla dem evento
HIS_DEM_EVENTO,FUN_ID,NUMBER,NUMBER,22,,,Y,5,,0,,Id del funcionario quien realiza la acción
HIS_DEM_EVENTO,FECHA_REGISTRO,DATE,DATE,7,,,Y,6,,0,,Fecha en la que se realiza la acción
HIS_DEM_NUMVACANTES,HDNV_ID,NUMBER,NUMBER,22,,,N,1,,0,,
HIS_DEM_NUMVACANTES,HDNV_DEM_ID,NUMBER,NUMBER,22,,,N,2,,0,,
HIS_DEM_NUMVACANTES,HDNV_NUM_VACAN_NEW,NUMBER,NUMBER,22,,,Y,3,,0,,
HIS_DEM_NUMVACANTES,HDNV_NUM_CAND_NEW,NUMBER,NUMBER,22,,,Y,4,,0,,
HIS_DEM_NUMVACANTES,HDNV_OBSER_ACTUALIZACION,VARCHAR2,VARCHAR2(500 BYTE),500,,,N,5,,500,B,
HIS_DEM_NUMVACANTES,HDNV_FUN_ACTUALIZA,NUMBER,NUMBER,22,,,Y,6,,0,,
HIS_DEM_NUMVACANTES,HDNV_FECHA_REGISTRO,DATE,DATE,7,,,N,7,,0,,
HIS_DEM_NUMVACANTES,HDNV_NUM_VACAN_OLD,NUMBER,NUMBER,22,,,Y,8,,0,,
HIS_DEM_NUMVACANTES,HDNV_NUM_CAND_OLD,NUMBER,NUMBER,22,,,Y,9,,0,,
HIS_ESTADO_CIVIL_OFT,HECO_ID,NUMBER,"NUMBER(10,0)",22,10,0,N,1,,0,,
HIS_ESTADO_CIVIL_OFT,OFT_ID,NUMBER,"NUMBER(9,0)",22,9,0,N,2,,0,,
HIS_ESTADO_CIVIL_OFT,HECO_FCH_REGISTRO,DATE,DATE,7,,,N,3,,0,,
HIS_ESTADO_CIVIL_OFT,FUN_ID,NUMBER,"NUMBER(5,0)",22,5,0,Y,4,,0,,
HIS_ESTADO_CIVIL_OFT,ESC_ID,NUMBER,"NUMBER(1,0)",22,1,0,N,5,,0,,
HIS_ESTADO_CURSO,HEC_ID,NUMBER,"NUMBER(12,0)",22,12,0,N,1,,0,,
HIS_ESTADO_CURSO,CUR_ID,NUMBER,"NUMBER(12,0)",22,12,0,N,2,,0,,
HIS_ESTADO_CURSO,ECR_ID,NUMBER,"NUMBER(2,0)",22,2,0,N,3,,0,,
HIS_ESTADO_CURSO,HEC_FCH_REGISTRO,DATE,DATE,7,,,N,4,,0,,
HIS_ESTADO_DEMANDA,HED_ID,NUMBER,"NUMBER(9,0)",22,9,0,N,1,,0,,
HIS_ESTADO_DEMANDA,DEM_ID,NUMBER,"NUMBER(10,0)",22,10,0,N,2,,0,,
HIS_ESTADO_DEMANDA,ESD_ID,NUMBER,"NUMBER(2,0)",22,2,0,N,3,,0,,
HIS_ESTADO_DEMANDA,HED_FCH_REGISTRO,DATE,DATE,7,,,N,4,,0,,
HIS_ESTADO_EMPRESA,HEE_ID,NUMBER,"NUMBER(9,0)",22,9,0,N,1,,0,,
HIS_ESTADO_EMPRESA,EMP_ID,NUMBER,"NUMBER(8,0)",22,8,0,N,2,,0,,
HIS_ESTADO_EMPRESA,ESE_ID,NUMBER,"NUMBER(2,0)",22,2,0,N,3,,0,,
HIS_ESTADO_EMPRESA,HEE_FCH_REGISTRO,DATE,DATE,7,,,N,4,,0,,
HIS_ESTADO_OFERTA,HEO_ID,NUMBER,"NUMBER(15,0)",22,15,0,N,1,,0,,
HIS_ESTADO_OFERTA,OFT_ID,NUMBER,"NUMBER(9,0)",22,9,0,N,2,,0,,
HIS_ESTADO_OFERTA,ESO_ID,NUMBER,"NUMBER(2,0)",22,2,0,N,3,,0,,
HIS_ESTADO_OFERTA,HEO_FCH_REGISTRO,DATE,DATE,7,,,N,4,,0,,
HIS_ESTRATO_OFT,HETO_ID,NUMBER,"NUMBER(15,0)",22,15,0,N,1,,0,,
HIS_ESTRATO_OFT,OFT_ID,NUMBER,"NUMBER(9,0)",22,9,0,N,2,,0,,
HIS_ESTRATO_OFT,HETO_FCH_REGISTRO,DATE,DATE,7,,,N,3,,0,,
HIS_ESTRATO_OFT,FUN_ID,NUMBER,"NUMBER(5,0)",22,5,0,Y,4,,0,,
HIS_ESTRATO_OFT,ETR_ID,NUMBER,"NUMBER(1,0)",22,1,0,N,5,,0,,
HIS_MUNICIPIO_EMP,HME_ID,NUMBER,"NUMBER(15,0)",22,15,0,N,1,,0,,
HIS_MUNICIPIO_EMP,EMP_ID,NUMBER,"NUMBER(8,0)",22,8,0,N,2,,0,,
HIS_MUNICIPIO_EMP,HME_FCH_REGISTRO,DATE,DATE,7,,,N,3,,0,,
HIS_MUNICIPIO_EMP,FUN_ID,NUMBER,"NUMBER(5,0)",22,5,0,Y,4,,0,,
HIS_MUNICIPIO_EMP,MPO_ID,NUMBER,"NUMBER(9,0)",22,9,0,N,5,,0,,
HIS_MUNICIPIO_OFT,HMO_ID,NUMBER,"NUMBER(15,0)",22,15,0,N,1,,0,,
HIS_MUNICIPIO_OFT,OFT_ID,NUMBER,"NUMBER(9,0)",22,9,0,N,2,,0,,
HIS_MUNICIPIO_OFT,HMO_FCH_REGISTRO,DATE,DATE,7,,,N,3,,0,,
HIS_MUNICIPIO_OFT,FUN_ID,NUMBER,"NUMBER(5,0)",22,5,0,Y,4,,0,,
HIS_MUNICIPIO_OFT,MPO_ID,NUMBER,"NUMBER(9,0)",22,9,0,N,5,,0,,
HIS_NAT_EMP,HNE_ID,NUMBER,"NUMBER(15,0)",22,15,0,N,1,,0,,
HIS_NAT_EMP,EMP_ID,NUMBER,"NUMBER(8,0)",22,8,0,N,2,,0,,
HIS_NAT_EMP,HNE_FCH_REGISTRO,DATE,DATE,7,,,N,3,,0,,
HIS_NAT_EMP,FUN_ID,NUMBER,"NUMBER(5,0)",22,5,0,Y,4,,0,,
HIS_NAT_EMP,HNE_NATURALEZA,NUMBER,"NUMBER(1,0)",22,1,0,N,5,,0,,
HIS_NIT_EMPRESA,HIS_NIT_ID,NUMBER,NUMBER,22,,,N,1,,0,,Secuencia de la Tabla
HIS_NIT_EMPRESA,EMP_ID,NUMBER,NUMBER,22,,,N,2,,0,,Id de la Empresa
HIS_NIT_EMPRESA,NIT_ACTUAL,NUMBER,NUMBER,22,,,N,3,,0,,Nit actual de la empresa
HIS_NIT_EMPRESA,NIT_NUEVO,NUMBER,NUMBER,22,,,N,4,,0,,Nit nuevo de la empresa
HIS_NIT_EMPRESA,FUN_ID,NUMBER,NUMBER,22,,,N,5,,0,,Funcionario quien realiza la actualización
HIS_NIT_EMPRESA,FECHA_REGISTRO,DATE,DATE,7,,,N,6,,0,,Fecha de registro
HIS_NUM_TRAB_EMP,HNTE_ID,NUMBER,"NUMBER(15,0)",22,15,0,N,1,,0,,
HIS_NUM_TRAB_EMP,EMP_ID,NUMBER,"NUMBER(8,0)",22,8,0,N,2,,0,,
HIS_NUM_TRAB_EMP,HNTE_FCH_REGISTRO,DATE,DATE,7,,,N,3,,0,,
HIS_NUM_TRAB_EMP,FUN_ID,NUMBER,"NUMBER(5,0)",22,5,0,Y,4,,0,,
HIS_NUM_TRAB_EMP,HNTE_NUM_TRABAJADORES,NUMBER,"NUMBER(5,0)",22,5,0,N,5,,0,,
HIS_OCUP_PREFERENCIA,HOP_ID,NUMBER,"NUMBER(12,0)",22,12,0,N,1,,0,,
HIS_OCUP_PREFERENCIA,OFT_ID,NUMBER,"NUMBER(9,0)",22,9,0,N,2,,0,,
HIS_OCUP_PREFERENCIA,HOP_FCH_REGISTRO,DATE,DATE,7,,,N,3,,0,,
HIS_OCUP_PREFERENCIA,FUN_ID,NUMBER,"NUMBER(5,0)",22,5,0,Y,4,,0,,
HIS_OCUP_PREFERENCIA,IND_ID,NUMBER,"NUMBER(9,0)",22,9,0,N,5,,0,,
HIS_OFTXPES,HIOPE_ID,NUMBER,"NUMBER(12,0)",22,12,0,N,1,,0,,
HIS_OFTXPES,OFT_ID,NUMBER,"NUMBER(9,0)",22,9,0,N,2,,0,,
HIS_OFTXPES,PES_ID,NUMBER,"NUMBER(3,0)",22,3,0,N,3,,0,,
HIS_OFTXPES,FUN_ID,NUMBER,"NUMBER(5,0)",22,5,0,Y,4,,0,,
HIS_OFTXPES,FCH_ALTA,DATE,DATE,7,,,N,5,,0,,
HIS_OFTXPES,FCH_BAJA,DATE,DATE,7,,,Y,6,,0,,
HIS_ORIENTACION_EMP,HORIE_ID,NUMBER,NUMBER,22,,,N,1,,0,,
HIS_ORIENTACION_EMP,TORI_ID,NUMBER,NUMBER,22,,,N,2,,0,,
HIS_ORIENTACION_EMP,HORIE_FCH,TIMESTAMP(6),TIMESTAMP(6),11,,6,N,3,,0,,
HIS_ORIENTACION_EMP,FUN_ID,NUMBER,"NUMBER(5,0)",22,5,0,N,4,,0,,
HIS_ORIENTACION_EMP,EMP_ID,NUMBER,NUMBER,22,,,N,5,,0,,
HIS_ORIENTACION_EMP,HORIE_DESCRIPCION,VARCHAR2,VARCHAR2(255 CHAR),255,,,Y,6,,255,C,
HIS_ORIENTACION_EMP,FECHA_REGISTRO,DATE,DATE,7,,,Y,7,,0,,
HIS_ORIENTACION_EMP,GUIA_TALLER_ID,NUMBER,"NUMBER(2,0)",22,2,0,Y,8,,0,,
HIS_ORIENTACION_OFT,HORIO_ID,NUMBER,NUMBER,22,,,N,1,,0,,
HIS_ORIENTACION_OFT,TORI_ID,NUMBER,NUMBER,22,,,N,2,,0,,
HIS_ORIENTACION_OFT,HORIO_FCH,TIMESTAMP(6),TIMESTAMP(6),11,,6,N,3,,0,,
HIS_ORIENTACION_OFT,FUN_ID,NUMBER,"NUMBER(5,0)",22,5,0,N,4,,0,,
HIS_ORIENTACION_OFT,PES_ID,NUMBER,NUMBER,22,,,Y,5,,0,,
HIS_ORIENTACION_OFT,OFT_ID,NUMBER,NUMBER,22,,,N,6,,0,,
HIS_ORIENTACION_OFT,HORIO_DESCRIPCION,VARCHAR2,VARCHAR2(255 CHAR),255,,,Y,7,,255,C,
HIS_ORIENTACION_OFT,FECHA_REGISTRO,DATE,DATE,7,,,Y,8,,0,,
HIS_ORIENTACION_OFT,EVENTO_ID,NUMBER,NUMBER,22,,,Y,9,,0,,Indica si la orientación se realiza en marco de un evento
HIS_ORIENTACION_OFT,PDC_ID,NUMBER,NUMBER,22,,,Y,10,,0,,
HIS_PER_CARGO_OFT,HPCO_ID,NUMBER,"NUMBER(15,0)",22,15,0,N,1,,0,,
HIS_PER_CARGO_OFT,OFT_ID,NUMBER,"NUMBER(9,0)",22,9,0,N,2,,0,,
HIS_PER_CARGO_OFT,HPCO_FCH_REGISTRO,DATE,DATE,7,,,N,3,,0,,
HIS_PER_CARGO_OFT,FUN_ID,NUMBER,"NUMBER(5,0)",22,5,0,Y,4,,0,,
HIS_PER_CARGO_OFT,HPCO_PERSONAS_CARGO,NUMBER,"NUMBER(2,0)",22,2,0,N,5,,0,,
HIS_POS_FAM_OFT,HPFO_ID,NUMBER,"NUMBER(15,0)",22,15,0,N,1,,0,,
HIS_POS_FAM_OFT,OFT_ID,NUMBER,"NUMBER(9,0)",22,9,0,N,2,,0,,
HIS_POS_FAM_OFT,HPFO_FCH_REGISTRO,DATE,DATE,7,,,N,3,,0,,
HIS_POS_FAM_OFT,FUN_ID,NUMBER,"NUMBER(5,0)",22,5,0,Y,4,,0,,
HIS_POS_FAM_OFT,PSF_ID,NUMBER,"NUMBER(1,0)",22,1,0,N,5,,0,,
HIS_SALARIO_MINIMO,HSM_ID,NUMBER,"NUMBER(3,0)",22,3,0,N,1,,0,,
HIS_SALARIO_MINIMO,HSM_ANNO,NUMBER,"NUMBER(4,0)",22,4,0,N,2,,0,,
HIS_SALARIO_MINIMO,HSM_VALOR,NUMBER,"NUMBER(7,0)",22,7,0,N,3,,0,,
HIS_SEG_CURSO,HGC_ID,NUMBER,"NUMBER(15,0)",22,15,0,N,1,,0,,
HIS_SEG_CURSO,CUR_ID,NUMBER,"NUMBER(12,0)",22,12,0,N,2,,0,,
HIS_SEG_CURSO,FSC_ID,NUMBER,"NUMBER(2,0)",22,2,0,N,3,,0,,
HIS_SEG_CURSO,HGC_FCH_REGISTRO,DATE,DATE,7,,,N,4,,0,,
HIS_SEG_CURSO,FUN_ID,NUMBER,"NUMBER(5,0)",22,5,0,Y,5,,0,,
HIS_SEG_CURSO,CSPE_ID,NUMBER,"NUMBER(7,0)",22,7,0,Y,6,,0,,
HIS_SEG_CURSO,HGC_DESCRIPCION,VARCHAR2,VARCHAR2(80 BYTE),80,,,Y,7,,80,B,
HIS_SEG_DEMANDA,HGD_ID,NUMBER,"NUMBER(8,0)",22,8,0,N,1,,0,,
HIS_SEG_DEMANDA,DEM_ID,NUMBER,"NUMBER(9,0)",22,9,0,N,2,,0,,
HIS_SEG_DEMANDA,FSD_ID,NUMBER,"NUMBER(2,0)",22,2,0,N,3,,0,,
HIS_SEG_DEMANDA,HGD_FCH_REGISTRO,DATE,DATE,7,,,N,4,,0,,
HIS_SEG_DEMANDA,FUN_ID,NUMBER,"NUMBER(5,0)",22,5,0,Y,5,,0,,
HIS_SEG_DEMANDA,HGD_DESCRIPCION,VARCHAR2,VARCHAR2(300 CHAR),300,,,Y,6,,300,C,
HIS_SEG_EMPRESA,HGE_ID,NUMBER,"NUMBER(7,0)",22,7,0,N,1,,0,,
HIS_SEG_EMPRESA,EMP_ID,NUMBER,"NUMBER(9,0)",22,9,0,N,2,,0,,
HIS_SEG_EMPRESA,FSE_ID,NUMBER,"NUMBER(2,0)",22,2,0,N,3,,0,,
HIS_SEG_EMPRESA,HGE_FCH_REGISTRO,DATE,DATE,7,,,N,4,,0,,
HIS_SEG_EMPRESA,FUN_ID,NUMBER,"NUMBER(5,0)",22,5,0,Y,5,,0,,
HIS_SEG_EMPRESA,HGE_DESCRIPCION,VARCHAR2,VARCHAR2(300 CHAR),300,,,Y,6,,300,C,
HIS_SEG_OFERTA,HGO_ID,NUMBER,NUMBER,22,,,N,1,,0,,
HIS_SEG_OFERTA,OFT_ID,NUMBER,"NUMBER(9,0)",22,9,0,N,2,,0,,
HIS_SEG_OFERTA,FSO_ID,NUMBER,"NUMBER(2,0)",22,2,0,N,3,,0,,
HIS_SEG_OFERTA,HGO_FCH_REGISTRO,DATE,DATE,7,,,N,4,,0,,
HIS_SEG_OFERTA,FUN_ID,NUMBER,"NUMBER(5,0)",22,5,0,Y,5,,0,,
HIS_SEG_OFERTA,HGO_DESCRIPCION,VARCHAR2,VARCHAR2(300 CHAR),300,,,Y,6,,300,C,
HIS_SISBEN_OFT,HSBO_ID,NUMBER,"NUMBER(15,0)",22,15,0,N,1,,0,,
HIS_SISBEN_OFT,OFT_ID,NUMBER,"NUMBER(9,0)",22,9,0,N,2,,0,,
HIS_SISBEN_OFT,HSBO_FCH_REGISTRO,DATE,DATE,7,,,N,3,,0,,
HIS_SISBEN_OFT,FUN_ID,NUMBER,"NUMBER(5,0)",22,5,0,Y,4,,0,,
HIS_SISBEN_OFT,HSBO_NIVEL_SISBEN,NUMBER,"NUMBER(2,0)",22,2,0,Y,5,,0,,
HIS_SISBEN_OFT,HSBO_PUNTAJE_SISBEN,NUMBER,"NUMBER(3,0)",22,3,0,Y,6,,0,,
HIS_SITUACION_OCUP,OFT_ID,NUMBER,"NUMBER(9,0)",22,9,0,N,1,,0,,
HIS_SITUACION_OCUP,HOO_ID,NUMBER,"NUMBER(10,0)",22,10,0,N,2,,0,,
HIS_SITUACION_OCUP,SIO_ID,NUMBER,"NUMBER(1,0)",22,1,0,N,3,,0,,
HIS_SITUACION_OCUP,HOO_FCH_REGISTRO,DATE,DATE,7,,,N,4,,0,,
HIS_SUELDO_OFERTA,HSO_ID,NUMBER,"NUMBER(12,0)",22,12,0,N,1,,0,,
HIS_SUELDO_OFERTA,OFT_ID,NUMBER,"NUMBER(9,0)",22,9,0,N,2,,0,,
HIS_SUELDO_OFERTA,HSO_SUELDO,NUMBER,"NUMBER(9,0)",22,9,0,N,3,,0,,
HIS_SUELDO_OFERTA,HSO_FHC_REGISTRO,DATE,DATE,7,,,N,4,,0,,
HIS_SUELDO_OFERTA,FUN_ID,NUMBER,"NUMBER(5,0)",22,5,0,Y,5,,0,,
HIS_SUELDO_OFERTA,HSO_SAL_MIN,NUMBER,"NUMBER(6,3)",22,6,3,N,6,,0,,
HIS_ZONA_EMP,HZE_ID,NUMBER,"NUMBER(15,0)",22,15,0,N,1,,0,,
HIS_ZONA_EMP,EMP_ID,NUMBER,"NUMBER(8,0)",22,8,0,N,2,,0,,
HIS_ZONA_EMP,HZE_FCH_REGISTRO,DATE,DATE,7,,,N,3,,0,,
HIS_ZONA_EMP,FUN_ID,NUMBER,"NUMBER(5,0)",22,5,0,Y,4,,0,,
HIS_ZONA_EMP,ZON_ID,NUMBER,"NUMBER(12,0)",22,12,0,N,5,,0,,
HIS_ZONA_OFT,HZO_ID,NUMBER,"NUMBER(15,0)",22,15,0,N,1,,0,,
HIS_ZONA_OFT,OFT_ID,NUMBER,"NUMBER(9,0)",22,9,0,N,2,,0,,
HIS_ZONA_OFT,HZO_FCH_REGISTRO,DATE,DATE,7,,,N,3,,0,,
HIS_ZONA_OFT,FUN_ID,NUMBER,"NUMBER(5,0)",22,5,0,Y,4,,0,,
HIS_ZONA_OFT,ZON_ID,NUMBER,"NUMBER(12,0)",22,12,0,N,5,,0,,
IDIOMA,IDM_ID,NUMBER,"NUMBER(2,0)",22,2,0,N,1,,0,,
IDIOMA,IDM_NOMBRE,VARCHAR2,VARCHAR2(30 BYTE),30,,,N,2,,30,B,
IDIOMA,IDM_DIALECTO,NUMBER,"NUMBER(1,0)",22,1,0,N,3,,0,,
INDICE,IND_ID,NUMBER,"NUMBER(9,0)",22,9,0,N,1,,0,,
INDICE,IND_NOMBRE,VARCHAR2,VARCHAR2(200 BYTE),200,,,N,2,,200,B,
INDICE,IND_ESTADO,NUMBER,"NUMBER(1,0)",22,1,0,N,3,,0,,
INDICE,CNO_ID,VARCHAR2,VARCHAR2(6 BYTE),6,,,N,4,,6,B,
INDICE_NO_CALIFICADO,INDNC_ID,NUMBER,"NUMBER(4,0)",22,4,0,N,1,,0,,
INDICE_NO_CALIFICADO,IND_ID,NUMBER,"NUMBER(9,0)",22,9,0,N,2,,0,,
INDICE_NO_CALIFICADO,INDNC_ESTADO,NUMBER,"NUMBER(1,0)",22,1,0,N,3,,0,,
INDICE_NO_CALIFICADO,CEN_ID,NUMBER,"NUMBER(3,0)",22,3,0,N,4,,0,,
INDICE_OCUPACIONAL,IND_ID,NUMBER,"NUMBER(9,0)",22,9,0,N,1,,0,,
INDICE_OCUPACIONAL,IND_NOMBRE,VARCHAR2,VARCHAR2(200 BYTE),200,,,Y,2,,200,B,
INDICE_OCUPACIONAL,IND_ESTADO,NUMBER,"NUMBER(1,0)",22,1,0,Y,3,,0,,
INDICE_OCUPACIONAL,CNO_ID,VARCHAR2,VARCHAR2(6 BYTE),6,,,Y,4,,6,B,
INDICE_OCUPACIONAL,OCU_ID,VARCHAR2,VARCHAR2(4 BYTE),4,,,Y,5,,4,B,
INDICE_OCUPACIONAL,OCU_NOMBRE,VARCHAR2,VARCHAR2(200 BYTE),200,,,Y,6,,200,B,
INDICE_OCUPACIONAL,OCU_DESCRIPCION,VARCHAR2,VARCHAR2(800 BYTE),800,,,Y,7,,800,B,
INDICE_OCUPACIONAL,CAO_ID,VARCHAR2,VARCHAR2(3 BYTE),3,,,Y,8,,3,B,
INSCRIPCION_CURSO,INC_ID,NUMBER,"NUMBER(15,0)",22,15,0,N,1,,0,,
INSCRIPCION_CURSO,OFT_ID,NUMBER,"NUMBER(9,0)",22,9,0,N,2,,0,,
INSCRIPCION_CURSO,CUR_ID,NUMBER,"NUMBER(12,0)",22,12,0,N,3,,0,,
INSCRIPCION_CURSO,INC_FCH_REGISTRO,DATE,DATE,7,,,N,4,,0,,
INSCRIPCION_CURSO,FUN_ID,NUMBER,"NUMBER(5,0)",22,5,0,Y,5,,0,,
INSCRIPCION_CURSO,CSPE_ID,NUMBER,"NUMBER(7,0)",22,7,0,Y,6,,0,,
INSCRIPCION_CURSO,INC_MEDIO,NUMBER,"NUMBER(1,0)",22,1,0,N,7,,0,,
INSCRIPCION_CURSO,FSO_ID,NUMBER,"NUMBER(2,0)",22,2,0,Y,8,,0,,
INSCRIPCION_CURSO,INC_FCH_SEGUIMIENTO,DATE,DATE,7,,,Y,9,,0,,
INSCRIPCION_CURSO,FUN_SEGUIMIENTO,NUMBER,"NUMBER(4,0)",22,4,0,Y,10,,0,,
INSCRIPCION_CURSO,INC_SEG_DESCRIPCION,VARCHAR2,VARCHAR2(80 BYTE),80,,,Y,11,,80,B,
INSCRITOS_2018010120180924,OFT_ID,NUMBER,"NUMBER(10,0)",22,10,0,Y,1,,0,,
INSCRITOS_2018010120180924,IDENTIFICACION,VARCHAR2,VARCHAR2(20 BYTE),20,,,Y,2,,20,B,
INSCRITOS_2018010120180924,PAI_ID,NUMBER,"NUMBER(4,0)",22,4,0,Y,3,,0,,
INSCRITOS_2018010120180924,USUARIO,VARCHAR2,VARCHAR2(80 BYTE),80,,,Y,4,,80,B,
INSCRITOS_2018010120180924,GENERO,VARCHAR2,VARCHAR2(20 BYTE),20,,,Y,5,,20,B,
INSCRITOS_2018010120180924,DEPARTAMENTO,VARCHAR2,VARCHAR2(40 BYTE),40,,,Y,6,,40,B,
INSCRITOS_2018010120180924,MUNICIPIO,VARCHAR2,VARCHAR2(40 BYTE),40,,,Y,7,,40,B,
INSCRITOS_2018010120180924,FECHA_INSCRIPCION,VARCHAR2,VARCHAR2(20 BYTE),20,,,Y,8,,20,B,
INSCRITOS_201807,OFT_ID,NUMBER,"NUMBER(10,0)",22,10,0,Y,1,,0,,
INSCRITOS_201807,IDENTIFICACION,VARCHAR2,VARCHAR2(20 BYTE),20,,,Y,2,,20,B,
INSCRITOS_201807,PAI_ID,NUMBER,"NUMBER(4,0)",22,4,0,Y,3,,0,,
INSCRITOS_201807,USUARIO,VARCHAR2,VARCHAR2(80 BYTE),80,,,Y,4,,80,B,
INSCRITOS_201807,GENERO,VARCHAR2,VARCHAR2(20 BYTE),20,,,Y,5,,20,B,
INSCRITOS_201807,DEPARTAMENTO,VARCHAR2,VARCHAR2(40 BYTE),40,,,Y,6,,40,B,
INSCRITOS_201807,MUNICIPIO,VARCHAR2,VARCHAR2(40 BYTE),40,,,Y,7,,40,B,
INSCRITOS_201807,FECHA_INSCRIPCION,VARCHAR2,VARCHAR2(20 BYTE),20,,,Y,8,,20,B,
INSCRITOS_201808,OFT_ID,NUMBER,"NUMBER(10,0)",22,10,0,Y,1,,0,,
INSCRITOS_201808,IDENTIFICACION,VARCHAR2,VARCHAR2(20 BYTE),20,,,Y,2,,20,B,
INSCRITOS_201808,PAI_ID,NUMBER,"NUMBER(4,0)",22,4,0,Y,3,,0,,
INSCRITOS_201808,USUARIO,VARCHAR2,VARCHAR2(80 BYTE),80,,,Y,4,,80,B,
INSCRITOS_201808,GENERO,VARCHAR2,VARCHAR2(20 BYTE),20,,,Y,5,,20,B,
INSCRITOS_201808,DEPARTAMENTO,VARCHAR2,VARCHAR2(40 BYTE),40,,,Y,6,,40,B,
INSCRITOS_201808,MUNICIPIO,VARCHAR2,VARCHAR2(40 BYTE),40,,,Y,7,,40,B,
INSCRITOS_201808,FECHA_INSCRIPCION,VARCHAR2,VARCHAR2(20 BYTE),20,,,Y,8,,20,B,
INSCRITOS_201809,OFT_ID,NUMBER,"NUMBER(10,0)",22,10,0,Y,1,,0,,
INSCRITOS_201809,IDENTIFICACION,VARCHAR2,VARCHAR2(20 BYTE),20,,,Y,2,,20,B,
INSCRITOS_201809,PAI_ID,NUMBER,"NUMBER(4,0)",22,4,0,Y,3,,0,,
INSCRITOS_201809,USUARIO,VARCHAR2,VARCHAR2(80 BYTE),80,,,Y,4,,80,B,
INSCRITOS_201809,GENERO,VARCHAR2,VARCHAR2(20 BYTE),20,,,Y,5,,20,B,
INSCRITOS_201809,DEPARTAMENTO,VARCHAR2,VARCHAR2(40 BYTE),40,,,Y,6,,40,B,
INSCRITOS_201809,MUNICIPIO,VARCHAR2,VARCHAR2(40 BYTE),40,,,Y,7,,40,B,
INSCRITOS_201809,FECHA_INSCRIPCION,VARCHAR2,VARCHAR2(20 BYTE),20,,,Y,8,,20,B,
INSCRITOS_201810,OFT_ID,NUMBER,"NUMBER(10,0)",22,10,0,Y,1,,0,,
INSCRITOS_201810,IDENTIFICACION,VARCHAR2,VARCHAR2(20 BYTE),20,,,Y,2,,20,B,
INSCRITOS_201810,PAI_ID,NUMBER,"NUMBER(4,0)",22,4,0,Y,3,,0,,
INSCRITOS_201810,USUARIO,VARCHAR2,VARCHAR2(80 BYTE),80,,,Y,4,,80,B,
INSCRITOS_201810,GENERO,VARCHAR2,VARCHAR2(20 BYTE),20,,,Y,5,,20,B,
INSCRITOS_201810,DEPARTAMENTO,VARCHAR2,VARCHAR2(40 BYTE),40,,,Y,6,,40,B,
INSCRITOS_201810,MUNICIPIO,VARCHAR2,VARCHAR2(40 BYTE),40,,,Y,7,,40,B,
INSCRITOS_201810,FECHA_INSCRIPCION,VARCHAR2,VARCHAR2(20 BYTE),20,,,Y,8,,20,B,
INSCRITOS_201811,OFT_ID,NUMBER,"NUMBER(10,0)",22,10,0,Y,1,,0,,
INSCRITOS_201811,IDENTIFICACION,VARCHAR2,VARCHAR2(20 BYTE),20,,,Y,2,,20,B,
INSCRITOS_201811,PAI_ID,NUMBER,"NUMBER(4,0)",22,4,0,Y,3,,0,,
INSCRITOS_201811,USUARIO,VARCHAR2,VARCHAR2(80 BYTE),80,,,Y,4,,80,B,
INSCRITOS_201811,GENERO,VARCHAR2,VARCHAR2(20 BYTE),20,,,Y,5,,20,B,
INSCRITOS_201811,DEPARTAMENTO,VARCHAR2,VARCHAR2(40 BYTE),40,,,Y,6,,40,B,
INSCRITOS_201811,MUNICIPIO,VARCHAR2,VARCHAR2(40 BYTE),40,,,Y,7,,40,B,
INSCRITOS_201811,FECHA_INSCRIPCION,VARCHAR2,VARCHAR2(20 BYTE),20,,,Y,8,,20,B,
INSCRITOS_201812,OFT_ID,NUMBER,"NUMBER(10,0)",22,10,0,Y,1,,0,,
INSCRITOS_201812,IDENTIFICACION,VARCHAR2,VARCHAR2(20 BYTE),20,,,Y,2,,20,B,
INSCRITOS_201812,PAI_ID,NUMBER,"NUMBER(4,0)",22,4,0,Y,3,,0,,
INSCRITOS_201812,USUARIO,VARCHAR2,VARCHAR2(80 BYTE),80,,,Y,4,,80,B,
INSCRITOS_201812,GENERO,VARCHAR2,VARCHAR2(20 BYTE),20,,,Y,5,,20,B,
INSCRITOS_201812,DEPARTAMENTO,VARCHAR2,VARCHAR2(40 BYTE),40,,,Y,6,,40,B,
INSCRITOS_201812,MUNICIPIO,VARCHAR2,VARCHAR2(40 BYTE),40,,,Y,7,,40,B,
INSCRITOS_201812,FECHA_INSCRIPCION,VARCHAR2,VARCHAR2(20 BYTE),20,,,Y,8,,20,B,
INSCRITOS_201901,OFT_ID,NUMBER,"NUMBER(10,0)",22,10,0,Y,1,,0,,
INSCRITOS_201901,TIPO_IDENTIFICACION,VARCHAR2,VARCHAR2(4 BYTE),4,,,Y,2,,4,B,
INSCRITOS_201901,IDENTIFICACION,VARCHAR2,VARCHAR2(20 BYTE),20,,,Y,3,,20,B,
INSCRITOS_201901,USUARIO,VARCHAR2,VARCHAR2(80 BYTE),80,,,Y,4,,80,B,
INSCRITOS_201901,GENERO,VARCHAR2,VARCHAR2(20 BYTE),20,,,Y,5,,20,B,
INSCRITOS_201901,PAI_ID,NUMBER,"NUMBER(4,0)",22,4,0,Y,6,,0,,
INSCRITOS_201901,DEPARTAMENTO,VARCHAR2,VARCHAR2(40 BYTE),40,,,Y,7,,40,B,
INSCRITOS_201901,MUNICIPIO,VARCHAR2,VARCHAR2(40 BYTE),40,,,Y,8,,40,B,
INSCRITOS_201901,FECHA_INSCRIPCION,VARCHAR2,VARCHAR2(20 BYTE),20,,,Y,9,,20,B,
INSCRITOS_201902,OFT_ID,NUMBER,"NUMBER(10,0)",22,10,0,Y,1,,0,,
INSCRITOS_201902,TIPO_IDENTIFICACION,VARCHAR2,VARCHAR2(4 BYTE),4,,,Y,2,,4,B,
INSCRITOS_201902,IDENTIFICACION,VARCHAR2,VARCHAR2(20 BYTE),20,,,Y,3,,20,B,
INSCRITOS_201902,USUARIO,VARCHAR2,VARCHAR2(80 BYTE),80,,,Y,4,,80,B,
INSCRITOS_201902,GENERO,VARCHAR2,VARCHAR2(20 BYTE),20,,,Y,5,,20,B,
INSCRITOS_201902,PAI_ID,NUMBER,"NUMBER(4,0)",22,4,0,Y,6,,0,,
INSCRITOS_201902,DEPARTAMENTO,VARCHAR2,VARCHAR2(40 BYTE),40,,,Y,7,,40,B,
INSCRITOS_201902,MUNICIPIO,VARCHAR2,VARCHAR2(40 BYTE),40,,,Y,8,,40,B,
INSCRITOS_201902,FECHA_INSCRIPCION,VARCHAR2,VARCHAR2(20 BYTE),20,,,Y,9,,20,B,
INSCRITOS_201903,OFT_ID,NUMBER,"NUMBER(10,0)",22,10,0,Y,1,,0,,
INSCRITOS_201903,TIPO_IDENTIFICACION,VARCHAR2,VARCHAR2(4 BYTE),4,,,Y,2,,4,B,
INSCRITOS_201903,IDENTIFICACION,VARCHAR2,VARCHAR2(20 BYTE),20,,,Y,3,,20,B,
INSCRITOS_201903,USUARIO,VARCHAR2,VARCHAR2(80 BYTE),80,,,Y,4,,80,B,
INSCRITOS_201903,GENERO,VARCHAR2,VARCHAR2(20 BYTE),20,,,Y,5,,20,B,
INSCRITOS_201903,PAI_ID,NUMBER,"NUMBER(4,0)",22,4,0,Y,6,,0,,
INSCRITOS_201903,DEPARTAMENTO,VARCHAR2,VARCHAR2(40 BYTE),40,,,Y,7,,40,B,
INSCRITOS_201903,MUNICIPIO,VARCHAR2,VARCHAR2(40 BYTE),40,,,Y,8,,40,B,
INSCRITOS_201903,FECHA_INSCRIPCION,VARCHAR2,VARCHAR2(20 BYTE),20,,,Y,9,,20,B,
INSCRITOS_201904,OFT_ID,NUMBER,"NUMBER(10,0)",22,10,0,Y,1,,0,,
INSCRITOS_201904,TIPO_IDENTIFICACION,VARCHAR2,VARCHAR2(4 BYTE),4,,,Y,2,,4,B,
INSCRITOS_201904,IDENTIFICACION,VARCHAR2,VARCHAR2(20 BYTE),20,,,Y,3,,20,B,
INSCRITOS_201904,USUARIO,VARCHAR2,VARCHAR2(80 BYTE),80,,,Y,4,,80,B,
INSCRITOS_201904,GENERO,VARCHAR2,VARCHAR2(20 BYTE),20,,,Y,5,,20,B,
INSCRITOS_201904,PAI_ID,NUMBER,"NUMBER(4,0)",22,4,0,Y,6,,0,,
INSCRITOS_201904,DEPARTAMENTO,VARCHAR2,VARCHAR2(40 BYTE),40,,,Y,7,,40,B,
INSCRITOS_201904,MUNICIPIO,VARCHAR2,VARCHAR2(40 BYTE),40,,,Y,8,,40,B,
INSCRITOS_201904,FECHA_INSCRIPCION,VARCHAR2,VARCHAR2(20 BYTE),20,,,Y,9,,20,B,
INSCRITOS_201905,OFT_ID,NUMBER,"NUMBER(10,0)",22,10,0,Y,1,,0,,
INSCRITOS_201905,TIPO_IDENTIFICACION,VARCHAR2,VARCHAR2(4 BYTE),4,,,Y,2,,4,B,
INSCRITOS_201905,IDENTIFICACION,VARCHAR2,VARCHAR2(20 BYTE),20,,,Y,3,,20,B,
INSCRITOS_201905,USUARIO,VARCHAR2,VARCHAR2(80 BYTE),80,,,Y,4,,80,B,
INSCRITOS_201905,GENERO,VARCHAR2,VARCHAR2(20 BYTE),20,,,Y,5,,20,B,
INSCRITOS_201905,PAI_ID,NUMBER,"NUMBER(4,0)",22,4,0,Y,6,,0,,
INSCRITOS_201905,DEPARTAMENTO,VARCHAR2,VARCHAR2(40 BYTE),40,,,Y,7,,40,B,
INSCRITOS_201905,MUNICIPIO,VARCHAR2,VARCHAR2(40 BYTE),40,,,Y,8,,40,B,
INSCRITOS_201905,FECHA_INSCRIPCION,VARCHAR2,VARCHAR2(20 BYTE),20,,,Y,9,,20,B,
INSCRITOS_201906,OFT_ID,NUMBER,"NUMBER(10,0)",22,10,0,Y,1,,0,,
INSCRITOS_201906,TIPO_IDENTIFICACION,VARCHAR2,VARCHAR2(4 BYTE),4,,,Y,2,,4,B,
INSCRITOS_201906,IDENTIFICACION,VARCHAR2,VARCHAR2(20 BYTE),20,,,Y,3,,20,B,
INSCRITOS_201906,USUARIO,VARCHAR2,VARCHAR2(80 BYTE),80,,,Y,4,,80,B,
INSCRITOS_201906,GENERO,VARCHAR2,VARCHAR2(20 BYTE),20,,,Y,5,,20,B,
INSCRITOS_201906,PAI_ID,NUMBER,"NUMBER(4,0)",22,4,0,Y,6,,0,,
INSCRITOS_201906,DEPARTAMENTO,VARCHAR2,VARCHAR2(40 BYTE),40,,,Y,7,,40,B,
INSCRITOS_201906,MUNICIPIO,VARCHAR2,VARCHAR2(40 BYTE),40,,,Y,8,,40,B,
INSCRITOS_201906,FECHA_INSCRIPCION,VARCHAR2,VARCHAR2(20 BYTE),20,,,Y,9,,20,B,
INSCRITOS_201907,OFT_ID,NUMBER,"NUMBER(10,0)",22,10,0,Y,1,,0,,
INSCRITOS_201907,TIPO_IDENTIFICACION,VARCHAR2,VARCHAR2(4 BYTE),4,,,Y,2,,4,B,
INSCRITOS_201907,IDENTIFICACION,VARCHAR2,VARCHAR2(20 BYTE),20,,,Y,3,,20,B,
INSCRITOS_201907,USUARIO,VARCHAR2,VARCHAR2(80 BYTE),80,,,Y,4,,80,B,
INSCRITOS_201907,GENERO,VARCHAR2,VARCHAR2(20 BYTE),20,,,Y,5,,20,B,
INSCRITOS_201907,PAI_ID,NUMBER,"NUMBER(4,0)",22,4,0,Y,6,,0,,
INSCRITOS_201907,DEPARTAMENTO,VARCHAR2,VARCHAR2(40 BYTE),40,,,Y,7,,40,B,
INSCRITOS_201907,MUNICIPIO,VARCHAR2,VARCHAR2(40 BYTE),40,,,Y,8,,40,B,
INSCRITOS_201907,FECHA_INSCRIPCION,VARCHAR2,VARCHAR2(20 BYTE),20,,,Y,9,,20,B,
INSCRITOS_201908,OFT_ID,NUMBER,"NUMBER(10,0)",22,10,0,Y,1,,0,,
INSCRITOS_201908,TIPO_IDENTIFICACION,VARCHAR2,VARCHAR2(4 BYTE),4,,,Y,2,,4,B,
INSCRITOS_201908,IDENTIFICACION,VARCHAR2,VARCHAR2(20 BYTE),20,,,Y,3,,20,B,
INSCRITOS_201908,USUARIO,VARCHAR2,VARCHAR2(80 BYTE),80,,,Y,4,,80,B,
INSCRITOS_201908,GENERO,VARCHAR2,VARCHAR2(20 BYTE),20,,,Y,5,,20,B,
INSCRITOS_201908,PAI_ID,NUMBER,"NUMBER(4,0)",22,4,0,Y,6,,0,,
INSCRITOS_201908,DEPARTAMENTO,VARCHAR2,VARCHAR2(40 BYTE),40,,,Y,7,,40,B,
INSCRITOS_201908,MUNICIPIO,VARCHAR2,VARCHAR2(40 BYTE),40,,,Y,8,,40,B,
INSCRITOS_201908,FECHA_INSCRIPCION,VARCHAR2,VARCHAR2(20 BYTE),20,,,Y,9,,20,B,
INSCRITOS_201909,OFT_ID,NUMBER,"NUMBER(10,0)",22,10,0,Y,1,,0,,
INSCRITOS_201909,TIPO_IDENTIFICACION,VARCHAR2,VARCHAR2(4 BYTE),4,,,Y,2,,4,B,
INSCRITOS_201909,IDENTIFICACION,VARCHAR2,VARCHAR2(20 BYTE),20,,,Y,3,,20,B,
INSCRITOS_201909,USUARIO,VARCHAR2,VARCHAR2(80 BYTE),80,,,Y,4,,80,B,
INSCRITOS_201909,GENERO,VARCHAR2,VARCHAR2(20 BYTE),20,,,Y,5,,20,B,
INSCRITOS_201909,PAI_ID,NUMBER,"NUMBER(4,0)",22,4,0,Y,6,,0,,
INSCRITOS_201909,DEPARTAMENTO,VARCHAR2,VARCHAR2(60 BYTE),60,,,Y,7,,60,B,
INSCRITOS_201909,MUNICIPIO,VARCHAR2,VARCHAR2(60 BYTE),60,,,Y,8,,60,B,
INSCRITOS_201909,FECHA_INSCRIPCION,VARCHAR2,VARCHAR2(20 BYTE),20,,,Y,9,,20,B,
INSCRITOS_201910,OFT_ID,NUMBER,"NUMBER(10,0)",22,10,0,Y,1,,0,,
INSCRITOS_201910,TIPO_IDENTIFICACION,VARCHAR2,VARCHAR2(4 BYTE),4,,,Y,2,,4,B,
INSCRITOS_201910,IDENTIFICACION,VARCHAR2,VARCHAR2(20 BYTE),20,,,Y,3,,20,B,
INSCRITOS_201910,USUARIO,VARCHAR2,VARCHAR2(80 BYTE),80,,,Y,4,,80,B,
INSCRITOS_201910,GENERO,VARCHAR2,VARCHAR2(20 BYTE),20,,,Y,5,,20,B,
INSCRITOS_201910,PAI_ID,NUMBER,"NUMBER(4,0)",22,4,0,Y,6,,0,,
INSCRITOS_201910,DEPARTAMENTO,VARCHAR2,VARCHAR2(60 BYTE),60,,,Y,7,,60,B,
INSCRITOS_201910,MUNICIPIO,VARCHAR2,VARCHAR2(60 BYTE),60,,,Y,8,,60,B,
INSCRITOS_201910,FECHA_INSCRIPCION,VARCHAR2,VARCHAR2(20 BYTE),20,,,Y,9,,20,B,
INSCRITOS_201911,OFT_ID,NUMBER,"NUMBER(10,0)",22,10,0,Y,1,,0,,
INSCRITOS_201911,TIPO_IDENTIFICACION,VARCHAR2,VARCHAR2(4 BYTE),4,,,Y,2,,4,B,
INSCRITOS_201911,IDENTIFICACION,VARCHAR2,VARCHAR2(20 BYTE),20,,,Y,3,,20,B,
INSCRITOS_201911,USUARIO,VARCHAR2,VARCHAR2(80 BYTE),80,,,Y,4,,80,B,
INSCRITOS_201911,GENERO,VARCHAR2,VARCHAR2(20 BYTE),20,,,Y,5,,20,B,
INSCRITOS_201911,PAI_ID,NUMBER,"NUMBER(4,0)",22,4,0,Y,6,,0,,
INSCRITOS_201911,DEPARTAMENTO,VARCHAR2,VARCHAR2(60 BYTE),60,,,Y,7,,60,B,
INSCRITOS_201911,MUNICIPIO,VARCHAR2,VARCHAR2(60 BYTE),60,,,Y,8,,60,B,
INSCRITOS_201911,FECHA_INSCRIPCION,VARCHAR2,VARCHAR2(20 BYTE),20,,,Y,9,,20,B,
INSCRITOS_201912,OFT_ID,NUMBER,"NUMBER(10,0)",22,10,0,Y,1,,0,,
INSCRITOS_201912,TIPO_IDENTIFICACION,VARCHAR2,VARCHAR2(4 BYTE),4,,,Y,2,,4,B,
INSCRITOS_201912,IDENTIFICACION,VARCHAR2,VARCHAR2(20 BYTE),20,,,Y,3,,20,B,
INSCRITOS_201912,USUARIO,VARCHAR2,VARCHAR2(80 BYTE),80,,,Y,4,,80,B,
INSCRITOS_201912,GENERO,VARCHAR2,VARCHAR2(20 BYTE),20,,,Y,5,,20,B,
INSCRITOS_201912,PAI_ID,NUMBER,"NUMBER(4,0)",22,4,0,Y,6,,0,,
INSCRITOS_201912,DEPARTAMENTO,VARCHAR2,VARCHAR2(60 BYTE),60,,,Y,7,,60,B,
INSCRITOS_201912,MUNICIPIO,VARCHAR2,VARCHAR2(60 BYTE),60,,,Y,8,,60,B,
INSCRITOS_201912,FECHA_INSCRIPCION,VARCHAR2,VARCHAR2(20 BYTE),20,,,Y,9,,20,B,
INSCRITOS_202001,OFT_ID,NUMBER,"NUMBER(10,0)",22,10,0,Y,1,,0,,
INSCRITOS_202001,TIPO_IDENTIFICACION,VARCHAR2,VARCHAR2(4 BYTE),4,,,Y,2,,4,B,
INSCRITOS_202001,IDENTIFICACION,VARCHAR2,VARCHAR2(20 BYTE),20,,,Y,3,,20,B,
INSCRITOS_202001,USUARIO,VARCHAR2,VARCHAR2(80 BYTE),80,,,Y,4,,80,B,
INSCRITOS_202001,GENERO,VARCHAR2,VARCHAR2(20 BYTE),20,,,Y,5,,20,B,
INSCRITOS_202001,PAI_ID,NUMBER,"NUMBER(4,0)",22,4,0,Y,6,,0,,
INSCRITOS_202001,DEPARTAMENTO,VARCHAR2,VARCHAR2(60 BYTE),60,,,Y,7,,60,B,
INSCRITOS_202001,MUNICIPIO,VARCHAR2,VARCHAR2(60 BYTE),60,,,Y,8,,60,B,
INSCRITOS_202001,FECHA_INSCRIPCION,VARCHAR2,VARCHAR2(20 BYTE),20,,,Y,9,,20,B,
INSTITUCION,INS_ID,NUMBER,"NUMBER(7,0)",22,7,0,N,1,,0,,
INSTITUCION,INS_NOMBRE,VARCHAR2,VARCHAR2(200 BYTE),200,,,N,2,,200,B,
INSTITUCION,INS_ESTADO,NUMBER,"NUMBER(1,0)",22,1,0,N,3,,0,,
INSTITUCION,ORG_ID,NUMBER,"NUMBER(2,0)",22,2,0,N,4,,0,,
INSTITUCION,CAR_ID,NUMBER,"NUMBER(2,0)",22,2,0,N,5,,0,,
INSTITUCION,MPO_ID,NUMBER,"NUMBER(9,0)",22,9,0,N,6,,0,,
INSTITUCION,DPT_ID,NUMBER,"NUMBER(7,0)",22,7,0,N,7,,0,,
INSTITUCION,INS_ORIGEN,NUMBER,"NUMBER(1,0)",22,1,0,N,8,0 ,0,,
INSTITUCION,INS_SENA,NUMBER,"NUMBER(1,0)",22,1,0,N,9,0 ,0,,
INSTRUCTOR_ECAP,ITR_ID,NUMBER,"NUMBER(7,0)",22,7,0,N,1,,0,,
INSTRUCTOR_ECAP,OFT_ID,NUMBER,"NUMBER(9,0)",22,9,0,N,2,,0,,
INSTRUCTOR_ECAP,EMP_ID,NUMBER,"NUMBER(8,0)",22,8,0,N,3,,0,,
INSTRUCTOR_ECAP,ITR_FCH_REGISTRO,DATE,DATE,7,,,N,4,,0,,
INSTRUCTOR_ECAP,FUN_ID,NUMBER,"NUMBER(5,0)",22,5,0,N,5,,0,,
INSTRUCTOR_ECAP,CSPE_ID,NUMBER,"NUMBER(7,0)",22,7,0,N,6,,0,,
INVITACION,INV_ID,NUMBER,"NUMBER(10,0)",22,10,0,N,1,,0,,
INVITACION,DEM_ID,NUMBER,"NUMBER(10,0)",22,10,0,N,2,,0,,
INVITACION,OFT_ID,NUMBER,"NUMBER(9,0)",22,9,0,N,3,,0,,
INVITACION,INV_ESTADO,NUMBER,"NUMBER(1,0)",22,1,0,N,4,1 ,0,,
INVITACION,INV_FECHA_INVITACION,DATE,DATE,7,,,N,5,,0,,
INVITACION,INV_ES_EGRESADO,VARCHAR2,VARCHAR2(15 BYTE),15,,,N,6,,15,B,
JORNADA_TRABAJO,JTR_ID,NUMBER,"NUMBER(1,0)",22,1,0,N,1,,0,,
JORNADA_TRABAJO,JTR_NOMBRE,VARCHAR2,VARCHAR2(40 BYTE),40,,,N,2,,40,B,
JORNADA_TRABAJO,JTR_DESCRIPCION,VARCHAR2,VARCHAR2(100 BYTE),100,,,N,3,,100,B,
JOVENES_EN_PAZ,REGIONAL,VARCHAR2,VARCHAR2(100 BYTE),100,,,Y,1,,100,B,
JOVENES_EN_PAZ,FECHA_ACTIVIDAD,DATE,DATE,7,,,Y,2,,0,,
JOVENES_EN_PAZ,TIPO_ACTIVIDAD,VARCHAR2,VARCHAR2(250 BYTE),250,,,Y,3,,250,B,
JOVENES_EN_PAZ,NOMBRE_USUARIO,VARCHAR2,VARCHAR2(150 BYTE),150,,,Y,4,,150,B,
JOVENES_EN_PAZ,DOCUMENTO,NUMBER,"NUMBER(38,0)",22,38,0,Y,5,,0,,
JOVENES_EN_PAZ,CORREO,VARCHAR2,VARCHAR2(150 BYTE),150,,,Y,6,,150,B,
JOVENES_EN_PAZ,TELEFONO,VARCHAR2,VARCHAR2(20 BYTE),20,,,Y,7,,20,B,
JOVENES_EN_PAZ,OBSERVACIONES,CLOB,CLOB,4000,,,Y,8,,0,,
LICENCIA_CONDUCCION,LIC_ID,NUMBER,"NUMBER(1,0)",22,1,0,N,1,,0,,
LICENCIA_CONDUCCION,LIC_CATEGORIA,VARCHAR2,VARCHAR2(2 BYTE),2,,,N,2,,2,B,
LICENCIA_CONDUCCION,LIC_DESCRIPCION,VARCHAR2,VARCHAR2(100 BYTE),100,,,N,3,,100,B,
LISTA_OFERTAS_TMP,OFT_ID,NUMBER,"NUMBER(9,0)",22,9,0,Y,1,,0,,
LISTA_OFERTAS_TMP,REG_ID,NUMBER,"NUMBER(2,0)",22,2,0,Y,2,,0,,
LISTA_OFERTAS_TMP,CONSULTAS_TOTAL,NUMBER,"NUMBER(6,0)",22,6,0,Y,3,,0,,
LISTA_OFERTAS_TMP,CONSULTAS_RECIENTES,NUMBER,"NUMBER(6,0)",22,6,0,Y,4,,0,,
LISTA_ROTACION_DEF,LIR_ID,NUMBER,"NUMBER(4,0)",22,4,0,N,1,,0,,
LISTA_ROTACION_DEF,LIR_NOMBRE,VARCHAR2,VARCHAR2(250 BYTE),250,,,N,2,,250,B,
LISTA_ROTACION_DEF,LIR_FCH_CREACION,DATE,DATE,7,,,N,3,,0,,
LISTA_ROTACION_DEF,LIR_ESTADO,NUMBER,"NUMBER(1,0)",22,1,0,N,4,,0,,
LISTA_ROTACION_DEF,FUN_ID,NUMBER,"NUMBER(5,0)",22,5,0,N,5,,0,,
LISTA_ROTACION_OFT,LRO_ID,NUMBER,"NUMBER(9,0)",22,9,0,N,1,,0,,
LISTA_ROTACION_OFT,LIR_ID,NUMBER,"NUMBER(4,0)",22,4,0,N,2,,0,,
LISTA_ROTACION_OFT,LZG_ID,NUMBER,"NUMBER(9,0)",22,9,0,N,3,,0,,
LISTA_ROTACION_OFT,OFT_ID,NUMBER,"NUMBER(9,0)",22,9,0,N,4,,0,,
LISTA_ROTACION_OFT,LRO_FCH_REGISTRO,DATE,DATE,7,,,N,5,,0,,
LISTA_ROTACION_OFT,LRO_PUESTO,NUMBER,"NUMBER(4,0)",22,4,0,N,6,,0,,
LISTA_ROTACION_ZONAGEO,LZG_ID,NUMBER,"NUMBER(9,0)",22,9,0,N,1,,0,,
LISTA_ROTACION_ZONAGEO,LIR_ID,NUMBER,"NUMBER(4,0)",22,4,0,N,2,,0,,
LISTA_ROTACION_ZONAGEO,PAI_ID,NUMBER,"NUMBER(3,0)",22,3,0,N,3,,0,,
LISTA_ROTACION_ZONAGEO,DPT_ID,NUMBER,"NUMBER(7,0)",22,7,0,N,4,,0,,
LISTA_ROTACION_ZONAGEO,MPO_ID,NUMBER,"NUMBER(9,0)",22,9,0,N,5,,0,,
LISTA_ROTACION_ZONAGEO,ZON_ID,NUMBER,"NUMBER(12,0)",22,12,0,Y,6,,0,,
LISTA_ROTACION_ZONAGEO,BAR_ID,NUMBER,"NUMBER(6,0)",22,6,0,Y,7,,0,,
LOG_ADM_CONTENIDO,LAC_ID,NUMBER,"NUMBER(10,0)",22,10,0,N,1,,0,,
LOG_ADM_CONTENIDO,MTT_ID,NUMBER,"NUMBER(3,0)",22,3,0,N,2,,0,,
LOG_ADM_CONTENIDO,FUN_ID,NUMBER,"NUMBER(5,0)",22,5,0,N,3,,0,,
LOG_ADM_CONTENIDO,LAC_ACCION,NUMBER,"NUMBER(1,0)",22,1,0,N,4,,0,,
LOG_ADM_CONTENIDO,LAC_FCH_ACCION,DATE,DATE,7,,,N,5,,0,,
LOG_ADM_CONTENIDO,LAC_REG_VIEJO,VARCHAR2,VARCHAR2(700 BYTE),700,,,Y,6,,700,B,
LOG_ADM_CONTENIDO,LAC_REG_NUEVO,VARCHAR2,VARCHAR2(700 BYTE),700,,,Y,7,,700,B,
LOG_DEM_ETD_FORMAL,LDF_ID,NUMBER,"NUMBER(15,0)",22,15,0,N,1,,0,,
LOG_DEM_ETD_FORMAL,DEM_ID,NUMBER,"NUMBER(9,0)",22,9,0,N,2,,0,,
LOG_DEM_ETD_FORMAL,TIT_ID,NUMBER,"NUMBER(5,0)",22,5,0,N,3,,0,,
LOG_DEM_ETD_FORMAL,INS_ID,NUMBER,"NUMBER(7,0)",22,7,0,Y,4,,0,,
LOG_DEM_ETD_FORMAL,LDF_ACCION,NUMBER,"NUMBER(1,0)",22,1,0,N,5,,0,,
LOG_DEM_ETD_FORMAL,FUN_ID,NUMBER,"NUMBER(5,0)",22,5,0,Y,6,,0,,
LOG_DEM_ETD_FORMAL,LDF_FCH_ACCION,DATE,DATE,7,,,N,7,,0,,
LOG_DEM_ETD_NO_FORMAL,LDN_ID,NUMBER,"NUMBER(12,0)",22,12,0,N,1,,0,,
LOG_DEM_ETD_NO_FORMAL,DEM_ID,NUMBER,"NUMBER(9,0)",22,9,0,N,2,,0,,
LOG_DEM_ETD_NO_FORMAL,ENF_ID,NUMBER,"NUMBER(7,0)",22,7,0,N,3,,0,,
LOG_DEM_ETD_NO_FORMAL,LDN_ACCION,NUMBER,"NUMBER(1,0)",22,1,0,N,4,,0,,
LOG_DEM_ETD_NO_FORMAL,FUN_ID,NUMBER,"NUMBER(5,0)",22,5,0,Y,5,,0,,
LOG_DEM_ETD_NO_FORMAL,LDN_FCH_ACCION,DATE,DATE,7,,,N,6,,0,,
LOG_DEM_IDIOMA,LDI_ID,NUMBER,"NUMBER(9,0)",22,9,0,N,1,,0,,
LOG_DEM_IDIOMA,DEM_ID,NUMBER,"NUMBER(9,0)",22,9,0,N,2,,0,,
LOG_DEM_IDIOMA,IDM_ID,NUMBER,"NUMBER(2,0)",22,2,0,N,3,,0,,
LOG_DEM_IDIOMA,LDI_ACCION,NUMBER,"NUMBER(1,0)",22,1,0,N,4,,0,,
LOG_DEM_IDIOMA,FUN_ID,NUMBER,"NUMBER(5,0)",22,5,0,Y,5,,0,,
LOG_DEM_IDIOMA,LDI_FCH_ACCION,DATE,DATE,7,,,N,6,,0,,
LOG_MC_ASPIRACION,LOG_MC_ASPIRACION_ID,NUMBER,NUMBER,22,,,N,1,,0,,
LOG_MC_ASPIRACION,ID,NUMBER,NUMBER,22,,,N,2,,0,,
LOG_MC_ASPIRACION,FECHA_ASPIRACION,DATE,DATE,7,,,Y,3,,0,,
LOG_MC_ASPIRACION,MC_ASPE_ID,NUMBER,NUMBER,22,,,Y,4,,0,,
LOG_MC_ASPIRACION,MC_NVL_ACA_ID,NUMBER,NUMBER,22,,,Y,5,,0,,
LOG_MC_ASPIRACION,MC_ESTADO_ASPRCN_ID,NUMBER,"NUMBER(2,0)",22,2,0,N,6,NULL ,0,,
LOG_MC_ASPIRACION,FECHA_CREACION,DATE,DATE,7,,,Y,7,SYSDATE,0,,
LOG_MC_ASPIRACION,MC_PERFIL_ID,NUMBER,NUMBER,22,,,N,8,,0,,
LOG_MC_ASPIRACION,ID_MC_JOR,NUMBER,NUMBER,22,,,Y,9,,0,,
LOG_MC_ASPIRACION,ACCION,VARCHAR2,VARCHAR2(20 BYTE),20,,,N,10,,20,B,
LOG_MC_ASPIRACION,FECHA_ACCION,DATE,DATE,7,,,N,11,,0,,
LOG_MC_ASPN_ESTAB,LOG_MC_ASPN_ESTAB_ID,NUMBER,NUMBER,22,,,N,1,,0,,
LOG_MC_ASPN_ESTAB,ID,NUMBER,NUMBER,22,,,N,2,,0,,
LOG_MC_ASPN_ESTAB,MC_ASPN_ID,NUMBER,NUMBER,22,,,N,3,,0,,
LOG_MC_ASPN_ESTAB,MC_ESTAB_CNV_ID,NUMBER,NUMBER,22,,,N,4,,0,,
LOG_MC_ASPN_ESTAB,FCH_CREACION,DATE,DATE,7,,,N,5,SYSDATE ,0,,
LOG_MC_ASPN_ESTAB,ACCION,VARCHAR2,VARCHAR2(20 BYTE),20,,,N,6,,20,B,
LOG_MC_ASPN_ESTAB,FECHA_ACCION,DATE,DATE,7,,,N,7,,0,,
LOG_MC_ASPRNT_EN_FRM,LOG_MC_ASPRNT_EN_FRM_ID,NUMBER,NUMBER,22,,,N,1,,0,,
LOG_MC_ASPRNT_EN_FRM,ID,NUMBER,NUMBER,22,,,N,2,,0,,
LOG_MC_ASPRNT_EN_FRM,MC_ASPN_ID,NUMBER,NUMBER,22,,,N,3,,0,,
LOG_MC_ASPRNT_EN_FRM,TIPO_DOC_EF,VARCHAR2,VARCHAR2(50 BYTE),50,,,N,4,,50,B,
LOG_MC_ASPRNT_EN_FRM,NUM_DOC_EF,NUMBER,"NUMBER(20,0)",22,20,0,N,5,,0,,
LOG_MC_ASPRNT_EN_FRM,NOMBRES_EF,VARCHAR2,VARCHAR2(70 BYTE),70,,,N,6,,70,B,
LOG_MC_ASPRNT_EN_FRM,PRMR_APLLD_EF,VARCHAR2,VARCHAR2(40 BYTE),40,,,N,7,,40,B,
LOG_MC_ASPRNT_EN_FRM,SGND_APLLD_EF,VARCHAR2,VARCHAR2(40 BYTE),40,,,Y,8,,40,B,
LOG_MC_ASPRNT_EN_FRM,EMAIL_EF,VARCHAR2,VARCHAR2(50 BYTE),50,,,N,9,,50,B,
LOG_MC_ASPRNT_EN_FRM,TEL_CEL_EF,VARCHAR2,VARCHAR2(20 BYTE),20,,,Y,10,,20,B,
LOG_MC_ASPRNT_EN_FRM,PASS_BLCKBRD,VARCHAR2,VARCHAR2(15 BYTE),15,,,N,11,,15,B,
LOG_MC_ASPRNT_EN_FRM,FCH_CREACION,DATE,DATE,7,,,N,12,,0,,
LOG_MC_ASPRNT_EN_FRM,RESULTADO_OBS,VARCHAR2,VARCHAR2(4000 BYTE),4000,,,Y,13,,4000,B,
LOG_MC_ASPRNT_EN_FRM,MC_JOR_ID,NUMBER,NUMBER,22,,,Y,14,,0,,
LOG_MC_ASPRNT_EN_FRM,TEL_EF,VARCHAR2,VARCHAR2(25 BYTE),25,,,Y,15,,25,B,
LOG_MC_ASPRNT_EN_FRM,ACCION,VARCHAR2,VARCHAR2(20 BYTE),20,,,N,16,,20,B,
LOG_MC_ASPRNT_EN_FRM,FECHA_ACCION,DATE,DATE,7,,,N,17,,0,,
LOG_MC_ASPRNT_EN_FRM,FASE,NUMBER,"NUMBER(2,0)",22,2,0,Y,18,,0,,
LOG_MC_ASPRNT_EN_FRM,RESULTADO_PRU,NUMBER,"NUMBER(5,2)",22,5,2,Y,19,,0,,
LOG_MC_ASPRNT_EN_FRM,OBS_FRANJA,VARCHAR2,VARCHAR2(2000 BYTE),2000,,,Y,20,,2000,B,
LOG_MC_ASPRNT_EN_FRM,RES_PRU_CENTR,NUMBER,"NUMBER(5,2)",22,5,2,Y,21,,0,,
LOG_MC_ASPRNT_EN_FRM,OBS_PRU_CENTR,VARCHAR2,VARCHAR2(2000 BYTE),2000,,,Y,22,,2000,B,
LOG_MC_BANIN_ASPIRACION,ID,NUMBER,NUMBER,22,,,N,1,,0,,
LOG_MC_BANIN_ASPIRACION,OFT_ID,NUMBER,NUMBER,22,,,N,2,,0,,
LOG_MC_BANIN_ASPIRACION,MCBCT_ID,NUMBER,NUMBER,22,,,N,3,,0,,
LOG_MC_BANIN_ASPIRACION,FECHA_MOVIMIENTO,DATE,DATE,7,,,Y,4,,0,,
LOG_MC_BANIN_ASPIRACION,ESTADO,VARCHAR2,VARCHAR2(50 BYTE),50,,,Y,5,,50,B,
LOG_MC_ESTAB_CNVCTRIA,LOG_MC_ESTAB_CNVCTRIA_ID,NUMBER,NUMBER,22,,,N,1,,0,,
LOG_MC_ESTAB_CNVCTRIA,ID,NUMBER,NUMBER,22,,,N,2,,0,,
LOG_MC_ESTAB_CNVCTRIA,MC_CONV_ID,NUMBER,NUMBER,22,,,N,3,,0,,
LOG_MC_ESTAB_CNVCTRIA,MPO_ID,NUMBER,"NUMBER(9,0)",22,9,0,Y,4,,0,,
LOG_MC_ESTAB_CNVCTRIA,NOMBRE,VARCHAR2,VARCHAR2(200 BYTE),200,,,N,5,,200,B,
LOG_MC_ESTAB_CNVCTRIA,FCH_CREACION,DATE,DATE,7,,,N,6,SYSDATE ,0,,
LOG_MC_ESTAB_CNVCTRIA,FUN_ID,NUMBER,"NUMBER(5,0)",22,5,0,N,7,,0,,
LOG_MC_ESTAB_CNVCTRIA,EMP_ID,NUMBER,"NUMBER(8,0)",22,8,0,Y,8,,0,,
LOG_MC_ESTAB_CNVCTRIA,CUPO_CONTRTO,NUMBER,"NUMBER(6,0)",22,6,0,Y,9,,0,,
LOG_MC_ESTAB_CNVCTRIA,ACCION,VARCHAR2,VARCHAR2(20 BYTE),20,,,N,10,,20,B,
LOG_MC_ESTAB_CNVCTRIA,FECHA_ACCION,DATE,DATE,7,,,N,11,,0,,
LOG_MC_PRESELECCION,LOG_MC_PRE_ID,NUMBER,NUMBER,22,,,N,1,,0,,
LOG_MC_PRESELECCION,MC_PRE_ID,NUMBER,NUMBER,22,,,N,2,,0,,
LOG_MC_PRESELECCION,MC_PRE_FCH_REG,DATE,DATE,7,,,N,3,SYSDATE ,0,,
LOG_MC_PRESELECCION,MC_EST_PRE_ID,NUMBER,NUMBER,22,,,N,4,,0,,
LOG_MC_PRESELECCION,OFT_ID,NUMBER,"NUMBER(9,0)",22,9,0,Y,5,,0,,
LOG_MC_PRESELECCION,EMP_ID,NUMBER,"NUMBER(8,0)",22,8,0,Y,6,,0,,
LOG_MC_PRESELECCION,MC_PRE_RESP,NUMBER,"NUMBER(1,0)",22,1,0,Y,7,,0,,
LOG_MC_PRESELECCION,MC_PRE_OBS,VARCHAR2,VARCHAR2(4000 BYTE),4000,,,Y,8,,4000,B,
LOG_MC_PRESELECCION,MC_ASPN_ID,NUMBER,NUMBER,22,,,Y,9,,0,,
LOG_MC_PRESELECCION,ACCION,VARCHAR2,VARCHAR2(20 BYTE),20,,,N,10,,20,B,
LOG_MC_PRESELECCION,FECHA_ACCION,DATE,DATE,7,,,N,11,,0,,
LOG_MC_REQ_CAPTURADO,LOG_MC_REQ_CAP_ID,NUMBER,NUMBER,22,,,N,1,,0,,
LOG_MC_REQ_CAPTURADO,ID,NUMBER,NUMBER,22,,,N,2,,0,,
LOG_MC_REQ_CAPTURADO,MC_TIP_REQ_ID,NUMBER,NUMBER,22,,,N,3,,0,,
LOG_MC_REQ_CAPTURADO,MC_ASPN_ID,NUMBER,NUMBER,22,,,N,4,,0,,
LOG_MC_REQ_CAPTURADO,EXP_REL,NUMBER,"NUMBER(5,2)",22,5,2,Y,5,,0,,
LOG_MC_REQ_CAPTURADO,EXP_DOC,NUMBER,"NUMBER(5,2)",22,5,2,Y,6,,0,,
LOG_MC_REQ_CAPTURADO,TIT_ID,NUMBER,NUMBER,22,,,Y,7,,0,,
LOG_MC_REQ_CAPTURADO,FCH_CREACION,DATE,DATE,7,,,Y,8,SYSDATE,0,,
LOG_MC_REQ_CAPTURADO,URL_ARCHIVO,VARCHAR2,VARCHAR2(255 BYTE),255,,,N,9,,255,B,
LOG_MC_REQ_CAPTURADO,TIT_ID_APE,NUMBER,"NUMBER(5,0)",22,5,0,Y,10,,0,,
LOG_MC_REQ_CAPTURADO,NOMBRE_TIT_AP,VARCHAR2,VARCHAR2(1024 BYTE),1024,,,Y,11,,1024,B,
LOG_MC_REQ_CAPTURADO,MC_NBC_ID,NUMBER,NUMBER,22,,,Y,12,,0,,
LOG_MC_REQ_CAPTURADO,MC_NVL_ACA_ID,NUMBER,NUMBER,22,,,Y,13,,0,,
LOG_MC_REQ_CAPTURADO,IND_ID_APE,NUMBER,"NUMBER(4,0)",22,4,0,Y,14,,0,,
LOG_MC_REQ_CAPTURADO,NOM_IND_APE,VARCHAR2,VARCHAR2(200 BYTE),200,,,Y,15,,200,B,
LOG_MC_REQ_CAPTURADO,ENF_ID_APE,NUMBER,"NUMBER(7,0)",22,7,0,Y,16,,0,,
LOG_MC_REQ_CAPTURADO,NOMBRE_CAP_AP,VARCHAR2,VARCHAR2(200 BYTE),200,,,Y,17,,200,B,
LOG_MC_REQ_CAPTURADO,IDM_ID_APE,NUMBER,"NUMBER(2,0)",22,2,0,Y,18,,0,,
LOG_MC_REQ_CAPTURADO,CPL_ID,NUMBER,"NUMBER(10,0)",22,10,0,Y,19,,0,,
LOG_MC_REQ_CAPTURADO,CPL_DESC,VARCHAR2,VARCHAR2(1024 BYTE),1024,,,Y,20,,1024,B,
LOG_MC_REQ_CAPTURADO,ACCION,VARCHAR2,VARCHAR2(20 BYTE),20,,,N,21,,20,B,
LOG_MC_REQ_CAPTURADO,FECHA_ACCION,DATE,DATE,7,,,N,22,,0,,
LOG_OFT_CUESTIONARIO,LOC_ID,NUMBER,"NUMBER(10,0)",22,10,0,N,1,,0,,
LOG_OFT_CUESTIONARIO,OFT_ID,NUMBER,"NUMBER(9,0)",22,9,0,N,2,,0,,
LOG_OFT_CUESTIONARIO,LOC_FCH_REGISTRO,DATE,DATE,7,,,N,3,,0,,
LOG_OFT_CUESTIONARIO,LOC_TOMADO,NUMBER,"NUMBER(1,0)",22,1,0,N,4,,0,,
LOG_OFT_ETD_FORMAL,LOF_ID,NUMBER,"NUMBER(15,0)",22,15,0,N,1,,0,,
LOG_OFT_ETD_FORMAL,OFT_ID,NUMBER,"NUMBER(9,0)",22,9,0,N,2,,0,,
LOG_OFT_ETD_FORMAL,ETF_ID,NUMBER,"NUMBER(7,0)",22,7,0,N,3,,0,,
LOG_OFT_ETD_FORMAL,LOF_ACCION,NUMBER,"NUMBER(1,0)",22,1,0,N,4,,0,,
LOG_OFT_ETD_FORMAL,FUN_ID,NUMBER,"NUMBER(5,0)",22,5,0,Y,5,,0,,
LOG_OFT_ETD_FORMAL,LOF_FCH_ACCION,DATE,DATE,7,,,N,6,,0,,
LOG_OFT_ETD_FORMAL_ALT,LFA_ID,NUMBER,"NUMBER(15,0)",22,15,0,N,1,,0,,
LOG_OFT_ETD_FORMAL_ALT,OFT_ID,NUMBER,"NUMBER(9,0)",22,9,0,N,2,,0,,
LOG_OFT_ETD_FORMAL_ALT,LFA_INSTITUCION,VARCHAR2,VARCHAR2(200 BYTE),200,,,N,3,,200,B,
LOG_OFT_ETD_FORMAL_ALT,LFA_TITULO,VARCHAR2,VARCHAR2(200 BYTE),200,,,N,4,,200,B,
LOG_OFT_ETD_FORMAL_ALT,NIA_ID,NUMBER,"NUMBER(2,0)",22,2,0,N,5,,0,,
LOG_OFT_ETD_FORMAL_ALT,LFA_ACCION,NUMBER,"NUMBER(1,0)",22,1,0,N,6,,0,,
LOG_OFT_ETD_FORMAL_ALT,FUN_ID,NUMBER,"NUMBER(5,0)",22,5,0,Y,7,,0,,
LOG_OFT_ETD_FORMAL_ALT,LFA_FCH_ACCION,DATE,DATE,7,,,N,8,,0,,
LOG_OFT_ETD_NO_FORMAL,LON_ID,NUMBER,"NUMBER(12,0)",22,12,0,N,1,,0,,
LOG_OFT_ETD_NO_FORMAL,OFT_ID,NUMBER,"NUMBER(9,0)",22,9,0,N,2,,0,,
LOG_OFT_ETD_NO_FORMAL,ENF_ID,NUMBER,"NUMBER(7,0)",22,7,0,N,3,,0,,
LOG_OFT_ETD_NO_FORMAL,LON_ACCION,NUMBER,"NUMBER(1,0)",22,1,0,N,4,,0,,
LOG_OFT_ETD_NO_FORMAL,FUN_ID,NUMBER,"NUMBER(5,0)",22,5,0,Y,5,,0,,
LOG_OFT_ETD_NO_FORMAL,LON_FCH_ACCION,DATE,DATE,7,,,N,6,,0,,
LOG_OFT_ETD_NO_FORMAL,LON_INSTITUCION,VARCHAR2,VARCHAR2(200 BYTE),200,,,N,7,,200,B,
LOG_OFT_ETD_NO_FORMAL_ALT,LNA_ID,NUMBER,"NUMBER(12,0)",22,12,0,N,1,,0,,
LOG_OFT_ETD_NO_FORMAL_ALT,OFT_ID,NUMBER,"NUMBER(9,0)",22,9,0,N,2,,0,,
LOG_OFT_ETD_NO_FORMAL_ALT,LNA_TITULO,VARCHAR2,VARCHAR2(200 BYTE),200,,,N,3,,200,B,
LOG_OFT_ETD_NO_FORMAL_ALT,TIE_ID,NUMBER,"NUMBER(2,0)",22,2,0,N,4,,0,,
LOG_OFT_ETD_NO_FORMAL_ALT,LNA_INSTITUCION,VARCHAR2,VARCHAR2(200 BYTE),200,,,N,5,,200,B,
LOG_OFT_ETD_NO_FORMAL_ALT,LNA_ACCION,NUMBER,"NUMBER(1,0)",22,1,0,N,6,,0,,
LOG_OFT_ETD_NO_FORMAL_ALT,FUN_ID,NUMBER,"NUMBER(5,0)",22,5,0,Y,7,,0,,
LOG_OFT_ETD_NO_FORMAL_ALT,LNA_FCH_ACCION,DATE,DATE,7,,,N,8,,0,,
LOG_OFT_EXPERIENCIA,LOE_ID,NUMBER,"NUMBER(12,0)",22,12,0,N,1,,0,,
LOG_OFT_EXPERIENCIA,OFT_ID,NUMBER,"NUMBER(9,0)",22,9,0,N,2,,0,,
LOG_OFT_EXPERIENCIA,CIIU_ID,VARCHAR2,VARCHAR2(4 BYTE),4,,,N,3,,4,B,
LOG_OFT_EXPERIENCIA,LOE_ACCION,NUMBER,"NUMBER(1,0)",22,1,0,N,4,,0,,
LOG_OFT_EXPERIENCIA,FUN_ID,NUMBER,"NUMBER(5,0)",22,5,0,Y,5,,0,,
LOG_OFT_EXPERIENCIA,LOE_FCH_ACCION,DATE,DATE,7,,,N,6,,0,,
LOG_OFT_EXPERIENCIA,IND_ID,NUMBER,"NUMBER(9,0)",22,9,0,N,7,,0,,
LOG_OFT_IDIOMA,LOI_ID,NUMBER,"NUMBER(9,0)",22,9,0,N,1,,0,,
LOG_OFT_IDIOMA,OFT_ID,NUMBER,"NUMBER(9,0)",22,9,0,N,2,,0,,
LOG_OFT_IDIOMA,IDM_ID,NUMBER,"NUMBER(2,0)",22,2,0,N,3,,0,,
LOG_OFT_IDIOMA,LOI_ACCION,NUMBER,"NUMBER(1,0)",22,1,0,N,4,,0,,
LOG_OFT_IDIOMA,FUN_ID,NUMBER,"NUMBER(5,0)",22,5,0,Y,5,,0,,
LOG_OFT_IDIOMA,LOI_FCH_ACCION,DATE,DATE,7,,,N,6,,0,,
LOG_REQ_BANIN,LOG_REQ_ID,NUMBER,NUMBER,22,,,N,1,,0,,
LOG_REQ_BANIN,LOG_MBA_ID,NUMBER,NUMBER,22,,,N,2,,0,,
LOG_REQ_BANIN,LOG_TIP_REQ_ID,NUMBER,NUMBER,22,,,N,3,,0,,
LOG_REQ_BANIN,LOG_MC_ACCION,NUMBER,NUMBER,22,,,N,4,,0,,
LOG_REQ_BANIN,LOG_URL_ARCHIVO,VARCHAR2,VARCHAR2(255 BYTE),255,,,N,5,,255,B,
LOG_REQ_BANIN,LOG_NOMBRE_TIT_AP,VARCHAR2,VARCHAR2(1024 BYTE),1024,,,Y,6,,1024,B,
LOG_REQ_BANIN,LOG_MC_NVL_ACA_ID,NUMBER,NUMBER,22,,,Y,7,,0,,
LOG_REQ_BANIN,LOG_ENF_ID_APE,NUMBER,"NUMBER(7,0)",22,7,0,Y,8,,0,,
LOG_REQ_BANIN,LOG_NOMBRE_CAP_AP,VARCHAR2,VARCHAR2(200 BYTE),200,,,Y,9,,200,B,
LOG_REQ_BANIN,LOG_IND_ID_APE,NUMBER,"NUMBER(9,0)",22,9,0,Y,10,,0,,
LOG_REQ_BANIN,LOG_NOM_IND_APE,VARCHAR2,VARCHAR2(200 BYTE),200,,,Y,11,,200,B,
LOG_REQ_BANIN,LOG_IDM_ID_APE,NUMBER,"NUMBER(2,0)",22,2,0,Y,12,,0,,
LOG_REQ_BANIN,LOG_CPL_ID,NUMBER,"NUMBER(10,0)",22,10,0,Y,13,,0,,
LOG_REQ_BANIN,LOG_CPL_DESC,VARCHAR2,VARCHAR2(1024 BYTE),1024,,,Y,14,,1024,B,
LOG_REQ_BANIN,LOG_MBF_ID,NUMBER,"NUMBER(38,0)",22,38,0,Y,15,,0,,
LOG_REQ_BANIN,LOG_NOM_TIPO_COMPETENCIA,VARCHAR2,VARCHAR2(255 BYTE),255,,,Y,16,,255,B,
LOG_REQ_BANIN,LOG_MC_FECHA_CREACION,DATE,DATE,7,,,Y,17,SYSDATE,0,,
LOG_REQ_BANIN,LOG_TIT_ID_APE,NUMBER,"NUMBER(5,0)",22,5,0,Y,18,,0,,
LOG_REQ_BANIN,OEX_FCH_INI,DATE,DATE,7,,,Y,19,,0,,
LOG_REQ_BANIN,OEX_FCH_FIN,DATE,DATE,7,,,Y,20,,0,,
LOG_REQ_BANIN,LOG_OFT_ID,NUMBER,"NUMBER(38,0)",22,38,0,Y,21,,0,,
MC_ACCESOS_FASE_1,CEDULA,NUMBER,NUMBER,22,,,N,1,,0,,
MC_ACCION_BANIN,AC_ID,NUMBER,NUMBER,22,,,N,1,,0,,
MC_ACCION_BANIN,AC_NOMBRE,VARCHAR2,VARCHAR2(250 BYTE),250,,,N,2,,250,B,
MC_ARCHIVO_ANEXO,ID,NUMBER,NUMBER,22,,,N,1,,0,,"Identificador de la tabla, se genera desde una secuencia"
MC_ARCHIVO_ANEXO,NOMBRE,VARCHAR2,VARCHAR2(100 BYTE),100,,,N,2,,100,B,Nombre del archivo
MC_ARCHIVO_ANEXO,URL,VARCHAR2,VARCHAR2(255 BYTE),255,,,Y,3,,255,B,URL de ubicación del archivo
MC_ARCHIVO_ANEXO,EXTENSION,VARCHAR2,VARCHAR2(10 BYTE),10,,,Y,4,,10,B,Extensión del archivo
MC_ARCHIVO_ANEXO,PESO,NUMBER,"NUMBER(15,0)",22,15,0,Y,5,,0,,Peso del archivo anexo
MC_ARCHIVO_ANEXO,FCH_REGISTRO,DATE,DATE,7,,,N,6,,0,,Fecha de registro del archivo
MC_ASPIRACION,ID,NUMBER,NUMBER,22,,,N,1,,0,,Identificador de la tabla se genera desde una secuencia
MC_ASPIRACION,FECHA_ASPIRACION,DATE,DATE,7,,,Y,2,,0,,Fecha de registro último estado aspiración.
MC_ASPIRACION,MC_ASPE_ID,NUMBER,NUMBER,22,,,Y,3,,0,,Identificador del aspirante
MC_ASPIRACION,MC_NVL_ACA_ID,NUMBER,NUMBER,22,,,Y,4,,0,,Identificador del nivel academico
MC_ASPIRACION,MC_ESTADO_ASPRCN_ID,NUMBER,"NUMBER(2,0)",22,2,0,N,5,NULL ,0,,
MC_ASPIRACION,FECHA_CREACION,DATE,DATE,7,,,Y,6,SYSDATE,0,,Fecha del primer registro de la aspiración.
MC_ASPIRACION,MC_PERFIL_ID,NUMBER,NUMBER,22,,,N,7,,0,,Perfil de la aspiración
MC_ASPIRACION,ID_MC_JOR,NUMBER,NUMBER,22,,,Y,8,,0,,Identificador de la jornada seleccionada
MC_ASPIRACION,NOM_OTRO_PERFIL,VARCHAR2,VARCHAR2(100 BYTE),100,,,Y,9,,100,B,Nombre ingresado por el usuario cuando selecciona otro perfil
MC_ASPIRANTE,ID,NUMBER,NUMBER,22,,,N,1,,0,,"Identificador de la tabla, se genera desde una secuencia"
MC_ASPIRANTE,OFT_ID,NUMBER,"NUMBER(9,0)",22,9,0,N,2,,0,,Identificador de la oferta
MC_ASPIRANTE,FECHA_CREACION,DATE,DATE,7,,,N,3,SYSDATE ,0,,Fecha de registro del aspirante en la tabla
MC_ASPN_ESTAB,ID,NUMBER,NUMBER,22,,,N,1,,0,,Identificador de la tabla se genera desde una secuencia
MC_ASPN_ESTAB,MC_ASPN_ID,NUMBER,NUMBER,22,,,N,2,,0,,Identificador de la aspiración
MC_ASPN_ESTAB,MC_ESTAB_CNV_ID,NUMBER,NUMBER,22,,,N,3,,0,,Identificador del establecimiento_convocatoria
MC_ASPN_ESTAB,FCH_CREACION,DATE,DATE,7,,,N,4,SYSDATE ,0,,Fecha de creación del registro
MC_ASPN_MPO,ID,NUMBER,NUMBER,22,,,N,1,,0,,"Identificador de la tabla, se genera desde una secuencia"
MC_ASPN_MPO,MC_ASPN_ID,NUMBER,NUMBER,22,,,N,2,,0,,Identificador de la aspiracion
MC_ASPN_MPO,MC_MPO_CNV_ID,NUMBER,NUMBER,22,,,N,3,,0,,Identificador del municipio
MC_ASPN_MPO,FCH_CREACION,DATE,DATE,7,,,Y,4,SYSDATE,0,,Fecha de creación del registro
MC_ASPRNT_EN_FRM,ID,NUMBER,NUMBER,22,,,N,1,,0,,"Identificador de la tabla, se genera desde una secuencia"
MC_ASPRNT_EN_FRM,MC_ASPN_ID,NUMBER,NUMBER,22,,,N,2,,0,,Identificador de la aspiración
MC_ASPRNT_EN_FRM,TIPO_DOC_EF,VARCHAR2,VARCHAR2(50 BYTE),50,,,N,3,,50,B,Tipo de documento aspirante en el momento de registro
MC_ASPRNT_EN_FRM,NUM_DOC_EF,NUMBER,"NUMBER(20,0)",22,20,0,N,4,,0,,Tipo de documento aspirante en el momento de registro
MC_ASPRNT_EN_FRM,NOMBRES_EF,VARCHAR2,VARCHAR2(70 BYTE),70,,,N,5,,70,B,Nombres del aspirante en el momento de realizar la aspiración
MC_ASPRNT_EN_FRM,PRMR_APLLD_EF,VARCHAR2,VARCHAR2(40 BYTE),40,,,N,6,,40,B,Primer apellido del aspirante en la postulación
MC_ASPRNT_EN_FRM,SGND_APLLD_EF,VARCHAR2,VARCHAR2(40 BYTE),40,,,Y,7,,40,B,Segundo apellido del aspirante en el momento de realizar la aspiración
MC_ASPRNT_EN_FRM,EMAIL_EF,VARCHAR2,VARCHAR2(50 BYTE),50,,,N,8,,50,B,Correo electrónico del aspirante en el momento de realizar la aspiración
MC_ASPRNT_EN_FRM,TEL_CEL_EF,VARCHAR2,VARCHAR2(20 BYTE),20,,,Y,9,,20,B,Número de celular del aspirante en el momento de realizar la aspiración
MC_ASPRNT_EN_FRM,PASS_BLCKBRD,VARCHAR2,VARCHAR2(15 BYTE),15,,,N,10,,15,B,Password del usuario para conectar a blackboard
MC_ASPRNT_EN_FRM,FCH_CREACION,DATE,DATE,7,,,N,11,,0,,Fecha de creación del registro
MC_ASPRNT_EN_FRM,RESULTADO_OBS,VARCHAR2,VARCHAR2(4000 BYTE),4000,,,Y,12,,4000,B,Observación resultado de pruebas
MC_ASPRNT_EN_FRM,MC_JOR_ID,NUMBER,NUMBER,22,,,Y,13,,0,,Identificador jornada definitiva seleccionada por el usuario
MC_ASPRNT_EN_FRM,TEL_EF,VARCHAR2,VARCHAR2(25 BYTE),25,,,Y,14,,25,B,Indicativo y telefono de la oferta al momento de realizar la aspiración
MC_ASPRNT_EN_FRM,RESULTADO_PRU,NUMBER,"NUMBER(5,2)",22,5,2,Y,15,,0,,Resultado de la prueba realizada
MC_ASPRNT_EN_FRM,OBS_FRANJA,VARCHAR2,VARCHAR2(2000 BYTE),2000,,,Y,16,,2000,B,Almacena la información correspondiente al horario de presentación de la prueba.
MC_ASPRNT_EN_FRM,FASE,NUMBER,"NUMBER(2,0)",22,2,0,Y,17,,0,,Almacena la fase en la cual se registró el usuario
MC_ASPRNT_EN_FRM,RES_PRU_CENTR,NUMBER,"NUMBER(5,2)",22,5,2,Y,18,,0,,Resultado de la prueba realizada por el centro de formación.
MC_ASPRNT_EN_FRM,OBS_PRU_CENTR,VARCHAR2,VARCHAR2(2000 BYTE),2000,,,Y,19,,2000,B,Observaciones de la prueba realizada por el centro de formación.
MC_ASPRNT_EN_FRM,RESULTADO_DEF,NUMBER,"NUMBER(5,2)",22,5,2,Y,20,,0,,Valor para permitir preselección para las diferentes fases.
MC_BANIN_ACCESOS_BANCO,CEDULA,NUMBER,NUMBER,22,,,Y,1,,0,,
MC_BANIN_ACCESOS_BANCO,FECHA_REGISTRO,DATE,DATE,7,,,Y,2,,0,,
MC_BANIN_ASPIRANTE,MBA_ID,NUMBER,NUMBER,22,,,N,1,,0,,
MC_BANIN_ASPIRANTE,MBA_OFT_ID,NUMBER,NUMBER,22,,,N,2,,0,,
MC_BANIN_ASPIRANTE,MBA_FECHA_CREACION,DATE,DATE,7,,,Y,3,SYSDATE,0,,
MC_BANIN_ASPIRANTE,MBA_MCBCT_ID,NUMBER,NUMBER,22,,,Y,4,,0,,
MC_BANIN_ASPIRANTE,MBA_ESTADO_ASP,NUMBER,"NUMBER(38,0)",22,38,0,Y,5,,0,,
MC_BANIN_ASPIRANTE,MBA_FECHA_FIN_ASP,DATE,DATE,7,,,Y,6,,0,,
MC_BANIN_ASPIRANTE,MBA_MBDP_ID,NUMBER,"NUMBER(38,0)",22,38,0,Y,7,,0,,
MC_BANIN_ASPIRANTE,MIGRADO_DIVULGACION,NUMBER,"NUMBER(2,0)",22,2,0,N,8,0,0,,Campo utilizado cuando la aspiración se migra a una nueva divulgación. Valor 0: no migrado. Valor 1: migrado.
MC_BANIN_ASPIRANTE_HIST,MBAH_ID,NUMBER,NUMBER,22,,,N,1,,0,,
MC_BANIN_ASPIRANTE_HIST,MBAH_OFT_ID,NUMBER,NUMBER,22,,,N,2,,0,,
MC_BANIN_ASPIRANTE_HIST,MBAH_FECHA_CREACION,DATE,DATE,7,,,Y,3,,0,,
MC_BANIN_ASPIRANTE_HIST,MBAH_MCBCT_ID,NUMBER,NUMBER,22,,,Y,4,,0,,
MC_BANIN_ASPIRANTE_HIST,MBAH_ESTADO_ASP,NUMBER,"NUMBER(38,0)",22,38,0,Y,5,,0,,
MC_BANIN_ASPIRANTE_HIST,MBAH_OBSERVACION,VARCHAR2,VARCHAR2(255 BYTE),255,,,Y,6,,255,B,
MC_BANIN_CAMBIO_ESTADO_EMAIL,MBCEE_ID,NUMBER,NUMBER,22,,,N,1,,0,,
MC_BANIN_CAMBIO_ESTADO_EMAIL,MBCEE_CODIGO,VARCHAR2,VARCHAR2(200 BYTE),200,,,N,2,,200,B,
MC_BANIN_CAMBIO_ESTADO_EMAIL,MBCEE_MBA_ID,NUMBER,NUMBER,22,,,N,3,,0,,
MC_BANIN_CAMBIO_ESTADO_EMAIL,MBCEE_MBEA_ID,NUMBER,NUMBER,22,,,N,4,,0,,
MC_BANIN_CAMBIO_ESTADO_EMAIL,MBCEE_FECHA_REGISTRO,DATE,DATE,7,,,N,5,,0,,
MC_BANIN_COMP_LABORAL,MBCL_ID,NUMBER,"NUMBER(9,0)",22,9,0,N,1,,0,,
MC_BANIN_COMP_LABORAL,MBCL_CODIGO,NUMBER,"NUMBER(9,0)",22,9,0,N,2,,0,,
MC_BANIN_COMP_LABORAL,MBCL_COD_VER,NUMBER,"NUMBER(15,0)",22,15,0,N,3,,0,,
MC_BANIN_COMP_LABORAL,MBCL_NOMBRE,VARCHAR2,VARCHAR2(4000 BYTE),4000,,,N,4,,4000,B,
MC_BANIN_COMP_LABORAL,MBCL_VERSION,NUMBER,"NUMBER(9,0)",22,9,0,N,5,,0,,
MC_BANIN_COMP_LABORAL,MBCL_PERFIL,VARCHAR2,VARCHAR2(4000 BYTE),4000,,,N,6,,4000,B,
MC_BANIN_COMP_LABORAL,MBCL_FECHA_CREACION,DATE,DATE,7,,,N,7,,0,,
MC_BANIN_COMP_LABORAL,FUN_ID,NUMBER,"NUMBER(9,0)",22,9,0,N,8,,0,,
MC_BANIN_COMP_LABORAL_2022,MBCL_ID,NUMBER,NUMBER,22,,,N,1,,0,,
MC_BANIN_COMP_LABORAL_2022,MBCL_CODIGO,VARCHAR2,VARCHAR2(50 BYTE),50,,,N,2,,50,B,
MC_BANIN_COMP_LABORAL_2022,MBCL_COD_VER,VARCHAR2,VARCHAR2(50 BYTE),50,,,N,3,,50,B,
MC_BANIN_COMP_LABORAL_2022,MBCL_NOMBRE,VARCHAR2,VARCHAR2(4000 BYTE),4000,,,N,4,,4000,B,
MC_BANIN_COMP_LABORAL_2022,MBCL_VERSION,NUMBER,NUMBER,22,,,N,5,,0,,
MC_BANIN_COMP_LABORAL_2022,MBCL_PERFIL,VARCHAR2,VARCHAR2(4000 BYTE),4000,,,N,6,,4000,B,
MC_BANIN_COMP_LABORAL_2022,MBCL_FECHA_CREACION,DATE,DATE,7,,,N,7,,0,,
MC_BANIN_COMP_LABORAL_2022,FUN_ID,NUMBER,NUMBER,22,,,N,8,,0,,
MC_BANIN_CONTRATACION,MCBCT_ID,NUMBER,NUMBER,22,,,N,1,,0,,
MC_BANIN_CONTRATACION,MCBCT_CODIGO,NUMBER,NUMBER,22,,,N,2,,0,,
MC_BANIN_CONTRATACION,MCBCT_MBRB_ID,NUMBER,NUMBER,22,,,N,3,,0,,
MC_BANIN_CONTRATACION,MCBCT_MBPR_ID,NUMBER,NUMBER,22,,,N,4,,0,,
MC_BANIN_CONTRATACION,MCBCT_MBCL_ID,NUMBER,NUMBER,22,,,N,5,,0,,
MC_BANIN_CONTRATACION,MCBCT_MBTFC_ID,NUMBER,NUMBER,22,,,N,6,,0,,
MC_BANIN_CONTRATACION,MCBCT_MBMCT_ID,NUMBER,NUMBER,22,,,N,7,,0,,
MC_BANIN_CONTRATACION,MCBCT_TIEMPO_CONTRA_MES,NUMBER,NUMBER,22,,,Y,8,,0,,
MC_BANIN_CONTRATACION,MCBCT_TIEMPO_CONTRA_DIAS,NUMBER,NUMBER,22,,,Y,9,,0,,
MC_BANIN_CONTRATACION,MCBCT_TIEMPO_CONTRA_HORAS,NUMBER,NUMBER,22,,,Y,10,,0,,
MC_BANIN_CONTRATACION,MCBCT_FECHA_INICIO_CONTRA,DATE,DATE,7,,,N,11,,0,,
MC_BANIN_CONTRATACION,MCBCT_FECHA_FIN_CONTRA,DATE,DATE,7,,,N,12,,0,,
MC_BANIN_CONTRATACION,MCBCT_MBNE_ID,NUMBER,NUMBER,22,,,N,13,,0,,
MC_BANIN_CONTRATACION,MCBCT_MBTT_ID,NUMBER,NUMBER,22,,,N,14,,0,,
MC_BANIN_CONTRATACION,MCBCT_COSTO_CONTRA,NUMBER,NUMBER,22,,,N,15,,0,,
MC_BANIN_CONTRATACION,MCBCT_CANTIDAD_INSTRU,NUMBER,NUMBER,22,,,N,16,,0,,
MC_BANIN_CONTRATACION,MCBCT_COSTO_TOTAL,NUMBER,NUMBER,22,,,N,17,,0,,
MC_BANIN_CONTRATACION,MBRB_MEC_ID,NUMBER,NUMBER,22,,,N,18,,0,,
MC_BANIN_CONTRATACION,MCBCT_FECHA_REGISTRO,DATE,DATE,7,,,N,19,,0,,
MC_BANIN_CONTRATACION,MCBCT_MBDP_ID,NUMBER,NUMBER,22,,,Y,20,,0,,
MC_BANIN_CONTRATACION,MCBCT_MPO_ID,NUMBER,NUMBER,22,,,Y,21,,0,,
MC_BANIN_CONTRATACION,EST_BANIN_CONTRA,NUMBER,"NUMBER(1,0)",22,1,0,Y,22,,0,,
MC_BANIN_CONTRATACION,ES_CAMPESENA,NUMBER,NUMBER,22,,,Y,23,0,0,,
MC_BANIN_CONTRATADOS_2020,MBCV_NUMERO_IDENTIFICACION,NUMBER,"NUMBER(20,0)",22,20,0,N,1,,0,,
MC_BANIN_CONTRATADOS_2020,MBCV_FECHA_CREACION,DATE,DATE,7,,,N,2,,0,,
MC_BANIN_CONTRATADOS_2020,FUN_ID,NUMBER,"NUMBER(9,0)",22,9,0,N,3,,0,,
MC_BANIN_CONTROL_MIGRACION,ID,NUMBER,NUMBER,22,,,N,1,,0,,Identificador único del registro de control
MC_BANIN_CONTROL_MIGRACION,PROCEDIMIENTO,VARCHAR2,VARCHAR2(50 BYTE),50,,,N,2,,50,B,Nombre del procedimiento ejecutado (MIGRAR_ASPIRANTE_NUEVADIVUL o MIGRAR_CONTRATACION)
MC_BANIN_CONTROL_MIGRACION,DIVULGACION_ORIGEN,NUMBER,NUMBER,22,,,N,3,,0,,ID de la divulgación origen de la migración
MC_BANIN_CONTROL_MIGRACION,DIVULGACION_DESTINO,NUMBER,NUMBER,22,,,N,4,,0,,ID de la divulgación destino de la migración
MC_BANIN_CONTROL_MIGRACION,FECHA_EJECUCION,DATE,DATE,7,,,Y,5,SYSDATE,0,,Fecha y hora de ejecución del procedimiento
MC_BANIN_CONTROL_MIGRACION,USUARIO,VARCHAR2,VARCHAR2(30 BYTE),30,,,Y,6,USER,30,B,Usuario que ejecutó el procedimiento
MC_BANIN_CONTROL_MIGRACION,ESTADO,VARCHAR2,VARCHAR2(20 BYTE),20,,,Y,7,'EJECUTADO',20,B,"Estado de la ejecución (EN_PROCESO,EJECUTADO, ERROR)"
MC_BANIN_CONTROL_MIGRACION,OBSERVACIONES,VARCHAR2,VARCHAR2(500 BYTE),500,,,Y,8,,500,B,Observaciones adicionales sobre la ejecución
MC_BANIN_DEPENDENCIA,MBD_ID,NUMBER,NUMBER,22,,,N,1,,0,,
MC_BANIN_DEPENDENCIA,MBD_CODIGO,NUMBER,NUMBER,22,,,N,2,,0,,
MC_BANIN_DEPENDENCIA,MBD_NOMBRE,VARCHAR2,VARCHAR2(100 BYTE),100,,,N,3,,100,B,
MC_BANIN_DEPENDENCIA,MBD_DESCRIPCION,VARCHAR2,VARCHAR2(300 BYTE),300,,,Y,4,,300,B,
MC_BANIN_DEPENDENCIA,MBD_ESTADO,NUMBER,NUMBER,22,,,N,5,,0,,
MC_BANIN_DEPENDENCIA,MBD_FECHA_REGISTRO,DATE,DATE,7,,,N,6,,0,,
MC_BANIN_DEPEN_PRESU,MBDPP_ID,NUMBER,NUMBER,22,,,N,1,,0,,
MC_BANIN_DEPEN_PRESU,MBDPP_MBD_ID,NUMBER,NUMBER,22,,,N,2,,0,,
MC_BANIN_DEPEN_PRESU,MBDPP_MBDP_ID,NUMBER,NUMBER,22,,,N,3,,0,,
MC_BANIN_DEPEN_PRESU,MBDPP_MBDP_YEAR,NUMBER,NUMBER,22,,,N,4,,0,,
MC_BANIN_DEPEN_PRESU,MBDPP_VALOR_ASIGNADO,NUMBER,NUMBER,22,,,N,5,,0,,
MC_BANIN_DEPEN_PRESU,MBDPP_VALOR_DISPONIBLE,NUMBER,NUMBER,22,,,Y,6,,0,,
MC_BANIN_DEPEN_PRESU,MBDPP_VALOR_PLAN,NUMBER,NUMBER,22,,,Y,7,,0,,
MC_BANIN_DEPEN_PRESU,MBDPP_SALDO_DISPONIBLE,NUMBER,NUMBER,22,,,Y,8,,0,,
MC_BANIN_DEPEN_PRESU,MBDPP_MEC_ID,NUMBER,NUMBER,22,,,N,9,,0,,
MC_BANIN_DEPEN_PRESU,MBDPP_FECHA_REGISTRO,DATE,DATE,7,,,N,10,,0,,
MC_BANIN_DEPEN_PRESU,MBDPP_ESTADO,NUMBER,NUMBER,22,,,N,11,,0,,
MC_BANIN_DIVULGACION_PERFIL,MBDP_ID,NUMBER,NUMBER,22,,,N,1,,0,,
MC_BANIN_DIVULGACION_PERFIL,MBDP_CONVOCATORIA,VARCHAR2,VARCHAR2(200 BYTE),200,,,N,2,,200,B,
MC_BANIN_DIVULGACION_PERFIL,MBDP_YEAR,NUMBER,NUMBER,22,,,Y,3,,0,,
MC_BANIN_DIVULGACION_PERFIL,MBDP_FCH_INI_CREA_ANEXO2,DATE,DATE,7,,,Y,4,,0,,
MC_BANIN_DIVULGACION_PERFIL,MBDP_FCH_FIN_CREA_ANEXO2,DATE,DATE,7,,,Y,5,,0,,
MC_BANIN_DIVULGACION_PERFIL,MBDP_FCH_DIVULGACION,DATE,DATE,7,,,Y,6,,0,,
MC_BANIN_DIVULGACION_PERFIL,MBDP_FCH_INI_REGIS_ASPI,DATE,DATE,7,,,Y,7,,0,,
MC_BANIN_DIVULGACION_PERFIL,MBDP_FCH_FIN_REGIS_ASPI,DATE,DATE,7,,,Y,8,,0,,
MC_BANIN_DIVULGACION_PERFIL,MBDP_FUN_ID,NUMBER,NUMBER,22,,,Y,9,,0,,
MC_BANIN_DIVULGACION_PERFIL,MBDP_FCH_REGISTRO,DATE,DATE,7,,,N,10,,0,,
MC_BANIN_DIVULGACION_PERFIL,MBDP_ESTADO,NUMBER,NUMBER,22,,,N,11,,0,,
MC_BANIN_DIVULGACION_PERFIL,CONVOCATORIA_POR_FECHA,NUMBER,"NUMBER(2,0)",22,2,0,Y,12,,0,,
MC_BANIN_DIVULGACION_PERFIL,ESCAMPESENA,NUMBER,NUMBER,22,,,Y,13,0,0,,
MC_BANIN_DIVULGACION_PERFIL,MIGRADO_DIVULGACION,NUMBER,"NUMBER(2,0)",22,2,0,N,14,0,0,,
MC_BANIN_ESTADOS_ASPIRANTE,MBEA_ID,NUMBER,NUMBER,22,,,N,1,,0,,
MC_BANIN_ESTADOS_ASPIRANTE,MBEA_NOMBRE,VARCHAR2,VARCHAR2(50 BYTE),50,,,N,2,,50,B,
MC_BANIN_ESTADOS_ASPIRANTE,MBEA_DESCRIPCION,VARCHAR2,VARCHAR2(200 BYTE),200,,,Y,3,,200,B,
MC_BANIN_ESTADOS_ASPIRANTE,ACTIVO,NUMBER,NUMBER,22,,,Y,4,,0,,
MC_BANIN_FORMACION,MBF_ID,NUMBER,NUMBER,22,,,N,1,,0,,
MC_BANIN_FORMACION,MBF_NOMBRE,VARCHAR2,VARCHAR2(200 BYTE),200,,,Y,2,,200,B,
MC_BANIN_FORMACION,MBF_ESTADO,NUMBER,NUMBER,22,,,Y,3,,0,,
MC_BANIN_MODALIDAD_CONTRA,MBMCT_ID,NUMBER,NUMBER,22,,,N,1,,0,,
MC_BANIN_MODALIDAD_CONTRA,MBMCT_NOMBRE,VARCHAR2,VARCHAR2(200 BYTE),200,,,N,2,,200,B,
MC_BANIN_MODALIDAD_CONTRA,MBMCT_ESTADO,NUMBER,NUMBER,22,,,N,3,,0,,
MC_BANIN_MODALIDAD_CONTRA,MBMCT_FECHA_REGISTRO,DATE,DATE,7,,,N,4,,0,,
MC_BANIN_NIVEL_ACADEMICO,MBNA_ID,NUMBER,NUMBER,22,,,N,1,,0,,
MC_BANIN_NIVEL_ACADEMICO,MBNA_NOMBRE,VARCHAR2,VARCHAR2(200 BYTE),200,,,Y,2,,200,B,
MC_BANIN_NIVEL_ACADEMICO,MBNA_ESTADO,NUMBER,NUMBER,22,,,N,3,,0,,
MC_BANIN_NIVEL_EDUCACION,MBNE_ID,NUMBER,NUMBER,22,,,N,1,,0,,
MC_BANIN_NIVEL_EDUCACION,MBNE_NOMBRE,VARCHAR2,VARCHAR2(200 BYTE),200,,,N,2,,200,B,
MC_BANIN_NIVEL_EDUCACION,MBNE_ESTADO,NUMBER,NUMBER,22,,,N,3,,0,,
MC_BANIN_NIVEL_EDUCACION,MBNE_FECHA_REGISTRO,DATE,DATE,7,,,N,4,,0,,
MC_BANIN_PRESELECCION,MBPRE_ID,NUMBER,NUMBER,22,,,N,1,,0,,
MC_BANIN_PRESELECCION,MBPRE_FCH_REG,DATE,DATE,7,,,N,2,SYSDATE ,0,,
MC_BANIN_PRESELECCION,MBEA_ID,NUMBER,NUMBER,22,,,N,3,,0,,
MC_BANIN_PRESELECCION,MBPRE_OBS,VARCHAR2,VARCHAR2(4000 BYTE),4000,,,Y,4,,4000,B,
MC_BANIN_PRESELECCION,MBA_ID,NUMBER,NUMBER,22,,,Y,5,,0,,
MC_BANIN_PRESELECCION,MBPRE_FCH_INI_CONTR,DATE,DATE,7,,,Y,6,,0,,
MC_BANIN_PRESELECCION,MBPRE_FCH_FIN_CONTR,DATE,DATE,7,,,Y,7,,0,,
MC_BANIN_PRESELECCION,MEC_ID,NUMBER,NUMBER,22,,,Y,8,,0,,
MC_BANIN_PRESELECCION_HIST,MBPREH_ID,NUMBER,NUMBER,22,,,N,1,,0,,
MC_BANIN_PRESELECCION_HIST,MBPREH_MBA_ID,NUMBER,NUMBER,22,,,Y,2,,0,,
MC_BANIN_PRESELECCION_HIST,MBPREH_MBEA_ID,NUMBER,NUMBER,22,,,N,3,,0,,
MC_BANIN_PRESELECCION_HIST,MBPREH_OFT_ID,NUMBER,"NUMBER(9,0)",22,9,0,Y,4,,0,,
MC_BANIN_PRESELECCION_HIST,MBPREH_EMP_ID,NUMBER,"NUMBER(9,0)",22,9,0,Y,5,,0,,
MC_BANIN_PRESELECCION_HIST,MBPREH_OBS,VARCHAR2,VARCHAR2(4000 BYTE),4000,,,Y,6,,4000,B,
MC_BANIN_PRESELECCION_HIST,MBPREH_FCH_REG,DATE,DATE,7,,,N,7,,0,,
MC_BANIN_PROGRAMA,MBPR_ID,NUMBER,"NUMBER(9,0)",22,9,0,N,1,,0,,
MC_BANIN_PROGRAMA,MBPR_CODIGO,NUMBER,"NUMBER(9,0)",22,9,0,N,2,,0,,
MC_BANIN_PROGRAMA,MBPR_COD_VER,NUMBER,"NUMBER(15,0)",22,15,0,N,3,,0,,
MC_BANIN_PROGRAMA,MBPR_NOMBRE,VARCHAR2,VARCHAR2(500 BYTE),500,,,N,4,,500,B,
MC_BANIN_PROGRAMA,MBPR_VERSION,NUMBER,"NUMBER(9,0)",22,9,0,N,5,,0,,
MC_BANIN_PROGRAMA,MBR_ID,NUMBER,"NUMBER(9,0)",22,9,0,N,6,,0,,
MC_BANIN_PROGRAMA,MBPR_FECHA_CREACION,DATE,DATE,7,,,N,7,,0,,
MC_BANIN_PROGRAMA,FUN_ID,NUMBER,"NUMBER(9,0)",22,9,0,N,8,,0,,
MC_BANIN_PROGRAMA,MTNF_ID,NUMBER,"NUMBER(9,0)",22,9,0,N,9,,0,,
MC_BANIN_PROGRAMA_2022,MBPR_ID,NUMBER,NUMBER,22,,,N,1,,0,,
MC_BANIN_PROGRAMA_2022,MBPR_CODIGO,VARCHAR2,VARCHAR2(50 BYTE),50,,,N,2,,50,B,
MC_BANIN_PROGRAMA_2022,MBPR_COD_VER,VARCHAR2,VARCHAR2(50 BYTE),50,,,N,3,,50,B,
MC_BANIN_PROGRAMA_2022,MBPR_NOMBRE,VARCHAR2,VARCHAR2(1000 BYTE),1000,,,N,4,,1000,B,
MC_BANIN_PROGRAMA_2022,MBPR_VERSION,VARCHAR2,VARCHAR2(10 BYTE),10,,,N,5,,10,B,
MC_BANIN_PROGRAMA_2022,MBR_CODIGO,NUMBER,NUMBER,22,,,N,6,,0,,
MC_BANIN_PROGRAMA_2022,MBPR_FECHA_CREACION,DATE,DATE,7,,,N,7,,0,,
MC_BANIN_PROGRAMA_2022,FUN_ID,NUMBER,NUMBER,22,,,N,8,,0,,
MC_BANIN_PROGRAMA_2022,MTNF_ID,NUMBER,NUMBER,22,,,N,9,,0,,
MC_BANIN_PROGRAMA_2022,ESTADO,NUMBER,"NUMBER(1,0)",22,1,0,Y,10,0 ,0,,"Indica el estado del registro: 1=Ejecución, 2 = Activo, 0 = Inactivo. Valor por defecto es 0, lo que significa que los registros sin estado especificado quedarán inactivos."
MC_BANIN_PROGRAMA_2022,ES_CAMPESENA,NUMBER,"NUMBER(1,0)",22,1,0,Y,11,0,0,,"Indica si el programa registrado pertenece a campeSENA. Valor: 1 = Sí, 0 = No. El valor predeterminado es 0, lo que implica que, por defecto, los registros serán considerados como no campeSENA. Esta condición podrá modificarse posteriormente según los requerimientos de la entidad."
MC_BANIN_PROGRAMA_COMP_LAB,MBPCL_ID,NUMBER,"NUMBER(9,0)",22,9,0,N,1,,0,,
MC_BANIN_PROGRAMA_COMP_LAB,MBPR_ID,NUMBER,"NUMBER(9,0)",22,9,0,N,2,,0,,
MC_BANIN_PROGRAMA_COMP_LAB,MBCL_ID,NUMBER,"NUMBER(9,0)",22,9,0,N,3,,0,,
MC_BANIN_PROGRAMA_COMP_LAB,MBPCL_FECHA_CREACION,DATE,DATE,7,,,N,4,,0,,
MC_BANIN_PROGRAMA_COMP_LAB,FUN_ID,NUMBER,"NUMBER(9,0)",22,9,0,N,5,,0,,
MC_BANIN_PROG_CENTRO,MBPC_ID,NUMBER,"NUMBER(9,0)",22,9,0,N,1,,0,,
MC_BANIN_PROG_CENTRO,MC_ESTAB_CONV_ID,NUMBER,"NUMBER(9,0)",22,9,0,N,2,,0,,
MC_BANIN_PROG_CENTRO,MBPR_ID,NUMBER,"NUMBER(9,0)",22,9,0,N,3,,0,,
MC_BANIN_PROG_CENTRO,MBRC_FECHA_CREACION,DATE,DATE,7,,,N,4,,0,,
MC_BANIN_PROG_CENTRO,FUN_ID,NUMBER,"NUMBER(9,0)",22,9,0,N,5,,0,,
MC_BANIN_PROG_COMP_LAB_2022,MBPCL_ID,NUMBER,NUMBER,22,,,N,1,,0,,
MC_BANIN_PROG_COMP_LAB_2022,MBPR_ID,NUMBER,NUMBER,22,,,N,2,,0,,
MC_BANIN_PROG_COMP_LAB_2022,MBCL_ID,NUMBER,NUMBER,22,,,N,3,,0,,
MC_BANIN_PROG_COMP_LAB_2022,MBPCL_FECHA_CREACION,DATE,DATE,7,,,N,4,,0,,
MC_BANIN_PROG_COMP_LAB_2022,FUN_ID,NUMBER,NUMBER,22,,,N,5,,0,,
MC_BANIN_PROG_DEMANDA,MBPD_ID,NUMBER,"NUMBER(9,0)",22,9,0,N,1,,0,,
MC_BANIN_PROG_DEMANDA,DEM_ID,NUMBER,"NUMBER(9,0)",22,9,0,N,2,,0,,
MC_BANIN_PROG_DEMANDA,MBPR_ID,NUMBER,"NUMBER(9,0)",22,9,0,N,3,,0,,
MC_BANIN_PROG_DEMANDA,MBRC_FECHA_CREACION,DATE,DATE,7,,,N,4,,0,,
MC_BANIN_PROG_DEMANDA,FUN_ID,NUMBER,"NUMBER(9,0)",22,9,0,Y,5,,0,,
MC_BANIN_PROG_DEMANDA_2022,MBPD_ID,NUMBER,NUMBER,22,,,N,1,,0,,
MC_BANIN_PROG_DEMANDA_2022,MBPD_DEM_ID,NUMBER,NUMBER,22,,,Y,2,,0,,
MC_BANIN_PROG_DEMANDA_2022,MBPD_MBPR_ID,NUMBER,NUMBER,22,,,Y,3,,0,,
MC_BANIN_PROG_DEMANDA_2022,MBPD_FECHA_REGISTRO,DATE,DATE,7,,,Y,4,,0,,
MC_BANIN_PUNTAJES,MBPJ_ID,NUMBER,NUMBER,22,,,N,1,,0,,
MC_BANIN_PUNTAJES,MBPJ_MBA_ID,NUMBER,NUMBER,22,,,N,2,,0,,
MC_BANIN_PUNTAJES,MBPJ_MBTP_CODIGO,NUMBER,NUMBER,22,,,N,3,,0,,
MC_BANIN_PUNTAJES,MBPJ_PUNTAJE,NUMBER,NUMBER,22,,,N,4,,0,,
MC_BANIN_PUNTAJES,MBPJ_FECHA_PRESENTACION,DATE,DATE,7,,,N,5,,0,,
MC_BANIN_PUNTAJES,MBPJ_OBSERVACION,VARCHAR2,VARCHAR2(4000 BYTE),4000,,,Y,6,,4000,B,
MC_BANIN_PUNTAJES,MBPJ_FECHA_REGISTRO,DATE,DATE,7,,,N,7,,0,,
MC_BANIN_PUNTAJE_AUTO_HV,PAHV_ID,NUMBER,NUMBER,22,,,N,1,,0,,
MC_BANIN_PUNTAJE_AUTO_HV,PAHV_MBA_ID,NUMBER,NUMBER,22,,,N,2,,0,,
MC_BANIN_PUNTAJE_AUTO_HV,PAHV_CATEGORIA,VARCHAR2,VARCHAR2(50 BYTE),50,,,N,3,,50,B,
MC_BANIN_PUNTAJE_AUTO_HV,PAHV_PUNTAJE,VARCHAR2,VARCHAR2(20 BYTE),20,,,N,4,,20,B,
MC_BANIN_PUNTAJE_AUTO_HV,PAHV_VIGENCIA,NUMBER,NUMBER,22,,,N,5,,0,,
MC_BANIN_PUNTAJE_AUTO_HV,FECHA_REGISTRO,DATE,DATE,7,,,N,6,,0,,
MC_BANIN_PUNTAJE_AUTO_HV,PUNTAJE_EXP_SENA,VARCHAR2,VARCHAR2(20 BYTE),20,,,Y,7,,20,B,
MC_BANIN_PUNTAJE_AUTO_HV,PUNTAJE_EXP_DOCENTE,VARCHAR2,VARCHAR2(20 BYTE),20,,,Y,8,,20,B,
MC_BANIN_PUNTAJE_AUTO_HV,PUNTAJE_EXP_TECNICA,VARCHAR2,VARCHAR2(20 BYTE),20,,,Y,9,,20,B,
MC_BANIN_RED,MBR_ID,NUMBER,"NUMBER(9,0)",22,9,0,N,1,,0,,
MC_BANIN_RED,MBR_CODIGO,NUMBER,"NUMBER(9,0)",22,9,0,N,2,,0,,
MC_BANIN_RED,MBR_NOMBRE,VARCHAR2,VARCHAR2(50 BYTE),50,,,N,3,,50,B,
MC_BANIN_RED,MC_CONV_ID,NUMBER,"NUMBER(9,0)",22,9,0,N,4,,0,,
MC_BANIN_RED,MBR_FECHA_CREACION,DATE,DATE,7,,,N,5,,0,,
MC_BANIN_RED,FUN_ID,NUMBER,"NUMBER(9,0)",22,9,0,N,6,,0,,
MC_BANIN_RED_2022,MBR_ID,NUMBER,NUMBER,22,,,N,1,,0,,
MC_BANIN_RED_2022,MBR_CODIGO,NUMBER,NUMBER,22,,,N,2,,0,,
MC_BANIN_RED_2022,MBR_NOMBRE,VARCHAR2,VARCHAR2(200 BYTE),200,,,Y,3,,200,B,
MC_BANIN_RED_2022,MBR_FECHA_CREACION,DATE,DATE,7,,,N,4,,0,,
MC_BANIN_RED_2022,FUN_ID,NUMBER,NUMBER,22,,,N,5,,0,,
MC_BANIN_RED_CENTRO,MBRC_ID,NUMBER,"NUMBER(9,0)",22,9,0,N,1,,0,,
MC_BANIN_RED_CENTRO,MC_ESTAB_CONV_ID,NUMBER,"NUMBER(9,0)",22,9,0,N,2,,0,,
MC_BANIN_RED_CENTRO,MBR_ID,NUMBER,"NUMBER(9,0)",22,9,0,N,3,,0,,
MC_BANIN_RED_CENTRO,MBRC_FECHA_CREACION,DATE,DATE,7,,,N,4,,0,,
MC_BANIN_RED_CENTRO,FUN_ID,NUMBER,"NUMBER(9,0)",22,9,0,N,5,,0,,
MC_BANIN_RED_CENTRO_2022,MBRC_ID,NUMBER,NUMBER,22,,,N,1,,0,,
MC_BANIN_RED_CENTRO_2022,MBRC_MEC_ID,NUMBER,NUMBER,22,,,Y,2,,0,,
MC_BANIN_RED_CENTRO_2022,MBRC_MBR_CODIGO,NUMBER,NUMBER,22,,,Y,3,,0,,
MC_BANIN_RED_CENTRO_2022,MBRC_FECHA_REGISTRO,DATE,DATE,7,,,Y,4,,0,,
MC_BANIN_RED_CENTRO_2022,MBRC_FUN_ID,NUMBER,NUMBER,22,,,Y,5,,0,,
MC_BANIN_REGIONAL_ESPECIAL,MBRE_ID,NUMBER,NUMBER,22,,,N,1,,0,,
MC_BANIN_REGIONAL_ESPECIAL,MBRE_REG_ID,NUMBER,NUMBER,22,,,N,2,,0,,
MC_BANIN_REGIONAL_ESPECIAL,MBRE_MBTZT_ID,NUMBER,NUMBER,22,,,N,3,,0,,
MC_BANIN_REQ_CAPTURADO,ID,NUMBER,NUMBER,22,,,N,1,,0,,
MC_BANIN_REQ_CAPTURADO,MC_TIP_REQ_ID,NUMBER,NUMBER,22,,,N,2,,0,,
MC_BANIN_REQ_CAPTURADO,MC_MBA_ID,NUMBER,NUMBER,22,,,N,3,,0,,
MC_BANIN_REQ_CAPTURADO,EXP_REL,NUMBER,"NUMBER(5,2)",22,5,2,Y,4,,0,,
MC_BANIN_REQ_CAPTURADO,EXP_DOC,NUMBER,"NUMBER(5,2)",22,5,2,Y,5,,0,,
MC_BANIN_REQ_CAPTURADO,TIT_ID,NUMBER,NUMBER,22,,,Y,6,,0,,
MC_BANIN_REQ_CAPTURADO,FCH_CREACION,DATE,DATE,7,,,Y,7,SYSDATE,0,,
MC_BANIN_REQ_CAPTURADO,URL_ARCHIVO,VARCHAR2,VARCHAR2(255 BYTE),255,,,N,8,,255,B,
MC_BANIN_REQ_CAPTURADO,TIT_ID_APE,NUMBER,"NUMBER(5,0)",22,5,0,Y,9,,0,,
MC_BANIN_REQ_CAPTURADO,NOMBRE_TIT_AP,VARCHAR2,VARCHAR2(1024 BYTE),1024,,,Y,10,,1024,B,
MC_BANIN_REQ_CAPTURADO,MC_NBC_ID,NUMBER,NUMBER,22,,,Y,11,,0,,
MC_BANIN_REQ_CAPTURADO,MC_NVL_ACA_ID,NUMBER,NUMBER,22,,,Y,12,,0,,
MC_BANIN_REQ_CAPTURADO,IND_ID_APE,NUMBER,"NUMBER(9,0)",22,9,0,Y,13,,0,,
MC_BANIN_REQ_CAPTURADO,NOM_IND_APE,VARCHAR2,VARCHAR2(200 BYTE),200,,,Y,14,,200,B,
MC_BANIN_REQ_CAPTURADO,ENF_ID_APE,NUMBER,"NUMBER(7,0)",22,7,0,Y,15,,0,,
MC_BANIN_REQ_CAPTURADO,NOMBRE_CAP_AP,VARCHAR2,VARCHAR2(200 BYTE),200,,,Y,16,,200,B,
MC_BANIN_REQ_CAPTURADO,IDM_ID_APE,NUMBER,"NUMBER(2,0)",22,2,0,Y,17,,0,,
MC_BANIN_REQ_CAPTURADO,CPL_ID,NUMBER,"NUMBER(10,0)",22,10,0,Y,18,,0,,
MC_BANIN_REQ_CAPTURADO,CPL_DESC,VARCHAR2,VARCHAR2(1024 BYTE),1024,,,Y,19,,1024,B,
MC_BANIN_REQ_CAPTURADO,MBF_ID,NUMBER,NUMBER,22,,,Y,20,,0,,
MC_BANIN_REQ_CAPTURADO,NOMBRE_TIPO_COMPETENCIA,VARCHAR2,VARCHAR2(255 BYTE),255,,,Y,21,,255,B,
MC_BANIN_REQ_CAPTURADO,ARG_ALGORITMO,VARCHAR2,VARCHAR2(255 BYTE),255,,,Y,22,,255,B,
MC_BANIN_REQ_CAPTURADO,OEX_FCH_INI,DATE,DATE,7,,,Y,23,,0,,
MC_BANIN_REQ_CAPTURADO,OEX_FCH_FIN,DATE,DATE,7,,,Y,24,,0,,
MC_BANIN_REQ_CAPTURADO,EDT_GRADUADO,VARCHAR2,VARCHAR2(2 BYTE),2,,,Y,25,,2,B,
MC_BANIN_RUBRO,MBRB_ID,NUMBER,NUMBER,22,,,N,1,,0,,
MC_BANIN_RUBRO,MBRB_PROYECTO_LEY,VARCHAR2,VARCHAR2(200 BYTE),200,,,N,2,,200,B,
MC_BANIN_RUBRO,MBRB_RUBRO_LEY,VARCHAR2,VARCHAR2(100 BYTE),100,,,N,3,,100,B,
MC_BANIN_RUBRO,MBRB_MBDP_ID,NUMBER,NUMBER,22,,,N,4,,0,,
MC_BANIN_RUBRO,MBRB_MBDPP_ID,NUMBER,NUMBER,22,,,N,5,,0,,
MC_BANIN_RUBRO,MBRB_MEC_ID,NUMBER,NUMBER,22,,,N,6,,0,,
MC_BANIN_RUBRO,MBRB_FECHA_REGISTRO,DATE,DATE,7,,,N,7,,0,,
MC_BANIN_RUBRO,MBRB_ESTADO,NUMBER,NUMBER,22,,,N,8,,0,,
MC_BANIN_TIPO_FORMACION,MBTFC_ID,NUMBER,NUMBER,22,,,N,1,,0,,
MC_BANIN_TIPO_FORMACION,MBTFC_NOMBRE,VARCHAR2,VARCHAR2(200 BYTE),200,,,N,2,,200,B,
MC_BANIN_TIPO_FORMACION,MBTFC_ESTADO,NUMBER,NUMBER,22,,,N,3,,0,,
MC_BANIN_TIPO_FORMACION,MBTFC_FECHA_REGISTRO,DATE,DATE,7,,,N,4,,0,,
MC_BANIN_TIPO_PUNTAJE,MBTP_ID,NUMBER,NUMBER,22,,,N,1,,0,,
MC_BANIN_TIPO_PUNTAJE,MBTP_CODIGO,NUMBER,NUMBER,22,,,N,2,,0,,
MC_BANIN_TIPO_PUNTAJE,MBTP_NOMBRE,VARCHAR2,VARCHAR2(100 BYTE),100,,,N,3,,100,B,
MC_BANIN_TIPO_PUNTAJE,MBTP_OBSERVACION,VARCHAR2,VARCHAR2(300 BYTE),300,,,Y,4,,300,B,
MC_BANIN_TIPO_PUNTAJE,FECHA_REGISTRO,DATE,DATE,7,,,N,5,,0,,
MC_BANIN_TIPO_TARIFA,MBTT_ID,NUMBER,NUMBER,22,,,N,1,,0,,
MC_BANIN_TIPO_TARIFA,MBTT_TIPO_TARIFA,VARCHAR2,VARCHAR2(10 BYTE),10,,,N,2,,10,B,
MC_BANIN_TIPO_TARIFA,MBTT_MBNE_ID,NUMBER,NUMBER,22,,,N,3,,0,,
MC_BANIN_TIPO_TARIFA,MBTT_MBMCT_ID,NUMBER,NUMBER,22,,,N,4,,0,,
MC_BANIN_TIPO_TARIFA,MBTT_MBTZT_ID,NUMBER,NUMBER,22,,,N,5,,0,,
MC_BANIN_TIPO_TARIFA,MBTT_VALOR_TARIFA,NUMBER,NUMBER,22,,,N,6,,0,,
MC_BANIN_TIPO_TARIFA,MBTT_FECHA_REGISTRO,DATE,DATE,7,,,N,7,,0,,
MC_BANIN_TIPO_ZONA_TARIFA,MBTZT_ID,NUMBER,NUMBER,22,,,N,1,,0,,
MC_BANIN_TIPO_ZONA_TARIFA,MBTZT_NOMBRE,VARCHAR2,VARCHAR2(200 BYTE),200,,,N,2,,200,B,
MC_BANIN_TIPO_ZONA_TARIFA,MBTZT_ESTADO,NUMBER,NUMBER,22,,,N,3,,0,,
MC_BANIN_TIPO_ZONA_TARIFA,MBTZT_FECHA_REGISTRO,DATE,DATE,7,,,N,4,,0,,
MC_CONVOCATORIA,ID,NUMBER,NUMBER,22,,,N,1,,0,,"Identificador de la tabla, se genera desde una secuencia"
MC_CONVOCATORIA,NOMBRE,VARCHAR2,VARCHAR2(200 BYTE),200,,,N,2,,200,B,Nombre convocatoria
MC_CONVOCATORIA,FECHA_INICIO,DATE,DATE,7,,,N,3,,0,,Fecha de inicio de la convocatoria
MC_CONVOCATORIA,FECHA_FIN,DATE,DATE,7,,,Y,4,,0,,Fecha de terminación de la convocatoria
MC_CONVOCATORIA,ESTADO,VARCHAR2,VARCHAR2(2 BYTE),2,,,N,5,,2,B,"Estado de la convocatoria, A= activo, C = cerrada"
MC_CONVOCATORIA,CANT_ASPN_PRFL,NUMBER,"NUMBER(2,0)",22,2,0,N,6,,0,,Cantidad de aspiraciones por perfil
MC_CONVOCATORIA,CANT_CIUD_ASPN,NUMBER,"NUMBER(2,0)",22,2,0,Y,7,,0,,Cantidad de ciudades para postularse.
MC_CONVOCATORIA,OBSERVACIONES,VARCHAR2,VARCHAR2(4000 BYTE),4000,,,Y,8,,4000,B,Observaciones generales de la convocatoria
MC_CONVOCATORIA,FECHA_CREACION,DATE,DATE,7,,,N,9,SYSDATE ,0,,Fecha de creación de la convocatoria
MC_CONVOCATORIA,FUN_ID,NUMBER,"NUMBER(5,0)",22,5,0,N,10,,0,,Identificador del funcionario que registró la convocatoria
MC_CONVOCATORIA,URL_AYUDA,VARCHAR2,VARCHAR2(1000 BYTE),1000,,,Y,11,,1000,B,URL de ayuda en línea
MC_CONVOCATORIA,URL_BLACKBOARD,VARCHAR2,VARCHAR2(1000 BYTE),1000,,,Y,12,,1000,B,URL acceso a Blackboard
MC_CONVOCATORIA,BD_MBDP_ID,NUMBER,"NUMBER(38,0)",22,38,0,Y,13,,0,,
MC_ESTAB_CNVCTRIA,ID,NUMBER,NUMBER,22,,,N,1,,0,,Identificador de la tabla se genera desde una secuencia
MC_ESTAB_CNVCTRIA,MC_CONV_ID,NUMBER,NUMBER,22,,,N,2,,0,,Identificador de la convocatoria
MC_ESTAB_CNVCTRIA,MPO_ID,NUMBER,"NUMBER(9,0)",22,9,0,Y,3,,0,,Identificador del municipio
MC_ESTAB_CNVCTRIA,NOMBRE,VARCHAR2,VARCHAR2(200 BYTE),200,,,N,4,,200,B,Nombre del establecimiento
MC_ESTAB_CNVCTRIA,FCH_CREACION,DATE,DATE,7,,,N,5,SYSDATE ,0,,Fecha de creación del registro
MC_ESTAB_CNVCTRIA,FUN_ID,NUMBER,"NUMBER(5,0)",22,5,0,N,6,,0,,Identificación del funcionario que crea el registro
MC_ESTAB_CNVCTRIA,EMP_ID,NUMBER,"NUMBER(8,0)",22,8,0,Y,7,,0,,Identificador de la empresa asociado al establecimiento
MC_ESTAB_CNVCTRIA,CUPO_CONTRTO,NUMBER,"NUMBER(6,0)",22,6,0,Y,8,,0,,Indica la cantidad total de contratos del establecimiento
MC_ESTADO_ASPRCN,ID,NUMBER,"NUMBER(2,0)",22,2,0,N,1,,0,,Identificador de la tabla
MC_ESTADO_ASPRCN,NOMBRE,VARCHAR2,VARCHAR2(100 BYTE),100,,,N,2,,100,B,Nombre del estado de la aspiración
MC_ESTADO_ASPRCN,DESCRIPCION,VARCHAR2,VARCHAR2(100 BYTE),100,,,N,3,,100,B,Descripción del estado
MC_ESTADO_PRES,MC_EST_PRE_ID,NUMBER,NUMBER,22,,,N,1,,0,,"Identificador de la tabla, se genera desde una secuencia"
MC_ESTADO_PRES,MC_EST_PRE_NOMBRE,VARCHAR2,VARCHAR2(50 BYTE),50,,,N,2,,50,B,
MC_ESTADO_PRES,MC_EST_PRE_DESCRIPCION,VARCHAR2,VARCHAR2(200 BYTE),200,,,Y,3,,200,B,
MC_JORNADA,ID,NUMBER,NUMBER,22,,,N,1,,0,,Identificador de la tabla
MC_JORNADA,NOMBRE,VARCHAR2,VARCHAR2(200 BYTE),200,,,N,2,,200,B,Nombre de la jornada
MC_JORNADA,FUN_ID,NUMBER,"NUMBER(5,0)",22,5,0,N,3,,0,,Identificador del funcionario
MC_JORNADA,FCH_CREACION,DATE,DATE,7,,,N,4,SYSDATE ,0,,Fecha de creación del registro
MC_MCPIO_CNVCTRIA,ID,NUMBER,NUMBER,22,,,N,1,,0,,"Identificador de la tabla, se genera desde una secuencia"
MC_MCPIO_CNVCTRIA,MC_CONV_ID,NUMBER,NUMBER,22,,,N,2,,0,,Identificador convocatoria
MC_MCPIO_CNVCTRIA,MPO_ID,NUMBER,"NUMBER(9,0)",22,9,0,N,3,,0,,Identificador del municipio
MC_MCPIO_CNVCTRIA,FCH_CREACION,DATE,DATE,7,,,N,4,,0,,Fecha de creación del registro
MC_MCPIO_CNVCTRIA,FUN_ID,NUMBER,"NUMBER(5,0)",22,5,0,N,5,,0,,Identificador del usuario que realizo el registro
MC_NBC,ID,NUMBER,NUMBER,22,,,N,1,,0,,"Identificador de la tabla, se genera desde una secuencia"
MC_NBC,NOMBRE,VARCHAR2,VARCHAR2(255 BYTE),255,,,N,2,,255,B,Nombre del NBC
MC_NBC,FCH_CREACION,DATE,DATE,7,,,Y,3,SYSDATE,0,,Fecha de creación del registro
MC_NBC,FUN_ID,NUMBER,"NUMBER(5,0)",22,5,0,N,4,,0,,Identificador del funcionario que realizó el registro
MC_NBC,NOMBRE_MOSTRAR,VARCHAR2,VARCHAR2(255 BYTE),255,,,N,5,,255,B,Nombre del NBC a mostrar desde la aplicación
MC_NBC_TIT,ID,NUMBER,NUMBER,22,,,N,1,,0,,"Identificador de la tabla, se genera desde una secuencia"
MC_NBC_TIT,MC_NBC_ID,NUMBER,NUMBER,22,,,N,2,,0,,Identificador del NBC
MC_NBC_TIT,MC_TIT_ID,NUMBER,NUMBER,22,,,N,3,,0,,Identificador dela titulación
MC_NBC_TIT,FCH_CREACION,DATE,DATE,7,,,Y,4,,0,,Fecha de creación del registro
MC_NBC_TIT,FUN_ID,NUMBER,"NUMBER(5,0)",22,5,0,N,5,,0,,Identificador del funcionario que realizó el registro
MC_NVL_ACA,ID,NUMBER,NUMBER,22,,,N,1,,0,,"Identificador de la tabla, se genera desde una secuencia"
MC_NVL_ACA,MC_PERFIL_ID,NUMBER,NUMBER,22,,,N,2,,0,,Identificador del perfil
MC_NVL_ACA,MC_TIPO_NVL_ACA_ID,NUMBER,"NUMBER(2,0)",22,2,0,N,3,,0,,Identificador tipo nivel académico
MC_NVL_ACA,FCH_CREACION,DATE,DATE,7,,,N,4,,0,,Fecha de creación del registro
MC_NVL_ACA,FUN_ID,NUMBER,NUMBER,22,,,N,5,,0,,Identificador del funcionario
MC_NVL_ACA_NBC,ID,NUMBER,NUMBER,22,,,N,1,,0,,"Identificador de la tabla, se genera desde una secuencia"
MC_NVL_ACA_NBC,MC_NVL_ACA_ID,NUMBER,NUMBER,22,,,N,2,,0,,Identificador del nivel académico
MC_NVL_ACA_NBC,MC_NBC_ID,NUMBER,NUMBER,22,,,N,3,,0,,Identificador de NBC
MC_NVL_ACA_NBC,FECHA_CREACION,DATE,DATE,7,,,N,4,SYSDATE ,0,,Fecha de creación del registro
MC_NVL_ACA_NBC,FUN_ID,NUMBER,"NUMBER(5,0)",22,5,0,N,5,,0,,Identificador del funcionario que realizó el registro
MC_PERFIL,ID,NUMBER,NUMBER,22,,,N,1,,0,,Identificador de la tabla
MC_PERFIL,NOMBRE,VARCHAR2,VARCHAR2(300 BYTE),300,,,Y,2,,300,B,Nombre del perfil
MC_PERFIL,MC_CONV_ID,NUMBER,NUMBER,22,,,N,3,,0,,Identificador de la convocatoria a la cual esta asociado
MC_PERFIL,ESTADO,VARCHAR2,VARCHAR2(2 BYTE),2,,,N,4,,2,B,"Estado del perfil, A = activo, C=cerrado"
MC_PERFIL,ES_VIRTUAL,NUMBER,"NUMBER(1,0)",22,1,0,N,5,0 ,0,,"Identifica si es virtual, 0 = No, 1 = Si"
MC_PERFIL,URL_ARCHIVO,VARCHAR2,VARCHAR2(255 BYTE),255,,,Y,6,,255,B,URL archivo detalle de perfil
MC_PERFIL,OBSERVACION,VARCHAR2,VARCHAR2(4000 BYTE),4000,,,Y,7,,4000,B,Observación del perfil
MC_PERFIL,FECHA_CREACION,DATE,DATE,7,,,Y,8,SYSDATE,0,,Fecha de creación del perfil
MC_PERFIL,FUN_ID,NUMBER,"NUMBER(5,0)",22,5,0,N,9,,0,,
MC_PERFIL,NOMBRE_MOSTRAR,VARCHAR2,VARCHAR2(300 BYTE),300,,,N,10,,300,B,Nombre para visualizar desde la aplicación
MC_PRESELECCION,MC_PRE_ID,NUMBER,NUMBER,22,,,N,1,,0,,"Identificador de la tabla, se genera desde una secuencia"
MC_PRESELECCION,MC_PRE_FCH_REG,DATE,DATE,7,,,N,2,SYSDATE ,0,,Fecha de registro
MC_PRESELECCION,MC_EST_PRE_ID,NUMBER,NUMBER,22,,,N,3,,0,,Identificador del estado de preselección
MC_PRESELECCION,OFT_ID,NUMBER,"NUMBER(9,0)",22,9,0,Y,4,,0,,"Identificador de la oferta, null si fue una empresa"
MC_PRESELECCION,EMP_ID,NUMBER,"NUMBER(8,0)",22,8,0,Y,5,,0,,"Identificador de la empresa(Centro de formación), null si fue una oferta"
MC_PRESELECCION,MC_PRE_RESP,NUMBER,"NUMBER(1,0)",22,1,0,Y,6,,0,,"Respuesta a la oferta presentada , 0 = No, 1 = Si"
MC_PRESELECCION,MC_PRE_OBS,VARCHAR2,VARCHAR2(4000 BYTE),4000,,,Y,7,,4000,B,Observación de la preselección
MC_PRESELECCION,MC_ASPN_ID,NUMBER,NUMBER,22,,,Y,8,,0,,Identificador de la aspiración
MC_REQ_CAPTURADO,ID,NUMBER,NUMBER,22,,,N,1,,0,,"Identificador de la tabla, se genera desde una secuencia"
MC_REQ_CAPTURADO,MC_TIP_REQ_ID,NUMBER,NUMBER,22,,,N,2,,0,,Identificador del tipo de requisito
MC_REQ_CAPTURADO,MC_ASPN_ID,NUMBER,NUMBER,22,,,N,3,,0,,Identificador de la aspiración
MC_REQ_CAPTURADO,EXP_REL,NUMBER,"NUMBER(5,2)",22,5,2,Y,4,,0,,Meses de experiencia relacionada
MC_REQ_CAPTURADO,EXP_DOC,NUMBER,"NUMBER(5,2)",22,5,2,Y,5,,0,,Meses de experiencia instructor/docencia
MC_REQ_CAPTURADO,TIT_ID,NUMBER,NUMBER,22,,,Y,6,,0,,Identificador de la titulación
MC_REQ_CAPTURADO,FCH_CREACION,DATE,DATE,7,,,Y,7,SYSDATE,0,,Fecha de creación del registro
MC_REQ_CAPTURADO,URL_ARCHIVO,VARCHAR2,VARCHAR2(255 BYTE),255,,,N,8,,255,B,Ruta ubicación de archivo de soporte del requisito capturado
MC_REQ_CAPTURADO,TIT_ID_APE,NUMBER,"NUMBER(5,0)",22,5,0,Y,9,,0,,Identificador del titulo en la APE
MC_REQ_CAPTURADO,NOMBRE_TIT_AP,VARCHAR2,VARCHAR2(1024 BYTE),1024,,,Y,10,,1024,B,Nombre de la titulación en la APE
MC_REQ_CAPTURADO,MC_NBC_ID,NUMBER,NUMBER,22,,,Y,11,,0,,Identificador del NBC seleccionado
MC_REQ_CAPTURADO,MC_NVL_ACA_ID,NUMBER,NUMBER,22,,,Y,12,,0,,Identificador del nivel academico seleccionado por el usuario
MC_REQ_CAPTURADO,IND_ID_APE,NUMBER,"NUMBER(9,0)",22,9,0,Y,13,,0,,Identificador de la denominación APE experiencia
MC_REQ_CAPTURADO,NOM_IND_APE,VARCHAR2,VARCHAR2(200 BYTE),200,,,Y,14,,200,B,Nombre de la denominación experiencia APE congelada
MC_REQ_CAPTURADO,ENF_ID_APE,NUMBER,"NUMBER(7,0)",22,7,0,Y,15,,0,,Identificador de la capacitación formal
MC_REQ_CAPTURADO,NOMBRE_CAP_AP,VARCHAR2,VARCHAR2(200 BYTE),200,,,Y,16,,200,B,Almacena el nombre de la capacitación si es formal o el nombre de la capacitación alterna
MC_REQ_CAPTURADO,IDM_ID_APE,NUMBER,"NUMBER(2,0)",22,2,0,Y,17,,0,,Identificador del idioma de la APE
MC_REQ_CAPTURADO,CPL_ID,NUMBER,"NUMBER(10,0)",22,10,0,Y,18,,0,,Identificador de la competencia laboral
MC_REQ_CAPTURADO,CPL_DESC,VARCHAR2,VARCHAR2(1024 BYTE),1024,,,Y,19,,1024,B,Descripción de la competencia
MC_TIPO_NIV_FORMACION,MTNF_ID,NUMBER,"NUMBER(9,0)",22,9,0,N,1,,0,,
MC_TIPO_NIV_FORMACION,MTNF_NOMBRE,VARCHAR2,VARCHAR2(50 BYTE),50,,,N,2,,50,B,
MC_TIPO_NIV_FORMACION,MTNF_FECHA_CREACION,DATE,DATE,7,,,N,3,,0,,
MC_TIPO_NIV_FORMACION,FUN_ID,NUMBER,"NUMBER(9,0)",22,9,0,N,4,,0,,
MC_TIPO_NVL_ACA,ID,NUMBER,"NUMBER(2,0)",22,2,0,N,1,,0,,"Identificador de la tabla, se genera desde una secuencia"
MC_TIPO_NVL_ACA,NOMBRE,VARCHAR2,VARCHAR2(200 BYTE),200,,,N,2,,200,B,Nombre del tipo de nivel academico
MC_TIPO_NVL_ACA,FCH_CREACION,DATE,DATE,7,,,N,3,SYSDATE ,0,,Fecha de creación del registro
MC_TIPO_NVL_ACA,FUN_ID,NUMBER,"NUMBER(5,0)",22,5,0,N,4,,0,,Identificador del funcionario que realizo el registro
MC_TIPO_NVL_ACA,EXP_REL_MIN,NUMBER,"NUMBER(2,0)",22,2,0,Y,5,,0,,Experiencia relacionada mínima para el nivel académico
MC_TIPO_REQUISITO,ID,NUMBER,NUMBER,22,,,N,1,,0,,"Identificador de la tabla, se genera desde una secuencia"
MC_TIPO_REQUISITO,NOMBRE,VARCHAR2,VARCHAR2(250 BYTE),250,,,N,2,,250,B,Nombre del tipo de requisito
MC_TIPO_REQUISITO,MC_CONV_ID,NUMBER,NUMBER,22,,,N,3,,0,,Identificador de la convocatoria
MC_TITULACION,ID,NUMBER,NUMBER,22,,,N,1,,0,,"Identificador de la tabla, se genera desde una secuencia"
MC_TITULACION,NOMBRE,VARCHAR2,VARCHAR2(250 BYTE),250,,,N,2,,250,B,Nombre de la titulación
MC_TITULACION,FCH_CREACION,DATE,DATE,7,,,N,3,,0,,Fecha de creación del registro
MC_TITULACION,FUN_ID,NUMBER,"NUMBER(5,0)",22,5,0,N,4,,0,,Identificador del funcionario que realizó el registro
MEDICION_CONEXIONES,SID,NUMBER,"NUMBER(10,0)",22,10,0,N,1,,0,,
MEDICION_CONEXIONES,STATUS,VARCHAR2,VARCHAR2(100 BYTE),100,,,N,2,,100,B,
MEDICION_CONEXIONES,LOGON_TIME,DATE,DATE,7,,,N,3,,0,,
MED_BUSQUEDA_EMPLEO,MBE_ID,NUMBER,"NUMBER(2,0)",22,2,0,N,1,,0,,
MED_BUSQUEDA_EMPLEO,MBE_NOMBRE,VARCHAR2,VARCHAR2(40 BYTE),40,,,N,2,,40,B,
META_TABLA,MTT_ID,NUMBER,"NUMBER(3,0)",22,3,0,N,1,,0,,
META_TABLA,MTT_NOMBRE,VARCHAR2,VARCHAR2(35 BYTE),35,,,N,2,,35,B,
META_TABLA,MTT_DESCRIPCION,VARCHAR2,VARCHAR2(400 BYTE),400,,,N,3,,400,B,
META_TABLA,GMT_ID,NUMBER,"NUMBER(2,0)",22,2,0,N,4,,0,,
METODOLOGIA,MET_ID,NUMBER,"NUMBER(1,0)",22,1,0,N,1,,0,,
METODOLOGIA,MET_NOMBRE,VARCHAR2,VARCHAR2(20 BYTE),20,,,N,2,,20,B,
MINTRABAJO_PUNTO,REG_ID,NUMBER,NUMBER,22,,,N,1,,0,,
MINTRABAJO_PUNTO,MTP_PUNTO,VARCHAR2,VARCHAR2(20 CHAR),20,,,N,2,,20,C,
MINTRABAJO_SUELDO,SUE_ID,NUMBER,"NUMBER(3,0)",22,3,0,N,1,,0,,
MINTRABAJO_SUELDO,MINS_ID,NUMBER,"NUMBER(3,0)",22,3,0,N,2,,0,,
MINTRABAJO_SUELDO,MINS_DESCRIPCION,VARCHAR2,VARCHAR2(50 CHAR),50,,,N,3,,50,C,
MINTRABAJO_TIPO_DOC,TDI_ID,NUMBER,"NUMBER(1,0)",22,1,0,N,1,,0,,
MINTRABAJO_TIPO_DOC,MINT_ABREVIATURA,VARCHAR2,VARCHAR2(5 CHAR),5,,,N,2,,5,C,
MODALIDAD,MOD_ID,NUMBER,"NUMBER(4,0)",22,4,0,N,1,,0,,
MODALIDAD,MOD_NOMBRE,VARCHAR2,VARCHAR2(30 BYTE),30,,,N,2,,30,B,
MODALIDAD,NIA_ID,NUMBER,"NUMBER(2,0)",22,2,0,N,3,,0,,
MUNICIPIO,MPO_ID,NUMBER,"NUMBER(9,0)",22,9,0,N,1,,0,,
MUNICIPIO,MPO_NOMBRE,VARCHAR2,VARCHAR2(150 BYTE),150,,,N,2,,150,B,
MUNICIPIO,DPT_ID,NUMBER,"NUMBER(7,0)",22,7,0,N,3,,0,,
MUNICIPIOS_CARACTERIZADOS,MPO_ID,NUMBER,"NUMBER(9,0)",22,9,0,Y,1,,0,,
MUNICIPIOS_CARACTERIZADOS,ES_PDET,NUMBER,"NUMBER(1,0)",22,1,0,Y,2,,0,,
MUNICIPIOS_CARACTERIZADOS,ES_PNIS,NUMBER,"NUMBER(1,0)",22,1,0,Y,3,,0,,
MUNICIPIOS_CARACTERIZADOS,RURALIDAD,VARCHAR2,VARCHAR2(30 BYTE),30,,,Y,4,,30,B,
MUNICIPIOS_ZOMAC,MPO_ID,NUMBER,"NUMBER(9,0)",22,9,0,Y,1,,0,,
MUNICIPIOS_ZOMAC,MPO_NOMBRE,VARCHAR2,VARCHAR2(150 BYTE),150,,,Y,2,,150,B,
MUNICIPIOS_ZOMAC,PROCESO,VARCHAR2,VARCHAR2(50 BYTE),50,,,Y,3,,50,B,
NIVEL_ACADEMICO,NIA_ID,NUMBER,"NUMBER(2,0)",22,2,0,N,1,,0,,
NIVEL_ACADEMICO,NIA_NOMBRE,VARCHAR2,VARCHAR2(40 BYTE),40,,,N,2,,40,B,
NIVEL_ACADEMICO,NIA_ABREVIATURA,VARCHAR2,VARCHAR2(3 BYTE),3,,,N,3,,3,B,
NIVEL_ACADEMICO,NIA_ORDEN,NUMBER,"NUMBER(2,0)",22,2,0,N,4,,0,,
NIVEL_ACADEMICO,NIV_ID,NUMBER,"NUMBER(2,0)",22,2,0,N,5,,0,,
NIVEL_ACADEMICO,NIA_INI,NUMBER,"NUMBER(2,0)",22,2,0,N,6,,0,,
NIVEL_ACADEMICO,NIA_FIN,NUMBER,"NUMBER(2,0)",22,2,0,N,7,,0,,
NIVEL_ACADEMICO,DUR_ID,NUMBER,"NUMBER(2,0)",22,2,0,N,8,,0,,
NIVEL_ACADEMICO,NIA_SNIES_MOD,NUMBER,"NUMBER(2,0)",22,2,0,N,9,0 ,0,,
NIVEL_ACADEMICO,NIA_CRUCE,NUMBER,"NUMBER(2,0)",22,2,0,N,10,0 ,0,,
NIVEL_CUALIFICACION,NIC_ID,VARCHAR2,VARCHAR2(1 BYTE),1,,,N,1,,1,B,
NIVEL_CUALIFICACION,NIC_DESCRIPCION,VARCHAR2,VARCHAR2(400 BYTE),400,,,N,2,,400,B,
NIVEL_CUALIFICACION,NIC_NOMBRE,VARCHAR2,VARCHAR2(100 BYTE),100,,,N,3,,100,B,
NIVEL_CUALIFICACION_NUM,NIM_ID,VARCHAR2,VARCHAR2(1 BYTE),1,,,N,1,,1,B,
NIVEL_CUALIFICACION_NUM,NIC_ID,VARCHAR2,VARCHAR2(1 BYTE),1,,,N,2,,1,B,
NIVEL_ESCOLAR,NIV_ID,NUMBER,"NUMBER(2,0)",22,2,0,N,1,,0,,
NIVEL_ESCOLAR,NIV_NOMBRE,VARCHAR2,VARCHAR2(20 BYTE),20,,,N,2,,20,B,
OCUPACION,OCU_ID,VARCHAR2,VARCHAR2(4 BYTE),4,,,N,1,,4,B,
OCUPACION,OCU_NOMBRE,VARCHAR2,VARCHAR2(200 BYTE),200,,,N,2,,200,B,
OCUPACION,OCU_DESCRIPCION,VARCHAR2,VARCHAR2(1200 BYTE),1200,,,N,3,,1200,B,
OCUPACION,CAO_ID,VARCHAR2,VARCHAR2(3 BYTE),3,,,N,4,,3,B,
OCUPACIONES_ECO_NAR,OCU_ID,VARCHAR2,VARCHAR2(4 BYTE),4,,,Y,1,,4,B,
OCUPACIONES_ECO_NAR,ESTADO,NUMBER,NUMBER,22,,,Y,2,,0,,
OCUPACIONES_ECO_NAR,GRUPO_CARGUE,NUMBER,NUMBER,22,,,Y,3,,0,,
OCUPACIONES_ECO_NAR,OBSERVACION_GRUPO,VARCHAR2,VARCHAR2(400 BYTE),400,,,Y,4,,400,B,
OCUPACION_RELACIONADA,ORE_ID,NUMBER,"NUMBER(9,0)",22,9,0,N,1,,0,,
OCUPACION_RELACIONADA,OCU_ID_BASE,VARCHAR2,VARCHAR2(4 BYTE),4,,,N,2,,4,B,
OCUPACION_RELACIONADA,OCU_ID_RELACIONADA,VARCHAR2,VARCHAR2(4 BYTE),4,,,N,3,,4,B,
OCUPACION_RELACIONADA,ORE_FECHA_REGISTRO,DATE,DATE,7,,,N,4,,0,,
OCUPACION_RELACIONADA,FUN_ID,NUMBER,"NUMBER(9,0)",22,9,0,Y,5,,0,,
OCUPACION_RELACIONADA,ORE_FECHA_ACTUALIZACION,DATE,DATE,7,,,Y,6,,0,,
OFERTA,OFT_ID,NUMBER,"NUMBER(9,0)",22,9,0,N,1,,0,,
OFERTA,TDI_ID,NUMBER,"NUMBER(1,0)",22,1,0,N,2,,0,,
OFERTA,OFT_IDENTIFICACION,NUMBER,"NUMBER(20,0)",22,20,0,N,3,,0,,
OFERTA,OFT_NOMBRES,VARCHAR2,VARCHAR2(70 BYTE),70,,,N,4,,70,B,
OFERTA,OFT_PRIMER_APELLIDO,VARCHAR2,VARCHAR2(40 BYTE),40,,,N,5,,40,B,
OFERTA,OFT_SEGUNDO_APELLIDO,VARCHAR2,VARCHAR2(40 BYTE),40,,,Y,6,,40,B,
OFERTA,OFT_GENERO,NUMBER,"NUMBER(1,0)",22,1,0,N,7,,0,,
OFERTA,OFT_FCH_NACIMIENTO,DATE,DATE,7,,,N,8,,0,,
OFERTA,ESC_ID,NUMBER,"NUMBER(1,0)",22,1,0,N,9,,0,,
OFERTA,OFT_LIB_MILITAR,NUMBER,"NUMBER(1,0)",22,1,0,N,10,,0,,
OFERTA,ETR_ID,NUMBER,"NUMBER(1,0)",22,1,0,N,11,,0,,
OFERTA,PAI_ID,NUMBER,"NUMBER(3,0)",22,3,0,N,12,,0,,
OFERTA,DPT_ID,NUMBER,"NUMBER(7,0)",22,7,0,Y,13,,0,,
OFERTA,MPO_ID,NUMBER,"NUMBER(9,0)",22,9,0,Y,14,,0,,
OFERTA,ZON_ID,NUMBER,"NUMBER(12,0)",22,12,0,Y,15,,0,,
OFERTA,BAR_ID,NUMBER,"NUMBER(6,0)",22,6,0,Y,16,,0,,
OFERTA,OFT_DIRECCION,VARCHAR2,VARCHAR2(100 BYTE),100,,,N,17,,100,B,
OFERTA,OFT_TEL,VARCHAR2,VARCHAR2(20 BYTE),20,,,Y,18,,20,B,
OFERTA,OFT_EXT_TEL,NUMBER,"NUMBER(6,0)",22,6,0,Y,19,,0,,
OFERTA,OFT_TEL_ALT,VARCHAR2,VARCHAR2(20 BYTE),20,,,Y,20,,20,B,
OFERTA,OFT_EXT_TEL_ALT,NUMBER,"NUMBER(6,0)",22,6,0,Y,21,,0,,
OFERTA,OFT_TEL_CEL,VARCHAR2,VARCHAR2(20 BYTE),20,,,Y,22,,20,B,
OFERTA,OFT_BEEPER,VARCHAR2,VARCHAR2(20 BYTE),20,,,Y,23,,20,B,
OFERTA,OFT_CORREO_E,VARCHAR2,VARCHAR2(50 BYTE),50,,,Y,24,,50,B,
OFERTA,OFT_TIEMPO_BUSQUEDA,NUMBER,"NUMBER(4,0)",22,4,0,N,25,,0,,
OFERTA,OFT_PERSONAS_CARGO,NUMBER,"NUMBER(2,0)",22,2,0,N,26,,0,,
OFERTA,PSF_ID,NUMBER,"NUMBER(1,0)",22,1,0,Y,27,,0,,
OFERTA,OFT_MED_INSCRIPCION,NUMBER,"NUMBER(1,0)",22,1,0,N,28,,0,,
OFERTA,OFT_AUTORIZACION,VARCHAR2,VARCHAR2(1 BYTE),1,,,N,29,,1,B,
OFERTA,OFT_CLAVE,NUMBER,"NUMBER(10,0)",22,10,0,N,30,,0,,
OFERTA,OFT_PREGUNTA,VARCHAR2,VARCHAR2(40 BYTE),40,,,N,31,,40,B,
OFERTA,OFT_RESPUESTA,VARCHAR2,VARCHAR2(40 BYTE),40,,,N,32,,40,B,
OFERTA,OFT_SUELDO_ACEPTARIA,NUMBER,"NUMBER(9,0)",22,9,0,N,33,,0,,
OFERTA,OFT_SISBEN_NIVEL,NUMBER,"NUMBER(2,0)",22,2,0,Y,34,,0,,
OFERTA,OFT_SISBEN_PUNTAJE,NUMBER,"NUMBER(3,0)",22,3,0,Y,35,,0,,
OFERTA,OFT_SISBEN_TIPO,NUMBER,"NUMBER(1,0)",22,1,0,Y,36,,0,,
OFERTA,OFT_SISBEN_FCH_FIN,DATE,DATE,7,,,Y,37,,0,,
OFERTA,OFT_SISBEN_MPO,NUMBER,"NUMBER(9,0)",22,9,0,Y,38,,0,,
OFERTA,FUN_ID,NUMBER,"NUMBER(5,0)",22,5,0,Y,39,,0,,
OFERTA,CSPE_ID,NUMBER,"NUMBER(7,0)",22,7,0,Y,40,,0,,
OFERTA,REG_ID,NUMBER,"NUMBER(2,0)",22,2,0,N,41,,0,,
OFERTA,FUN_ID_ACTUALIZA,NUMBER,"NUMBER(5,0)",22,5,0,Y,42,,0,,
OFERTA,CSPE_ID_ACTUALIZA,NUMBER,"NUMBER(7,0)",22,7,0,Y,43,,0,,
OFERTA,OFT_IDENTIFICACION_MPO,NUMBER,"NUMBER(9,0)",22,9,0,Y,44,,0,,
OFERTA,OFT_NACIMIENTO_MPO,NUMBER,"NUMBER(9,0)",22,9,0,Y,45,,0,,
OFERTA,SUE_ID,NUMBER,"NUMBER(3,0)",22,3,0,Y,46,,0,,
OFERTA,OFT_IND_TEL,NUMBER,"NUMBER(5,0)",22,5,0,Y,47,,0,,
OFERTA,OFT_IND_TEL_ALT,NUMBER,"NUMBER(5,0)",22,5,0,Y,48,,0,,
OFERTA,OFT_MIGRANTE,NUMBER,"NUMBER(1,0)",22,1,0,Y,49,,0,,
OFERTA,OFT_ES_RURAL,NUMBER,"NUMBER(1,0)",22,1,0,Y,50,,0,,
OFERTA,OFT_SOPORTE,NUMBER,"NUMBER(1,0)",22,1,0,Y,51,,0,,
OFERTA,OFT_SOPORTE_URL,VARCHAR2,VARCHAR2(100 BYTE),100,,,Y,52,,100,B,
OFERTA,OFT_TEL_CEL_ALT,VARCHAR2,VARCHAR2(20 BYTE),20,,,Y,53,,20,B,Número de Celular alterno
OFERTA,OFT_TARJETA_IDENTIDAD,NUMBER,NUMBER,22,,,Y,54,,0,,Tarjeta de identidad de los usuarios
OFERTA,OFT_EVENTO,NUMBER,NUMBER,22,,,Y,55,,0,,Indica si la persona se inscribio en el marco de un evento
OFERTA,OFT_SOPORTE_OCCRE,NUMBER,"NUMBER(1,0)",22,1,0,Y,56,,0,,
OFERTA,OFT_OCCRE_URL,VARCHAR2,VARCHAR2(100 BYTE),100,,,Y,57,,100,B,
OFERTA_ANULADA,OFT_ID,NUMBER,"NUMBER(9,0)",22,9,0,N,1,,0,,
OFERTA_ANULADA,TDI_ID,NUMBER,"NUMBER(1,0)",22,1,0,N,2,,0,,
OFERTA_ANULADA,OFT_IDENTIFICACION,NUMBER,"NUMBER(12,0)",22,12,0,N,3,,0,,
OFERTA_ANULADA,OFT_NOMBRES,VARCHAR2,VARCHAR2(70 BYTE),70,,,N,4,,70,B,
OFERTA_ANULADA,OFT_PRIMER_APELLIDO,VARCHAR2,VARCHAR2(40 BYTE),40,,,N,5,,40,B,
OFERTA_ANULADA,OFT_SEGUNDO_APELLIDO,VARCHAR2,VARCHAR2(40 BYTE),40,,,Y,6,,40,B,
OFERTA_ANULADA,OFT_GENERO,NUMBER,"NUMBER(1,0)",22,1,0,N,7,,0,,
OFERTA_ANULADA,OFT_FCH_NACIMIENTO,DATE,DATE,7,,,N,8,,0,,
OFERTA_ANULADA,ESC_ID,NUMBER,"NUMBER(1,0)",22,1,0,N,9,,0,,
OFERTA_ANULADA,OFT_LIB_MILITAR,NUMBER,"NUMBER(1,0)",22,1,0,N,10,,0,,
OFERTA_ANULADA,ETR_ID,NUMBER,"NUMBER(1,0)",22,1,0,N,11,,0,,
OFERTA_ANULADA,PAI_ID,NUMBER,"NUMBER(3,0)",22,3,0,N,12,,0,,
OFERTA_ANULADA,DPT_ID,NUMBER,"NUMBER(7,0)",22,7,0,Y,13,,0,,
OFERTA_ANULADA,MPO_ID,NUMBER,"NUMBER(9,0)",22,9,0,Y,14,,0,,
OFERTA_ANULADA,ZON_ID,NUMBER,"NUMBER(12,0)",22,12,0,Y,15,,0,,
OFERTA_ANULADA,BAR_ID,NUMBER,"NUMBER(6,0)",22,6,0,Y,16,,0,,
OFERTA_ANULADA,OFT_DIRECCION,VARCHAR2,VARCHAR2(100 BYTE),100,,,N,17,,100,B,
OFERTA_ANULADA,OFT_TEL,VARCHAR2,VARCHAR2(20 BYTE),20,,,N,18,,20,B,
OFERTA_ANULADA,OFT_EXT_TEL,NUMBER,"NUMBER(6,0)",22,6,0,Y,19,,0,,
OFERTA_ANULADA,OFT_TEL_ALT,VARCHAR2,VARCHAR2(20 BYTE),20,,,Y,20,,20,B,
OFERTA_ANULADA,OFT_EXT_TEL_ALT,NUMBER,"NUMBER(6,0)",22,6,0,Y,21,,0,,
OFERTA_ANULADA,OFT_TEL_CEL,VARCHAR2,VARCHAR2(20 BYTE),20,,,Y,22,,20,B,
OFERTA_ANULADA,OFT_BEEPER,VARCHAR2,VARCHAR2(20 BYTE),20,,,Y,23,,20,B,
OFERTA_ANULADA,OFT_CORREO_E,VARCHAR2,VARCHAR2(50 BYTE),50,,,Y,24,,50,B,
OFERTA_ANULADA,OFT_TIEMPO_BUSQUEDA,NUMBER,"NUMBER(4,0)",22,4,0,N,25,,0,,
OFERTA_ANULADA,OFT_PERSONAS_CARGO,NUMBER,"NUMBER(2,0)",22,2,0,N,26,,0,,
OFERTA_ANULADA,PSF_ID,NUMBER,"NUMBER(1,0)",22,1,0,N,27,,0,,
OFERTA_ANULADA,OFT_MED_INSCRIPCION,NUMBER,"NUMBER(1,0)",22,1,0,N,28,,0,,
OFERTA_ANULADA,OFT_AUTORIZACION,VARCHAR2,VARCHAR2(1 BYTE),1,,,N,29,,1,B,
OFERTA_ANULADA,OFT_CLAVE,NUMBER,"NUMBER(10,0)",22,10,0,N,30,,0,,
OFERTA_ANULADA,OFT_PREGUNTA,VARCHAR2,VARCHAR2(40 BYTE),40,,,N,31,,40,B,
OFERTA_ANULADA,OFT_RESPUESTA,VARCHAR2,VARCHAR2(40 BYTE),40,,,N,32,,40,B,
OFERTA_ANULADA,OFT_SUELDO_ACEPTARIA,NUMBER,"NUMBER(9,0)",22,9,0,N,33,,0,,
OFERTA_ANULADA,OFT_SISBEN_NIVEL,NUMBER,"NUMBER(2,0)",22,2,0,Y,34,,0,,
OFERTA_ANULADA,OFT_SISBEN_PUNTAJE,NUMBER,"NUMBER(3,0)",22,3,0,Y,35,,0,,
OFERTA_ANULADA,OFT_SISBEN_TIPO,NUMBER,"NUMBER(1,0)",22,1,0,Y,36,,0,,
OFERTA_ANULADA,OFT_SISBEN_FCH_FIN,DATE,DATE,7,,,Y,37,,0,,
OFERTA_ANULADA,OFT_SISBEN_MPO,NUMBER,"NUMBER(9,0)",22,9,0,Y,38,,0,,
OFERTA_ANULADA,FUN_ID,NUMBER,"NUMBER(5,0)",22,5,0,N,39,,0,,
OFERTA_ANULADA,CSPE_ID,NUMBER,"NUMBER(7,0)",22,7,0,N,40,,0,,
OFERTA_ANULADA,REG_ID,NUMBER,"NUMBER(2,0)",22,2,0,N,41,,0,,
OFERTA_ANULADA,FUN_ID_ACTUALIZA,NUMBER,"NUMBER(5,0)",22,5,0,Y,42,,0,,
OFERTA_ANULADA,CSPE_ID_ACTUALIZA,NUMBER,"NUMBER(7,0)",22,7,0,Y,43,,0,,
OFERTA_ANULADA,OFT_IDENTIFICACION_MPO,NUMBER,"NUMBER(9,0)",22,9,0,Y,44,,0,,
OFERTA_ANULADA,OFT_NACIMIENTO_MPO,NUMBER,"NUMBER(9,0)",22,9,0,Y,45,,0,,
OFERTA_CURSO,OFT_ID,NUMBER,NUMBER,22,,,N,1,,0,,
OFERTA_CURSO,OCS_FICHA_ID,NUMBER,NUMBER,22,,,N,2,,0,,
OFERTA_CURSO,OCS_FCH_INSCRIPCION,DATE,DATE,7,,,N,3,,0,,
OFERTA_CURSO,OSC_NOMBRE_PROGRAMA,VARCHAR2,VARCHAR2(255 BYTE),255,,,Y,4,,255,B,
OFERTA_CURSO,OSC_CODIGO_PROGRAMA,NUMBER,NUMBER,22,,,Y,5,,0,,
OFERTA_CURSO,FUN_ID,NUMBER,"NUMBER(5,0)",22,5,0,Y,6,,0,,
OFERTA_CURSO,TIPO_PROGRAMA,NUMBER,NUMBER,22,,,Y,7,,0,,
OFERTA_CURSO,TIPO_FORMACION,VARCHAR2,VARCHAR2(50 BYTE),50,,,Y,8,,50,B,
OFERTA_CURSO,TIPO_OFERTA,VARCHAR2,VARCHAR2(50 BYTE),50,,,Y,9,,50,B,
OFERTA_CURSO,REGIONAL,NUMBER,NUMBER,22,,,Y,10,,0,,
OFERTA_CURSO,CENTRO,NUMBER,NUMBER,22,,,Y,11,,0,,
OFERTA_CURSO,MUNICIPIO,NUMBER,NUMBER,22,,,Y,12,,0,,
OFERTA_CURSO,JORNADA,VARCHAR2,VARCHAR2(255 BYTE),255,,,Y,13,,255,B,
OFERTA_CURSO,HORARIO_JORNADA,VARCHAR2,VARCHAR2(255 BYTE),255,,,Y,14,,255,B,
OFERTA_CURSO,OCS_ID,NUMBER,NUMBER,22,,,N,15,,0,,
OFERTA_CURSO,OCS_ESTADO,NUMBER,NUMBER,22,,,Y,16,,0,,
OFERTA_CURSO,OCS_FCH_NOVEDAD,DATE,DATE,7,,,Y,17,,0,,
OFERTA_SOFIA,OFT_ID,NUMBER,NUMBER,22,,,N,1,,0,,
OFERTA_SOFIA,NIS_ID,NUMBER,NUMBER,22,,,N,2,,0,,
OFTXMBE,OMB_ID,NUMBER,"NUMBER(12,0)",22,12,0,N,1,,0,,
OFTXMBE,OFT_ID,NUMBER,"NUMBER(9,0)",22,9,0,N,2,,0,,
OFTXMBE,MBE_ID,NUMBER,"NUMBER(2,0)",22,2,0,N,3,,0,,
OFTXMBE,OMB_PRIORIDAD,NUMBER,"NUMBER(1,0)",22,1,0,N,4,,0,,
OFTXPES,OPE_ID,NUMBER,"NUMBER(12,0)",22,12,0,N,1,,0,,
OFTXPES,OFT_ID,NUMBER,"NUMBER(9,0)",22,9,0,N,2,,0,,
OFTXPES,PES_ID,NUMBER,"NUMBER(3,0)",22,3,0,N,3,,0,,
OFTXPES,FUN_ID,NUMBER,"NUMBER(5,0)",22,5,0,Y,4,,0,,
OFTXPES,CSPE_ID,NUMBER,"NUMBER(7,0)",22,7,0,Y,5,,0,,
OFTXPES,OPE_FCH_REGISTRO,DATE,DATE,7,,,N,6,,0,,
OFT_COMP_LABORAL,OCL_ID,NUMBER,"NUMBER(10,0)",22,10,0,N,1,,0,,
OFT_COMP_LABORAL,CPL_ID,NUMBER,"NUMBER(10,0)",22,10,0,N,2,,0,,
OFT_COMP_LABORAL,OFT_ID,NUMBER,"NUMBER(9,0)",22,9,0,N,3,,0,,
OFT_COMP_LABORAL,OCL_SOPORTE_URL,VARCHAR2,VARCHAR2(100 BYTE),100,,,Y,4,,100,B,
OFT_CORREO_DEM,OFT_ID,NUMBER,"NUMBER(9,0)",22,9,0,N,1,,0,,
OFT_CORREO_DEM,DEM_ID,NUMBER,"NUMBER(10,0)",22,10,0,N,2,,0,,
OFT_CORREO_DEM,OCD_FCH_REGISTRO,DATE,DATE,7,,,N,3,,0,,
OFT_CTL_CONSULTA_CUR,OCC_ID,NUMBER,"NUMBER(15,0)",22,15,0,N,1,,0,,
OFT_CTL_CONSULTA_CUR,OFT_ID,NUMBER,"NUMBER(9,0)",22,9,0,N,2,,0,,
OFT_CTL_CONSULTA_CUR,CUR_ID,NUMBER,"NUMBER(12,0)",22,12,0,N,3,,0,,
OFT_CTL_CONSULTA_CUR,OCC_FCH_CONSULTA,DATE,DATE,7,,,N,4,,0,,
OFT_CTL_CONSULTA_CUR,OCC_MEDIO,NUMBER,"NUMBER(1,0)",22,1,0,N,5,,0,,
OFT_CTL_CONSULTA_CUR,ECN_ID,NUMBER,"NUMBER(4,0)",22,4,0,Y,6,,0,,
OFT_CTL_CONSULTA_DEM,OCD_ID,NUMBER,"NUMBER(15,0)",22,15,0,N,1,,0,,
OFT_CTL_CONSULTA_DEM,OFT_ID,NUMBER,"NUMBER(9,0)",22,9,0,N,2,,0,,
OFT_CTL_CONSULTA_DEM,DEM_ID,NUMBER,"NUMBER(10,0)",22,10,0,N,3,,0,,
OFT_CTL_CONSULTA_DEM,OCD_FCH_CONSULTA,DATE,DATE,7,,,N,4,,0,,
OFT_CTL_CONSULTA_DEM,OCD_MEDIO,NUMBER,"NUMBER(1,0)",22,1,0,N,5,,0,,
OFT_CTL_CONSULTA_DEM,ECN_ID,NUMBER,"NUMBER(4,0)",22,4,0,Y,6,,0,,
OFT_CTL_SOCIAL_QUEJA,OCS_ID,NUMBER,"NUMBER(12,0)",22,12,0,N,1,,0,,
OFT_CTL_SOCIAL_QUEJA,OFT_ID,NUMBER,"NUMBER(9,0)",22,9,0,N,2,,0,,
OFT_CTL_SOCIAL_QUEJA,OCS_IDENTIFICACION,NUMBER,"NUMBER(12,0)",22,12,0,N,3,,0,,
OFT_CTL_SOCIAL_QUEJA,OCS_NOMBRES,VARCHAR2,VARCHAR2(70 BYTE),70,,,N,4,,70,B,
OFT_CTL_SOCIAL_QUEJA,OCS_PRI_APELLIDO,VARCHAR2,VARCHAR2(40 BYTE),40,,,N,5,,40,B,
OFT_CTL_SOCIAL_QUEJA,OCS_SEG_APELLIDO,VARCHAR2,VARCHAR2(40 BYTE),40,,,Y,6,,40,B,
OFT_CTL_SOCIAL_QUEJA,OCS_TELEFONO,VARCHAR2,VARCHAR2(20 BYTE),20,,,N,7,,20,B,
OFT_CTL_SOCIAL_QUEJA,OCS_CORREO_E,VARCHAR2,VARCHAR2(50 BYTE),50,,,Y,8,,50,B,
OFT_CTL_SOCIAL_QUEJA,DEM_ID,NUMBER,"NUMBER(10,0)",22,10,0,N,9,,0,,
OFT_CTL_SOCIAL_QUEJA,OCS_TEXTO_QUEJA,VARCHAR2,VARCHAR2(2000 BYTE),2000,,,N,10,,2000,B,
OFT_CTL_SOCIAL_QUEJA,OCS_FCH_SISTEMA,DATE,DATE,7,,,Y,11,(trunc(sysdate)),0,,
OFT_ESTUDIOS,OES_ID,NUMBER,"NUMBER(12,0)",22,12,0,N,1,,0,,
OFT_ESTUDIOS,OES_ULT_GRADO,NUMBER,"NUMBER(2,0)",22,2,0,Y,2,,0,,
OFT_ESTUDIOS,OES_GRADUADO,NUMBER,"NUMBER(1,0)",22,1,0,Y,3,,0,,
OFT_ESTUDIOS,OES_FCH_FIN,DATE,DATE,7,,,Y,4,,0,,
OFT_ESTUDIOS,OFT_ID,NUMBER,"NUMBER(9,0)",22,9,0,Y,5,,0,,
OFT_ESTUDIOS,INS_NOMBRE,VARCHAR2,VARCHAR2(200 BYTE),200,,,Y,6,,200,B,
OFT_ESTUDIOS,TIT_NOMBRE,VARCHAR2,VARCHAR2(200 BYTE),200,,,Y,7,,200,B,
OFT_ESTUDIOS,OES_SOPORTE,NUMBER,"NUMBER(1,0)",22,1,0,Y,8,,0,,
OFT_ESTUDIOS,FUN_ID,NUMBER,"NUMBER(5,0)",22,5,0,Y,9,,0,,
OFT_ESTUDIOS,CSPE_ID,NUMBER,"NUMBER(7,0)",22,7,0,Y,10,,0,,
OFT_ESTUDIOS,OES_FCH_REGISTRO,DATE,DATE,7,,,Y,11,,0,,
OFT_ESTUDIOS,NIA_ID,NUMBER,"NUMBER(2,0)",22,2,0,Y,12,,0,,
OFT_ESTUDIOS,OES_VALIDADO,NUMBER,"NUMBER(1,0)",22,1,0,Y,13,,0,,
OFT_ETD_FORMAL,OEF_ID,NUMBER,"NUMBER(12,0)",22,12,0,N,1,,0,,
OFT_ETD_FORMAL,OEF_ULT_GRADO,NUMBER,"NUMBER(2,0)",22,2,0,N,2,,0,,
OFT_ETD_FORMAL,OEF_GRADUADO,NUMBER,"NUMBER(1,0)",22,1,0,N,3,,0,,
OFT_ETD_FORMAL,OEF_FCH_FIN,DATE,DATE,7,,,Y,4,,0,,
OFT_ETD_FORMAL,OFT_ID,NUMBER,"NUMBER(9,0)",22,9,0,N,5,,0,,
OFT_ETD_FORMAL,ETF_ID,NUMBER,"NUMBER(7,0)",22,7,0,N,6,,0,,
OFT_ETD_FORMAL,OEF_SOPORTE,NUMBER,"NUMBER(1,0)",22,1,0,N,7,,0,,
OFT_ETD_FORMAL,FUN_ID,NUMBER,"NUMBER(5,0)",22,5,0,Y,8,,0,,
OFT_ETD_FORMAL,CSPE_ID,NUMBER,"NUMBER(7,0)",22,7,0,Y,9,,0,,
OFT_ETD_FORMAL,OEF_FCH_REGISTRO,DATE,DATE,7,,,N,10,,0,,
OFT_ETD_FORMAL,OEF_SOPORTE_URL,VARCHAR2,VARCHAR2(100 BYTE),100,,,Y,11,,100,B,
OFT_ETD_FORMAL,OEF_PROFESION,VARCHAR2,VARCHAR2(100 BYTE),100,,,Y,12,,100,B,
OFT_ETD_FORMAL,OEF_PAIS_ID,NUMBER,"NUMBER(4,0)",22,4,0,Y,13,,0,,
OFT_ETD_FORMAL_ALT,OFA_ID,NUMBER,"NUMBER(10,0)",22,10,0,N,1,,0,,
OFT_ETD_FORMAL_ALT,OFA_INSTITUCION,VARCHAR2,VARCHAR2(200 BYTE),200,,,N,2,,200,B,
OFT_ETD_FORMAL_ALT,OFA_TITULO,VARCHAR2,VARCHAR2(200 BYTE),200,,,N,3,,200,B,
OFT_ETD_FORMAL_ALT,OFA_ULT_GRADO,NUMBER,"NUMBER(2,0)",22,2,0,N,4,,0,,
OFT_ETD_FORMAL_ALT,OFA_GRADUADO,NUMBER,"NUMBER(1,0)",22,1,0,N,5,,0,,
OFT_ETD_FORMAL_ALT,OFA_FCH_FIN,DATE,DATE,7,,,Y,6,,0,,
OFT_ETD_FORMAL_ALT,OFT_ID,NUMBER,"NUMBER(9,0)",22,9,0,N,7,,0,,
OFT_ETD_FORMAL_ALT,PAI_ID,NUMBER,"NUMBER(3,0)",22,3,0,N,8,,0,,
OFT_ETD_FORMAL_ALT,DPT_ID,NUMBER,"NUMBER(7,0)",22,7,0,Y,9,,0,,
OFT_ETD_FORMAL_ALT,MPO_ID,NUMBER,"NUMBER(9,0)",22,9,0,Y,10,,0,,
OFT_ETD_FORMAL_ALT,OFA_SOPORTE,NUMBER,"NUMBER(1,0)",22,1,0,N,11,,0,,
OFT_ETD_FORMAL_ALT,FUN_ID,NUMBER,"NUMBER(5,0)",22,5,0,Y,12,,0,,
OFT_ETD_FORMAL_ALT,CSPE_ID,NUMBER,"NUMBER(7,0)",22,7,0,Y,13,,0,,
OFT_ETD_FORMAL_ALT,OFA_FCH_REGISTRO,DATE,DATE,7,,,N,14,,0,,
OFT_ETD_FORMAL_ALT,NIA_ID,NUMBER,"NUMBER(2,0)",22,2,0,N,15,,0,,
OFT_ETD_FORMAL_ALT,OFA_SOPORTE_URL,VARCHAR2,VARCHAR2(100 BYTE),100,,,Y,16,,100,B,
OFT_ETD_FORMAL_ALT,OFA_PROFESION,VARCHAR2,VARCHAR2(500 BYTE),500,,,Y,17,,500,B,
OFT_ETD_FORMAL_ALT,OFA_PAIS_ID,NUMBER,"NUMBER(4,0)",22,4,0,Y,18,,0,,
OFT_ETD_NO_FORMAL,ONF_ID,NUMBER,"NUMBER(10,0)",22,10,0,N,1,,0,,
OFT_ETD_NO_FORMAL,OFT_ID,NUMBER,"NUMBER(9,0)",22,9,0,N,2,,0,,
OFT_ETD_NO_FORMAL,ENF_ID,NUMBER,"NUMBER(7,0)",22,7,0,N,3,,0,,
OFT_ETD_NO_FORMAL,ONF_FORMACION_SENA,NUMBER,"NUMBER(1,0)",22,1,0,N,4,,0,,
OFT_ETD_NO_FORMAL,ONF_INSTITUCION,VARCHAR2,VARCHAR2(200 BYTE),200,,,N,5,,200,B,
OFT_ETD_NO_FORMAL,ONF_DURACION,NUMBER,"NUMBER(4,0)",22,4,0,N,6,,0,,
OFT_ETD_NO_FORMAL,DUR_ID,NUMBER,"NUMBER(2,0)",22,2,0,N,7,,0,,
OFT_ETD_NO_FORMAL,ONF_FCH_FIN,DATE,DATE,7,,,Y,8,,0,,
OFT_ETD_NO_FORMAL,ONF_SOPORTE,NUMBER,"NUMBER(1,0)",22,1,0,N,9,,0,,
OFT_ETD_NO_FORMAL,FUN_ID,NUMBER,"NUMBER(5,0)",22,5,0,Y,10,,0,,
OFT_ETD_NO_FORMAL,CSPE_ID,NUMBER,"NUMBER(7,0)",22,7,0,Y,11,,0,,
OFT_ETD_NO_FORMAL,ONF_FCH_REGISTRO,DATE,DATE,7,,,N,12,,0,,
OFT_ETD_NO_FORMAL,ONF_TERMINO,NUMBER,"NUMBER(1,0)",22,1,0,N,13,,0,,
OFT_ETD_NO_FORMAL,ONF_SOPORTE_URL,VARCHAR2,VARCHAR2(100 BYTE),100,,,Y,14,,100,B,
OFT_ETD_NO_FORMAL_ALT,ONA_ID,NUMBER,"NUMBER(9,0)",22,9,0,N,1,,0,,
OFT_ETD_NO_FORMAL_ALT,OFT_ID,NUMBER,"NUMBER(9,0)",22,9,0,N,2,,0,,
OFT_ETD_NO_FORMAL_ALT,ONA_TITULO,VARCHAR2,VARCHAR2(500 BYTE),500,,,N,3,,500,B,
OFT_ETD_NO_FORMAL_ALT,TIE_ID,NUMBER,"NUMBER(2,0)",22,2,0,N,4,,0,,
OFT_ETD_NO_FORMAL_ALT,ONA_FORMACION_SENA,NUMBER,"NUMBER(1,0)",22,1,0,N,5,,0,,
OFT_ETD_NO_FORMAL_ALT,ONA_INSTITUCION,VARCHAR2,VARCHAR2(200 BYTE),200,,,N,6,,200,B,
OFT_ETD_NO_FORMAL_ALT,ONA_DURACION,NUMBER,"NUMBER(4,0)",22,4,0,N,7,,0,,
OFT_ETD_NO_FORMAL_ALT,DUR_ID,NUMBER,"NUMBER(2,0)",22,2,0,N,8,,0,,
OFT_ETD_NO_FORMAL_ALT,ONA_FCH_FIN,DATE,DATE,7,,,N,9,,0,,
OFT_ETD_NO_FORMAL_ALT,ONA_SOPORTE,NUMBER,"NUMBER(1,0)",22,1,0,N,10,,0,,
OFT_ETD_NO_FORMAL_ALT,FUN_ID,NUMBER,"NUMBER(5,0)",22,5,0,Y,11,,0,,
OFT_ETD_NO_FORMAL_ALT,CSPE_ID,NUMBER,"NUMBER(7,0)",22,7,0,Y,12,,0,,
OFT_ETD_NO_FORMAL_ALT,ONA_FCH_REGISTRO,DATE,DATE,7,,,N,13,,0,,
OFT_ETD_NO_FORMAL_ALT,ONA_TERMINO,NUMBER,"NUMBER(1,0)",22,1,0,N,14,,0,,
OFT_ETD_NO_FORMAL_ALT,ONA_SOPORTE_URL,VARCHAR2,VARCHAR2(100 BYTE),100,,,Y,15,,100,B,
OFT_EXPERIENCIA,OEX_ID,NUMBER,"NUMBER(12,0)",22,12,0,N,1,,0,,
OFT_EXPERIENCIA,OEX_NOMBRE_EMPRESA,VARCHAR2,VARCHAR2(200 BYTE),200,,,N,2,,200,B,
OFT_EXPERIENCIA,CIIU_ID,VARCHAR2,VARCHAR2(4 BYTE),4,,,N,3,,4,B,
OFT_EXPERIENCIA,OFT_ID,NUMBER,"NUMBER(9,0)",22,9,0,N,4,,0,,
OFT_EXPERIENCIA,IND_ID,NUMBER,"NUMBER(9,0)",22,9,0,N,5,,0,,
OFT_EXPERIENCIA,OEX_FUNCIONES_ALT,VARCHAR2,VARCHAR2(400 BYTE),400,,,Y,6,,400,B,
OFT_EXPERIENCIA,OEX_FCH_INI,DATE,DATE,7,,,N,7,,0,,
OFT_EXPERIENCIA,OEX_FCH_FIN,DATE,DATE,7,,,Y,8,,0,,
OFT_EXPERIENCIA,OEX_SOPORTE,NUMBER,"NUMBER(1,0)",22,1,0,N,9,,0,,
OFT_EXPERIENCIA,OEX_COLOCACION_SENA,NUMBER,"NUMBER(1,0)",22,1,0,N,10,,0,,
OFT_EXPERIENCIA,FUN_ID,NUMBER,"NUMBER(5,0)",22,5,0,Y,11,,0,,
OFT_EXPERIENCIA,CSPE_ID,NUMBER,"NUMBER(7,0)",22,7,0,Y,12,,0,,
OFT_EXPERIENCIA,OEX_FCH_REGISTRO,DATE,DATE,7,,,N,13,,0,,
OFT_EXPERIENCIA,OEX_COMPETENCIA,VARCHAR2,VARCHAR2(400 BYTE),400,,,Y,14,,400,B,
OFT_EXPERIENCIA,OEX_SOPORTE_URL,VARCHAR2,VARCHAR2(100 BYTE),100,,,Y,15,,100,B,
OFT_EXPERIENCIA,OEX_PAI_ID,NUMBER,NUMBER,22,,,Y,16,,0,,
OFT_EXPERIENCIA,OEX_DPT_ID,NUMBER,NUMBER,22,,,Y,17,,0,,
OFT_EXPERIENCIA,OEX_MPO_ID,NUMBER,NUMBER,22,,,Y,18,,0,,
OFT_EXPERIENCIA,OEX_CARGO,VARCHAR2,VARCHAR2(500 BYTE),500,,,Y,19,,500,B,
OFT_EXPERIENCIA,OEX_PERFIL,VARCHAR2,VARCHAR2(120 BYTE),120,,,Y,20,,120,B,
OFT_IDIOMA,OID_ID,NUMBER,"NUMBER(8,0)",22,8,0,N,1,,0,,
OFT_IDIOMA,OFT_ID,NUMBER,"NUMBER(9,0)",22,9,0,N,2,,0,,
OFT_IDIOMA,IDM_ID,NUMBER,"NUMBER(2,0)",22,2,0,N,3,,0,,
OFT_IDIOMA,OID_LEE,NUMBER,"NUMBER(1,0)",22,1,0,N,4,,0,,
OFT_IDIOMA,OID_HABLA,NUMBER,"NUMBER(1,0)",22,1,0,N,5,,0,,
OFT_IDIOMA,OID_ESCRIBE,NUMBER,"NUMBER(1,0)",22,1,0,N,6,,0,,
OFT_IDIOMA,OID_SOPORTE,NUMBER,"NUMBER(1,0)",22,1,0,N,7,,0,,
OFT_IDIOMA,FUN_ID,NUMBER,"NUMBER(5,0)",22,5,0,Y,8,,0,,
OFT_IDIOMA,CSPE_ID,NUMBER,"NUMBER(7,0)",22,7,0,Y,9,,0,,
OFT_IDIOMA,OID_FCH_REGISTRO,DATE,DATE,7,,,N,10,,0,,
OFT_IDIOMA,OID_SOPORTE_URL,VARCHAR2,VARCHAR2(100 BYTE),100,,,Y,11,,100,B,
OFT_INTERES_FORMACION,OIF_ID,NUMBER,"NUMBER(10,0)",22,10,0,N,1,,0,,
OFT_INTERES_FORMACION,OFT_ID,NUMBER,"NUMBER(9,0)",22,9,0,N,2,,0,,
OFT_INTERES_FORMACION,ENF_ID,NUMBER,"NUMBER(7,0)",22,7,0,Y,3,,0,,
OFT_INTERES_FORMACION,OIF_NOMBRE,VARCHAR2,VARCHAR2(100 BYTE),100,,,Y,4,,100,B,
OFT_INTERES_FORMACION,OIF_HERRAMIENTAS,VARCHAR2,VARCHAR2(500 BYTE),500,,,Y,5,,500,B,
OFT_INTERES_FORMACION,OIF_TECNOLOGIAS,VARCHAR2,VARCHAR2(500 BYTE),500,,,Y,6,,500,B,
OFT_INTERES_FORMACION,OIF_JORNADA,VARCHAR2,VARCHAR2(10 BYTE),10,,,N,7,,10,B,
OFT_INTERES_FORMACION,OIF_MODALIDAD,VARCHAR2,VARCHAR2(15 BYTE),15,,,N,8,,15,B,
OFT_INTERES_FORMACION,OIF_FCH_REGISTRO,DATE,DATE,7,,,N,9,,0,,
OFT_LICENCIA,OLI_ID,NUMBER,"NUMBER(10,0)",22,10,0,N,1,,0,,
OFT_LICENCIA,OFT_ID,NUMBER,"NUMBER(9,0)",22,9,0,N,2,,0,,
OFT_LICENCIA,LIC_ID,NUMBER,"NUMBER(1,0)",22,1,0,N,3,,0,,
OFT_MIGRACION,OMG_INT_MIGRAR,NUMBER,"NUMBER(1,0)",22,1,0,Y,1,,0,,
OFT_MIGRACION,OMG_DEST_MIGRACION,NUMBER,"NUMBER(3,0)",22,3,0,Y,2,,0,,
OFT_MIGRACION,OMG_MOT_MIGRAR,VARCHAR2,VARCHAR2(1000 BYTE),1000,,,Y,3,,1000,B,
OFT_MIGRACION,OMG_TIME_MIGRAR,NUMBER,"NUMBER(5,0)",22,5,0,Y,4,,0,,
OFT_MIGRACION,OMG_MIGRAR_DEF,NUMBER,"NUMBER(1,0)",22,1,0,Y,5,,0,,
OFT_MIGRACION,OMG_INT_REG_PAIS,NUMBER,"NUMBER(1,0)",22,1,0,Y,6,,0,,
OFT_MIGRACION,OMG_TIME_REG_PAIS,NUMBER,"NUMBER(5,0)",22,5,0,Y,7,,0,,
OFT_MIGRACION,OMG_PAD_EMI_COL,NUMBER,"NUMBER(1,0)",22,1,0,Y,8,,0,,
OFT_MIGRACION,OMG_VIV_EXT,NUMBER,"NUMBER(1,0)",22,1,0,Y,9,,0,,
OFT_MIGRACION,OMG_MOT_REG_COL,VARCHAR2,VARCHAR2(1000 BYTE),1000,,,Y,10,,1000,B,
OFT_MIGRACION,OMG_ACT_PRI_EXT,VARCHAR2,VARCHAR2(1000 BYTE),1000,,,Y,11,,1000,B,
OFT_MIGRACION,OMG_ACT_PRI_COL,VARCHAR2,VARCHAR2(1000 BYTE),1000,,,Y,12,,1000,B,
OFT_MIGRACION,OMG_INT_EMIGRAR,NUMBER,"NUMBER(1,0)",22,1,0,Y,13,,0,,
OFT_MIGRACION,OMG_MOTP_VIV_EXT,NUMBER,"NUMBER(1,0)",22,1,0,Y,14,,0,,
OFT_MIGRACION,OMG_MOTP_VIV_COL,NUMBER,"NUMBER(1,0)",22,1,0,Y,15,,0,,
OFT_MIGRACION,OMG_MOTP_INM_COL,NUMBER,"NUMBER(1,0)",22,1,0,Y,16,,0,,
OFT_MIGRACION,OMG_ACT_PRINCIPAL,NUMBER,"NUMBER(1,0)",22,1,0,Y,17,,0,,
OFT_MIGRACION,OMG_ACTP_COL_VIV_EXT,NUMBER,"NUMBER(1,0)",22,1,0,Y,18,,0,,
OFT_MIGRACION,OMG_ACTP_EXT_VIV_COL,NUMBER,"NUMBER(1,0)",22,1,0,Y,19,,0,,
OFT_MIGRACION,OFT_ID,NUMBER,"NUMBER(9,0)",22,9,0,N,20,,0,,
OFT_MIGRACION,OMG_PAIS_RES_EXT,NUMBER,"NUMBER(3,0)",22,3,0,Y,21,,0,,
OFT_MIGRACION,OMG_DEPT_RES_EXT,NUMBER,"NUMBER(7,0)",22,7,0,Y,22,,0,,
OFT_MIGRACION,OMG_MUN_RES_EXT,NUMBER,"NUMBER(9,0)",22,9,0,Y,23,,0,,
OFT_MIGRACION,OMG_VIVE_EN_EXT,NUMBER,"NUMBER(1,0)",22,1,0,Y,24,,0,,
OFT_MIGRACION,OMG_ES_COLOMBIANO,NUMBER,"NUMBER(1,0)",22,1,0,Y,25,,0,,
OFT_MIGRACION,OMG_PAIS_NAC_EXT,NUMBER,"NUMBER(3,0)",22,3,0,Y,26,,0,,
OFT_MIGRACION,OMG_DEPT_NAC_EXT,NUMBER,"NUMBER(7,0)",22,7,0,Y,27,,0,,
OFT_MIGRACION,OMG_MUN_NAC_EXT,NUMBER,"NUMBER(9,0)",22,9,0,Y,28,,0,,
OFT_MIGRACION,OMG_PAIS_RET,NUMBER,"NUMBER(3,0)",22,3,0,Y,29,,0,,
OFT_MIGRACION,OMG_DEPT_RET,NUMBER,"NUMBER(7,0)",22,7,0,Y,30,,0,,
OFT_MIGRACION,OMG_MUN_RET,NUMBER,"NUMBER(9,0)",22,9,0,Y,31,,0,,
OFT_MIGRACION,OMG_PAIS_NAC_NO_EMIG,NUMBER,"NUMBER(3,0)",22,3,0,Y,32,,0,,
OFT_MIGRACION,OMG_DEPT_NAC_NO_EMIG,NUMBER,"NUMBER(7,0)",22,7,0,Y,33,,0,,
OFT_MIGRACION,OMG_MUN_NAC_NO_EMIG,NUMBER,"NUMBER(9,0)",22,9,0,Y,34,,0,,
OFT_MIGRACION,OMG_PAIS_RES_BEF,NUMBER,"NUMBER(3,0)",22,3,0,Y,35,,0,,
OFT_MIGRACION,OMG_DEPT_RES_BEF,NUMBER,"NUMBER(7,0)",22,7,0,Y,36,,0,,
OFT_MIGRACION,OMG_MUN_RES_BEF,NUMBER,"NUMBER(9,0)",22,9,0,Y,37,,0,,
OFT_MIGRACION,OMG_PAIS_INT_REG,NUMBER,"NUMBER(3,0)",22,3,0,Y,38,,0,,
OFT_MIGRACION,OMG_DEPT_INT_REG,NUMBER,"NUMBER(7,0)",22,7,0,Y,39,,0,,
OFT_MIGRACION,OMG_MUN_INT_REG,NUMBER,"NUMBER(9,0)",22,9,0,Y,40,,0,,
OFT_MIGRACION,OMG_FCH_SAL_PRIM_VEZ,DATE,DATE,7,,,Y,41,,0,,
OFT_MIGRACION,OMG_MOTV_VIVIR_EXT_RET,VARCHAR2,VARCHAR2(1000 BYTE),1000,,,Y,42,,1000,B,
OFT_MIGRACION,OMG_FCH_REG_COL,DATE,DATE,7,,,Y,43,,0,,
OFT_MIGRACION,OMG_PAIS_EMIG_NUEVO,NUMBER,"NUMBER(3,0)",22,3,0,Y,44,,0,,
OFT_MIGRACION,OMG_DEPT_EMIG_NUEVO,NUMBER,"NUMBER(7,0)",22,7,0,Y,45,,0,,
OFT_MIGRACION,OMG_MUN_EMIG_NUEVO,NUMBER,"NUMBER(9,0)",22,9,0,Y,46,,0,,
OFT_MIGRACION,OMG_ACT_PRIN_ACT,NUMBER,"NUMBER(3,0)",22,3,0,Y,47,,0,,
OFT_MIGRACION,OMG_DEST_MIGRACION_DEPT,NUMBER,"NUMBER(7,0)",22,7,0,Y,48,,0,,
OFT_MIGRACION,OMG_DEST_MIGRACION_MUN,NUMBER,"NUMBER(9,0)",22,9,0,Y,49,,0,,
OFT_MIGRACION,OMG_MOT_MIGRAR_OTRO,VARCHAR2,VARCHAR2(1000 BYTE),1000,,,Y,50,,1000,B,
OFT_MIGRACION,OMG_MOTP_VIV_EXT_OTRO,VARCHAR2,VARCHAR2(1000 BYTE),1000,,,Y,51,,1000,B,
OFT_MIGRACION,OMG_ACTP_EXT_VIV_COL_OTRO,VARCHAR2,VARCHAR2(1000 BYTE),1000,,,Y,52,,1000,B,
OFT_MIGRACION,OMG_ACTP_EXT_VIV_COL_TRABAJO,VARCHAR2,VARCHAR2(1000 BYTE),1000,,,Y,53,,1000,B,
OFT_MIGRACION,OMG_ACT_PRIN_ACT_OTRO,VARCHAR2,VARCHAR2(1000 BYTE),1000,,,Y,54,,1000,B,
OFT_MIGRACION,OMG_MOTV_VIVIR_EXT_RET_OTRO,VARCHAR2,VARCHAR2(1000 BYTE),1000,,,Y,55,,1000,B,
OFT_MIGRACION,OMG_DONDE_HA_VIVIDO_PAIS,NUMBER,"NUMBER(3,0)",22,3,0,Y,56,,0,,
OFT_MIGRACION,OMG_DONDE_HA_VIVIDO_DEPT,NUMBER,"NUMBER(7,0)",22,7,0,Y,57,,0,,
OFT_MIGRACION,OMG_DONDE_HA_VIVIDO_MUN,NUMBER,"NUMBER(9,0)",22,9,0,Y,58,,0,,
OFT_MIGRACION,OMG_DONDE_HA_VIVIDO2_PAIS,NUMBER,"NUMBER(3,0)",22,3,0,Y,59,,0,,
OFT_MIGRACION,OMG_DONDE_HA_VIVIDO2_DEPT,NUMBER,"NUMBER(7,0)",22,7,0,Y,60,,0,,
OFT_MIGRACION,OMG_DONDE_HA_VIVIDO2_MUN,NUMBER,"NUMBER(9,0)",22,9,0,Y,61,,0,,
OFT_MIGRACION,OMG_DONDE_HA_VIVIDO_ENTRADA,NUMBER,"NUMBER(4,0)",22,4,0,Y,62,,0,,
OFT_MIGRACION,OMG_DONDE_HA_VIVIDO_SALIDA,NUMBER,"NUMBER(4,0)",22,4,0,Y,63,,0,,
OFT_MIGRACION,OMG_DONDE_HA_VIVIDO2_ENTRADA,NUMBER,"NUMBER(4,0)",22,4,0,Y,64,,0,,
OFT_MIGRACION,OMG_DONDE_HA_VIVIDO2_SALIDA,NUMBER,"NUMBER(4,0)",22,4,0,Y,65,,0,,
OFT_MIGRACION,OMG_MOTP_VIV_COL_OTRO,VARCHAR2,VARCHAR2(1000 BYTE),1000,,,Y,66,,1000,B,
OFT_MIGRACION,OMG_TIENE_PEP,NUMBER,"NUMBER(1,0)",22,1,0,Y,67,,0,,
OFT_MIGRACION,OMG_PEP,VARCHAR2,VARCHAR2(32 BYTE),32,,,Y,68,,32,B,
OFT_NOTAS_PERFIL,OFT_ID,NUMBER,"NUMBER(9,0)",22,9,0,N,1,,0,,
OFT_NOTAS_PERFIL,ONP_DESCRIPCION,VARCHAR2,VARCHAR2(500 BYTE),500,,,Y,2,,500,B,
OFT_NOTAS_PERFIL,OFT_LOGROS,VARCHAR2,VARCHAR2(500 BYTE),500,,,Y,3,,500,B,
OFT_ORIENTACION,OOR_ID,NUMBER,"NUMBER(10,0)",22,10,0,N,1,,0,,
OFT_ORIENTACION,OFT_ID,NUMBER,"NUMBER(9,0)",22,9,0,N,2,,0,,
OFT_ORIENTACION,OOR_DESCRIPCION,VARCHAR2,VARCHAR2(300 BYTE),300,,,N,3,,300,B,
OFT_ORIENTACION,OOR_FCH_EJECUCION,DATE,DATE,7,,,N,4,,0,,
OFT_ORIENTACION,OOR_FCH_REGISTRO,DATE,DATE,7,,,N,5,,0,,
OFT_ORIENTACION,FUN_ID,NUMBER,"NUMBER(5,0)",22,5,0,N,6,,0,,
OFT_ORIENTACION,CSPE_ID,NUMBER,"NUMBER(7,0)",22,7,0,N,7,,0,,
OFT_PASANTIA,OPA_ID,NUMBER,"NUMBER(12,0)",22,12,0,N,1,,0,,
OFT_PASANTIA,OPA_NOMBRE_EMPRESA,VARCHAR2,VARCHAR2(200 BYTE),200,,,N,2,,200,B,
OFT_PASANTIA,CIIU_ID,VARCHAR2,VARCHAR2(4 BYTE),4,,,N,3,,4,B,
OFT_PASANTIA,OFT_ID,NUMBER,"NUMBER(9,0)",22,9,0,N,4,,0,,
OFT_PASANTIA,IND_ID,NUMBER,"NUMBER(9,0)",22,9,0,N,5,,0,,
OFT_PASANTIA,OPA_FUNCIONES_ALT,VARCHAR2,VARCHAR2(400 BYTE),400,,,Y,6,,400,B,
OFT_PASANTIA,OPA_FCH_INI,DATE,DATE,7,,,N,7,,0,,
OFT_PASANTIA,OPA_FCH_FIN,DATE,DATE,7,,,Y,8,,0,,
OFT_PASANTIA,OPA_SOPORTE,NUMBER,"NUMBER(1,0)",22,1,0,N,9,,0,,
OFT_PASANTIA,OPA_COLOCACION_SENA,NUMBER,"NUMBER(1,0)",22,1,0,N,10,,0,,
OFT_PASANTIA,FUN_ID,NUMBER,"NUMBER(5,0)",22,5,0,Y,11,,0,,
OFT_PASANTIA,CSPE_ID,NUMBER,"NUMBER(7,0)",22,7,0,Y,12,,0,,
OFT_PASANTIA,OPA_FCH_REGISTRO,DATE,DATE,7,,,N,13,,0,,
OFT_PASANTIA,OPA_COMPETENCIA,VARCHAR2,VARCHAR2(400 BYTE),400,,,Y,14,,400,B,
OFT_PASANTIA,OPA_SOPORTE_URL,VARCHAR2,VARCHAR2(100 BYTE),100,,,Y,15,,100,B,
OFT_PREFERENCIA_OCUP,OPO_ID,NUMBER,"NUMBER(15,0)",22,15,0,N,1,,0,,
OFT_PREFERENCIA_OCUP,OFT_ID,NUMBER,"NUMBER(9,0)",22,9,0,N,2,,0,,
OFT_PREFERENCIA_OCUP,OPO_PRIORIDAD,NUMBER,"NUMBER(3,0)",22,3,0,N,3,,0,,
OFT_PREFERENCIA_OCUP,FUN_ID,NUMBER,"NUMBER(5,0)",22,5,0,Y,4,,0,,
OFT_PREFERENCIA_OCUP,CSPE_ID,NUMBER,"NUMBER(7,0)",22,7,0,Y,5,,0,,
OFT_PREFERENCIA_OCUP,OPO_FCH_REGISTRO,DATE,DATE,7,,,N,6,,0,,
OFT_PREFERENCIA_OCUP,IND_ID,NUMBER,"NUMBER(9,0)",22,9,0,N,7,,0,,
OFT_TALLER,OTA_ID,NUMBER,"NUMBER(15,0)",22,15,0,N,1,,0,,
OFT_TALLER,ETA_ID,NUMBER,"NUMBER(12,0)",22,12,0,N,2,,0,,
OFT_TALLER,OFT_ID,NUMBER,"NUMBER(9,0)",22,9,0,N,3,,0,,
OFT_VEHICULO,OVH_ID,NUMBER,"NUMBER(12,0)",22,12,0,N,1,,0,,
OFT_VEHICULO,OFT_ID,NUMBER,"NUMBER(9,0)",22,9,0,N,2,,0,,
OFT_VEHICULO,VEH_ID,NUMBER,"NUMBER(2,0)",22,2,0,N,3,,0,,
ORIENTACION_PROFESIONAL,ORI_ID,NUMBER,"NUMBER(9,0)",22,9,0,N,1,,0,,
ORIENTACION_PROFESIONAL,TORI_ID,NUMBER,"NUMBER(2,0)",22,2,0,N,2,,0,,
ORIENTACION_PROFESIONAL,OFT_ID,NUMBER,"NUMBER(9,0)",22,9,0,N,3,,0,,
ORIENTACION_PROFESIONAL,ORI_DESCRIPCION,VARCHAR2,VARCHAR2(200 BYTE),200,,,Y,4,,200,B,
ORIENTACION_PROFESIONAL,ORI_FCH_REGISTRO,DATE,DATE,7,,,N,5,,0,,
ORIENTACION_PROFESIONAL,FUN_ID,NUMBER,"NUMBER(5,0)",22,5,0,N,6,,0,,
ORIENTACION_PROFESIONAL,CSPE_ID,NUMBER,"NUMBER(7,0)",22,7,0,N,7,,0,,
ORIENTACION_PROFESIONAL,REG_ID,NUMBER,"NUMBER(2,0)",22,2,0,N,8,,0,,
ORIENTADOS_201901,OFT_ID,NUMBER,"NUMBER(10,0)",22,10,0,Y,1,,0,,
ORIENTADOS_201901,TIPO_IDENTIFICACION,VARCHAR2,VARCHAR2(4 BYTE),4,,,Y,2,,4,B,
ORIENTADOS_201901,IDENTIFICACION,VARCHAR2,VARCHAR2(20 BYTE),20,,,Y,3,,20,B,
ORIENTADOS_201901,USUARIO,VARCHAR2,VARCHAR2(80 BYTE),80,,,Y,4,,80,B,
ORIENTADOS_201901,GENERO,VARCHAR2,VARCHAR2(20 BYTE),20,,,Y,5,,20,B,
ORIENTADOS_201901,PAI_ID,NUMBER,"NUMBER(4,0)",22,4,0,Y,6,,0,,
ORIENTADOS_201901,DEPARTAMENTO,VARCHAR2,VARCHAR2(40 BYTE),40,,,Y,7,,40,B,
ORIENTADOS_201901,MUNICIPIO,VARCHAR2,VARCHAR2(40 BYTE),40,,,Y,8,,40,B,
ORIENTADOS_201901,FECHA_PRIMERA_ORIENTACION,VARCHAR2,VARCHAR2(20 BYTE),20,,,Y,9,,20,B,
ORIENTADOS_201902,OFT_ID,NUMBER,"NUMBER(10,0)",22,10,0,Y,1,,0,,
ORIENTADOS_201902,TIPO_IDENTIFICACION,VARCHAR2,VARCHAR2(4 BYTE),4,,,Y,2,,4,B,
ORIENTADOS_201902,IDENTIFICACION,VARCHAR2,VARCHAR2(20 BYTE),20,,,Y,3,,20,B,
ORIENTADOS_201902,USUARIO,VARCHAR2,VARCHAR2(80 BYTE),80,,,Y,4,,80,B,
ORIENTADOS_201902,GENERO,VARCHAR2,VARCHAR2(20 BYTE),20,,,Y,5,,20,B,
ORIENTADOS_201902,PAI_ID,NUMBER,"NUMBER(4,0)",22,4,0,Y,6,,0,,
ORIENTADOS_201902,DEPARTAMENTO,VARCHAR2,VARCHAR2(40 BYTE),40,,,Y,7,,40,B,
ORIENTADOS_201902,MUNICIPIO,VARCHAR2,VARCHAR2(40 BYTE),40,,,Y,8,,40,B,
ORIENTADOS_201902,FECHA_PRIMERA_ORIENTACION,VARCHAR2,VARCHAR2(20 BYTE),20,,,Y,9,,20,B,
ORIENTADOS_201903,OFT_ID,NUMBER,"NUMBER(10,0)",22,10,0,Y,1,,0,,
ORIENTADOS_201903,TIPO_IDENTIFICACION,VARCHAR2,VARCHAR2(4 BYTE),4,,,Y,2,,4,B,
ORIENTADOS_201903,IDENTIFICACION,VARCHAR2,VARCHAR2(20 BYTE),20,,,Y,3,,20,B,
ORIENTADOS_201903,USUARIO,VARCHAR2,VARCHAR2(80 BYTE),80,,,Y,4,,80,B,
ORIENTADOS_201903,GENERO,VARCHAR2,VARCHAR2(20 BYTE),20,,,Y,5,,20,B,
ORIENTADOS_201903,PAI_ID,NUMBER,"NUMBER(4,0)",22,4,0,Y,6,,0,,
ORIENTADOS_201903,DEPARTAMENTO,VARCHAR2,VARCHAR2(40 BYTE),40,,,Y,7,,40,B,
ORIENTADOS_201903,MUNICIPIO,VARCHAR2,VARCHAR2(40 BYTE),40,,,Y,8,,40,B,
ORIENTADOS_201903,FECHA_PRIMERA_ORIENTACION,VARCHAR2,VARCHAR2(20 BYTE),20,,,Y,9,,20,B,
ORIENTADOS_201904,OFT_ID,NUMBER,"NUMBER(10,0)",22,10,0,Y,1,,0,,
ORIENTADOS_201904,TIPO_IDENTIFICACION,VARCHAR2,VARCHAR2(4 BYTE),4,,,Y,2,,4,B,
ORIENTADOS_201904,IDENTIFICACION,VARCHAR2,VARCHAR2(20 BYTE),20,,,Y,3,,20,B,
ORIENTADOS_201904,USUARIO,VARCHAR2,VARCHAR2(80 BYTE),80,,,Y,4,,80,B,
ORIENTADOS_201904,GENERO,VARCHAR2,VARCHAR2(20 BYTE),20,,,Y,5,,20,B,
ORIENTADOS_201904,PAI_ID,NUMBER,"NUMBER(4,0)",22,4,0,Y,6,,0,,
ORIENTADOS_201904,DEPARTAMENTO,VARCHAR2,VARCHAR2(40 BYTE),40,,,Y,7,,40,B,
ORIENTADOS_201904,MUNICIPIO,VARCHAR2,VARCHAR2(40 BYTE),40,,,Y,8,,40,B,
ORIENTADOS_201904,FECHA_PRIMERA_ORIENTACION,VARCHAR2,VARCHAR2(20 BYTE),20,,,Y,9,,20,B,
ORIENTADOS_201905,OFT_ID,NUMBER,"NUMBER(10,0)",22,10,0,Y,1,,0,,
ORIENTADOS_201905,TIPO_IDENTIFICACION,VARCHAR2,VARCHAR2(4 BYTE),4,,,Y,2,,4,B,
ORIENTADOS_201905,IDENTIFICACION,VARCHAR2,VARCHAR2(20 BYTE),20,,,Y,3,,20,B,
ORIENTADOS_201905,USUARIO,VARCHAR2,VARCHAR2(80 BYTE),80,,,Y,4,,80,B,
ORIENTADOS_201905,GENERO,VARCHAR2,VARCHAR2(20 BYTE),20,,,Y,5,,20,B,
ORIENTADOS_201905,PAI_ID,NUMBER,"NUMBER(4,0)",22,4,0,Y,6,,0,,
ORIENTADOS_201905,DEPARTAMENTO,VARCHAR2,VARCHAR2(40 BYTE),40,,,Y,7,,40,B,
ORIENTADOS_201905,MUNICIPIO,VARCHAR2,VARCHAR2(40 BYTE),40,,,Y,8,,40,B,
ORIENTADOS_201905,FECHA_PRIMERA_ORIENTACION,VARCHAR2,VARCHAR2(20 BYTE),20,,,Y,9,,20,B,
ORIENTADOS_201906,OFT_ID,NUMBER,"NUMBER(10,0)",22,10,0,Y,1,,0,,
ORIENTADOS_201906,TIPO_IDENTIFICACION,VARCHAR2,VARCHAR2(4 BYTE),4,,,Y,2,,4,B,
ORIENTADOS_201906,IDENTIFICACION,VARCHAR2,VARCHAR2(20 BYTE),20,,,Y,3,,20,B,
ORIENTADOS_201906,USUARIO,VARCHAR2,VARCHAR2(80 BYTE),80,,,Y,4,,80,B,
ORIENTADOS_201906,GENERO,VARCHAR2,VARCHAR2(20 BYTE),20,,,Y,5,,20,B,
ORIENTADOS_201906,PAI_ID,NUMBER,"NUMBER(4,0)",22,4,0,Y,6,,0,,
ORIENTADOS_201906,DEPARTAMENTO,VARCHAR2,VARCHAR2(40 BYTE),40,,,Y,7,,40,B,
ORIENTADOS_201906,MUNICIPIO,VARCHAR2,VARCHAR2(40 BYTE),40,,,Y,8,,40,B,
ORIENTADOS_201906,FECHA_PRIMERA_ORIENTACION,VARCHAR2,VARCHAR2(20 BYTE),20,,,Y,9,,20,B,
ORIENTADOS_201907,OFT_ID,NUMBER,"NUMBER(10,0)",22,10,0,Y,1,,0,,
ORIENTADOS_201907,TIPO_IDENTIFICACION,VARCHAR2,VARCHAR2(4 BYTE),4,,,Y,2,,4,B,
ORIENTADOS_201907,IDENTIFICACION,VARCHAR2,VARCHAR2(20 BYTE),20,,,Y,3,,20,B,
ORIENTADOS_201907,USUARIO,VARCHAR2,VARCHAR2(80 BYTE),80,,,Y,4,,80,B,
ORIENTADOS_201907,GENERO,VARCHAR2,VARCHAR2(20 BYTE),20,,,Y,5,,20,B,
ORIENTADOS_201907,PAI_ID,NUMBER,"NUMBER(4,0)",22,4,0,Y,6,,0,,
ORIENTADOS_201907,DEPARTAMENTO,VARCHAR2,VARCHAR2(40 BYTE),40,,,Y,7,,40,B,
ORIENTADOS_201907,MUNICIPIO,VARCHAR2,VARCHAR2(40 BYTE),40,,,Y,8,,40,B,
ORIENTADOS_201907,FECHA_PRIMERA_ORIENTACION,VARCHAR2,VARCHAR2(20 BYTE),20,,,Y,9,,20,B,
ORIENTADOS_201908,OFT_ID,NUMBER,"NUMBER(10,0)",22,10,0,Y,1,,0,,
ORIENTADOS_201908,TIPO_IDENTIFICACION,VARCHAR2,VARCHAR2(4 BYTE),4,,,Y,2,,4,B,
ORIENTADOS_201908,IDENTIFICACION,VARCHAR2,VARCHAR2(20 BYTE),20,,,Y,3,,20,B,
ORIENTADOS_201908,USUARIO,VARCHAR2,VARCHAR2(80 BYTE),80,,,Y,4,,80,B,
ORIENTADOS_201908,GENERO,VARCHAR2,VARCHAR2(20 BYTE),20,,,Y,5,,20,B,
ORIENTADOS_201908,PAI_ID,NUMBER,"NUMBER(4,0)",22,4,0,Y,6,,0,,
ORIENTADOS_201908,DEPARTAMENTO,VARCHAR2,VARCHAR2(60 BYTE),60,,,Y,7,,60,B,
ORIENTADOS_201908,MUNICIPIO,VARCHAR2,VARCHAR2(60 BYTE),60,,,Y,8,,60,B,
ORIENTADOS_201908,FECHA_PRIMERA_ORIENTACION,VARCHAR2,VARCHAR2(20 BYTE),20,,,Y,9,,20,B,
ORIENTADOS_201909,OFT_ID,NUMBER,"NUMBER(10,0)",22,10,0,Y,1,,0,,
ORIENTADOS_201909,TIPO_IDENTIFICACION,VARCHAR2,VARCHAR2(4 BYTE),4,,,Y,2,,4,B,
ORIENTADOS_201909,IDENTIFICACION,VARCHAR2,VARCHAR2(20 BYTE),20,,,Y,3,,20,B,
ORIENTADOS_201909,USUARIO,VARCHAR2,VARCHAR2(80 BYTE),80,,,Y,4,,80,B,
ORIENTADOS_201909,GENERO,VARCHAR2,VARCHAR2(20 BYTE),20,,,Y,5,,20,B,
ORIENTADOS_201909,PAI_ID,NUMBER,"NUMBER(4,0)",22,4,0,Y,6,,0,,
ORIENTADOS_201909,DEPARTAMENTO,VARCHAR2,VARCHAR2(60 BYTE),60,,,Y,7,,60,B,
ORIENTADOS_201909,MUNICIPIO,VARCHAR2,VARCHAR2(60 BYTE),60,,,Y,8,,60,B,
ORIENTADOS_201909,FECHA_PRIMERA_ORIENTACION,VARCHAR2,VARCHAR2(20 BYTE),20,,,Y,9,,20,B,
ORIENTADOS_201910,OFT_ID,NUMBER,"NUMBER(10,0)",22,10,0,Y,1,,0,,
ORIENTADOS_201910,TIPO_IDENTIFICACION,VARCHAR2,VARCHAR2(4 BYTE),4,,,Y,2,,4,B,
ORIENTADOS_201910,IDENTIFICACION,VARCHAR2,VARCHAR2(20 BYTE),20,,,Y,3,,20,B,
ORIENTADOS_201910,USUARIO,VARCHAR2,VARCHAR2(80 BYTE),80,,,Y,4,,80,B,
ORIENTADOS_201910,GENERO,VARCHAR2,VARCHAR2(20 BYTE),20,,,Y,5,,20,B,
ORIENTADOS_201910,PAI_ID,NUMBER,"NUMBER(4,0)",22,4,0,Y,6,,0,,
ORIENTADOS_201910,DEPARTAMENTO,VARCHAR2,VARCHAR2(60 BYTE),60,,,Y,7,,60,B,
ORIENTADOS_201910,MUNICIPIO,VARCHAR2,VARCHAR2(60 BYTE),60,,,Y,8,,60,B,
ORIENTADOS_201910,FECHA_PRIMERA_ORIENTACION,VARCHAR2,VARCHAR2(20 BYTE),20,,,Y,9,,20,B,
ORIENTADOS_201911,OFT_ID,NUMBER,"NUMBER(10,0)",22,10,0,Y,1,,0,,
ORIENTADOS_201911,TIPO_IDENTIFICACION,VARCHAR2,VARCHAR2(4 BYTE),4,,,Y,2,,4,B,
ORIENTADOS_201911,IDENTIFICACION,VARCHAR2,VARCHAR2(20 BYTE),20,,,Y,3,,20,B,
ORIENTADOS_201911,USUARIO,VARCHAR2,VARCHAR2(80 BYTE),80,,,Y,4,,80,B,
ORIENTADOS_201911,GENERO,VARCHAR2,VARCHAR2(20 BYTE),20,,,Y,5,,20,B,
ORIENTADOS_201911,PAI_ID,NUMBER,"NUMBER(4,0)",22,4,0,Y,6,,0,,
ORIENTADOS_201911,DEPARTAMENTO,VARCHAR2,VARCHAR2(60 BYTE),60,,,Y,7,,60,B,
ORIENTADOS_201911,MUNICIPIO,VARCHAR2,VARCHAR2(60 BYTE),60,,,Y,8,,60,B,
ORIENTADOS_201911,FECHA_PRIMERA_ORIENTACION,VARCHAR2,VARCHAR2(20 BYTE),20,,,Y,9,,20,B,
ORIENTADOS_201912,OFT_ID,NUMBER,"NUMBER(10,0)",22,10,0,Y,1,,0,,
ORIENTADOS_201912,TIPO_IDENTIFICACION,VARCHAR2,VARCHAR2(4 BYTE),4,,,Y,2,,4,B,
ORIENTADOS_201912,IDENTIFICACION,VARCHAR2,VARCHAR2(20 BYTE),20,,,Y,3,,20,B,
ORIENTADOS_201912,USUARIO,VARCHAR2,VARCHAR2(80 BYTE),80,,,Y,4,,80,B,
ORIENTADOS_201912,GENERO,VARCHAR2,VARCHAR2(20 BYTE),20,,,Y,5,,20,B,
ORIENTADOS_201912,PAI_ID,NUMBER,"NUMBER(4,0)",22,4,0,Y,6,,0,,
ORIENTADOS_201912,DEPARTAMENTO,VARCHAR2,VARCHAR2(60 BYTE),60,,,Y,7,,60,B,
ORIENTADOS_201912,MUNICIPIO,VARCHAR2,VARCHAR2(60 BYTE),60,,,Y,8,,60,B,
ORIENTADOS_201912,FECHA_PRIMERA_ORIENTACION,VARCHAR2,VARCHAR2(20 BYTE),20,,,Y,9,,20,B,
ORIENTADOS_202001,OFT_ID,NUMBER,"NUMBER(10,0)",22,10,0,Y,1,,0,,
ORIENTADOS_202001,TIPO_IDENTIFICACION,VARCHAR2,VARCHAR2(4 BYTE),4,,,Y,2,,4,B,
ORIENTADOS_202001,IDENTIFICACION,VARCHAR2,VARCHAR2(20 BYTE),20,,,Y,3,,20,B,
ORIENTADOS_202001,USUARIO,VARCHAR2,VARCHAR2(80 BYTE),80,,,Y,4,,80,B,
ORIENTADOS_202001,GENERO,VARCHAR2,VARCHAR2(20 BYTE),20,,,Y,5,,20,B,
ORIENTADOS_202001,PAI_ID,NUMBER,"NUMBER(4,0)",22,4,0,Y,6,,0,,
ORIENTADOS_202001,DEPARTAMENTO,VARCHAR2,VARCHAR2(60 BYTE),60,,,Y,7,,60,B,
ORIENTADOS_202001,MUNICIPIO,VARCHAR2,VARCHAR2(60 BYTE),60,,,Y,8,,60,B,
ORIENTADOS_202001,FECHA_PRIMERA_ORIENTACION,VARCHAR2,VARCHAR2(20 BYTE),20,,,Y,9,,20,B,
ORIGEN,ORG_ID,NUMBER,"NUMBER(2,0)",22,2,0,N,1,,0,,
ORIGEN,ORG_NOMBRE,VARCHAR2,VARCHAR2(50 BYTE),50,,,N,2,,50,B,
PAIS,PAI_ID,NUMBER,"NUMBER(3,0)",22,3,0,N,1,,0,,
PAIS,PAI_NOMBRE,VARCHAR2,VARCHAR2(50 BYTE),50,,,N,2,,50,B,
PAIS,PAI_SIGLA,VARCHAR2,VARCHAR2(2 BYTE),2,,,N,3,,2,B,
PARAMETRO,PAR_ID,NUMBER,"NUMBER(3,0)",22,3,0,N,1,,0,,
PARAMETRO,PAR_NOMBRE,VARCHAR2,VARCHAR2(100 BYTE),100,,,N,2,,100,B,
PARAMETRO,PAR_VALOR,VARCHAR2,VARCHAR2(3000 BYTE),3000,,,N,3,,3000,B,
PARAMETROS,PAR_ID,NUMBER,"NUMBER(3,0)",22,3,0,N,1,,0,,
PARAMETROS,PAR_NOMBRE,VARCHAR2,VARCHAR2(100 BYTE),100,,,N,2,,100,B,
PARAMETROS,PAR_DESCRIPCION,VARCHAR2,VARCHAR2(200 BYTE),200,,,N,3,,200,B,
PARAMETROS,PAR_VALOR,VARCHAR2,VARCHAR2(4000 BYTE),4000,,,N,4,,4000,B,
PASANTIAXFUNCION,PAF_ID,NUMBER,"NUMBER(12,0)",22,12,0,N,1,,0,,
PASANTIAXFUNCION,OPA_ID,NUMBER,"NUMBER(12,0)",22,12,0,N,2,,0,,
PASANTIAXFUNCION,FNC_ID,NUMBER,"NUMBER(5,0)",22,5,0,N,3,,0,,
PERSONAL_DE_CONVENIO,PDC_ID,NUMBER,NUMBER,22,,,N,1,,0,,
PERSONAL_DE_CONVENIO,PDC_CODIGO,NUMBER,NUMBER,22,,,N,2,,0,,
PERSONAL_DE_CONVENIO,PDC_NOMBRE,VARCHAR2,VARCHAR2(150 BYTE),150,,,N,3,,150,B,
PERSONAL_DE_CONVENIO,PDC_DESCRIPCION,VARCHAR2,VARCHAR2(400 BYTE),400,,,Y,4,,400,B,
PERSONAL_DE_CONVENIO,PDC_FECHA_REGISTRO,DATE,DATE,7,,,N,5,,0,,
PESXCSPE,PECSPE_ID,NUMBER,"NUMBER(5,0)",22,5,0,N,1,,0,,
PESXCSPE,PES_ID,NUMBER,"NUMBER(3,0)",22,3,0,N,2,,0,,
PESXCSPE,CSPE_ID,NUMBER,"NUMBER(7,0)",22,7,0,N,3,,0,,
PESXREG,PER_ID,NUMBER,"NUMBER(5,0)",22,5,0,N,1,,0,,
PESXREG,PES_ID,NUMBER,"NUMBER(3,0)",22,3,0,N,2,,0,,
PESXREG,REG_ID,NUMBER,"NUMBER(2,0)",22,2,0,N,3,,0,,
PLANILLA_TALLER,PLT_ID,NUMBER,"NUMBER(8,0)",22,8,0,N,1,,0,,
PLANILLA_TALLER,GUT_ID,NUMBER,"NUMBER(2,0)",22,2,0,N,2,,0,,
PLANILLA_TALLER,PLT_FCH_INICIO,DATE,DATE,7,,,N,3,,0,,
PLANILLA_TALLER,PLT_TIPO,NUMBER,"NUMBER(1,0)",22,1,0,N,4,,0,,
PLANILLA_TALLER,PLT_HORARIO,VARCHAR2,VARCHAR2(50 BYTE),50,,,N,5,,50,B,
PLANILLA_TALLER,PLT_LUGAR,VARCHAR2,VARCHAR2(50 BYTE),50,,,N,6,,50,B,
PLANILLA_TALLER,FUN_ORIENTADOR,NUMBER,"NUMBER(4,0)",22,4,0,N,7,,0,,
PLANILLA_TALLER,CSPE_ID,NUMBER,"NUMBER(7,0)",22,7,0,N,8,,0,,
PLANILLA_TALLER,FUN_REGISTRO,NUMBER,"NUMBER(4,0)",22,4,0,N,9,,0,,
PLANILLA_TALLER,PLT_FCH_REGISTRO,DATE,DATE,7,,,N,10,,0,,
PLAN_TABLE,STATEMENT_ID,VARCHAR2,VARCHAR2(30 BYTE),30,,,Y,1,,30,B,
PLAN_TABLE,TIMESTAMP,DATE,DATE,7,,,Y,2,,0,,
PLAN_TABLE,REMARKS,VARCHAR2,VARCHAR2(80 BYTE),80,,,Y,3,,80,B,
PLAN_TABLE,OPERATION,VARCHAR2,VARCHAR2(30 BYTE),30,,,Y,4,,30,B,
PLAN_TABLE,OPTIONS,VARCHAR2,VARCHAR2(255 BYTE),255,,,Y,5,,255,B,
PLAN_TABLE,OBJECT_NODE,VARCHAR2,VARCHAR2(128 BYTE),128,,,Y,6,,128,B,
PLAN_TABLE,OBJECT_OWNER,VARCHAR2,VARCHAR2(30 BYTE),30,,,Y,7,,30,B,
PLAN_TABLE,OBJECT_NAME,VARCHAR2,VARCHAR2(30 BYTE),30,,,Y,8,,30,B,
PLAN_TABLE,OBJECT_INSTANCE,NUMBER,"NUMBER(*,0)",22,,0,Y,9,,0,,
PLAN_TABLE,OBJECT_TYPE,VARCHAR2,VARCHAR2(30 BYTE),30,,,Y,10,,30,B,
PLAN_TABLE,OPTIMIZER,VARCHAR2,VARCHAR2(255 BYTE),255,,,Y,11,,255,B,
PLAN_TABLE,SEARCH_COLUMNS,NUMBER,NUMBER,22,,,Y,12,,0,,
PLAN_TABLE,ID,NUMBER,"NUMBER(*,0)",22,,0,Y,13,,0,,
PLAN_TABLE,PARENT_ID,NUMBER,"NUMBER(*,0)",22,,0,Y,14,,0,,
PLAN_TABLE,POSITION,NUMBER,"NUMBER(*,0)",22,,0,Y,15,,0,,
PLAN_TABLE,COST,NUMBER,"NUMBER(*,0)",22,,0,Y,16,,0,,
PLAN_TABLE,CARDINALITY,NUMBER,"NUMBER(*,0)",22,,0,Y,17,,0,,
PLAN_TABLE,BYTES,NUMBER,"NUMBER(*,0)",22,,0,Y,18,,0,,
PLAN_TABLE,OTHER_TAG,VARCHAR2,VARCHAR2(255 BYTE),255,,,Y,19,,255,B,
PLAN_TABLE,PARTITION_START,VARCHAR2,VARCHAR2(255 BYTE),255,,,Y,20,,255,B,
PLAN_TABLE,PARTITION_STOP,VARCHAR2,VARCHAR2(255 BYTE),255,,,Y,21,,255,B,
PLAN_TABLE,PARTITION_ID,NUMBER,"NUMBER(*,0)",22,,0,Y,22,,0,,
PLAN_TABLE,OTHER,LONG,LONG,0,,,Y,23,,0,,
PLAN_TABLE,DISTRIBUTION,VARCHAR2,VARCHAR2(30 BYTE),30,,,Y,24,,30,B,
PLAN_TABLE,CPU_COST,NUMBER,"NUMBER(*,0)",22,,0,Y,25,,0,,
PLAN_TABLE,IO_COST,NUMBER,"NUMBER(*,0)",22,,0,Y,26,,0,,
PLAN_TABLE,TEMP_SPACE,NUMBER,"NUMBER(*,0)",22,,0,Y,27,,0,,
PLAZAS_PROV,ID,NUMBER,"NUMBER(38,0)",22,38,0,Y,1,,0,,
PLAZAS_PROV,DEM_ID,NUMBER,"NUMBER(38,0)",22,38,0,Y,2,,0,,
PLTXPES,PPE_ID,NUMBER,"NUMBER(12,0)",22,12,0,N,1,,0,,
PLTXPES,PLT_ID,NUMBER,"NUMBER(8,0)",22,8,0,N,2,,0,,
PLTXPES,PES_ID,NUMBER,"NUMBER(3,0)",22,3,0,N,3,,0,,
PLTXPES,FUN_ID,NUMBER,"NUMBER(5,0)",22,5,0,N,4,,0,,
PLTXPES,CSPE_ID,NUMBER,"NUMBER(7,0)",22,7,0,N,5,,0,,
PLTXPES,PPE_FCH_REGISTRO,DATE,DATE,7,,,N,6,,0,,
POSICION_FAMILIAR,PSF_ID,NUMBER,"NUMBER(1,0)",22,1,0,N,1,,0,,
POSICION_FAMILIAR,PSF_NOMBRE,VARCHAR2,VARCHAR2(50 BYTE),50,,,N,2,,50,B,
POSICION_FAMILIAR,PSF_VAL_OFERTA,NUMBER,"NUMBER(1,0)",22,1,0,N,3,,0,,
PROGRAMA_ESPECIAL,PES_ID,NUMBER,"NUMBER(3,0)",22,3,0,N,1,,0,,
PROGRAMA_ESPECIAL,PES_NOMBRE,VARCHAR2,VARCHAR2(90 BYTE),90,,,N,2,,90,B,
PROGRAMA_ESPECIAL,PES_DESCRIPCION,VARCHAR2,VARCHAR2(900 BYTE),900,,,N,3,,900,B,
PROGRAMA_ESPECIAL,PES_ESTADO,NUMBER,"NUMBER(1,0)",22,1,0,N,4,,0,,
PROGRAMA_ESPECIAL,PES_FCH_CREACION,DATE,DATE,7,,,N,5,,0,,
PROGRAMA_ESPECIAL,PES_FCH_INI,DATE,DATE,7,,,N,6,,0,,
PROGRAMA_ESPECIAL,PES_FCH_FIN,DATE,DATE,7,,,Y,7,,0,,
PROGRAMA_ESPECIAL,PES_HAB_DEMANDA,NUMBER,"NUMBER(1,0)",22,1,0,N,8,,0,,
PROGRAMA_ESPECIAL,TIPES_ID,NUMBER,"NUMBER(2,0)",22,2,0,N,9,1 ,0,,
PROGRAMA_ESPECIAL,PES_HAB_INTERNET_DEM,NUMBER,"NUMBER(1,0)",22,1,0,N,10,0 ,0,,
PROGRAMA_ESPECIAL,PES_HAB_INTERNET_OFT,NUMBER,"NUMBER(1,0)",22,1,0,N,11,0 ,0,,
PROGRAMA_ESPECIAL,PES_HAB_OFERTA,NUMBER,"NUMBER(1,0)",22,1,0,N,12,0 ,0,,
PROGRAMA_ESPECIAL,H_VICTIMIZANTES,NUMBER,"NUMBER(1,0)",22,1,0,Y,13,,0,,
PROGRAMA_ESPECIAL,PESO_H_VICTIMIZANTE,NUMBER,"NUMBER(2,0)",22,2,0,Y,14,,0,,
PROSP_SOCIAL_DIANA_20190328,TIPO_DOCUMENTO,VARCHAR2,VARCHAR2(45 BYTE),45,,,Y,1,NULL,45,B,
PROSP_SOCIAL_DIANA_20190328,NUM_DOC_IDENTIDAD,NUMBER,"NUMBER(16,0)",22,16,0,Y,2,NULL,0,,
PROSP_SOCIAL_OFT_20190328,OFT_ID,NUMBER,"NUMBER(9,0)",22,9,0,Y,1,NULL,0,,
RANGO_SALARIAL,RSA_ID,NUMBER,"NUMBER(2,0)",22,2,0,N,1,,0,,
RANGO_SALARIAL,RSA_ETIQUETA,VARCHAR2,VARCHAR2(50 CHAR),50,,,N,2,,50,C,
RANGO_SALARIAL,RSA_INICIO,NUMBER,"NUMBER(10,0)",22,10,0,Y,3,,0,,
RANGO_SALARIAL,RSA_FIN,NUMBER,"NUMBER(10,0)",22,10,0,Y,4,,0,,
RED_UNIDOS,TIPO_IDENTIFICACION,VARCHAR2,VARCHAR2(10 BYTE),10,,,Y,1,,10,B,
RED_UNIDOS,IDENTIFICACION,NUMBER,NUMBER,22,,,Y,2,,0,,
RED_UNIDOS,ESTADO,NUMBER,"NUMBER(1,0)",22,1,0,Y,3,,0,,
RED_UNIDOS,DESCRIPCION,VARCHAR2,VARCHAR2(40 BYTE),40,,,Y,4,,40,B,
RED_UNIDOS_20201029,TIPO_IDENTIFICACION,VARCHAR2,VARCHAR2(10 BYTE),10,,,Y,1,,10,B,
RED_UNIDOS_20201029,IDENTIFICACION,NUMBER,NUMBER,22,,,Y,2,,0,,
RED_UNIDOS_20201029,DESCRIPCION,VARCHAR2,VARCHAR2(100 BYTE),100,,,Y,3,,100,B,
RED_UNIDOS_DIANA_2018,TIPO_IDENTIFICACION,VARCHAR2,VARCHAR2(10 BYTE),10,,,Y,1,,10,B,
RED_UNIDOS_DIANA_2018,IDENTIFICACION,NUMBER,NUMBER,22,,,Y,2,,0,,
RED_UNIDOS_GINA_29_06_2018,TIPO_DOCUMENTO,VARCHAR2,VARCHAR2(45 BYTE),45,,,Y,1,NULL,45,B,
RED_UNIDOS_GINA_29_06_2018,NUM_DOC_IDENTIDAD,VARCHAR2,VARCHAR2(45 BYTE),45,,,Y,2,NULL,45,B,
REGIONAL,REG_ID,NUMBER,"NUMBER(2,0)",22,2,0,N,1,,0,,
REGIONAL,REG_NOMBRE,VARCHAR2,VARCHAR2(50 BYTE),50,,,N,2,,50,B,
REGIONAL,REG_DIRECCION,VARCHAR2,VARCHAR2(100 BYTE),100,,,N,3,,100,B,
REGIONAL,REG_TEL,VARCHAR2,VARCHAR2(20 BYTE),20,,,N,4,,20,B,
REGIONAL,REG_TEL_ALT,VARCHAR2,VARCHAR2(20 BYTE),20,,,Y,5,,20,B,
REGIONAL,REG_FAX,VARCHAR2,VARCHAR2(20 BYTE),20,,,N,6,,20,B,
REGIONAL,REG_CORREO_E,VARCHAR2,VARCHAR2(50 BYTE),50,,,N,7,,50,B,
REGIONAL,REG_CORREO_E_ALT,VARCHAR2,VARCHAR2(50 BYTE),50,,,Y,8,,50,B,
REGIONAL,MPO_ID,NUMBER,"NUMBER(9,0)",22,9,0,N,9,,0,,
REGISTRADURIA_CARGA,REGC_ID,NUMBER,"NUMBER(10,0)",22,10,0,N,1,,0,,
REGISTRADURIA_CARGA,OFT_ID,NUMBER,"NUMBER(9,0)",22,9,0,Y,2,,0,,
REGISTRADURIA_CARGA,REGC_PRIMER_APELLIDO,VARCHAR2,VARCHAR2(30 CHAR),30,,,Y,3,,30,C,
REGISTRADURIA_CARGA,REGC_EST_CIVIL,VARCHAR2,VARCHAR2(2 CHAR),2,,,Y,4,,2,C,
REGISTRADURIA_CARGA,REGC_SEGUNDO_APELLIDO,VARCHAR2,VARCHAR2(30 CHAR),30,,,Y,5,,30,C,
REGISTRADURIA_CARGA,REGC_PRIMER_NOMBRE,VARCHAR2,VARCHAR2(30 CHAR),30,,,Y,6,,30,C,
REGISTRADURIA_CARGA,REGC_SEGUNDO_NOMBRE,VARCHAR2,VARCHAR2(30 CHAR),30,,,Y,7,,30,C,
REGISTRADURIA_CARGA,REGC_LUGAR_EXPEDICION,VARCHAR2,VARCHAR2(15 CHAR),15,,,Y,8,,15,C,
REGISTRADURIA_CARGA,REGC_ESPACIO_RESERVADO,VARCHAR2,VARCHAR2(15 CHAR),15,,,Y,9,,15,C,
REGISTRADURIA_CARGA,REGC_DPTO_EXPEDICION,VARCHAR2,VARCHAR2(3 CHAR),3,,,Y,10,,3,C,
REGISTRADURIA_CARGA,REGC_CONCEPTO_VIGENCIA,NUMBER,"NUMBER(1,0)",22,1,0,Y,11,,0,,
REGISTRADURIA_CARGA,REGC_RECORTE_NOMBRE,NUMBER,"NUMBER(1,0)",22,1,0,Y,12,,0,,
REGISTRADURIA_CARGA,REGC_TIPO_CANCELACION,VARCHAR2,VARCHAR2(2 CHAR),2,,,Y,13,,2,C,
REGISTRADURIA_CARGA,REGC_NUM_RESOLUCION,VARCHAR2,VARCHAR2(6 CHAR),6,,,Y,14,,6,C,
REGISTRADURIA_CARGA,REGC_ANO_RESOLUCION,VARCHAR2,VARCHAR2(2 CHAR),2,,,Y,15,,2,C,
REGISTRADURIA_CARGA,REGC_FECHA_EXPEDICION,VARCHAR2,VARCHAR2(6 CHAR),6,,,Y,16,,6,C,
REGISTRADURIA_CARGA,REGC_VALIDATION_CODE,NUMBER,"NUMBER(10,0)",22,10,0,Y,17,,0,,
REGISTRADURIA_CARGA,REGC_VALIDATION_MESSAGE,VARCHAR2,VARCHAR2(500 CHAR),500,,,Y,18,,500,C,
REGISTRADURIA_CARGA,REGC_CEDULA,NUMBER,"NUMBER(10,0)",22,10,0,N,19,,0,,
REGISTRADURIA_CARGA,REGC_FCH_CARGA,DATE,DATE,7,,,Y,20,,0,,
REGISTRADURIA_CONF,RGC_CONSECUTIVO,NUMBER,"NUMBER(10,0)",22,10,0,N,1,1 ,0,,
REGISTRADURIA_DPTO,DPT_ID,NUMBER,"NUMBER(7,0)",22,7,0,N,1,,0,,
REGISTRADURIA_DPTO,REGD_ABREVIATURA,VARCHAR2,VARCHAR2(5 CHAR),5,,,N,2,,5,C,
REMISION_CARGUE_HIDROCARBUROS,RCH_ID,NUMBER,"NUMBER(9,0)",22,9,0,N,1,,0,,
REMISION_CARGUE_HIDROCARBUROS,OFT_ID,NUMBER,"NUMBER(9,0)",22,9,0,N,2,,0,,
REMISION_CARGUE_HIDROCARBUROS,DEM_ID,NUMBER,"NUMBER(9,0)",22,9,0,N,3,,0,,
REMISION_CARGUE_HIDROCARBUROS,ENV_ID,NUMBER,"NUMBER(9,0)",22,9,0,N,4,,0,,
REMISION_CARGUE_HIDROCARBUROS,FUN_ID,NUMBER,"NUMBER(9,0)",22,9,0,N,5,,0,,
REMISION_CARGUE_HIDROCARBUROS,RHI_ID,NUMBER,"NUMBER(9,0)",22,9,0,Y,6,,0,,
REMISION_CARGUE_HIDROCARBUROS,FECHA_REGISTRO,DATE,DATE,7,,,N,7,,0,,
REMISION_HIDROCARBUROS,RHI_ID,NUMBER,"NUMBER(9,0)",22,9,0,N,1,,0,,
REMISION_HIDROCARBUROS,ARI_ID,NUMBER,"NUMBER(9,0)",22,9,0,N,2,,0,,
REMISION_HIDROCARBUROS,RHI_CANTIDAD_REMITIDOS,NUMBER,"NUMBER(9,0)",22,9,0,N,3,,0,,
REMISION_HIDROCARBUROS,FUN_ID,NUMBER,"NUMBER(9,0)",22,9,0,N,4,,0,,
REMISION_HIDROCARBUROS,ORDEN,NUMBER,"NUMBER(9,0)",22,9,0,N,5,,0,,
REMISION_HIDROCARBUROS,FECHA_REGISTRO,DATE,DATE,7,,,N,6,,0,,
REPORTE,REP_ID,VARCHAR2,VARCHAR2(15 BYTE),15,,,N,1,,15,B,
REPORTE,REP_NOMBRE,VARCHAR2,VARCHAR2(100 BYTE),100,,,N,2,,100,B,
REPORTE,REP_DESCRIPCION,VARCHAR2,VARCHAR2(250 BYTE),250,,,N,3,,250,B,
REPORTE,REP_FCH,DATE,DATE,7,,,N,4,,0,,
REPORTE,ROL_ID,NUMBER,"NUMBER(2,0)",22,2,0,N,5,,0,,
REPORTE,REP_TIPO,NUMBER,"NUMBER(1,0)",22,1,0,N,6,,0,,
REPORTE,REP_MODULO,NUMBER,"NUMBER(1,0)",22,1,0,N,7,,0,,
REPORTES_XML,REP_XML_CODIGO,VARCHAR2,VARCHAR2(100 BYTE),100,,,N,1,,100,B,
REPORTES_XML,REP_XML_NOMBRE,VARCHAR2,VARCHAR2(100 BYTE),100,,,N,2,,100,B,
REPORTES_XML,REP_XML_DESCRIPCION,VARCHAR2,VARCHAR2(300 BYTE),300,,,N,3,,300,B,
REPORTES_XML,REP_XML_VALOR,CLOB,CLOB,4000,,,N,4,,0,,
REPORTES_XML,REP_XML_FECHA_CREACION,DATE,DATE,7,,,N,5,,0,,
REPORTES_XML,REP_XML_FECHA_ACTUALIZACION,DATE,DATE,7,,,N,6,,0,,
REPORTES_XML,FUN_ID,NUMBER,"NUMBER(9,0)",22,9,0,N,7,,0,,
REPORTES_XML,REP_XML_COD_ABR_PAD,VARCHAR2,VARCHAR2(10 BYTE),10,,,Y,8,,10,B,
REPORTE_SEG,RSG_ID,NUMBER,"NUMBER(3,0)",22,3,0,N,1,,0,,
REPORTE_SEG,RSG_NOMBRE,VARCHAR2,VARCHAR2(150 BYTE),150,,,N,2,,150,B,
REPORTE_SEG,RSG_SQL,VARCHAR2,VARCHAR2(1000 BYTE),1000,,,N,3,,1000,B,
REPORTE_SEG,RSG_ENCABEZADO,VARCHAR2,VARCHAR2(200 BYTE),200,,,N,4,,200,B,
REPORTE_SEG,RSG_HABILITAR,NUMBER,"NUMBER(1,0)",22,1,0,N,5,,0,,
REP_INSCRITOS,OFT_ID,NUMBER,"NUMBER(9,0)",22,9,0,N,1,,0,,
REP_INSCRITOS,MPO_ID,NUMBER,NUMBER,22,,,Y,2,,0,,
REP_INSCRITOS,TIPO_INSCRITO,VARCHAR2,VARCHAR2(8 BYTE),8,,,Y,3,,8,B,
RESULTADO_VALIDACION_SEL_FINAL,RVS_ID,NUMBER,"NUMBER(18,0)",22,18,0,N,1,,0,,
RESULTADO_VALIDACION_SEL_FINAL,TVS_LOTE_ID,NUMBER,"NUMBER(18,0)",22,18,0,N,2,,0,,
RESULTADO_VALIDACION_SEL_FINAL,ENV_ID,NUMBER,"NUMBER(18,0)",22,18,0,N,3,,0,,
RESULTADO_VALIDACION_SEL_FINAL,OFT_ID,NUMBER,"NUMBER(18,0)",22,18,0,N,4,,0,,
RESULTADO_VALIDACION_SEL_FINAL,DEM_ID,NUMBER,"NUMBER(18,0)",22,18,0,N,5,,0,,
RESULTADO_VALIDACION_SEL_FINAL,FSO_ID_RESULTANTE,NUMBER,"NUMBER(10,0)",22,10,0,N,6,,0,,
RESULTADO_VALIDACION_SEL_FINAL,RVS_MENSAJE,VARCHAR2,VARCHAR2(500 CHAR),500,,,Y,7,,500,C,
RESULTADO_VALIDACION_SEL_FINAL,RVS_FCH_REGISTRO,DATE,DATE,7,,,N,8,,0,,
REWRITE_TABLE,STATEMENT_ID,VARCHAR2,VARCHAR2(30 BYTE),30,,,Y,1,,30,B,
REWRITE_TABLE,MV_OWNER,VARCHAR2,VARCHAR2(30 BYTE),30,,,Y,2,,30,B,
REWRITE_TABLE,MV_NAME,VARCHAR2,VARCHAR2(30 BYTE),30,,,Y,3,,30,B,
REWRITE_TABLE,SEQUENCE,NUMBER,"NUMBER(*,0)",22,,0,Y,4,,0,,
REWRITE_TABLE,QUERY,VARCHAR2,VARCHAR2(2000 BYTE),2000,,,Y,5,,2000,B,
REWRITE_TABLE,QUERY_BLOCK_NO,NUMBER,"NUMBER(*,0)",22,,0,Y,6,,0,,
REWRITE_TABLE,REWRITTEN_TXT,VARCHAR2,VARCHAR2(2000 BYTE),2000,,,Y,7,,2000,B,
REWRITE_TABLE,MESSAGE,VARCHAR2,VARCHAR2(512 BYTE),512,,,Y,8,,512,B,
REWRITE_TABLE,PASS,VARCHAR2,VARCHAR2(3 BYTE),3,,,Y,9,,3,B,
REWRITE_TABLE,MV_IN_MSG,VARCHAR2,VARCHAR2(30 BYTE),30,,,Y,10,,30,B,
REWRITE_TABLE,MEASURE_IN_MSG,VARCHAR2,VARCHAR2(30 BYTE),30,,,Y,11,,30,B,
REWRITE_TABLE,JOIN_BACK_TBL,VARCHAR2,VARCHAR2(30 BYTE),30,,,Y,12,,30,B,
REWRITE_TABLE,JOIN_BACK_COL,VARCHAR2,VARCHAR2(30 BYTE),30,,,Y,13,,30,B,
REWRITE_TABLE,ORIGINAL_COST,NUMBER,"NUMBER(*,0)",22,,0,Y,14,,0,,
REWRITE_TABLE,REWRITTEN_COST,NUMBER,"NUMBER(*,0)",22,,0,Y,15,,0,,
REWRITE_TABLE,FLAGS,NUMBER,"NUMBER(*,0)",22,,0,Y,16,,0,,
REWRITE_TABLE,RESERVED1,NUMBER,"NUMBER(*,0)",22,,0,Y,17,,0,,
REWRITE_TABLE,RESERVED2,VARCHAR2,VARCHAR2(10 BYTE),10,,,Y,18,,10,B,
ROL,ROL_ID,NUMBER,"NUMBER(2,0)",22,2,0,N,1,,0,,
ROL,ROL_NOMBRE,VARCHAR2,VARCHAR2(100 BYTE),100,,,N,2,,100,B,
ROL,ROL_FCH,DATE,DATE,7,,,N,3,,0,,
ROLXGRUPO_MT,ROL_ID,NUMBER,"NUMBER(2,0)",22,2,0,N,1,,0,,
ROLXGRUPO_MT,GMT_ID,NUMBER,"NUMBER(2,0)",22,2,0,N,2,,0,,
ROLXGRUPO_MT,RGT_FCH,DATE,DATE,7,,,N,3,,0,,
RUES_02092021,ID,NUMBER,NUMBER,22,,,Y,1,,0,,
RUR,TIPO_IDENTIFICACION,VARCHAR2,VARCHAR2(10 BYTE),10,,,Y,1,,10,B,
RUR,IDENTIFICACION,NUMBER,NUMBER,22,,,Y,2,,0,,
RUR,ESTADO,NUMBER,"NUMBER(1,0)",22,1,0,Y,3,,0,,
RUR,DESCRIPCION,VARCHAR2,VARCHAR2(40 BYTE),40,,,Y,4,,40,B,
RUR_20190614,TIPO_DOCUMENTO,VARCHAR2,VARCHAR2(4 BYTE),4,,,Y,1,,4,B,
RUR_20190614,IDENTIFICACION,NUMBER,NUMBER,22,,,Y,2,,0,,
RUR_20190831,TIPO_DOCUMENTO,VARCHAR2,VARCHAR2(4 BYTE),4,,,Y,1,,4,B,
RUR_20190831,IDENTIFICACION,NUMBER,NUMBER,22,,,Y,2,,0,,
RUR_20191231-noUsada,TIPO_DOCUMENTO,VARCHAR2,VARCHAR2(4 BYTE),4,,,Y,1,,4,B,
RUR_20191231-noUsada,IDENTIFICACION,NUMBER,NUMBER,22,,,Y,2,,0,,
RUR_DIC_2018,IDENTIFICACION,NUMBER,NUMBER,22,,,Y,1,,0,,
RUV,TIPO_IDENTIFICACION,VARCHAR2,VARCHAR2(4 BYTE),4,,,Y,1,,4,B,
RUV,IDENTIFICACION,NUMBER,"NUMBER(20,0)",22,20,0,Y,2,,0,,
RUV,TPB_ID,NUMBER,"NUMBER(3,0)",22,3,0,Y,3,,0,,
RUV,ID_PERSONA,NUMBER,"NUMBER(20,0)",22,20,0,Y,4,,0,,
RUV,ESTADO,NUMBER,"NUMBER(1,0)",22,1,0,Y,5,,0,,
RUV,DESCRIPCION,VARCHAR2,VARCHAR2(40 BYTE),40,,,Y,6,,40,B,
RUV_20180420,TIPO_DOCUMENTO,VARCHAR2,VARCHAR2(4 BYTE),4,,,Y,1,,4,B,
RUV_20180420,NUM_DOC_IDENTIDAD,VARCHAR2,VARCHAR2(20 BYTE),20,,,Y,2,,20,B,
RUV_20180420,TPB_ID,VARCHAR2,VARCHAR2(3 BYTE),3,,,Y,3,,3,B,
RUV_20180420,ID_PERSONA,VARCHAR2,VARCHAR2(20 BYTE),20,,,Y,4,,20,B,
RUV_20180814,TIPO_DOCUMENTO,VARCHAR2,VARCHAR2(4 BYTE),4,,,Y,1,,4,B,
RUV_20180814,NUM_DOC_IDENTIDAD,VARCHAR2,VARCHAR2(20 BYTE),20,,,Y,2,,20,B,
RUV_20180814,TPB_ID,VARCHAR2,VARCHAR2(3 BYTE),3,,,Y,3,,3,B,
RUV_20180814,ID_PERSONA,VARCHAR2,VARCHAR2(20 BYTE),20,,,Y,4,,20,B,
RUV_20181012,TIPO_DOCUMENTO,VARCHAR2,VARCHAR2(4 BYTE),4,,,Y,1,,4,B,
RUV_20181012,NUM_DOC_IDENTIDAD,VARCHAR2,VARCHAR2(20 BYTE),20,,,Y,2,,20,B,
RUV_20181012,TPB_ID,VARCHAR2,VARCHAR2(3 BYTE),3,,,Y,3,,3,B,
RUV_20181012,ID_PERSONA,VARCHAR2,VARCHAR2(20 BYTE),20,,,Y,4,,20,B,
RUV_20191017,TIPO_DOCUMENTO,VARCHAR2,VARCHAR2(4 BYTE),4,,,Y,1,,4,B,
RUV_20191017,NUM_DOC_IDENTIDAD,VARCHAR2,VARCHAR2(20 BYTE),20,,,Y,2,,20,B,
RUV_20191017,TPB_ID,VARCHAR2,VARCHAR2(3 BYTE),3,,,Y,3,,3,B,
RUV_20191017,ID_PERSONA,VARCHAR2,VARCHAR2(20 BYTE),20,,,Y,4,,20,B,
RUV_AUX,TIPO_DOCUMENTO,VARCHAR2,VARCHAR2(2 BYTE),2,,,Y,1,,2,B,
RUV_AUX,NUM_DOC_IDENTIDAD,NUMBER,"NUMBER(38,0)",22,38,0,Y,2,,0,,
RUV_AUX,TPB_ID,NUMBER,"NUMBER(*,0)",22,,0,Y,3,,0,,
RUV_AUX,ID_PERSONA,NUMBER,"NUMBER(*,0)",22,,0,Y,4,,0,,
RUV_CARGA,RUC_ID,VARCHAR2,VARCHAR2(32 BYTE),32,,,N,1,,32,B,
RUV_CARGA,RUC_ARCHIVO,VARCHAR2,VARCHAR2(255 BYTE),255,,,N,2,,255,B,
RUV_CARGA,RUC_USUARIO,VARCHAR2,VARCHAR2(20 BYTE),20,,,N,3,,20,B,
RUV_CARGA,RUC_FECHA_INICIO,TIMESTAMP(6),TIMESTAMP(6),11,,6,N,4,,0,,
RUV_CARGA,RUC_FECHA_FIN,TIMESTAMP(6),TIMESTAMP(6),11,,6,Y,5,,0,,
RUV_CARGA,RUC_STATUS,NUMBER,"NUMBER(1,0)",22,1,0,N,6,,0,,
RUV_INSERT,TIPO_DOCUMENTO,VARCHAR2,VARCHAR2(4 BYTE),4,,,Y,1,,4,B,
RUV_INSERT,NUM_DOC_IDENTIDAD,NUMBER,"NUMBER(38,0)",22,38,0,Y,2,,0,,
RUV_INSERT,TPB_ID,NUMBER,"NUMBER(38,0)",22,38,0,Y,3,,0,,
RUV_INSERT,ID_PERSONA,NUMBER,"NUMBER(38,0)",22,38,0,Y,4,,0,,
SECCION_CIIU,SCC_ID,VARCHAR2,VARCHAR2(1 BYTE),1,,,N,1,,1,B,
SECCION_CIIU,SCC_NOMBRE,VARCHAR2,VARCHAR2(200 BYTE),200,,,N,2,,200,B,
SEC_JASPERTOKEN,USU_ID,VARCHAR2,VARCHAR2(255 BYTE),255,,,N,1,,255,B,
SEC_JASPERTOKEN,UTK_TOKEN,VARCHAR2,VARCHAR2(255 BYTE),255,,,N,2,,255,B,
SEC_MENU,MEN_ID,VARCHAR2,VARCHAR2(255 BYTE),255,,,N,1,,255,B,
SEC_MENU,MEN_SUPER,VARCHAR2,VARCHAR2(255 BYTE),255,,,Y,2,,255,B,
SEC_MENU,MEN_ETIQUETA,VARCHAR2,VARCHAR2(255 BYTE),255,,,N,3,,255,B,
SEC_MENU,MEN_ORDEN,NUMBER,"NUMBER(4,0)",22,4,0,N,4,,0,,
SEC_MENU,MEN_URL,VARCHAR2,VARCHAR2(255 BYTE),255,,,Y,5,,255,B,
SEC_MENU,MEN_ES_PERMISO,NUMBER,"NUMBER(1,0)",22,1,0,N,6,0 ,0,,
SEC_MENU_RECURSO,SMR_ID,NUMBER,"NUMBER(9,0)",22,9,0,N,1,,0,,
SEC_MENU_RECURSO,MEN_ID,VARCHAR2,VARCHAR2(255 BYTE),255,,,N,2,,255,B,
SEC_MENU_RECURSO,REC_ID,NUMBER,"NUMBER(9,0)",22,9,0,N,3,,0,,
SEC_MENU_ROL,MEN_ID,VARCHAR2,VARCHAR2(255 BYTE),255,,,N,1,,255,B,
SEC_MENU_ROL,ROL_ID,VARCHAR2,VARCHAR2(50 BYTE),50,,,N,2,,50,B,
SEC_RECURSO,REC_ID,NUMBER,"NUMBER(9,0)",22,9,0,N,1,,0,,
SEC_RECURSO,REC_URL_PATTERN,VARCHAR2,VARCHAR2(255 BYTE),255,,,N,2,,255,B,
SEC_RECURSO_ROL,RRE_ID,NUMBER,"NUMBER(9,0)",22,9,0,N,1,,0,,
SEC_RECURSO_ROL,ROL_ID,VARCHAR2,VARCHAR2(50 BYTE),50,,,N,2,,50,B,
SEC_RECURSO_ROL,REC_ID,NUMBER,"NUMBER(9,0)",22,9,0,N,3,,0,,
SEC_ROL,ROL_ID,VARCHAR2,VARCHAR2(50 BYTE),50,,,N,1,,50,B,
SEC_ROL,ROL_ACTIVO,NUMBER,"NUMBER(1,0)",22,1,0,N,2,,0,,
SEC_ROL,ROL_ASIGNABLE,NUMBER,"NUMBER(1,0)",22,1,0,N,3,1 ,0,,
SEC_USUARIO,USU_ID,VARCHAR2,VARCHAR2(255 BYTE),255,,,N,1,,255,B,
SEC_USUARIO,TDI_ID,NUMBER,"NUMBER(1,0)",22,1,0,N,2,,0,,
SEC_USUARIO,USU_NUMERO_DOC,NUMBER,"NUMBER(20,0)",22,20,0,N,3,,0,,
SEC_USUARIO,USU_PASSWORD,VARCHAR2,VARCHAR2(50 BYTE),50,,,N,4,,50,B,
SEC_USUARIO,USU_ACTIVO,NUMBER,"NUMBER(1,0)",22,1,0,Y,5,1,0,,
SEC_USUARIO,USU_BLOQUEADO,NUMBER,"NUMBER(1,0)",22,1,0,Y,6,0,0,,
SEC_USUARIO,USU_EMAIL,VARCHAR2,VARCHAR2(512 BYTE),512,,,Y,7,,512,B,
SEC_USUARIO,USU_FCH_REGISTRO,DATE,DATE,7,,,Y,8,,0,,
SEC_USUARIO,USU_TIPO,NUMBER,"NUMBER(1,0)",22,1,0,N,9,0 ,0,,
SEC_USUARIO,HABEAS_DATA,NUMBER,"NUMBER(1,0)",22,1,0,N,10,1 ,0,,
SEC_USUARIO_ROL,USU_ID,VARCHAR2,VARCHAR2(255 BYTE),255,,,N,1,,255,B,
SEC_USUARIO_ROL,ROL_ID,VARCHAR2,VARCHAR2(50 BYTE),50,,,N,2,,50,B,
SEC_USU_EVENT,SUEV_ID,NUMBER,"NUMBER(10,0)",22,10,0,N,1,,0,,
SEC_USU_EVENT,USU_ID,VARCHAR2,VARCHAR2(255 BYTE),255,,,N,2,,255,B,
SEC_USU_EVENT,SUEV_FECHA,DATE,DATE,7,,,N,3,,0,,
SEC_USU_EVENT,SUEV_ACCION,VARCHAR2,VARCHAR2(255 BYTE),255,,,N,4,,255,B,
SEC_USU_EVENT,FUN_ID,NUMBER,NUMBER,22,,,Y,5,,0,,Funcionario quien realiza la acción
SENA_UNIDOS,ID,NUMBER,NUMBER,22,,,Y,1,,0,,
SENA_UNIDOS,TIPODOCUMENTO,VARCHAR2,VARCHAR2(12 BYTE),12,,,Y,2,,12,B,
SENA_UNIDOS,DOCUMENTO,NUMBER,"NUMBER(*,0)",22,,0,Y,3,,0,,
SENA_UNIDOS,NOMBRE_ARCHIVO,VARCHAR2,VARCHAR2(205 BYTE),205,,,Y,4,,205,B,
SER_201712,IDENTIFICACION,NUMBER,NUMBER,22,,,Y,1,,0,,
SER_201806,IDENTIFICACION,NUMBER,NUMBER,22,,,Y,1,,0,,
SER_201807,IDENTIFICACION,NUMBER,NUMBER,22,,,Y,1,,0,,
SER_201808,IDENTIFICACION,NUMBER,NUMBER,22,,,Y,1,,0,,
SER_201809,IDENTIFICACION,NUMBER,NUMBER,22,,,Y,1,,0,,
SER_201810,IDENTIFICACION,NUMBER,NUMBER,22,,,Y,1,,0,,
SER_201811,IDENTIFICACION,NUMBER,NUMBER,22,,,Y,1,,0,,
SER_201812,IDENTIFICACION,NUMBER,NUMBER,22,,,Y,1,,0,,
SER_201812_2,IDENTIFICACION,NUMBER,NUMBER,22,,,Y,1,,0,,
SITUACION_OCUPACIONAL,SIO_ID,NUMBER,"NUMBER(1,0)",22,1,0,N,1,,0,,
SITUACION_OCUPACIONAL,SIO_NOMBRE,VARCHAR2,VARCHAR2(20 BYTE),20,,,N,2,,20,B,
SITUACION_OCUPACIONAL,SIO_DESCRIPCION,VARCHAR2,VARCHAR2(100 BYTE),100,,,N,3,,100,B,
SMS_CACHE,OFT_ID,NUMBER,"NUMBER(9,0)",22,9,0,N,1,,0,,
SMS_CACHE,DEM_ID,NUMBER,"NUMBER(10,0)",22,10,0,Y,2,,0,,
SMS_CACHE,OFT_NOMBRES,VARCHAR2,VARCHAR2(70 BYTE),70,,,N,3,,70,B,
SMS_CACHE,OFT_PRIMER_APELLIDO,VARCHAR2,VARCHAR2(40 BYTE),40,,,N,4,,40,B,
SMS_CACHE,OFT_SEGUNDO_APELLIDO,VARCHAR2,VARCHAR2(40 BYTE),40,,,Y,5,,40,B,
SMS_CACHE,PAI_ID,NUMBER,"NUMBER(3,0)",22,3,0,N,6,,0,,
SMS_CACHE,OFT_TEL_CEL,VARCHAR2,VARCHAR2(20 BYTE),20,,,Y,7,,20,B,
SMS_CACHE,OFT_CORREO_E,VARCHAR2,VARCHAR2(50 BYTE),50,,,Y,8,,50,B,
SMS_CACHE,FECHA,TIMESTAMP(6),TIMESTAMP(6),11,,6,Y,9,CURRENT_TIMESTAMP,0,,
SMS_CACHE,REG_ID,NUMBER,"NUMBER(2,0)",22,2,0,Y,10,,0,,
SMS_CACHE,CNO_ID,VARCHAR2,VARCHAR2(6 BYTE),6,,,Y,11,,6,B,
SMS_CACHE,ESO_ID,VARCHAR2,VARCHAR2(2 BYTE),2,,,Y,12,,2,B,
SMS_CACHE,DPT_ID,NUMBER,"NUMBER(7,0)",22,7,0,Y,13,,0,,
SMS_CACHE,MPO_ID,NUMBER,"NUMBER(9,0)",22,9,0,Y,14,,0,,
SMS_CACHE,ZON_ID,NUMBER,"NUMBER(12,0)",22,12,0,Y,15,,0,,
SMS_CACHE,EDAD_MIN,NUMBER,"NUMBER(6,0)",22,6,0,Y,16,,0,,
SMS_CACHE,EDAD_MAX,NUMBER,"NUMBER(6,0)",22,6,0,Y,17,,0,,
SMS_CACHE,OFT_GENERO,NUMBER,"NUMBER(1,0)",22,1,0,Y,18,,0,,
SMS_CAMPANA,SC_ID,NUMBER,"NUMBER(10,0)",22,10,0,N,1,,0,,
SMS_CAMPANA,SC_USUARIO,VARCHAR2,VARCHAR2(30 CHAR),30,,,N,2,,30,C,
SMS_CAMPANA,SC_MENSAJE,VARCHAR2,VARCHAR2(140 CHAR),140,,,N,3,,140,C,
SMS_CAMPANA,SC_TIPO_CAMPANA,NUMBER,"NUMBER(1,0)",22,1,0,N,4,,0,,
SMS_CAMPANA,DEM_ID,NUMBER,"NUMBER(10,0)",22,10,0,Y,5,,0,,
SMS_CAMPANA,REG_ID,NUMBER,"NUMBER(2,0)",22,2,0,Y,6,,0,,
SMS_CAMPANA,CNO_ID,VARCHAR2,VARCHAR2(6 BYTE),6,,,Y,7,,6,B,
SMS_CAMPANA,ESO_ID,VARCHAR2,VARCHAR2(2 BYTE),2,,,Y,8,,2,B,
SMS_CAMPANA,DPT_ID,NUMBER,"NUMBER(7,0)",22,7,0,Y,9,,0,,
SMS_CAMPANA,MPO_ID,NUMBER,"NUMBER(9,0)",22,9,0,Y,10,,0,,
SMS_CAMPANA,ZON_ID,NUMBER,"NUMBER(12,0)",22,12,0,Y,11,,0,,
SMS_CAMPANA,EDAD_MIN,NUMBER,"NUMBER(6,0)",22,6,0,Y,12,,0,,
SMS_CAMPANA,EDAD_MAX,NUMBER,"NUMBER(6,0)",22,6,0,Y,13,,0,,
SMS_CAMPANA,OFT_GENERO,NUMBER,"NUMBER(1,0)",22,1,0,Y,14,,0,,
SMS_CAMPANA,SC_FECHA,TIMESTAMP(6),TIMESTAMP(6),11,,6,Y,15,CURRENT_TIMESTAMP,0,,
SMS_CAMPANA,SC_NOMBRE,VARCHAR2,VARCHAR2(50 CHAR),50,,,N,16,'' ,50,C,
SMS_CAMPANA,OFT_EGRESADO_SENA,NUMBER,"NUMBER(1,0)",22,1,0,Y,17,,0,,
SMS_CAMPANA_DETALLE,SCD_ID,NUMBER,"NUMBER(9,0)",22,9,0,N,1,,0,,
SMS_CAMPANA_DETALLE,SC_ID,NUMBER,"NUMBER(10,0)",22,10,0,N,2,,0,,
SMS_CAMPANA_DETALLE,ID,NUMBER,"NUMBER(9,0)",22,9,0,Y,3,,0,,
SMS_CAMPANA_DETALLE,SCD_NOMBRE,VARCHAR2,VARCHAR2(250 CHAR),250,,,Y,4,,250,C,
SMS_CAMPANA_DETALLE,SCD_PAI_ID,NUMBER,"NUMBER(3,0)",22,3,0,N,5,,0,,
SMS_CAMPANA_DETALLE,SCD_TEL_CEL,VARCHAR2,VARCHAR2(20 BYTE),20,,,Y,6,,20,B,
SMS_CAMPANA_DETALLE,SCD_CORREO_E,VARCHAR2,VARCHAR2(50 BYTE),50,,,Y,7,,50,B,
SMS_CAMPANA_DETALLE,SCD_ESTADO_ENVIO,CHAR,CHAR(1 BYTE),1,,,Y,8,'P',1,B,
SMS_CAMPANA_DETALLE,SCD_TIPO_ID,NUMBER,"NUMBER(4,0)",22,4,0,N,9,1 ,0,,
SMS_CONFIG,MENSAJES_AUTORIZADOS,NUMBER,"NUMBER(9,0)",22,9,0,Y,1,,0,,
SMS_CONFIG,MENSAJES_ENVIADOS,NUMBER,"NUMBER(9,0)",22,9,0,Y,2,,0,,
SOF_CAP_NOVEDAD,SCN_ID,NUMBER,"NUMBER(9,0)",22,9,0,N,1,,0,,
SOF_CAP_NOVEDAD,NIS,NUMBER,"NUMBER(9,0)",22,9,0,N,2,,0,,
SOF_CAP_NOVEDAD,TIPO_DOCUMENTO_IDENTIFICACION,VARCHAR2,VARCHAR2(4 CHAR),4,,,N,3,,4,C,
SOF_CAP_NOVEDAD,NUMERO_DOCUMENT_IDENTIFICACION,NUMBER,"NUMBER(12,0)",22,12,0,N,4,,0,,
SOF_CAP_NOVEDAD,CODIGO_FICHA,NUMBER,"NUMBER(9,0)",22,9,0,N,5,,0,,
SOF_CAP_NOVEDAD,PROCESO,VARCHAR2,VARCHAR2(25 CHAR),25,,,N,6,,25,C,
SOF_CAP_NOVEDAD,ESTADO_RGA_ID,NUMBER,"NUMBER(4,0)",22,4,0,N,7,,0,,
SOF_CAP_NOVEDAD,ESTADO_RGA,VARCHAR2,VARCHAR2(25 CHAR),25,,,N,8,,25,C,
SOF_CAP_NOVEDAD,FECHA_REGISTRO,DATE,DATE,7,,,N,9,,0,,
SOF_OFERTA_INSCRIPCION,OFT_ID,NUMBER,"NUMBER(9,0)",22,9,0,N,1,,0,,
SOF_OFERTA_INSCRIPCION,TDI_ABREVIATURA,VARCHAR2,VARCHAR2(2 CHAR),2,,,N,2,,2,C,
SOF_OFERTA_INSCRIPCION,OFT_IDENTIFICACION,NUMBER,"NUMBER(12,0)",22,12,0,N,3,,0,,
SOF_OFERTA_INSCRIPCION,OFT_FCH_EXP_IDENT,DATE,DATE,7,,,N,4,,0,,
SOF_OFERTA_INSCRIPCION,OFT_IDENTIFICACION_PAI,NUMBER,"NUMBER(3,0)",22,3,0,Y,5,,0,,
SOF_OFERTA_INSCRIPCION,OFT_IDENTIFICACION_DPT,NUMBER,"NUMBER(7,0)",22,7,0,Y,6,,0,,
SOF_OFERTA_INSCRIPCION,OFT_IDENTIFICACION_MPO,NUMBER,"NUMBER(9,0)",22,9,0,Y,7,,0,,
SOF_OFERTA_INSCRIPCION,OFT_NOMBRES,VARCHAR2,VARCHAR2(70 BYTE),70,,,N,8,,70,B,
SOF_OFERTA_INSCRIPCION,OFT_PRIMER_APELLIDO,VARCHAR2,VARCHAR2(40 BYTE),40,,,N,9,,40,B,
SOF_OFERTA_INSCRIPCION,OFT_SEGUNDO_APELLIDO,VARCHAR2,VARCHAR2(40 BYTE),40,,,Y,10,,40,B,
SOF_OFERTA_INSCRIPCION,OFT_FCH_NACIMIENTO,DATE,DATE,7,,,N,11,,0,,
SOF_OFERTA_INSCRIPCION,OFT_NACIMIENTO_PAI,NUMBER,"NUMBER(3,0)",22,3,0,Y,12,,0,,
SOF_OFERTA_INSCRIPCION,OFT_NACIMIENTO_DPT,NUMBER,"NUMBER(7,0)",22,7,0,Y,13,,0,,
SOF_OFERTA_INSCRIPCION,OFT_NACIMIENTO_MPO,NUMBER,"NUMBER(9,0)",22,9,0,Y,14,,0,,
SOF_OFERTA_INSCRIPCION,OFT_CORREO_E,VARCHAR2,VARCHAR2(50 BYTE),50,,,Y,15,,50,B,
SOF_OFERTA_INSCRIPCION,ETR_ID,NUMBER,"NUMBER(1,0)",22,1,0,N,16,,0,,
SOF_OFERTA_INSCRIPCION,OFT_GENERO,NUMBER,"NUMBER(1,0)",22,1,0,N,17,,0,,
SOF_OFERTA_INSCRIPCION,OFT_RESIDENCIA_PAI,NUMBER,"NUMBER(3,0)",22,3,0,N,18,,0,,
SOF_OFERTA_INSCRIPCION,OFT_RESIDENCIA_DPT,NUMBER,"NUMBER(7,0)",22,7,0,Y,19,,0,,
SOF_OFERTA_INSCRIPCION,OFT_RESIDENCIA_MPO,NUMBER,"NUMBER(9,0)",22,9,0,Y,20,,0,,
SOF_OFERTA_INSCRIPCION,OFT_TEL,VARCHAR2,VARCHAR2(20 BYTE),20,,,N,21,,20,B,
SOF_OFERTA_INSCRIPCION,OFT_NOMBRES_CONTACTO,VARCHAR2,VARCHAR2(150 CHAR),150,,,N,22,,150,C,
SOF_OFERTA_INSCRIPCION,OFT_TELEFONO_CONTACTO,VARCHAR2,VARCHAR2(20 BYTE),20,,,N,23,,20,B,
SOF_OFERTA_INSCRIPCION,NIS_ID,NUMBER,NUMBER,22,,,Y,24,,0,,
SOF_OFERTA_INSCRIPCION_FICHA,SOIF_ID,NUMBER,"NUMBER(9,0)",22,9,0,N,1,,0,,
SOF_OFERTA_INSCRIPCION_FICHA,OFT_ID,NUMBER,"NUMBER(9,0)",22,9,0,N,2,,0,,
SOF_OFERTA_INSCRIPCION_FICHA,TDI_ABREVIATURA,VARCHAR2,VARCHAR2(2 CHAR),2,,,N,3,,2,C,
SOF_OFERTA_INSCRIPCION_FICHA,OFT_IDENTIFICACION,NUMBER,"NUMBER(12,0)",22,12,0,N,4,,0,,
SOF_OFERTA_INSCRIPCION_FICHA,SOIF_CODIGO_FICHA,NUMBER,"NUMBER(9,0)",22,9,0,N,5,,0,,
SOF_OFERTA_INSCRIPCION_FICHA,SOIF_TIPO_POBLACION,NUMBER,"NUMBER(9,0)",22,9,0,N,6,,0,,
SOF_OFERTA_INSCRIPCION_FICHA,SOIF_CLAVE_EMPRESA,NUMBER,"NUMBER(9,0)",22,9,0,N,7,,0,,
SOF_OFERTA_INSCRIPCION_FICHA,SOIF_FECHA,DATE,DATE,7,,,Y,8,,0,,
SOF_OFERTA_INSCRIPCION_FICHA,SOIF_NOMBRE_PROGRAMA,VARCHAR2,VARCHAR2(1024 CHAR),1024,,,Y,9,,1024,C,
SOF_OFERTA_INSCRIPCION_FICHA,SOIF_CODIGO_PROGRAMA,NUMBER,NUMBER,22,,,Y,10,,0,,
SOF_OFERTA_INSCRIPCION_FICHA,FUN_ID,NUMBER,"NUMBER(5,0)",22,5,0,Y,11,,0,,
SOF_OFERTA_INSCRIPCION_FICHA,CSPE_ID,NUMBER,NUMBER,22,,,Y,12,,0,,
SOF_OFERTA_INSCRIPCION_FICHA,AES_ID,NUMBER,NUMBER,22,,,Y,13,,0,,
SOF_TIPO_FORMACION,STF_ID,VARCHAR2,VARCHAR2(10 CHAR),10,,,N,1,,10,C,
SOF_TIPO_FORMACION,STF_NOMBRE,VARCHAR2,VARCHAR2(50 CHAR),50,,,N,2,,50,C,
SOF_TIPO_OFERTA,STO_ID,VARCHAR2,VARCHAR2(20 BYTE),20,,,N,1,,20,B,
SOF_TIPO_OFERTA,STO_NOMBRE,VARCHAR2,VARCHAR2(50 CHAR),50,,,N,2,,50,C,
SOF_TIPO_PROGRAMA,NFS_ID,NUMBER,"NUMBER(10,0)",22,10,0,N,1,,0,,
SOF_TIPO_PROGRAMA,NFS_NOMBRE,VARCHAR2,VARCHAR2(50 CHAR),50,,,N,2,,50,C,
SOLICITUDES_BUSQUEDA,SB_DEM_ID,NUMBER,NUMBER,22,,,Y,1,,0,,
SOLICITUDES_BUSQUEDA,SB_DEM_NUM_CANDIDATOS,NUMBER,NUMBER,22,,,Y,2,,0,,
SOLICITUDES_BUSQUEDA,SB_DEM_NUM_VACANTES,NUMBER,NUMBER,22,,,Y,3,,0,,
SOLICITUDES_BUSQUEDA,SB_IND_NOMBRE,VARCHAR2,VARCHAR2(200 BYTE),200,,,Y,4,,200,B,
SOLICITUDES_BUSQUEDA,SB_REG_NOMBRE,VARCHAR2,VARCHAR2(200 BYTE),200,,,Y,5,,200,B,
SOLICITUDES_BUSQUEDA,SB_CSPE_NOMBRE,VARCHAR2,VARCHAR2(200 BYTE),200,,,Y,6,,200,B,
SOLICITUDES_BUSQUEDA,SB_ESD_ID,NUMBER,NUMBER,22,,,Y,7,,0,,
SOLICITUDES_BUSQUEDA,SB_ESD_NOMBRE,VARCHAR2,VARCHAR2(100 BYTE),100,,,Y,8,,100,B,
SOLICITUDES_BUSQUEDA,SB_MPO_NOMBRE,VARCHAR2,VARCHAR2(100 BYTE),100,,,Y,9,,100,B,
SOLICITUDES_BUSQUEDA,SB_DPT_NOMBRE,VARCHAR2,VARCHAR2(100 BYTE),100,,,Y,10,,100,B,
SOLICITUDES_BUSQUEDA,SB_CDE_FCH_INSCRIPCION,DATE,DATE,7,,,Y,11,,0,,
SOLICITUDES_BUSQUEDA,SB_DEM_FCH_PUBLICACION,DATE,DATE,7,,,Y,12,,0,,
SOLICITUDES_BUSQUEDA,SB_DEM_FCH_LIMITE,DATE,DATE,7,,,Y,13,,0,,
SOLICITUDES_BUSQUEDA,SB_PRESELECCIONADOS,NUMBER,NUMBER,22,,,Y,14,,0,,
SOLICITUDES_BUSQUEDA,SB_SELECCIONADOS,NUMBER,NUMBER,22,,,Y,15,,0,,
SOLICITUDES_BUSQUEDA,SB_DEM_PUB_LOGO,NUMBER,NUMBER,22,,,Y,16,,0,,
SOLICITUDES_BUSQUEDA,SB_AREA_OCUPACIONAL,VARCHAR2,VARCHAR2(500 BYTE),500,,,Y,17,,500,B,
SOLICITUDES_BUSQUEDA,SB_AREA_DESEMPENO,VARCHAR2,VARCHAR2(500 BYTE),500,,,Y,18,,500,B,
SOLICITUDES_BUSQUEDA,SB_DEM_ES_TELETRABAJO,NUMBER,NUMBER,22,,,Y,19,,0,,
SOLICITUDES_BUSQUEDA,SB_DEM_MESES_EXP,NUMBER,NUMBER,22,,,Y,20,,0,,
SOLICITUDES_BUSQUEDA,SB_SUE_DESCRIPCION,VARCHAR2,VARCHAR2(100 BYTE),100,,,Y,21,,100,B,
SOLICITUDES_BUSQUEDA,SB_TCO_NOMBRE,VARCHAR2,VARCHAR2(100 BYTE),100,,,Y,22,,100,B,
SOLICITUDES_BUSQUEDA,SB_JTR_NOMBRE,VARCHAR2,VARCHAR2(100 BYTE),100,,,Y,23,,100,B,
SOLICITUDES_BUSQUEDA,SB_ESTADO_ECO_NAR,NUMBER,NUMBER,22,,,Y,24,,0,,
SOLICITUDES_BUSQUEDA,SB_FECHA_INSERTA,DATE,DATE,7,,,Y,25,,0,,
SOLICITUDES_BUSQUEDA,SB_SUE_ID,NUMBER,NUMBER,22,,,Y,26,,0,,
SOLICITUDES_BUSQUEDA,SB_DEM_ES_EMPLEO_JOVEN,NUMBER,NUMBER,22,,,Y,27,,0,,
SOLICITUDES_BUSQUEDA,SB_DEM_ES_HIDROCARBUROS,NUMBER,NUMBER,22,,,Y,28,,0,,
SOLICITUDES_BUSQUEDA_PORTAL,SBP_COINCIDENCIA_BUSQ,VARCHAR2,VARCHAR2(500 BYTE),500,,,Y,1,,500,B,
SOLICITUDES_BUSQUEDA_PORTAL,SBP_CATEGORIA_ID,NUMBER,NUMBER,22,,,Y,2,,0,,
SOLICITUDES_BUSQUEDA_PORTAL,SBP_CATEGORIA,VARCHAR2,VARCHAR2(50 BYTE),50,,,Y,3,,50,B,
SOLICITUDES_BUSQUEDA_PORTAL,SBP_VALOR_CATEGORIA,VARCHAR2,VARCHAR2(500 BYTE),500,,,Y,4,,500,B,
SOLICITUDES_BUSQUEDA_PORTAL,SBP_ENLACE,VARCHAR2,VARCHAR2(200 BYTE),200,,,Y,5,,200,B,
SOLICITUDES_BUSQUEDA_PORTAL,SBP_VACANTES,NUMBER,NUMBER,22,,,Y,6,,0,,
SOLICITUDES_BUSQUEDA_PORTAL,SBP_FECHA_INSERTA,DATE,DATE,7,,,Y,7,,0,,
SOLICITUDES_BUSQUEDA_PORTAL,SBP_CODIGO_CATEGORIA,NUMBER,NUMBER,22,,,Y,8,,0,,
SOLICITUDES_BUSQUEDA_PORTAL,SBP_ESTADO_ELIMINAR,NUMBER,NUMBER,22,,,Y,9,,0,,
SOLICITUD_GENERAL_EXP,ID,NUMBER,"NUMBER(*,0)",22,,0,Y,1,,0,,
SOLICITUD_GENERAL_EXP,Regional,VARCHAR2,VARCHAR2(322 BYTE),322,,,Y,2,,322,B,
SOLICITUD_GENERAL_EXP,Solicitud,NUMBER,"NUMBER(*,0)",22,,0,Y,3,,0,,
SOLICITUD_STAND_EMP,ID,NUMBER,NUMBER,22,,,Y,1,,0,,
SOLICITUD_STAND_EMP,Regional,VARCHAR2,VARCHAR2(216 BYTE),216,,,Y,2,,216,B,
SOLICITUD_STAND_EMP,Nombre de la empresa,VARCHAR2,VARCHAR2(232 BYTE),232,,,Y,3,,232,B,
SOLICITUD_STAND_EMP,NIT ,NUMBER,"NUMBER(*,0)",22,,0,Y,4,,0,,
SOLICITUD_STAND_EMP,solicitudEMP,NUMBER,"NUMBER(*,0)",22,,0,Y,5,,0,,
SOLICITUD_STAND_R,SOLICITUDAPE,NUMBER,"NUMBER(*,0)",22,,0,Y,1,,0,,
SOLICITUD_STAND_R,REGIONAL,VARCHAR2,VARCHAR2(100 BYTE),100,,,Y,2,,100,B,
SOLICITUD_STAND_R,No. De solicitud ,NUMBER,"NUMBER(*,0)",22,,0,Y,3,,0,,
SPE_CARGA_RUV,OFT_ID,NUMBER,"NUMBER(9,0)",22,9,0,N,1,,0,,
SPE_CARGA_RUV,TIPO_DOCUMENTO,NUMBER,"NUMBER(1,0)",22,1,0,N,2,,0,,
SPE_CARGA_RUV,NUMERO_DOCUMENTO,NUMBER,"NUMBER(20,0)",22,20,0,N,3,,0,,
SPE_CARGA_RUV,HECHO_VICTIMIZANTE,NUMBER,"NUMBER(3,0)",22,3,0,N,4,,0,,
SPE_CARGA_RUV,FECHA_VALORACION,DATE,DATE,7,,,N,5,,0,,
SPE_CARGA_RUV,FECHA_CARGA,DATE,DATE,7,,,N,6,,0,,
SPE_CARGA_RUV,CSPE_ID,NUMBER,"NUMBER(7,0)",22,7,0,Y,7,,0,,
SPE_RUV_TMP,TIPO_DOCUMENTO,NUMBER,"NUMBER(1,0)",22,1,0,N,1,,0,,
SPE_RUV_TMP,NUMERO_DOCUMENTO,NUMBER,"NUMBER(20,0)",22,20,0,N,2,,0,,
SPE_RUV_TMP,HECHO_VICTIMIZANTE,NUMBER,"NUMBER(3,0)",22,3,0,N,3,,0,,
SPE_RUV_TMP,FECHA_VALORACION,DATE,DATE,7,,,N,4,,0,,
SPE_RUV_TMP,FECHA_CARGA,DATE,DATE,7,,,N,5,,0,,
SUELDO,SUE_ID,NUMBER,"NUMBER(3,0)",22,3,0,N,1,,0,,
SUELDO,SUE_DESCRIPCION,VARCHAR2,VARCHAR2(100 BYTE),100,,,N,2,,100,B,
SUELDO,SUE_MINIMO,NUMBER,"NUMBER(10,0)",22,10,0,N,3,,0,,
SUELDO,SUE_MAXIMO,NUMBER,"NUMBER(10,0)",22,10,0,N,4,,0,,
SYS_ARCHIVO,SAR_ID,CHAR,CHAR(32 BYTE),32,,,N,1,,32,B,
SYS_ARCHIVO,SAR_NOMBRE,VARCHAR2,VARCHAR2(255 BYTE),255,,,N,2,,255,B,
SYS_ARCHIVO,SAR_HASH,CHAR,CHAR(32 BYTE),32,,,N,3,,32,B,
SYS_ARCHIVO,SAR_FAMILIA,CHAR,CHAR(16 BYTE),16,,,N,4,,16,B,
SYS_ARCHIVO,SAR_TIPO,CHAR,CHAR(16 BYTE),16,,,N,5,,16,B,
SYS_ARCHIVO,SAR_AUTOR,VARCHAR2,VARCHAR2(16 BYTE),16,,,N,6,,16,B,
SYS_ARCHIVO,SAR_FECHA,DATE,DATE,7,,,N,7,,0,,
SYS_ARCHIVO,SAR_MIME,VARCHAR2,VARCHAR2(255 BYTE),255,,,N,8,,255,B,
SYS_ARCHIVO,SAR_PATH,VARCHAR2,VARCHAR2(40 BYTE),40,,,N,9,,40,B,
SYS_ARCHIVO_DESCARGA,SAD_ID,CHAR,CHAR(32 BYTE),32,,,N,1,,32,B,
SYS_ARCHIVO_DESCARGA,SAR_ID,CHAR,CHAR(32 BYTE),32,,,N,2,,32,B,
SYS_ARCHIVO_DESCARGA,SAD_USUARIO,VARCHAR2,VARCHAR2(16 BYTE),16,,,N,3,,16,B,
SYS_ARCHIVO_DESCARGA,SAD_FECHA,DATE,DATE,7,,,N,4,,0,,
SYS_ARCHIVO_PERMISO,SAP_ID,CHAR,CHAR(32 BYTE),32,,,N,1,,32,B,
SYS_ARCHIVO_PERMISO,SAP_PRINCIPAL,VARCHAR2,VARCHAR2(255 BYTE),255,,,Y,2,,255,B,
SYS_ARCHIVO_PERMISO,SAP_FAMILIA,VARCHAR2,VARCHAR2(255 BYTE),255,,,Y,3,,255,B,
SYS_ARCHIVO_PERMISO,SAP_TIPO,VARCHAR2,VARCHAR2(255 BYTE),255,,,Y,4,,255,B,
SYS_ARCHIVO_PERMISO,SAP_AUTOR,VARCHAR2,VARCHAR2(255 BYTE),255,,,Y,5,,255,B,
SYS_ARCHIVO_PERMISO,SAP_PERMISOS,NUMBER,NUMBER,22,,,N,6,,0,,
TALLER,TAL_ID,NUMBER,NUMBER,22,,,N,1,,0,,
TALLER,TAL_NOMBRE,VARCHAR2,VARCHAR2(255 BYTE),255,,,N,2,,255,B,
TALLER,TAL_PERIODO,NUMBER,NUMBER,22,,,N,3,,0,,
TALLER,TAL_HORARIO,VARCHAR2,VARCHAR2(255 BYTE),255,,,N,4,,255,B,
TALLER,TAL_LUGAR,VARCHAR2,VARCHAR2(255 BYTE),255,,,N,5,,255,B,
TALLER,FUN_ID,NUMBER,"NUMBER(5,0)",22,5,0,N,6,,0,,
TALLER,TAL_ESTADO,NUMBER,NUMBER,22,,,N,7,,0,,
TAMANIO_REGIONAL,TAR_ID,NUMBER,NUMBER,22,,,N,1,,0,,Identificador de la tabla
TAMANIO_REGIONAL,TAR_DESC,VARCHAR2,VARCHAR2(50 BYTE),50,,,Y,2,,50,B,Descripción tamaño de la regional
TAMANIO_REGIONAL,DPT_ID,NUMBER,"NUMBER(7,0)",22,7,0,Y,3,,0,,Identificador del departamento
TEAM_AWS,REGIONAL,VARCHAR2,VARCHAR2(427 BYTE),427,,,Y,1,,427,B,
TEAM_AWS,CENTRO DE FORMACIÓN ,VARCHAR2,VARCHAR2(472 BYTE),472,,,Y,2,,472,B,
TEAM_AWS,NIVEL,VARCHAR2,VARCHAR2(427 BYTE),427,,,Y,3,,427,B,
TEAM_AWS,PRG_FORMACIÓN,VARCHAR2,VARCHAR2(488 BYTE),488,,,Y,4,,488,B,
TEAM_AWS,TIPO_DOC,VARCHAR2,VARCHAR2(42 BYTE),42,,,Y,5,,42,B,
TEAM_AWS,NUM_DOC,NUMBER,"NUMBER(*,0)",22,,0,Y,6,,0,,
TEAM_AWS,NOMBRE,VARCHAR2,VARCHAR2(420 BYTE),420,,,Y,7,,420,B,
TEAM_AWS,PRIMER APELLIDO,VARCHAR2,VARCHAR2(412 BYTE),412,,,Y,8,,412,B,
TEAM_AWS,SEGUNDO APELLIDO,VARCHAR2,VARCHAR2(414 BYTE),414,,,Y,9,,414,B,
TEAM_AWS,CORREO_MISENA,VARCHAR2,VARCHAR2(429 BYTE),429,,,Y,10,,429,B,
TEAM_AWS,Numero de contacto,VARCHAR2,VARCHAR2(411 BYTE),411,,,Y,11,,411,B,
TEAM_AWS,GENERO,VARCHAR2,VARCHAR2(41 BYTE),41,,,Y,12,,41,B,
TEAM_AWS, Type,VARCHAR2,VARCHAR2(47 BYTE),47,,,Y,13,,47,B,
TEAM_AWS,RUTA FORMATIVA,VARCHAR2,VARCHAR2(442 BYTE),442,,,Y,14,,442,B,
TEAM_AWS,Fecha de Certificación,VARCHAR2,VARCHAR2(410 BYTE),410,,,Y,15,,410,B,
TEMA_CAPACITACION,TCA_ID,NUMBER,"NUMBER(10,0)",22,10,0,N,1,,0,,
TEMA_CAPACITACION,TCA_NOMBRE,VARCHAR2,VARCHAR2(80 BYTE),80,,,N,2,,80,B,
TEMA_CAPACITACION,TCA_DESCRIPCION,VARCHAR2,VARCHAR2(300 BYTE),300,,,N,3,,300,B,
TEMA_CAPACITACION,ENF_ID,NUMBER,"NUMBER(7,0)",22,7,0,Y,4,,0,,
TEMA_CAPACITACION,EMP_ID,NUMBER,"NUMBER(8,0)",22,8,0,Y,5,,0,,
TEMA_CAPACITACION,TCA_COMPETENCIA,VARCHAR2,VARCHAR2(150 BYTE),150,,,Y,6,,150,B,
TEMA_CAPACITACION,TCA_MODALIDAD,NUMBER,"NUMBER(1,0)",22,1,0,Y,7,,0,,
TEMA_CAPACITACION,TCA_NUM_CUPOS,NUMBER,"NUMBER(3,0)",22,3,0,N,8,,0,,
TEMA_CAPACITACION,TCA_FCH_REGISTRO,DATE,DATE,7,,,N,9,,0,,
TEMA_CAPACITACION,FUN_ID,NUMBER,"NUMBER(5,0)",22,5,0,N,10,,0,,
TEMA_CAPACITACION,CSPE_ID,NUMBER,"NUMBER(7,0)",22,7,0,N,11,,0,,
TEMA_CAPACITACION,TCA_NSOLICITUD_SOFIA,NUMBER,"NUMBER(10,0)",22,10,0,Y,12,,0,,
TEMA_CAPACITACION,TCA_FCH_NSOLICITUD,DATE,DATE,7,,,Y,13,,0,,
TEMA_CAPACITACION_OFERENTE,TCOF_ID,NUMBER,"NUMBER(10,0)",22,10,0,N,1,,0,,
TEMA_CAPACITACION_OFERENTE,TCA_ID,NUMBER,"NUMBER(10,0)",22,10,0,N,2,,0,,
TEMA_CAPACITACION_OFERENTE,OFT_ID,NUMBER,"NUMBER(9,0)",22,9,0,N,3,,0,,
TEMA_CAPACITACION_OFERENTE,TCO_FCH_REGISTRO,DATE,DATE,7,,,N,4,,0,,
TEMA_CAPACITACION_OFERENTE,FUN_ID,NUMBER,"NUMBER(5,0)",22,5,0,N,5,,0,,
TEMA_CAPACITACION_OFERENTE,CSPE_ID,NUMBER,"NUMBER(7,0)",22,7,0,N,6,,0,,
TEM_OFT_PREFERENCIA_OCUP,OPO_ID,NUMBER,"NUMBER(15,0)",22,15,0,N,1,,0,,
TEM_OFT_PREFERENCIA_OCUP,OFT_ID,NUMBER,"NUMBER(9,0)",22,9,0,N,2,,0,,
TEM_OFT_PREFERENCIA_OCUP,OPO_PRIORIDAD,NUMBER,"NUMBER(1,0)",22,1,0,N,3,,0,,
TEM_OFT_PREFERENCIA_OCUP,FUN_ID,NUMBER,"NUMBER(5,0)",22,5,0,Y,4,,0,,
TEM_OFT_PREFERENCIA_OCUP,CSPE_ID,NUMBER,"NUMBER(7,0)",22,7,0,Y,5,,0,,
TEM_OFT_PREFERENCIA_OCUP,OPO_FCH_REGISTRO,DATE,DATE,7,,,N,6,,0,,
TEM_OFT_PREFERENCIA_OCUP,IND_ID,NUMBER,"NUMBER(4,0)",22,4,0,N,7,,0,,
TIPO_CARACTERIZACION,TCT_ID,NUMBER,"NUMBER(2,0)",22,2,0,N,1,,0,,
TIPO_CARACTERIZACION,TCT_DESCRIPCION,VARCHAR2,VARCHAR2(100 BYTE),100,,,N,2,,100,B,
TIPO_CARACTERIZACION,TCT_HAB_CRUCE,NUMBER,"NUMBER(1,0)",22,1,0,N,3,,0,,
TIPO_CONTRATO,TCO_ID,NUMBER,"NUMBER(1,0)",22,1,0,N,1,,0,,
TIPO_CONTRATO,TCO_NOMBRE,VARCHAR2,VARCHAR2(40 BYTE),40,,,N,2,,40,B,
TIPO_CONTRATO,TCO_DESCRIPCION,VARCHAR2,VARCHAR2(100 BYTE),100,,,N,3,,100,B,
TIPO_CORREO,TIC_ID,NUMBER,"NUMBER(2,0)",22,2,0,N,1,,0,,
TIPO_CORREO,TIC_DESCRIPCION,VARCHAR2,VARCHAR2(200 BYTE),200,,,N,2,,200,B,
TIPO_CSPE,TICSPE_ID,NUMBER,"NUMBER(1,0)",22,1,0,N,1,,0,,
TIPO_CSPE,TICSPE_NOMBRE,VARCHAR2,VARCHAR2(100 BYTE),100,,,N,2,,100,B,
TIPO_DOC_IDENT,TDI_ID,NUMBER,"NUMBER(1,0)",22,1,0,N,1,,0,,
TIPO_DOC_IDENT,TDI_ABREVIATURA,VARCHAR2,VARCHAR2(4 BYTE),4,,,N,2,,4,B,
TIPO_DOC_IDENT,TDI_NOMBRE,VARCHAR2,VARCHAR2(50 BYTE),50,,,N,3,,50,B,
TIPO_DOC_IDENT,TDI_VAL_OFERTA,NUMBER,"NUMBER(1,0)",22,1,0,N,4,,0,,
TIPO_DOC_IDENT,TDI_VAL_EMPRESA,NUMBER,"NUMBER(1,0)",22,1,0,N,5,,0,,
TIPO_DOC_IDENT,TDI_OFT_INTERNET,NUMBER,"NUMBER(1,0)",22,1,0,N,6,,0,,
TIPO_DOC_IDENT,TDI_EMP_INTERNET,NUMBER,"NUMBER(1,0)",22,1,0,N,7,,0,,
TIPO_EMPRESA,TEM_ID,NUMBER,"NUMBER(2,0)",22,2,0,N,1,,0,,
TIPO_EMPRESA,TEM_NOMBRE,VARCHAR2,VARCHAR2(40 BYTE),40,,,N,2,,40,B,
TIPO_EMPRESA,TEM_DESCRIPCION,VARCHAR2,VARCHAR2(150 BYTE),150,,,N,3,,150,B,
TIPO_ESTUDIO,TIE_ID,NUMBER,"NUMBER(2,0)",22,2,0,N,1,,0,,
TIPO_ESTUDIO,TIE_NOMBRE,VARCHAR2,VARCHAR2(40 BYTE),40,,,N,2,,40,B,
TIPO_EVENTO,TEV_ID,NUMBER,"NUMBER(2,0)",22,2,0,N,1,,0,,
TIPO_EVENTO,TEV_DESCRIPCION,VARCHAR2,VARCHAR2(100 BYTE),100,,,N,2,,100,B,
TIPO_EVENTO,TEV_TIPO,VARCHAR2,VARCHAR2(1 BYTE),1,,,N,3,,1,B,
TIPO_EVENTO_APE,TEA_ID,NUMBER,NUMBER,22,,,N,1,,0,,"Secuencia de la tabla, hay que registrarla, no está automático"
TIPO_EVENTO_APE,TEA_NOMBRE,VARCHAR2,VARCHAR2(50 BYTE),50,,,Y,2,,50,B,Nombre del tipo de evento
TIPO_EVENTO_APE,FECHA_INICIO,DATE,DATE,7,,,Y,3,,0,,Fecha de inicio en la que se crea el tipo de evento
TIPO_EVENTO_APE,FECHA_FIN,DATE,DATE,7,,,Y,4,,0,,Fecha en la que se desactiva el tipo de evento. Si existe fecha ya no se muestra en la aplicación.
TIPO_ORIENTACION,TORI_ID,NUMBER,"NUMBER(2,0)",22,2,0,N,1,,0,,
TIPO_ORIENTACION,TORI_NOMBRE,VARCHAR2,VARCHAR2(70 BYTE),70,,,N,2,,70,B,
TIPO_ORIENTACION,TORI_SELECCIONABLE,NUMBER,"NUMBER(1,0)",22,1,0,N,3,0 ,0,,
TIPO_ORIENTACION,TORI_ORI_OFT,NUMBER,"NUMBER(1,0)",22,1,0,N,4,0 ,0,,
TIPO_ORIENTACION,TORI_ORI_EMP,NUMBER,"NUMBER(1,0)",22,1,0,N,5,0 ,0,,
TIPO_ORIENTACION_DET,TORID_ID,NUMBER,"NUMBER(10,0)",22,10,0,N,1,,0,,
TIPO_ORIENTACION_DET,TORI_ID,NUMBER,"NUMBER(10,0)",22,10,0,N,2,,0,,
TIPO_ORIENTACION_DET,TORID_NOMBRE,VARCHAR2,VARCHAR2(255 BYTE),255,,,Y,3,,255,B,
TIPO_ORIENTACION_DET,TORID_TABLA,VARCHAR2,VARCHAR2(100 BYTE),100,,,Y,4,,100,B,
TIPO_ORIENTACION_DET,TORID_TABLA_PK,VARCHAR2,VARCHAR2(50 BYTE),50,,,Y,5,,50,B,
TIPO_ORIENTACION_DET,TORID_TABLA_COLS,VARCHAR2,VARCHAR2(255 BYTE),255,,,Y,6,,255,B,
TIPO_ORIENTACION_EMIENTO,TOE_ID,NUMBER,"NUMBER(6,0)",22,6,0,N,1,,0,,
TIPO_ORIENTACION_EMIENTO,TOE_REG_NOMBRE,VARCHAR2,VARCHAR2(100 BYTE),100,,,N,2,,100,B,
TIPO_ORIENTACION_EMIENTO,TOE_LIDER,VARCHAR2,VARCHAR2(150 BYTE),150,,,N,3,,150,B,
TIPO_ORIENTACION_EMIENTO,TOE_DIRECCION,VARCHAR2,VARCHAR2(512 BYTE),512,,,N,4,,512,B,
TIPO_PES,TIPES_ID,NUMBER,"NUMBER(2,0)",22,2,0,N,1,,0,,
TIPO_PES,TIPES_NOMBRE,VARCHAR2,VARCHAR2(100 BYTE),100,,,N,2,,100,B,
TIPO_PES,TIPES_HAB_HIS,NUMBER,"NUMBER(1,0)",22,1,0,N,3,,0,,
TIPO_POBLACION_SOFIA_RUV,TPB_ID,VARCHAR2,VARCHAR2(3 BYTE),3,,,Y,1,,3,B,
TIPO_POBLACION_SOFIA_RUV,TIPO_POBLACION_SOFIA,VARCHAR2,VARCHAR2(90 BYTE),90,,,Y,2,,90,B,
TIPO_SUELDO,TSU_ID,NUMBER,"NUMBER(1,0)",22,1,0,N,1,,0,,
TIPO_SUELDO,TSU_NOMBRE,VARCHAR2,VARCHAR2(40 BYTE),40,,,N,2,,40,B,
TIPO_SUELDO,TSU_DESCRIPCION,VARCHAR2,VARCHAR2(100 BYTE),100,,,N,3,,100,B,
TITULO,TIT_ID,NUMBER,"NUMBER(5,0)",22,5,0,N,1,,0,,
TITULO,TIT_NOMBRE,VARCHAR2,VARCHAR2(1024 CHAR),1024,,,N,2,,1024,C,
TITULO,NIA_ORDEN,NUMBER,"NUMBER(2,0)",22,2,0,N,3,,0,,
TITULO,ARC_ID,VARCHAR2,VARCHAR2(1 BYTE),1,,,Y,4,,1,B,
TITULO,TIT_ORIGEN,NUMBER,"NUMBER(1,0)",22,1,0,N,5,0 ,0,,
TITULO,TIT_SNIES,VARCHAR2,VARCHAR2(20 BYTE),20,,,Y,6,,20,B,
TITULO_AGRUPACION,TIA_ID,NUMBER,"NUMBER(10,0)",22,10,0,N,1,,0,,Id Secuencia de la tabla
TITULO_AGRUPACION,TIT_ID,NUMBER,"NUMBER(5,0)",22,5,0,N,2,,0,,Id que relaciona la tabla TITULO
TITULO_AGRUPACION,TIG_ID,NUMBER,"NUMBER(6,0)",22,6,0,N,3,,0,,Id que relaciona la tabla TITULO_GRUPO
TITULO_GRUPO,TIG_ID,NUMBER,"NUMBER(6,0)",22,6,0,N,1,,0,,Id Secuencia de la tabla
TITULO_GRUPO,TIG_DESCRIPCION,VARCHAR2,VARCHAR2(250 BYTE),250,,,N,2,,250,B,Nombre del grupo de titulaciones
TITULO_GRUPO,NIA_ID,NUMBER,"NUMBER(2,0)",22,2,0,N,3,,0,,Id del nivel académico de la demanda
TITULO_RELACIONADO,TIR_ID,NUMBER,"NUMBER(5,0)",22,5,0,Y,1,,0,,
TITULO_RELACIONADO,TIT_ID,NUMBER,"NUMBER(5,0)",22,5,0,Y,2,,0,,
TITULO_RELACIONADO,NIA_ORDEN,NUMBER,"NUMBER(2,0)",22,2,0,Y,3,,0,,
TITULO_RELACIONADO,ARC_ID,NUMBER,"NUMBER(1,0)",22,1,0,Y,4,,0,,
TITULO_RELACIONADO_BACK,TRB_ID,NUMBER,"NUMBER(5,0)",22,5,0,N,1,,0,,
TITULO_RELACIONADO_BACK,TTB_ID,NUMBER,"NUMBER(5,0)",22,5,0,N,2,,0,,
TMP_CONTRALORIA_RUV,TIPODOCUMENTO,VARCHAR2,VARCHAR2(50 BYTE),50,,,Y,1,,50,B,
TMP_CONTRALORIA_RUV,DOCUMENTO,NUMBER,NUMBER,22,,,Y,2,,0,,
TMP_CONTRALORIA_RUV,PERTENENCIAETNICA,VARCHAR2,VARCHAR2(1024 BYTE),1024,,,Y,3,,1024,B,
TMP_DANE_APE_2026,TIPO_IDENTIFICACION,VARCHAR2,VARCHAR2(50 BYTE),50,,,Y,1,,50,B,
TMP_DANE_APE_2026,NUMERO_IDENTIFICACION,NUMBER,NUMBER,22,,,Y,2,,0,,
TMP_DANE_APE_2026,FECHA,VARCHAR2,VARCHAR2(50 BYTE),50,,,Y,3,,50,B,
TMP_SEQ_LIST,TABLE_NAME,VARCHAR2,VARCHAR2(28 BYTE),28,,,Y,1,,28,B,
TMP_SEQ_LIST,COLUMN_NAME,VARCHAR2,VARCHAR2(10 BYTE),10,,,Y,2,,10,B,
TMP_SEQ_LIST,SEQUENCE_NAME,VARCHAR2,VARCHAR2(14 BYTE),14,,,Y,3,,14,B,
TMP_SEQ_LIST,OWNER,VARCHAR2,VARCHAR2(3 BYTE),3,,,Y,4,,3,B,
TMP_VALIDACION_SEL_FINAL,TVS_ID,NUMBER,"NUMBER(18,0)",22,18,0,N,1,,0,,
TMP_VALIDACION_SEL_FINAL,TVS_LOTE_ID,NUMBER,"NUMBER(18,0)",22,18,0,N,2,,0,,
TMP_VALIDACION_SEL_FINAL,ENV_ID,NUMBER,"NUMBER(18,0)",22,18,0,N,3,,0,,
TMP_VALIDACION_SEL_FINAL,OFT_ID,NUMBER,"NUMBER(18,0)",22,18,0,N,4,,0,,
TMP_VALIDACION_SEL_FINAL,DEM_ID,NUMBER,"NUMBER(18,0)",22,18,0,N,5,,0,,
TMP_VALIDACION_SEL_FINAL,FUN_ID,NUMBER,"NUMBER(18,0)",22,18,0,Y,6,,0,,
TMP_VALIDACION_SEL_FINAL,TVS_FCH_REGISTRO,DATE,DATE,7,,,N,7,,0,,
TMP_VALIDACION_SEL_FINAL,TVS_ES_OVERRIDE,NUMBER,"NUMBER(1,0)",22,1,0,N,8,0 ,0,,
URL_ROL,URL_INI,VARCHAR2,VARCHAR2(200 BYTE),200,,,N,1,,200,B,
URL_ROL,URL_FIN,VARCHAR2,VARCHAR2(200 BYTE),200,,,N,2,,200,B,
URL_ROL,ROL_ID,NUMBER,"NUMBER(2,0)",22,2,0,N,3,,0,,
URL_ROL_BAC,URL_INI,VARCHAR2,VARCHAR2(200 BYTE),200,,,N,1,,200,B,
URL_ROL_BAC,URL_FIN,VARCHAR2,VARCHAR2(200 BYTE),200,,,N,2,,200,B,
URL_ROL_BAC,ROL_ID,NUMBER,"NUMBER(2,0)",22,2,0,N,3,,0,,
USU_CARACTERIZACION,TCT_ID,NUMBER,"NUMBER(2,0)",22,2,0,N,1,,0,,
USU_CARACTERIZACION,USU_ID,VARCHAR2,VARCHAR2(255 BYTE),255,,,N,2,,255,B,
USU_CARACTERIZACION,OCT_FECHA,TIMESTAMP(6),TIMESTAMP(6),11,,6,Y,3,CURRENT_TIMESTAMP,0,,
VACANTE,VTE_ID,NUMBER,"NUMBER(12,0)",22,12,0,N,1,,0,,
VACANTE,DEM_ID,NUMBER,"NUMBER(10,0)",22,10,0,N,2,,0,,
VACANTE,VTE_NUM,NUMBER,"NUMBER(3,0)",22,3,0,N,3,,0,,
VACANTE,VTE_FCH_REGISTRO,DATE,DATE,7,,,N,4,,0,,
VACANTE,VTE_TIPO,NUMBER,"NUMBER(1,0)",22,1,0,N,5,,0,,
VARIABLE_CRUCE,VAC_CODIGO,VARCHAR2,VARCHAR2(3 BYTE),3,,,N,1,,3,B,
VARIABLE_CRUCE,VAC_VARIABLE,VARCHAR2,VARCHAR2(20 BYTE),20,,,N,2,,20,B,
VARIABLE_CRUCE,VAC_HAB_DEM,VARCHAR2,VARCHAR2(8 BYTE),8,,,N,3,,8,B,
VARIABLE_CRUCE,VAC_HAB_CUR,VARCHAR2,VARCHAR2(8 BYTE),8,,,N,4,,8,B,
VARIABLE_CRUCE,VAC_DESCRIPCION,VARCHAR2,VARCHAR2(200 BYTE),200,,,N,5,,200,B,
VARIABLE_CRUCE,VAC_ORDEN,NUMBER,"NUMBER(2,0)",22,2,0,Y,6,,0,,
VARIABLE_CRUCE,VAC_HAB_FUN,VARCHAR2,VARCHAR2(8 BYTE),8,,,N,7,'ENABLED' ,8,B,
VARIABLE_CRUCE,VAC_SELECCION,VARCHAR2,VARCHAR2(8 BYTE),8,,,N,8,'DISABLED' ,8,B,
VARIABLE_CRUCE,VAC_PORCENTAJE,NUMBER,"NUMBER(5,2)",22,5,2,N,9,0 ,0,,
VEHICULO,VEH_ID,NUMBER,"NUMBER(2,0)",22,2,0,N,1,,0,,
VEHICULO,VEH_NOMBRE,VARCHAR2,VARCHAR2(40 BYTE),40,,,N,2,,40,B,
VEHICULO,VEH_DESCRIPCION,VARCHAR2,VARCHAR2(200 BYTE),200,,,N,3,,200,B,
VERIFICAR_EMPRESA_ORI,VEO_ID,NUMBER,NUMBER,22,,,N,1,,0,,
VERIFICAR_EMPRESA_ORI,VEO_EMP,NUMBER,NUMBER,22,,,N,2,,0,,
VERIFICAR_EMPRESA_ORI,VEO_FUN_ID,NUMBER,NUMBER,22,,,N,3,,0,,
VERIFICAR_EMPRESA_ORI,VEO_OBSERVACION,VARCHAR2,VARCHAR2(400 BYTE),400,,,Y,4,,400,B,
VERIFICAR_EMPRESA_ORI,ASD_FECHA_REGISTRO,DATE,DATE,7,,,N,5,,0,,
WL_SERVLET_SESSIONS,WL_ID,VARCHAR2,VARCHAR2(100 BYTE),100,,,N,1,,100,B,
WL_SERVLET_SESSIONS,WL_CONTEXT_PATH,VARCHAR2,VARCHAR2(100 BYTE),100,,,N,2,,100,B,
WL_SERVLET_SESSIONS,WL_IS_NEW,CHAR,CHAR(1 BYTE),1,,,Y,3,,1,B,
WL_SERVLET_SESSIONS,WL_CREATE_TIME,NUMBER,"NUMBER(20,0)",22,20,0,Y,4,,0,,
WL_SERVLET_SESSIONS,WL_IS_VALID,CHAR,CHAR(1 BYTE),1,,,Y,5,,1,B,
WL_SERVLET_SESSIONS,WL_SESSION_VALUES,LONG RAW,LONG RAW,0,,,Y,6,,0,,
WL_SERVLET_SESSIONS,WL_ACCESS_TIME,NUMBER,"NUMBER(20,0)",22,20,0,Y,7,,0,,
WL_SERVLET_SESSIONS,WL_MAX_INACTIVE_INTERVAL,NUMBER,"NUMBER(*,0)",22,,0,Y,8,,0,,
WS_LOG,IDMENSAJE,NUMBER,NUMBER,22,,,N,1,,0,,
WS_LOG,TIPO_MENSAJE,VARCHAR2,VARCHAR2(50 BYTE),50,,,N,2,,50,B,
WS_LOG,ERROR_MSG,VARCHAR2,VARCHAR2(500 BYTE),500,,,N,3,,500,B,
WS_LOG,ERR_NUM,NUMBER,NUMBER,22,,,Y,4,,0,,
WS_OFERTA,IDMENSAJE,NUMBER,NUMBER,22,,,N,1,,0,,
WS_OFERTA,TIPO_DOCUMENTO,VARCHAR2,VARCHAR2(2 BYTE),2,,,N,2,,2,B,
WS_OFERTA,NUMERO_DOCUMENTO,VARCHAR2,VARCHAR2(20 BYTE),20,,,Y,3,,20,B,
WS_OFERTA,NOMBRES,VARCHAR2,VARCHAR2(70 BYTE),70,,,Y,4,,70,B,
WS_OFERTA,PRIMER_APELLIDO,VARCHAR2,VARCHAR2(50 BYTE),50,,,Y,5,,50,B,
WS_OFERTA,SEGUNDO_APELLIDO,VARCHAR2,VARCHAR2(50 BYTE),50,,,Y,6,,50,B,
WS_OFERTA,GENERO,NUMBER,"NUMBER(1,0)",22,1,0,Y,7,,0,,
WS_OFERTA,FECHA_NACIMIENTO,DATE,DATE,7,,,Y,8,,0,,
WS_OFERTA,ESTADO_CIVIL,VARCHAR2,VARCHAR2(1 BYTE),1,,,Y,9,,1,B,
WS_OFERTA,LIBRETA_MILITAR,NUMBER,"NUMBER(1,0)",22,1,0,Y,10,,0,,
WS_OFERTA,ESTRATO,NUMBER,"NUMBER(1,0)",22,1,0,Y,11,,0,,
WS_OFERTA,PAIS,NUMBER,"NUMBER(11,0)",22,11,0,Y,12,,0,,
WS_OFERTA,DEPARTAMENTO,NUMBER,"NUMBER(11,0)",22,11,0,Y,13,,0,,
WS_OFERTA,MUNICIPIO,NUMBER,"NUMBER(11,0)",22,11,0,Y,14,,0,,
WS_OFERTA,DIRECCION,VARCHAR2,VARCHAR2(200 BYTE),200,,,Y,15,,200,B,
WS_OFERTA,TELEFONO,VARCHAR2,VARCHAR2(20 BYTE),20,,,Y,16,,20,B,
WS_OFERTA,CELULAR,VARCHAR2,VARCHAR2(20 BYTE),20,,,Y,17,,20,B,
WS_OFERTA,CORREO_ELECTRONICO,VARCHAR2,VARCHAR2(50 BYTE),50,,,Y,18,,50,B,
WS_OFERTA,POSICION_FAMILIAR,NUMBER,"NUMBER(1,0)",22,1,0,Y,19,4,0,,
WS_OFERTA,NIVEL_SISBEN,NUMBER,"NUMBER(1,0)",22,1,0,Y,20,,0,,
WS_OFERTA,PUNTAJE_SISBEN,NUMBER,"NUMBER(3,0)",22,3,0,Y,21,,0,,
WS_OFERTA,FECHA_EXPIRACION,DATE,DATE,7,,,Y,22,,0,,
WS_OFERTA,MUNICIPIO_SISBEN,NUMBER,"NUMBER(11,0)",22,11,0,Y,23,,0,,
WS_OFERTA,REGIONAL,NUMBER,"NUMBER(11,0)",22,11,0,Y,24,,0,,
WS_OFERTA,PROCESADO,NUMBER,"NUMBER(2,0)",22,2,0,N,25,0 ,0,,
WS_OFERTA,FECHA_REGISTRO,DATE,DATE,7,,,N,26,SYSDATE ,0,,
WS_OFERTA,FECHA_MODIFICACION,DATE,DATE,7,,,Y,27,,0,,
WS_OFERTA_ESTUDIOS,IDMENSAJE,NUMBER,NUMBER,22,,,N,1,,0,,
WS_OFERTA_ESTUDIOS,TIPO_DOCUMENTO,VARCHAR2,VARCHAR2(2 BYTE),2,,,Y,2,,2,B,
WS_OFERTA_ESTUDIOS,NUMERO_DOCUMENTO,VARCHAR2,VARCHAR2(20 BYTE),20,,,Y,3,,20,B,
WS_OFERTA_ESTUDIOS,CODIGO_PROGRAMA,NUMBER,"NUMBER(11,0)",22,11,0,Y,4,,0,,
WS_OFERTA_ESTUDIOS,TIPO_FORMACION,NUMBER,"NUMBER(1,0)",22,1,0,Y,5,,0,,
WS_OFERTA_ESTUDIOS,CODIGO_CENTRO_FORMACION,NUMBER,NUMBER,22,,,Y,6,,0,,
WS_OFERTA_ESTUDIOS,FECHA_EXPEDICION,DATE,DATE,7,,,Y,7,,0,,
WS_OFERTA_ESTUDIOS,OCUPACIONES,VARCHAR2,VARCHAR2(100 BYTE),100,,,Y,8,,100,B,
WS_OFERTA_ESTUDIOS,PROCESADO,NUMBER,"NUMBER(2,0)",22,2,0,N,9,0 ,0,,
WS_OFERTA_ESTUDIOS,FECHA_REGISTRO,DATE,DATE,7,,,N,10,SYSDATE ,0,,
WS_OFERTA_ESTUDIOS,FECHA_MODIFICACION,DATE,DATE,7,,,Y,11,,0,,
WS_PROGRAMAS_FORMACION,IDMENSAJE,NUMBER,NUMBER,22,,,N,1,,0,,
WS_PROGRAMAS_FORMACION,CODIGO_PROGRAMA,NUMBER,NUMBER,22,,,Y,2,,0,,
WS_PROGRAMAS_FORMACION,TIPO_FORMACION,NUMBER,"NUMBER(1,0)",22,1,0,Y,3,,0,,
WS_PROGRAMAS_FORMACION,TITULACION,VARCHAR2,VARCHAR2(200 BYTE),200,,,Y,4,,200,B,
WS_PROGRAMAS_FORMACION,METODOLOGIA,NUMBER,NUMBER,22,,,Y,5,,0,,
WS_PROGRAMAS_FORMACION,NIVEL_ACADEMICO,NUMBER,NUMBER,22,,,Y,6,,0,,
WS_PROGRAMAS_FORMACION,DURACION,NUMBER,NUMBER,22,,,Y,7,,0,,
WS_PROGRAMAS_FORMACION,PROCESADO,NUMBER,"NUMBER(2,0)",22,2,0,N,8,0 ,0,,
WS_PROGRAMAS_FORMACION,FECHA_REGISTRO,DATE,DATE,7,,,N,9,SYSDATE ,0,,
WS_PROGRAMAS_FORMACION,FECHA_MODIFICACION,DATE,DATE,7,,,Y,10,,0,,
WS_PROGRAMAS_FORMACION,TITULO_ID_SPE,NUMBER,"NUMBER(7,0)",22,7,0,Y,11,,0,,
ZONA,ZON_ID,NUMBER,"NUMBER(12,0)",22,12,0,N,1,,0,,
ZONA,ZON_NOMBRE,VARCHAR2,VARCHAR2(50 BYTE),50,,,N,2,,50,B,
ZONA,MPO_ID,NUMBER,"NUMBER(9,0)",22,9,0,N,3,,0,,
