TABLA,COLUMNA,TIPO_DATO,TIPO_COMPLETO,LONGITUD,PRECISION,ESCALA,PERMITE_NULOS,POSICION,VALOR_DEFAULT
AAAACNO_CNO_ACT,CNO_ID,VARCHAR2,VARCHAR2(6),6,,,Y,1,
AAAACNO_CNO_ACT,OCU_ID,VARCHAR2,VARCHAR2(4),4,,,Y,2,
AAAACNO_DENOMINACIONES_ACT,ID,NUMBER,NUMBER(9),22,9,,Y,1,
AAAACNO_DENOMINACIONES_ACT,NOMBRE,VARCHAR2,VARCHAR2(200),200,,,Y,2,
AAAACNO_DENOMINACIONES_ACT,ESTADO,NUMBER,NUMBER(1),22,1,,Y,3,
AAAACNO_DENOMINACIONES_ACT,CNO,VARCHAR2,VARCHAR2(6),6,,,Y,4,
AAAACNO_FUNCIONES_ACT,ID,NUMBER,NUMBER(5),22,5,,Y,1,
AAAACNO_FUNCIONES_ACT,DESCRIPCION,VARCHAR2,VARCHAR2(700),700,,,Y,2,
AAAACNO_FUNCIONES_ACT,OCU_ID,VARCHAR2,VARCHAR2(4),4,,,Y,3,
AAAACNO_OCUPACIONES_ACT,ID,VARCHAR2,VARCHAR2(4),4,,,Y,1,
AAAACNO_OCUPACIONES_ACT,NOMBRE,VARCHAR2,VARCHAR2(200),200,,,Y,2,
AAAACNO_OCUPACIONES_ACT,DESCRIPCION,VARCHAR2,VARCHAR2(1200),1200,,,Y,3,
AAAACNO_OCUPACIONES_ACT,CAO_ID,VARCHAR2,VARCHAR2(3),3,,,Y,4,
AAA_CRUCE,FICHA,NUMBER,NUMBER,22,,,Y,1,
AAA_CRUCE,Denominaci¿n Programa,VARCHAR2,VARCHAR2(1024),1024,,,Y,2,
AAA_CRUCE,NIS,NUMBER,NUMBER,22,,,Y,3,
AAA_CRUCE,N¿mero Registro,NUMBER,NUMBER,22,,,Y,4,
AAA_CRUCE,T_DOC,VARCHAR2,VARCHAR2(1024),1024,,,Y,5,
AAA_CRUCE,DOCUMENTO,NUMBER,NUMBER,22,,,Y,6,
AAA_CRUCE,Nombre Aprendiz,VARCHAR2,VARCHAR2(1024),1024,,,Y,7,
AAA_CRUCE,"Lugar de
 Residencia",VARCHAR2,VARCHAR2(1024),1024,,,Y,8,
AAA_CRUCE,Correo Electr¿nico,VARCHAR2,VARCHAR2(1024),1024,,,Y,9,
AAA_CRUCE,Tel. Principal,VARCHAR2,VARCHAR2(1024),1024,,,Y,10,
AAA_CRUCE,Tel. Alterno,VARCHAR2,VARCHAR2(1024),1024,,,Y,11,
AAA_CRUCE,Tel. Celular,VARCHAR2,VARCHAR2(1024),1024,,,Y,12,
AAA_CRUCE_1,NUMERO_DOCUMENTO_ID,NUMBER,NUMBER(38),22,38,,Y,1,
AAA_CRUCE_2,IDENTIFICACION,NUMBER,NUMBER,22,,,Y,1,
AAA_CRUCE_3,IDENTIFICACION,NUMBER,NUMBER,22,,,Y,1,
AAA_CRUCE_3,TIPO_IDENTIFICACION_APRENDIZ,VARCHAR2,VARCHAR2(1024),1024,,,Y,2,
AAA_CRUCE_4,DEM_ID,NUMBER,NUMBER,22,,,Y,1,
AAA_CRUCE_5,TIPO_IDENTIFICACION,VARCHAR2,VARCHAR2(16),16,,,Y,1,
AAA_CRUCE_5,IDENTIFICACION,NUMBER,NUMBER,22,,,Y,2,
AAA_CRUCE_ARN_1,IDENTIFICACION,NUMBER,NUMBER,22,,,Y,1,
AAA_CRUCE_ARN_2,IDENTIFICACION,NUMBER,NUMBER,22,,,Y,1,
AAA_CRUCE_ARN_2018,NUM,NUMBER,NUMBER(20),22,20,,N,1,
AAA_CRUCE_ARN_2018,PROCESO,VARCHAR2,VARCHAR2(30),30,,,Y,2,
AAA_CRUCE_ARN_201903,TIPO_DOCUMENTO,VARCHAR2,VARCHAR2(30),30,,,Y,1,NULL
AAA_CRUCE_ARN_201903,NUMERO_IDENTIFICACION,VARCHAR2,VARCHAR2(180),180,,,Y,2,NULL
AAA_CRUCE_ARN_201903,TIPO,VARCHAR2,VARCHAR2(20),20,,,Y,3,NULL
AAA_CRUCE_ARN_201904,NUM,NUMBER,NUMBER(20),22,20,,N,1,
AAA_CRUCE_ARN_201904,PROCESO,VARCHAR2,VARCHAR2(30),30,,,Y,2,
AAA_CRUCE_ARN_201911,NUM,NUMBER,NUMBER(20),22,20,,Y,1,
AAA_CRUCE_ARN_201911,PROCESO,VARCHAR2,VARCHAR2(30),30,,,Y,2,
AAA_CRUCE_ARN_201911,ETCR,VARCHAR2,VARCHAR2(100),100,,,Y,3,
AAA_CRUCE_ARN_201912,NUM,NUMBER,NUMBER(20),22,20,,Y,1,
AAA_CRUCE_ARN_201912,PROCESO,VARCHAR2,VARCHAR2(40),40,,,Y,2,
AAA_CRUCE_ARN_201912,ETCR,VARCHAR2,VARCHAR2(100),100,,,Y,3,
AAA_CRUCE_ARN_3,IDENTIFICACION,NUMBER,NUMBER,22,,,Y,1,
AAA_CRUCE_CEDULAS_FORMACION,IDENTIFICACION,NUMBER,NUMBER,22,,,Y,1,
AAA_CRUCE_EMPRESAS,NUM,NUMBER,NUMBER,22,,,N,1,
AAA_CRUCE_FOSFEC_MARZO_2020,IDENTIFICACION,NUMBER,NUMBER(30),22,30,,Y,1,
AAA_CRUCE_FOSFEC_MARZO_2020,INSCRITO,NUMBER,NUMBER(1),22,1,,Y,2,
AAA_CRUCE_FOSFEC_MARZO_2020,COLOCADO,NUMBER,NUMBER(1),22,1,,Y,3,
AAA_CRUCE_FOSFEC_MARZO_2020,ORIENTADO,NUMBER,NUMBER(1),22,1,,Y,4,
AAA_CRUCE_INTERESADO,IDENTIFICACION,NUMBER,NUMBER(20),22,20,,Y,1,
AAA_CRUCE_ORIENTADOS_RUV_2018,IDENTIFICACION,NUMBER,NUMBER,22,,,Y,1,
AAA_CRUCE_RUV_MINAS,IDENTIFICACION,NUMBER,NUMBER,22,,,Y,1,
AAA_CRUCE_SER,IDENTIFICACION,NUMBER,NUMBER,22,,,Y,1,
AAA_CRUCE_VALLE,IDENTIFICACION,NUMBER,NUMBER,22,,,Y,1,
AAA_CRUCE_VULNERABLES,IDENTIFICACION,NUMBER,NUMBER,22,,,Y,1,
AAA_DEMANDAS_COMPARAR,ID,NUMBER,NUMBER,22,,,Y,1,
AAA_IDE_COLO_201807_201812,NUM_DOC_IDENTIDAD,NUMBER,NUMBER(16),22,16,,Y,1,NULL
AAA_IDE_INSCRI_201807_201812,NUM_DOC_IDENTIDAD,NUMBER,NUMBER(16),22,16,,Y,1,NULL
AAA_IDE_ORIEN_201807_201812,NUM_DOC_IDENTIDAD,NUMBER,NUMBER(16),22,16,,Y,1,NULL
ACCION_SEGUIMIENTO_DEM,ASD_ID,NUMBER,NUMBER,22,,,N,1,
ACCION_SEGUIMIENTO_DEM,ASD_DEM,NUMBER,NUMBER,22,,,N,2,
ACCION_SEGUIMIENTO_DEM,ASD_FUN_ID,NUMBER,NUMBER,22,,,N,3,
ACCION_SEGUIMIENTO_DEM,ASD_OBSERVACION,VARCHAR2,VARCHAR2(400),400,,,Y,4,
ACCION_SEGUIMIENTO_DEM,ASD_FECHA_REGISTRO,DATE,DATE,7,,,N,5,
ACCION_SEGUIMIENTO_DEM,ASD_FECHA_SEGUIMIENTO,DATE,DATE,7,,,N,6,
AC_ACCIONES_ORIENTACION,OFT_ID,NUMBER,NUMBER(10),22,10,,Y,1,
AC_ACCIONES_ORIENTACION,HORIO_ID,NUMBER,NUMBER(10),22,10,,Y,2,
AC_ACCIONES_ORIENTACION,TIPO_IDENTIFICACION,VARCHAR2,VARCHAR2(4),4,,,Y,3,
AC_ACCIONES_ORIENTACION,IDENTIFICACION,NUMBER,NUMBER(20),22,20,,Y,4,
AC_ACCIONES_ORIENTACION,NOMBRES,VARCHAR2,VARCHAR2(80),80,,,Y,5,
AC_ACCIONES_ORIENTACION,PRIMER_APELLIDO,VARCHAR2,VARCHAR2(80),80,,,Y,6,
AC_ACCIONES_ORIENTACION,SEGUNDO_APELLIDO,VARCHAR2,VARCHAR2(80),80,,,Y,7,
AC_ACCIONES_ORIENTACION,GENERO,VARCHAR2,VARCHAR2(20),20,,,Y,8,
AC_ACCIONES_ORIENTACION,PAI_ID,NUMBER,NUMBER(4),22,4,,Y,9,
AC_ACCIONES_ORIENTACION,DPT_ID,NUMBER,NUMBER(8),22,8,,Y,10,
AC_ACCIONES_ORIENTACION,DEPARTAMENTO,VARCHAR2,VARCHAR2(60),60,,,Y,11,
AC_ACCIONES_ORIENTACION,MPO_ID,NUMBER,NUMBER(15),22,15,,Y,12,
AC_ACCIONES_ORIENTACION,MUNICIPIO,VARCHAR2,VARCHAR2(60),60,,,Y,13,
AC_ACCIONES_ORIENTACION,DESCRIPCIÓN_ORIENTACIÓN,VARCHAR2,VARCHAR2(400),400,,,Y,14,
AC_ACCIONES_ORIENTACION,FECHA_ORIENTACION,DATE,DATE,7,,,Y,15,
AC_ACCIONES_ORIENTACION,FECHA_NACIMIENTO,DATE,DATE,7,,,Y,16,
AC_ACCIONES_ORIENTACION,MPO_ID_NACIMIENTO,NUMBER,NUMBER(15),22,15,,Y,17,
AC_COLOCACIONES,OFT_ID,NUMBER,NUMBER(10),22,10,,Y,1,
AC_COLOCACIONES,ENV_ID,NUMBER,NUMBER(10),22,10,,Y,2,
AC_COLOCACIONES,TIPO_IDENTIFICACION,VARCHAR2,VARCHAR2(4),4,,,Y,3,
AC_COLOCACIONES,IDENTIFICACION,NUMBER,NUMBER(20),22,20,,Y,4,
AC_COLOCACIONES,NOMBRES,VARCHAR2,VARCHAR2(80),80,,,Y,5,
AC_COLOCACIONES,PRIMER_APELLIDO,VARCHAR2,VARCHAR2(80),80,,,Y,6,
AC_COLOCACIONES,SEGUNDO_APELLIDO,VARCHAR2,VARCHAR2(80),80,,,Y,7,
AC_COLOCACIONES,GENERO,VARCHAR2,VARCHAR2(20),20,,,Y,8,
AC_COLOCACIONES,PAI_ID,NUMBER,NUMBER(4),22,4,,Y,9,
AC_COLOCACIONES,DPT_ID,NUMBER,NUMBER(8),22,8,,Y,10,
AC_COLOCACIONES,DEPARTAMENTO,VARCHAR2,VARCHAR2(60),60,,,Y,11,
AC_COLOCACIONES,MPO_ID,NUMBER,NUMBER(15),22,15,,Y,12,
AC_COLOCACIONES,MUNICIPIO,VARCHAR2,VARCHAR2(60),60,,,Y,13,
AC_COLOCACIONES,SOLICITUD,NUMBER,NUMBER(10),22,10,,Y,14,
AC_COLOCACIONES,OCU_ID,NUMBER,NUMBER(8),22,8,,Y,15,
AC_COLOCACIONES,OCUPACION,VARCHAR2,VARCHAR2(200),200,,,Y,16,
AC_COLOCACIONES,DENOMINACION,VARCHAR2,VARCHAR2(200),200,,,Y,17,
AC_COLOCACIONES,EMP_ID,NUMBER,NUMBER(8),22,8,,Y,18,
AC_COLOCACIONES,EMPRESA,VARCHAR2,VARCHAR2(200),200,,,Y,19,
AC_COLOCACIONES,FECHA_COLOCACION,DATE,DATE,7,,,Y,20,
AC_COLOCACIONES,ES_EGRESADO,NUMBER,NUMBER(1),22,1,,Y,21,
AC_COLOCACIONES,FECHA_NACIMIENTO,DATE,DATE,7,,,Y,22,
AC_COLOCACIONES,MPO_ID_NACIMIENTO,NUMBER,NUMBER(15),22,15,,Y,23,
AC_EMPRESAS,EMP_ID,NUMBER,NUMBER(8),22,8,,Y,1,
AC_EMPRESAS,TIPO_IDENTIFICACION,VARCHAR2,VARCHAR2(4),4,,,Y,2,
AC_EMPRESAS,IDENTIFICACION,NUMBER,NUMBER(20),22,20,,Y,3,
AC_EMPRESAS,RAZON_SOCIAL,VARCHAR2,VARCHAR2(200),200,,,Y,4,
AC_EMPRESAS,PAI_ID,NUMBER,NUMBER(4),22,4,,Y,5,
AC_EMPRESAS,DPT_ID,NUMBER,NUMBER(8),22,8,,Y,6,
AC_EMPRESAS,DEPARTAMENTO,VARCHAR2,VARCHAR2(60),60,,,Y,7,
AC_EMPRESAS,MPO_ID,NUMBER,NUMBER(15),22,15,,Y,8,
AC_EMPRESAS,MUNICIPIO,VARCHAR2,VARCHAR2(60),60,,,Y,9,
AC_EMPRESAS,FECHA_INSCRIPCION,DATE,DATE,7,,,Y,10,
AC_INDICADOR_META,COD_REG,NUMBER,NUMBER(10),22,10,,Y,1,
AC_INDICADOR_META,REGIONAL,VARCHAR2,VARCHAR2(27),27,,,Y,2,
AC_INDICADOR_META,DPT_ID,NUMBER,NUMBER(10),22,10,,Y,3,
AC_INDICADOR_META,DEPARTAMENTO,VARCHAR2,VARCHAR2(24),24,,,Y,4,
AC_INDICADOR_META,META_INSCRITOS,NUMBER,NUMBER(10),22,10,,Y,5,
AC_INDICADOR_META,META_VACANTES,NUMBER,NUMBER(10),22,10,,Y,6,
AC_INDICADOR_META,META_COLOC_NO_SENA,NUMBER,NUMBER(10),22,10,,Y,7,
AC_INDICADOR_META,META_COLOC_EGRESADOS_SENA,NUMBER,NUMBER(10),22,10,,Y,8,
AC_INDICADOR_META,META_TOTAL_COLOCACIONES,NUMBER,NUMBER(10),22,10,,Y,9,
AC_INDICADOR_META,META_COLOC_ECO_NAR,NUMBER,NUMBER(10),22,10,,Y,10,
AC_INDICADOR_META,META_ORIENTADOS_DESEMPLEADOS,NUMBER,NUMBER(10),22,10,,Y,11,
AC_INDICADOR_META,META_ORIENTADOS_DESPLAZADOS,NUMBER,NUMBER(10),22,10,,Y,12,
AC_INDICADOR_META,META_TOTAL_ORIENTADOS,NUMBER,NUMBER(10),22,10,,Y,13,
AC_INDICADOR_META,PERIODO,NUMBER,NUMBER(4),22,4,,Y,14,
AC_INSCRITOS,OFT_ID,NUMBER,NUMBER(10),22,10,,Y,1,
AC_INSCRITOS,TIPO_IDENTIFICACION,VARCHAR2,VARCHAR2(4),4,,,Y,2,
AC_INSCRITOS,IDENTIFICACION,NUMBER,NUMBER(20),22,20,,Y,3,
AC_INSCRITOS,NOMBRES,VARCHAR2,VARCHAR2(80),80,,,Y,4,
AC_INSCRITOS,PRIMER_APELLIDO,VARCHAR2,VARCHAR2(80),80,,,Y,5,
AC_INSCRITOS,SEGUNDO_APELLIDO,VARCHAR2,VARCHAR2(80),80,,,Y,6,
AC_INSCRITOS,GENERO,VARCHAR2,VARCHAR2(20),20,,,Y,7,
AC_INSCRITOS,PAI_ID,NUMBER,NUMBER(4),22,4,,Y,8,
AC_INSCRITOS,DPT_ID,NUMBER,NUMBER(8),22,8,,Y,9,
AC_INSCRITOS,DEPARTAMENTO,VARCHAR2,VARCHAR2(60),60,,,Y,10,
AC_INSCRITOS,MPO_ID,NUMBER,NUMBER(15),22,15,,Y,11,
AC_INSCRITOS,MUNICIPIO,VARCHAR2,VARCHAR2(60),60,,,Y,12,
AC_INSCRITOS,FECHA_INSCRIPCION,DATE,DATE,7,,,Y,13,
AC_INSCRITOS,FECHA_NACIMIENTO,DATE,DATE,7,,,Y,14,
AC_INSCRITOS,MPO_ID_NACIMIENTO,NUMBER,NUMBER(15),22,15,,Y,15,
AC_ORIENTADOS,OFT_ID,NUMBER,NUMBER(10),22,10,,Y,1,
AC_ORIENTADOS,HORIO_ID,NUMBER,NUMBER(10),22,10,,Y,2,
AC_ORIENTADOS,TIPO_IDENTIFICACION,VARCHAR2,VARCHAR2(4),4,,,Y,3,
AC_ORIENTADOS,IDENTIFICACION,NUMBER,NUMBER(20),22,20,,Y,4,
AC_ORIENTADOS,NOMBRES,VARCHAR2,VARCHAR2(80),80,,,Y,5,
AC_ORIENTADOS,PRIMER_APELLIDO,VARCHAR2,VARCHAR2(80),80,,,Y,6,
AC_ORIENTADOS,SEGUNDO_APELLIDO,VARCHAR2,VARCHAR2(80),80,,,Y,7,
AC_ORIENTADOS,GENERO,VARCHAR2,VARCHAR2(20),20,,,Y,8,
AC_ORIENTADOS,PAI_ID,NUMBER,NUMBER(4),22,4,,Y,9,
AC_ORIENTADOS,DPT_ID,NUMBER,NUMBER(8),22,8,,Y,10,
AC_ORIENTADOS,DEPARTAMENTO,VARCHAR2,VARCHAR2(60),60,,,Y,11,
AC_ORIENTADOS,MPO_ID,NUMBER,NUMBER(15),22,15,,Y,12,
AC_ORIENTADOS,MUNICIPIO,VARCHAR2,VARCHAR2(60),60,,,Y,13,
AC_ORIENTADOS,FECHA_PRIMERA_ORIENTACION,DATE,DATE,7,,,Y,14,
AC_ORIENTADOS,FECHA_NACIMIENTO,DATE,DATE,7,,,Y,15,
AC_ORIENTADOS,MPO_ID_NACIMIENTO,NUMBER,NUMBER(15),22,15,,Y,16,
AC_POSTULACIONES,OFT_ID,NUMBER,NUMBER(10),22,10,,Y,1,
AC_POSTULACIONES,ENV_ID,NUMBER,NUMBER(10),22,10,,Y,2,
AC_POSTULACIONES,TIPO_IDENTIFICACION,VARCHAR2,VARCHAR2(4),4,,,Y,3,
AC_POSTULACIONES,IDENTIFICACION,NUMBER,NUMBER(20),22,20,,Y,4,
AC_POSTULACIONES,NOMBRES,VARCHAR2,VARCHAR2(80),80,,,Y,5,
AC_POSTULACIONES,PRIMER_APELLIDO,VARCHAR2,VARCHAR2(80),80,,,Y,6,
AC_POSTULACIONES,SEGUNDO_APELLIDO,VARCHAR2,VARCHAR2(80),80,,,Y,7,
AC_POSTULACIONES,GENERO,VARCHAR2,VARCHAR2(20),20,,,Y,8,
AC_POSTULACIONES,PAI_ID,NUMBER,NUMBER(4),22,4,,Y,9,
AC_POSTULACIONES,DPT_ID,NUMBER,NUMBER(8),22,8,,Y,10,
AC_POSTULACIONES,DEPARTAMENTO,VARCHAR2,VARCHAR2(60),60,,,Y,11,
AC_POSTULACIONES,MPO_ID,NUMBER,NUMBER(15),22,15,,Y,12,
AC_POSTULACIONES,MUNICIPIO,VARCHAR2,VARCHAR2(60),60,,,Y,13,
AC_POSTULACIONES,SOLICITUD,NUMBER,NUMBER(10),22,10,,Y,14,
AC_POSTULACIONES,OCU_ID,NUMBER,NUMBER(8),22,8,,Y,15,
AC_POSTULACIONES,OCUPACION,VARCHAR2,VARCHAR2(200),200,,,Y,16,
AC_POSTULACIONES,DENOMINACION,VARCHAR2,VARCHAR2(200),200,,,Y,17,
AC_POSTULACIONES,EMP_ID,NUMBER,NUMBER(8),22,8,,Y,18,
AC_POSTULACIONES,EMPRESA,VARCHAR2,VARCHAR2(200),200,,,Y,19,
AC_POSTULACIONES,FECHA_POSTULACION,DATE,DATE,7,,,Y,20,
AC_POSTULACIONES,FECHA_NACIMIENTO,DATE,DATE,7,,,Y,21,
AC_POSTULACIONES,MPO_ID_NACIMIENTO,NUMBER,NUMBER(15),22,15,,Y,22,
AC_SOLICITUDES,DEM_ID,NUMBER,NUMBER(14),22,14,,Y,1,
AC_SOLICITUDES,PAI_ID,NUMBER,NUMBER(4),22,4,,Y,2,
AC_SOLICITUDES,DPT_ID,NUMBER,NUMBER(8),22,8,,Y,3,
AC_SOLICITUDES,DEPARTAMENTO,VARCHAR2,VARCHAR2(60),60,,,Y,4,
AC_SOLICITUDES,MPO_ID,NUMBER,NUMBER(15),22,15,,Y,5,
AC_SOLICITUDES,MUNICIPIO,VARCHAR2,VARCHAR2(60),60,,,Y,6,
AC_SOLICITUDES,OCU_ID,NUMBER,NUMBER(8),22,8,,Y,7,
AC_SOLICITUDES,OCUPACION,VARCHAR2,VARCHAR2(200),200,,,Y,8,
AC_SOLICITUDES,DENOMINACION,VARCHAR2,VARCHAR2(200),200,,,Y,9,
AC_SOLICITUDES,EMP_ID,NUMBER,NUMBER(8),22,8,,Y,10,
AC_SOLICITUDES,EMPRESA,VARCHAR2,VARCHAR2(200),200,,,Y,11,
AC_SOLICITUDES,CAO_ID,NUMBER,NUMBER(8),22,8,,Y,12,
AC_SOLICITUDES,CAO_NOMBRE,VARCHAR2,VARCHAR2(200),200,,,Y,13,
AC_SOLICITUDES,SUE_ID,NUMBER,NUMBER(8),22,8,,Y,14,
AC_SOLICITUDES,SUE_DESCRIPCION,VARCHAR2,VARCHAR2(100),100,,,Y,15,
AC_SOLICITUDES,DEM_MESES_EXP,NUMBER,NUMBER(4),22,4,,Y,16,
AC_SOLICITUDES,DEM_NUM_VACANTES,NUMBER,NUMBER(4),22,4,,Y,17,
AC_SOLICITUDES,FECHA_REGISTRO,DATE,DATE,7,,,Y,18,
ANEXO_HIDRO_2616,ANE_ID,NUMBER,NUMBER(10),22,10,,N,1,
ANEXO_HIDRO_2616,IND_ID,NUMBER,NUMBER(9),22,9,,N,2,
ANEXO_HIDRO_2616,DESCRIPCION,VARCHAR2,VARCHAR2(4000),4000,,,N,3,
ANEXO_HIDRO_2616,ESTADO,NUMBER,NUMBER,22,,,N,4,
ANEXO_HIDRO_2616,FECHA_INICIO,DATE,DATE,7,,,N,5,
ANEXO_HIDRO_2616,FECHA_FIN,DATE,DATE,7,,,Y,6,
APRENDICES_ESTADO,AES_ID,NUMBER,NUMBER,22,,,N,1,
APRENDICES_ESTADO,AES_NOMBRE,VARCHAR2,VARCHAR2(50),50,,,N,2,
APRENDICES_ESTADO,AEA_ID,NUMBER,NUMBER(6),22,6,,Y,3,
APRENDICES_ESTADO_APE,AEA_ID,NUMBER,NUMBER(6),22,6,,N,1,
APRENDICES_ESTADO_APE,AEA_NOMBRE,VARCHAR2,VARCHAR2(100),100,,,N,2,
APRENDICES_MIG,AMI_NIS,NUMBER,NUMBER,22,,,N,1,
APRENDICES_MIG,OFT_ID,NUMBER,NUMBER,22,,,N,2,
APRENDICES_MIG,REG_ID,NUMBER,NUMBER,22,,,Y,3,
APRENDICES_MIG,CSPE_ID,NUMBER,NUMBER,22,,,Y,4,
APRENDICES_MIG_CERTIFICADOS,ACE_ID,NUMBER,NUMBER,22,,,N,1,
APRENDICES_MIG_CERTIFICADOS,NIS,NUMBER,NUMBER,22,,,N,2,
APRENDICES_MIG_CERTIFICADOS,OFT_ID,NUMBER,NUMBER,22,,,N,3,
APRENDICES_MIG_CERTIFICADOS,PROGRAMA,VARCHAR2,VARCHAR2(255),255,,,N,4,
APRENDICES_MIG_CONF,AMC_ULT_FECHA,DATE,DATE,7,,,Y,1,
APRENDICES_MIG_CONF,AMC_ID,NUMBER,NUMBER,22,,,N,2,
APRENDICES_MIG_CONF,AMC_ULT_FECHA_CERTIFICADOS,DATE,DATE,7,,,Y,3,
APRENDICES_MIG_ORI,AMO_ID,NUMBER,NUMBER,22,,,N,1,
APRENDICES_MIG_ORI,AMI_NIS,NUMBER,NUMBER,22,,,N,2,
APRENDICES_MIG_ORI,AES_ID,NUMBER,NUMBER,22,,,N,3,
APRENDICES_MIG_ORI,AMO_ORIENTADO,NUMBER,NUMBER,22,,,N,4,
APRENDIZ_AMAZON,FIC_ID,NUMBER,NUMBER,22,,,Y,1,
APRENDIZ_AMAZON,FIC_FCH_INICIALIZACION,VARCHAR2,VARCHAR2(110),110,,,Y,2,
APRENDIZ_AMAZON,FIC_FCH_FINALIZACION,VARCHAR2,VARCHAR2(110),110,,,Y,3,
APRENDIZ_AMAZON,ESTADO_FICHA,VARCHAR2,VARCHAR2(125),125,,,Y,4,
APRENDIZ_AMAZON,NIVEL_FORMACION,VARCHAR2,VARCHAR2(127),127,,,Y,5,
APRENDIZ_AMAZON,PRF_CODIGO,NUMBER,NUMBER,22,,,Y,6,
APRENDIZ_AMAZON,MISENA_PRG,VARCHAR2,VARCHAR2(11),11,,,Y,7,
APRENDIZ_AMAZON,PRF_DENOMINACION,VARCHAR2,VARCHAR2(288),288,,,Y,8,
APRENDIZ_AMAZON,RGN_NOMBRE,VARCHAR2,VARCHAR2(227),227,,,Y,9,
APRENDIZ_AMAZON,SED_NOMBRE,VARCHAR2,VARCHAR2(273),273,,,Y,10,
APRENDIZ_AMAZON,DATOS_CENTRO,VARCHAR2,VARCHAR2(280),280,,,Y,11,
APRENDIZ_AMAZON,MISENA_TIPDOC,VARCHAR2,VARCHAR2(231),231,,,Y,12,
APRENDIZ_AMAZON,TIPO_DOCUMENTO,VARCHAR2,VARCHAR2(22),22,,,Y,13,
APRENDIZ_AMAZON,NUM_DOC_IDENTIDAD,NUMBER,NUMBER,22,,,Y,14,
APRENDIZ_AMAZON,ASP_NOMBRE,VARCHAR2,VARCHAR2(219),219,,,Y,15,
APRENDIZ_AMAZON,ASP_PRIMER_APELLIDO,VARCHAR2,VARCHAR2(211),211,,,Y,16,
APRENDIZ_AMAZON,ASP_SEGUNDO_APELLIDO,VARCHAR2,VARCHAR2(213),213,,,Y,17,
APRENDIZ_AMAZON,ASP_CORREO_E,VARCHAR2,VARCHAR2(238),238,,,Y,18,
APRENDIZ_AMAZON,CORREO_MISENA,VARCHAR2,VARCHAR2(231),231,,,Y,19,
APRENDIZ_AMAZON,ESTADO aws,VARCHAR2,VARCHAR2(212),212,,,Y,20,
APRENDIZ_AMAZON,Estado Registro Académico,VARCHAR2,VARCHAR2(214),214,,,Y,21,
APRENDIZ_AMAZON,DBU_TEL_MOVIL_CONTACTO,VARCHAR2,VARCHAR2(214),214,,,Y,22,
APRENDIZ_AMAZON,GENERO,VARCHAR2,VARCHAR2(11),11,,,Y,23,
APRENDIZ_AMAZON,FIC_MOD_FORMACION,VARCHAR2,VARCHAR2(11),11,,,Y,24,
APRENDIZ_AMAZON,TIPO,VARCHAR2,VARCHAR2(118),118,,,Y,25,
APRENDIZ_DOBLE_TITULACION,REG_ID,NUMBER,NUMBER,22,,,Y,1,
APRENDIZ_DOBLE_TITULACION,REGIONAL,VARCHAR2,VARCHAR2(350),350,,,Y,2,
APRENDIZ_DOBLE_TITULACION,CENTRO_ID,VARCHAR2,VARCHAR2(350),350,,,Y,3,
APRENDIZ_DOBLE_TITULACION,CENTRO,VARCHAR2,VARCHAR2(350),350,,,Y,4,
APRENDIZ_DOBLE_TITULACION,MUNICIPIO,VARCHAR2,VARCHAR2(350),350,,,Y,5,
APRENDIZ_DOBLE_TITULACION,TIPO_DOC,VARCHAR2,VARCHAR2(350),350,,,Y,6,
APRENDIZ_DOBLE_TITULACION,IDENTIFICACION,NUMBER,NUMBER,22,,,Y,7,
APRENDIZ_DOBLE_TITULACION,FECHA_EXP_DOC_ID,VARCHAR2,VARCHAR2(350),350,,,Y,8,
APRENDIZ_DOBLE_TITULACION,NOMBRE,VARCHAR2,VARCHAR2(350),350,,,Y,9,
APRENDIZ_DOBLE_TITULACION,APELLIDOS,VARCHAR2,VARCHAR2(350),350,,,Y,10,
APRENDIZ_DOBLE_TITULACION,FECHA_NACIMIENTO,VARCHAR2,VARCHAR2(350),350,,,Y,11,
APRENDIZ_DOBLE_TITULACION,MPIO_DOMICILIO,VARCHAR2,VARCHAR2(350),350,,,Y,12,
APRENDIZ_DOBLE_TITULACION,TELEFONO,VARCHAR2,VARCHAR2(350),350,,,Y,13,
APRENDIZ_DOBLE_TITULACION,CELULAR,VARCHAR2,VARCHAR2(350),350,,,Y,14,
APRENDIZ_DOBLE_TITULACION,DIRECCION,VARCHAR2,VARCHAR2(350),350,,,Y,15,
APRENDIZ_DOBLE_TITULACION,CORREO_MISENA,VARCHAR2,VARCHAR2(350),350,,,Y,16,
APRENDIZ_DOBLE_TITULACION,CORREO_E,VARCHAR2,VARCHAR2(350),350,,,Y,17,
APRENDIZ_DOBLE_TITULACION,ESTADO_APRENDIZ,VARCHAR2,VARCHAR2(350),350,,,Y,18,
APRENDIZ_DOBLE_TITULACION,FICHA,VARCHAR2,VARCHAR2(350),350,,,Y,19,
APRENDIZ_DOBLE_TITULACION,FECHA_INICIO,VARCHAR2,VARCHAR2(350),350,,,Y,20,
APRENDIZ_DOBLE_TITULACION,FECHA_FIN,VARCHAR2,VARCHAR2(350),350,,,Y,21,
APRENDIZ_DOBLE_TITULACION,ESTADO_FICHA,VARCHAR2,VARCHAR2(350),350,,,Y,22,
APRENDIZ_DOBLE_TITULACION,PROGRAMA,VARCHAR2,VARCHAR2(350),350,,,Y,23,
APRENDIZ_DOBLE_TITULACION,NIVEL,VARCHAR2,VARCHAR2(350),350,,,Y,24,
APRENDIZ_DOBLE_TITULACION,PGRM_ESPECIAL,VARCHAR2,VARCHAR2(350),350,,,Y,25,
APRENDIZ_EGRESADOS,TIPO IDENTIFICACION APRENDIZ,VARCHAR2,VARCHAR2(222),222,,,Y,1,
APRENDIZ_EGRESADOS,NUMERO_IDENTIFICACION_APRENDIZ,NUMBER,NUMBER,22,,,Y,2,
APRENDIZ_EGRESADOS,NOMBRE APRENDIZ,VARCHAR2,VARCHAR2(232),232,,,Y,3,
APRENDIZ_EGRESADOS,PRIMER APELLIDO,VARCHAR2,VARCHAR2(216),216,,,Y,4,
APRENDIZ_EGRESADOS,SEGUNDO APELLIDO,VARCHAR2,VARCHAR2(216),216,,,Y,5,
APRENDIZ_EGRESADOS,CODIGO REGIONAL,NUMBER,NUMBER,22,,,Y,6,
APRENDIZ_EGRESADOS,NOMBRE REGIONAL,VARCHAR2,VARCHAR2(322),322,,,Y,7,
APRENDIZ_EGRESADOS,CODIGO CENTRO,NUMBER,NUMBER,22,,,Y,8,
APRENDIZ_EGRESADOS,NOMBRE CENTRO,VARCHAR2,VARCHAR2(528),528,,,Y,9,
APRENDIZ_EGRESADOS,CODIGO NIVEL FORMACION,NUMBER,NUMBER,22,,,Y,10,
APRENDIZ_EGRESADOS,NIVEL FORMACION,VARCHAR2,VARCHAR2(232),232,,,Y,11,
APRENDIZ_EGRESADOS,CODIGO PROGRAMA,NUMBER,NUMBER,22,,,Y,12,
APRENDIZ_EGRESADOS,NOMBRE PROGRAMA FORMACION,VARCHAR2,VARCHAR2(528),528,,,Y,13,
APRENDIZ_EGRESADOS,CORREO PERSONAL,VARCHAR2,VARCHAR2(264),264,,,Y,14,
APRENDIZ_EGRESADOS,TELÉFONOS DE CONTACTO,VARCHAR2,VARCHAR2(232),232,,,Y,15,
APRENDIZ_EGRESADOS,CELULAR,VARCHAR2,VARCHAR2(222),222,,,Y,16,
APRENDIZ_EGRESADOS,DIRECCIÓN,VARCHAR2,VARCHAR2(264),264,,,Y,17,
APRENDIZ_EGRESADOS,FECHA DE NACIMIENTO,VARCHAR2,VARCHAR2(216),216,,,Y,18,
APRENDIZ_EGRESADOS,FECHA DE EXPEDICIÓN ,VARCHAR2,VARCHAR2(216),216,,,Y,19,
APRENDIZ_ETP_PRODUCTIVA,RGN_ID,NUMBER,NUMBER,22,,,Y,1,
APRENDIZ_ETP_PRODUCTIVA,REGIONAL,VARCHAR2,VARCHAR2(200),200,,,Y,2,
APRENDIZ_ETP_PRODUCTIVA,CTR_ID,NUMBER,NUMBER,22,,,Y,3,
APRENDIZ_ETP_PRODUCTIVA,CENTRO,VARCHAR2,VARCHAR2(600),600,,,Y,4,
APRENDIZ_ETP_PRODUCTIVA,MUNICIPIO,VARCHAR2,VARCHAR2(200),200,,,Y,5,
APRENDIZ_ETP_PRODUCTIVA,TIPO_DOC,VARCHAR2,VARCHAR2(200),200,,,Y,6,
APRENDIZ_ETP_PRODUCTIVA,NRO_DOC,NUMBER,NUMBER,22,,,Y,7,
APRENDIZ_ETP_PRODUCTIVA,FECHA_EXP_DOC_ID,VARCHAR2,VARCHAR2(200),200,,,Y,8,
APRENDIZ_ETP_PRODUCTIVA,NOMBRE,VARCHAR2,VARCHAR2(200),200,,,Y,9,
APRENDIZ_ETP_PRODUCTIVA,APELLIDOS,VARCHAR2,VARCHAR2(200),200,,,Y,10,
APRENDIZ_ETP_PRODUCTIVA,FECHA_NACIMIENTO,VARCHAR2,VARCHAR2(200),200,,,Y,11,
APRENDIZ_ETP_PRODUCTIVA,MPIO_DOMICILIO,VARCHAR2,VARCHAR2(200),200,,,Y,12,
APRENDIZ_ETP_PRODUCTIVA,TELEFONO,VARCHAR2,VARCHAR2(22),22,,,Y,13,
APRENDIZ_ETP_PRODUCTIVA,CELULAR,VARCHAR2,VARCHAR2(22),22,,,Y,14,
APRENDIZ_ETP_PRODUCTIVA,CORREO_MISENA,VARCHAR2,VARCHAR2(200),200,,,Y,15,
APRENDIZ_ETP_PRODUCTIVA,CORREO_E,VARCHAR2,VARCHAR2(200),200,,,Y,16,
APRENDIZ_ETP_PRODUCTIVA,FICHA,VARCHAR2,VARCHAR2(22),22,,,Y,17,
APRENDIZ_ETP_PRODUCTIVA,FCH_INI_CAP,VARCHAR2,VARCHAR2(200),200,,,Y,18,
APRENDIZ_ETP_PRODUCTIVA,FCH_FIN_CAP,VARCHAR2,VARCHAR2(200),200,,,Y,19,
APRENDIZ_ETP_PRODUCTIVA,FECHA_INI_MOD,VARCHAR2,VARCHAR2(200),200,,,Y,20,
APRENDIZ_ETP_PRODUCTIVA,FECHA_FIN_MOD,VARCHAR2,VARCHAR2(200),200,,,Y,21,
APRENDIZ_ETP_PRODUCTIVA,PROGRAMA,VARCHAR2,VARCHAR2(600),600,,,Y,22,
APRENDIZ_ETP_PRODUCTIVA,NIVEL,VARCHAR2,VARCHAR2(200),200,,,Y,23,
APRENDIZ_ETP_PRODUCTIVA,TIPO_ALTERNATIVA,VARCHAR2,VARCHAR2(200),200,,,Y,24,
APRENDIZ_F_TITULADA,¿Tipo documento de identidad,VARCHAR2,VARCHAR2(80),80,,,Y,1,
APRENDIZ_F_TITULADA,No de documento de identidad,NUMBER,NUMBER,22,,,Y,2,
APRENDIZ_F_TITULADA,NOMBRES,VARCHAR2,VARCHAR2(225),225,,,Y,3,
APRENDIZ_F_TITULADA,APELLIDOS,VARCHAR2,VARCHAR2(222),222,,,Y,4,
APRENDIZ_F_TITULADA,REGIONAL,VARCHAR2,VARCHAR2(227),227,,,Y,5,
APRENDIZ_F_TITULADA,Centro de formación,VARCHAR2,VARCHAR2(273),273,,,Y,6,
APRENDIZ_F_TITULADA,Correo Personal,VARCHAR2,VARCHAR2(241),241,,,Y,7,
APRENDIZ_F_TITULADA,Correo Misena,VARCHAR2,VARCHAR2(236),236,,,Y,8,
APRENDIZ_F_TITULADA,Programa de formación,VARCHAR2,VARCHAR2(291),291,,,Y,9,
APRENDIZ_F_TITULADA,TELÉFONO,VARCHAR2,VARCHAR2(291),291,,,Y,10,
APRENDIZ_LINKEDIN,NOMBRES,VARCHAR2,VARCHAR2(60),60,,,Y,1,
APRENDIZ_LINKEDIN,T.DOCUMENTO,VARCHAR2,VARCHAR2(5),5,,,Y,2,
APRENDIZ_LINKEDIN,DOCUMENTO,NUMBER,NUMBER(38),22,38,,Y,3,
APRENDIZ_LINKEDIN,CORREO,VARCHAR2,VARCHAR2(60),60,,,Y,4,
APRENDIZ_LINKEDIN,REGIONAL,VARCHAR2,VARCHAR2(18),18,,,Y,5,
APRENDIZ_LINKEDIN,PROGRAMA,VARCHAR2,VARCHAR2(150),150,,,Y,6,
APRENDIZ_LINKEDIN,FORMACION,VARCHAR2,VARCHAR2(50),50,,,Y,7,
AREA_CONOCIMIENTO,ARC_ID,NUMBER,NUMBER(2),22,2,,N,1,
AREA_CONOCIMIENTO,ARC_NOMBRE,VARCHAR2,VARCHAR2(50),50,,,N,2,
AREA_DESEMPENO,ARD_ID,VARCHAR2,VARCHAR2(1),1,,,N,1,
AREA_DESEMPENO,ARD_NOMBRE,VARCHAR2,VARCHAR2(80),80,,,N,2,
AREA_DESEMPENO,ARD_DESCRIPCION,VARCHAR2,VARCHAR2(800),800,,,N,3,
AREA_INFLUENCIA,ARI_ID,NUMBER,NUMBER(1),22,1,,N,1,
AREA_INFLUENCIA,ARI_DESCRIPCION,VARCHAR2,VARCHAR2(50),50,,,N,2,
AREA_OCUPACIONAL,ARO_ID,VARCHAR2,VARCHAR2(2),2,,,N,1,
AREA_OCUPACIONAL,ARO_NOMBRE,VARCHAR2,VARCHAR2(100),100,,,N,2,
AREA_OCUPACIONAL,ARD_ID,VARCHAR2,VARCHAR2(1),1,,,N,3,
AREA_OCUPACIONAL,NIM_ID,VARCHAR2,VARCHAR2(1),1,,,N,4,
ARN,NUM,NUMBER,NUMBER(20),22,20,,Y,1,
ARN,PROCESO,VARCHAR2,VARCHAR2(80),80,,,Y,2,
ARN,ETCR,VARCHAR2,VARCHAR2(200),200,,,Y,3,
ARN,ESTADO,NUMBER,NUMBER(1),22,1,,Y,4,
ARN,DESCRIPCION,VARCHAR2,VARCHAR2(40),40,,,Y,5,
ARN_ANUALES,N_DOC,VARCHAR2,VARCHAR2(240),240,,,Y,1,
ARN_ANUALES,T_PROCESO,VARCHAR2,VARCHAR2(1024),1024,,,Y,2,
ARN_ANUALES,ESTADO,VARCHAR2,VARCHAR2(1024),1024,,,Y,3,
ARN_ANUALES,ANO,NUMBER,NUMBER,22,,,Y,4,
ARN_ANUALES,NP,NUMBER,NUMBER,22,,,Y,5,
ARREGLO_1,DEM_ID,NUMBER,NUMBER,22,,,Y,1,
ARREGLO_1,ESD_ID,NUMBER,NUMBER,22,,,Y,2,
ARREGLO_2021,DEM_ID,NUMBER,NUMBER,22,,,Y,1,
ARREGLO_2021,ESD_ID,NUMBER,NUMBER,22,,,Y,2,
ASPIRANTES_2022,APIRANTES_IDENTIFICACION,NUMBER,NUMBER(38),22,38,,Y,1,
ASPIRANTES_2022,AUX_NUM,NUMBER,NUMBER,22,,,Y,2,
AUX_SOLICITUDES_MOD_HIDRO,DEM_ID,NUMBER,NUMBER,22,,,Y,1,
BARRIO,BAR_ID,NUMBER,NUMBER(6),22,6,,N,1,
BARRIO,BAR_NOMBRE,VARCHAR2,VARCHAR2(50),50,,,N,2,
BARRIO,ZON_ID,NUMBER,NUMBER(12),22,12,,N,3,
BARRIO,ESTADO,NUMBER,NUMBER,22,,,Y,4,1
CAMBIOS_REGISTRO_ORO,ROWID_OBJECT,CHAR,CHAR(14),14,,,N,1,
CAMBIOS_REGISTRO_ORO,TIPOPERSONA_CD,CHAR,CHAR(1),1,,,Y,2,
CAMBIOS_REGISTRO_ORO,TIPODOCUMENTO_CD,VARCHAR2,VARCHAR2(10),10,,,Y,3,
CAMBIOS_REGISTRO_ORO,NUMERODOCUMENTO,VARCHAR2,VARCHAR2(16),16,,,Y,4,
CAMBIOS_REGISTRO_ORO,FECHAEXPDOCUMENTO,DATE,DATE,7,,,Y,5,
CAMBIOS_REGISTRO_ORO,MUNICIPIOEXPDOCUMENTO_CD,VARCHAR2,VARCHAR2(10),10,,,Y,6,
CAMBIOS_REGISTRO_ORO,MUNICIPIOEXPDOCUMENTO_DS,VARCHAR2,VARCHAR2(50),50,,,Y,7,
CAMBIOS_REGISTRO_ORO,FECHANACIMIENTO,DATE,DATE,7,,,Y,8,
CAMBIOS_REGISTRO_ORO,MUNICIPIONACIMIENTO_CD,VARCHAR2,VARCHAR2(10),10,,,Y,9,
CAMBIOS_REGISTRO_ORO,MUNICIPIONACIMIENTO_DS,VARCHAR2,VARCHAR2(50),50,,,Y,10,
CAMBIOS_REGISTRO_ORO,PRIMERNOMBRE,VARCHAR2,VARCHAR2(50),50,,,Y,11,
CAMBIOS_REGISTRO_ORO,SEGUNDONOMBRE,VARCHAR2,VARCHAR2(50),50,,,Y,12,
CAMBIOS_REGISTRO_ORO,PRIMERAPELLIDO,VARCHAR2,VARCHAR2(50),50,,,Y,13,
CAMBIOS_REGISTRO_ORO,SEGUNDOAPELLIDO,VARCHAR2,VARCHAR2(50),50,,,Y,14,
CAMBIOS_REGISTRO_ORO,SEXO_CD,CHAR,CHAR(1),1,,,Y,15,
CAMBIOS_REGISTRO_ORO,SEXO_DS,VARCHAR2,VARCHAR2(50),50,,,Y,16,
CAMBIOS_REGISTRO_ORO,ESTADOCIVIL_CD,CHAR,CHAR(1),1,,,Y,17,
CAMBIOS_REGISTRO_ORO,ESTADOCIVIL_DS,VARCHAR2,VARCHAR2(50),50,,,Y,18,
CAMBIOS_REGISTRO_ORO,PAISUBICACIONAPR_CD,NUMBER,NUMBER(10),22,10,,Y,19,
CAMBIOS_REGISTRO_ORO,PAISUBICACIONAPR_DS,VARCHAR2,VARCHAR2(50),50,,,Y,20,
CAMBIOS_REGISTRO_ORO,DEPARTAMENTOUBICAAPR_CD,VARCHAR2,VARCHAR2(10),10,,,Y,21,
CAMBIOS_REGISTRO_ORO,DEPARTAMENTOUBICAAPR_DS,VARCHAR2,VARCHAR2(100),100,,,Y,22,
CAMBIOS_REGISTRO_ORO,MUNICIPIOUBICACIONAPR_CD,VARCHAR2,VARCHAR2(10),10,,,Y,23,
CAMBIOS_REGISTRO_ORO,MUNICIPIOUBICACIONAPR_DS,VARCHAR2,VARCHAR2(50),50,,,Y,24,
CAMBIOS_REGISTRO_ORO,DIRECCIONUBICACIONAPR,VARCHAR2,VARCHAR2(200),200,,,Y,25,
CAMBIOS_REGISTRO_ORO,ESTRATO,NUMBER,NUMBER(1),22,1,,Y,26,
CAMBIOS_REGISTRO_ORO,CONTACTOACEL1_CD,VARCHAR2,VARCHAR2(2),2,,,Y,27,
CAMBIOS_REGISTRO_ORO,CONTACTOACEL1_DS,VARCHAR2,VARCHAR2(100),100,,,Y,28,
CAMBIOS_REGISTRO_ORO,CONTACTOACEL2_CD,VARCHAR2,VARCHAR2(2),2,,,Y,29,
CAMBIOS_REGISTRO_ORO,CONTACTOACEL2_DS,VARCHAR2,VARCHAR2(100),100,,,Y,30,
CAMBIOS_REGISTRO_ORO,CONTACTOATEL1_CD,VARCHAR2,VARCHAR2(2),2,,,Y,31,
CAMBIOS_REGISTRO_ORO,CONTACTOATEL1_DS,VARCHAR2,VARCHAR2(100),100,,,Y,32,
CAMBIOS_REGISTRO_ORO,CONTACTOATEL2_CD,VARCHAR2,VARCHAR2(2),2,,,Y,33,
CAMBIOS_REGISTRO_ORO,CONTACTOATEL2_DS,VARCHAR2,VARCHAR2(100),100,,,Y,34,
CAMBIOS_REGISTRO_ORO,CONTACTOACOR1_CD,VARCHAR2,VARCHAR2(2),2,,,Y,35,
CAMBIOS_REGISTRO_ORO,CONTACTOACOR1_DS,VARCHAR2,VARCHAR2(100),100,,,Y,36,
CAMBIOS_REGISTRO_ORO,CONTACTOACOR2_CD,VARCHAR2,VARCHAR2(2),2,,,Y,37,
CAMBIOS_REGISTRO_ORO,CONTACTOACOR2_DS,VARCHAR2,VARCHAR2(100),100,,,Y,38,
CAMBIOS_REGISTRO_ORO,ESAPRENDIZ,VARCHAR2,VARCHAR2(2),2,,,Y,39,
CAMBIOS_REGISTRO_ORO,ESEGRESADO,VARCHAR2,VARCHAR2(2),2,,,Y,40,
CAMBIOS_REGISTRO_ORO,NIT,VARCHAR2,VARCHAR2(50),50,,,Y,41,
CAMBIOS_REGISTRO_ORO,DIGITOVERIFICACION,VARCHAR2,VARCHAR2(1),1,,,Y,42,
CAMBIOS_REGISTRO_ORO,RAZONSOCIAL,VARCHAR2,VARCHAR2(200),200,,,Y,43,
CAMBIOS_REGISTRO_ORO,NUMEROEMPLEADOS,NUMBER,NUMBER,22,,,Y,44,
CAMBIOS_REGISTRO_ORO,CONTACTOECOR1_CD,VARCHAR2,VARCHAR2(2),2,,,Y,45,
CAMBIOS_REGISTRO_ORO,CONTACTOECOR1_DS,VARCHAR2,VARCHAR2(100),100,,,Y,46,
CAMBIOS_REGISTRO_ORO,CONTACTOECOR2_CD,VARCHAR2,VARCHAR2(2),2,,,Y,47,
CAMBIOS_REGISTRO_ORO,CONTACTOECOR2_DS,VARCHAR2,VARCHAR2(100),100,,,Y,48,
CAMBIOS_REGISTRO_ORO,CONTACTOETEL1_CD,VARCHAR2,VARCHAR2(2),2,,,Y,49,
CAMBIOS_REGISTRO_ORO,CONTACTOETEL1_DS,VARCHAR2,VARCHAR2(100),100,,,Y,50,
CAMBIOS_REGISTRO_ORO,CONTACTOETEL2_CD,VARCHAR2,VARCHAR2(2),2,,,Y,51,
CAMBIOS_REGISTRO_ORO,CONTACTOETEL2_DS,VARCHAR2,VARCHAR2(100),100,,,Y,52,
CAMBIOS_REGISTRO_ORO,CONTACTOECEL1_CD,VARCHAR2,VARCHAR2(2),2,,,Y,53,
CAMBIOS_REGISTRO_ORO,CONTACTOECEL1_DS,VARCHAR2,VARCHAR2(100),100,,,Y,54,
CAMBIOS_REGISTRO_ORO,CONTACTOECEL2_CD,VARCHAR2,VARCHAR2(2),2,,,Y,55,
CAMBIOS_REGISTRO_ORO,CONTACTOECEL2_DS,VARCHAR2,VARCHAR2(100),100,,,Y,56,
CAMBIOS_REGISTRO_ORO,TIPOSOCIEDAD_DS,VARCHAR2,VARCHAR2(100),100,,,Y,57,
CAMBIOS_REGISTRO_ORO,PAISUBICACIONEMP_CD,NUMBER,NUMBER(10),22,10,,Y,58,
CAMBIOS_REGISTRO_ORO,PAISUBICACIONEMP_DS,VARCHAR2,VARCHAR2(50),50,,,Y,59,
CAMBIOS_REGISTRO_ORO,DEPARTAMENTOUBICAEMP_CD,VARCHAR2,VARCHAR2(10),10,,,Y,60,
CAMBIOS_REGISTRO_ORO,DEPARTAMENTOUBICAEMP_DS,VARCHAR2,VARCHAR2(100),100,,,Y,61,
CAMBIOS_REGISTRO_ORO,MUNICIPIOUBICACIONEMP_CD,VARCHAR2,VARCHAR2(10),10,,,Y,62,
CAMBIOS_REGISTRO_ORO,MUNICIPIOUBICACIONEMP_DS,VARCHAR2,VARCHAR2(50),50,,,Y,63,
CAMBIOS_REGISTRO_ORO,DIRECCIONUBICACIONEMP,VARCHAR2,VARCHAR2(200),200,,,Y,64,
CAMBIOS_REGISTRO_ORO,FECHA_FUE_PROCESADO,DATE,DATE,7,,,Y,65,
CAMBIOS_REGISTRO_ORO,FUNCIONARIO_PROCESO,NUMBER,NUMBER,22,,,Y,66,
CAMBIOS_REGISTRO_ORO,FECHI_INICIO_PROCESO,DATE,DATE,7,,,N,67,
CAMBIOS_REGISTRO_ORO,FECHI_FIN_PROCESO,DATE,DATE,7,,,N,68,
CAMBIOS_REGISTRO_ORO,FECHA_CARGUE,TIMESTAMP(6),TIMESTAMP(6),11,,6,Y,69,
CAMBIO_ESTADO_C_DEMANDA,ID_DEM,NUMBER,NUMBER,22,,,Y,1,
CAMPE_SENA_CNO,OCU_ID,NUMBER,NUMBER(38),22,38,,N,1,
CAMPE_SENA_CNO,OCUPACION,VARCHAR2,VARCHAR2(300),300,,,N,2,
CAMPO_OCUPACIONAL,CAO_ID,VARCHAR2,VARCHAR2(3),3,,,N,1,
CAMPO_OCUPACIONAL,CAO_NOMBRE,VARCHAR2,VARCHAR2(200),200,,,N,2,
CAMPO_OCUPACIONAL,ARO_ID,VARCHAR2,VARCHAR2(2),2,,,N,3,
CANDIDATOS_BUSQUEDA,CB_IND_NOMBRE,VARCHAR2,VARCHAR2(300),300,,,Y,1,
CANDIDATOS_BUSQUEDA,CB_DPT_NOMBRE,VARCHAR2,VARCHAR2(100),100,,,Y,2,
CANDIDATOS_BUSQUEDA,CB_MPO_NOMBRE,VARCHAR2,VARCHAR2(100),100,,,Y,3,
CANDIDATOS_BUSQUEDA,CB_ARO_NOMBRE,VARCHAR2,VARCHAR2(500),500,,,Y,4,
CANDIDATOS_BUSQUEDA,CB_ARD_NOMBRE,VARCHAR2,VARCHAR2(500),500,,,Y,5,
CANDIDATOS_BUSQUEDA,CB_CANDIDATOS,NUMBER,NUMBER,22,,,Y,6,
CANDIDATOS_BUSQUEDA,CB_ESTADO_ECO_NAR,NUMBER,NUMBER,22,,,Y,7,
CANDIDATOS_BUSQUEDA,CB_FECHA_INSERTA,DATE,DATE,7,,,Y,8,
CANDIDATOS_BUSQUEDA_PORTAL,CBP_COINCIDENCIA_BUSQ,VARCHAR2,VARCHAR2(500),500,,,Y,1,
CANDIDATOS_BUSQUEDA_PORTAL,CBP_CATEGORIA_ID,NUMBER,NUMBER,22,,,Y,2,
CANDIDATOS_BUSQUEDA_PORTAL,CBP_CATEGORIA,VARCHAR2,VARCHAR2(30),30,,,Y,3,
CANDIDATOS_BUSQUEDA_PORTAL,CBP_VALOR_CATEGORIA,VARCHAR2,VARCHAR2(500),500,,,Y,4,
CANDIDATOS_BUSQUEDA_PORTAL,CBP_ENLACE,VARCHAR2,VARCHAR2(200),200,,,Y,5,
CANDIDATOS_BUSQUEDA_PORTAL,CBP_CANDIDATOS,NUMBER,NUMBER,22,,,Y,6,
CANDIDATOS_BUSQUEDA_PORTAL,CBP_FECHA_INSERTA,DATE,DATE,7,,,Y,7,
CANDIDATOS_BUSQUEDA_PORTAL,CBP_CODIGO_CATEGORIA,NUMBER,NUMBER,22,,,Y,8,
CAP_CAPACITACIONES,CCA_ID,NUMBER,NUMBER,22,,,N,1,
CAP_CAPACITACIONES,OFT_ID,NUMBER,NUMBER,22,,,N,2,
CAP_CAPACITACIONES,HORIO_ID,NUMBER,NUMBER,22,,,Y,3,
CAP_CAPACITACIONES,FICHA_ID,NUMBER,NUMBER,22,,,Y,4,
CAP_PROGRAMAS,CPR_ID,NUMBER,NUMBER,22,,,N,1,
CAP_PROGRAMAS,CPR_NOMBRE,VARCHAR2,VARCHAR2(255),255,,,N,2,
CARACTER,CAR_ID,NUMBER,NUMBER(2),22,2,,N,1,
CARACTER,CAR_NOMBRE,VARCHAR2,VARCHAR2(40),40,,,N,2,
CENTRO_SPE,CSPE_ID,NUMBER,NUMBER(7),22,7,,N,1,
CENTRO_SPE,CSPE_NOMBRE,VARCHAR2,VARCHAR2(80),80,,,N,2,
CENTRO_SPE,CSPE_DIRECCION,VARCHAR2,VARCHAR2(100),100,,,N,3,
CENTRO_SPE,CSPE_TEL,VARCHAR2,VARCHAR2(30),30,,,N,4,
CENTRO_SPE,CSPE_TEL_ALT,VARCHAR2,VARCHAR2(30),30,,,Y,5,
CENTRO_SPE,CSPE_CORREO_E,VARCHAR2,VARCHAR2(50),50,,,Y,6,
CENTRO_SPE,CSPE_CORREO_E_ALT,VARCHAR2,VARCHAR2(50),50,,,Y,7,
CENTRO_SPE,CSPE_ESTADO,NUMBER,NUMBER(1),22,1,,N,8,
CENTRO_SPE,REG_ID,NUMBER,NUMBER(2),22,2,,N,9,
CENTRO_SPE,MPO_ID,NUMBER,NUMBER(9),22,9,,N,10,
CENTRO_SPE,TIPO_CSPE,NUMBER,NUMBER(1),22,1,,N,11,0 
CENTRO_SPE,CSPE_ATENCION,VARCHAR2,VARCHAR2(100),100,,,Y,12,
CENTRO_SPE,CSPE_RESPONSABLE,VARCHAR2,VARCHAR2(100),100,,,Y,13,
CENTRO_SPE,CSPE_CODIGO_SOFIA,NUMBER,NUMBER(5),22,5,,Y,14,0
CENTRO_SPE_07122012,CSPE_ID,NUMBER,NUMBER(7),22,7,,N,1,
CENTRO_SPE_07122012,CSPE_NOMBRE,VARCHAR2,VARCHAR2(80),80,,,N,2,
CENTRO_SPE_07122012,CSPE_DIRECCION,VARCHAR2,VARCHAR2(100),100,,,N,3,
CENTRO_SPE_07122012,CSPE_TEL,VARCHAR2,VARCHAR2(30),30,,,N,4,
CENTRO_SPE_07122012,CSPE_TEL_ALT,VARCHAR2,VARCHAR2(30),30,,,Y,5,
CENTRO_SPE_07122012,CSPE_CORREO_E,VARCHAR2,VARCHAR2(50),50,,,Y,6,
CENTRO_SPE_07122012,CSPE_CORREO_E_ALT,VARCHAR2,VARCHAR2(50),50,,,Y,7,
CENTRO_SPE_07122012,CSPE_ESTADO,NUMBER,NUMBER(1),22,1,,N,8,
CENTRO_SPE_07122012,REG_ID,NUMBER,NUMBER(2),22,2,,N,9,
CENTRO_SPE_07122012,MPO_ID,NUMBER,NUMBER(9),22,9,,N,10,
CENTRO_SPE_07122012,TIPO_CSPE,NUMBER,NUMBER(1),22,1,,N,11,
CENTRO_SPE_07122012,CSPE_ATENCION,VARCHAR2,VARCHAR2(100),100,,,Y,12,
CENTRO_SPE_07122012,CSPE_RESPONSABLE,VARCHAR2,VARCHAR2(100),100,,,Y,13,
CENTRO_SPE_10062012,CSPE_ID,NUMBER,NUMBER(7),22,7,,N,1,
CENTRO_SPE_10062012,CSPE_NOMBRE,VARCHAR2,VARCHAR2(80),80,,,N,2,
CENTRO_SPE_10062012,CSPE_DIRECCION,VARCHAR2,VARCHAR2(100),100,,,N,3,
CENTRO_SPE_10062012,CSPE_TEL,VARCHAR2,VARCHAR2(30),30,,,N,4,
CENTRO_SPE_10062012,CSPE_TEL_ALT,VARCHAR2,VARCHAR2(30),30,,,Y,5,
CENTRO_SPE_10062012,CSPE_CORREO_E,VARCHAR2,VARCHAR2(50),50,,,Y,6,
CENTRO_SPE_10062012,CSPE_CORREO_E_ALT,VARCHAR2,VARCHAR2(50),50,,,Y,7,
CENTRO_SPE_10062012,CSPE_ESTADO,NUMBER,NUMBER(1),22,1,,N,8,
CENTRO_SPE_10062012,REG_ID,NUMBER,NUMBER(2),22,2,,N,9,
CENTRO_SPE_10062012,MPO_ID,NUMBER,NUMBER(9),22,9,,N,10,
CENTRO_SPE_10062012,TIPO_CSPE,NUMBER,NUMBER(1),22,1,,N,11,
CENTRO_SPE_10062012,CSPE_ATENCION,VARCHAR2,VARCHAR2(100),100,,,Y,12,
CENTRO_SPE_10062012,CSPE_RESPONSABLE,VARCHAR2,VARCHAR2(100),100,,,Y,13,
CENTRO_SPE_12102012,CSPE_ID,NUMBER,NUMBER(7),22,7,,N,1,
CENTRO_SPE_12102012,CSPE_NOMBRE,VARCHAR2,VARCHAR2(80),80,,,N,2,
CENTRO_SPE_12102012,CSPE_DIRECCION,VARCHAR2,VARCHAR2(100),100,,,N,3,
CENTRO_SPE_12102012,CSPE_TEL,VARCHAR2,VARCHAR2(30),30,,,N,4,
CENTRO_SPE_12102012,CSPE_TEL_ALT,VARCHAR2,VARCHAR2(30),30,,,Y,5,
CENTRO_SPE_12102012,CSPE_CORREO_E,VARCHAR2,VARCHAR2(50),50,,,Y,6,
CENTRO_SPE_12102012,CSPE_CORREO_E_ALT,VARCHAR2,VARCHAR2(50),50,,,Y,7,
CENTRO_SPE_12102012,CSPE_ESTADO,NUMBER,NUMBER(1),22,1,,N,8,
CENTRO_SPE_12102012,REG_ID,NUMBER,NUMBER(2),22,2,,N,9,
CENTRO_SPE_12102012,MPO_ID,NUMBER,NUMBER(9),22,9,,N,10,
CENTRO_SPE_12102012,TIPO_CSPE,NUMBER,NUMBER(1),22,1,,N,11,
CENTRO_SPE_12102012,CSPE_ATENCION,VARCHAR2,VARCHAR2(100),100,,,Y,12,
CENTRO_SPE_12102012,CSPE_RESPONSABLE,VARCHAR2,VARCHAR2(100),100,,,Y,13,
CENTRO_SPE_17052013,CSPE_ID,NUMBER,NUMBER(7),22,7,,N,1,
CENTRO_SPE_17052013,CSPE_NOMBRE,VARCHAR2,VARCHAR2(80),80,,,N,2,
CENTRO_SPE_17052013,CSPE_DIRECCION,VARCHAR2,VARCHAR2(100),100,,,N,3,
CENTRO_SPE_17052013,CSPE_TEL,VARCHAR2,VARCHAR2(30),30,,,N,4,
CENTRO_SPE_17052013,CSPE_TEL_ALT,VARCHAR2,VARCHAR2(30),30,,,Y,5,
CENTRO_SPE_17052013,CSPE_CORREO_E,VARCHAR2,VARCHAR2(50),50,,,Y,6,
CENTRO_SPE_17052013,CSPE_CORREO_E_ALT,VARCHAR2,VARCHAR2(50),50,,,Y,7,
CENTRO_SPE_17052013,CSPE_ESTADO,NUMBER,NUMBER(1),22,1,,N,8,
CENTRO_SPE_17052013,REG_ID,NUMBER,NUMBER(2),22,2,,N,9,
CENTRO_SPE_17052013,MPO_ID,NUMBER,NUMBER(9),22,9,,N,10,
CENTRO_SPE_17052013,TIPO_CSPE,NUMBER,NUMBER(1),22,1,,N,11,
CENTRO_SPE_17052013,CSPE_ATENCION,VARCHAR2,VARCHAR2(100),100,,,Y,12,
CENTRO_SPE_17052013,CSPE_RESPONSABLE,VARCHAR2,VARCHAR2(100),100,,,Y,13,
CENTRO_SPE_17072012,CSPE_ID,NUMBER,NUMBER(7),22,7,,N,1,
CENTRO_SPE_17072012,CSPE_NOMBRE,VARCHAR2,VARCHAR2(80),80,,,N,2,
CENTRO_SPE_17072012,CSPE_DIRECCION,VARCHAR2,VARCHAR2(100),100,,,N,3,
CENTRO_SPE_17072012,CSPE_TEL,VARCHAR2,VARCHAR2(30),30,,,N,4,
CENTRO_SPE_17072012,CSPE_TEL_ALT,VARCHAR2,VARCHAR2(30),30,,,Y,5,
CENTRO_SPE_17072012,CSPE_CORREO_E,VARCHAR2,VARCHAR2(50),50,,,Y,6,
CENTRO_SPE_17072012,CSPE_CORREO_E_ALT,VARCHAR2,VARCHAR2(50),50,,,Y,7,
CENTRO_SPE_17072012,CSPE_ESTADO,NUMBER,NUMBER(1),22,1,,N,8,
CENTRO_SPE_17072012,REG_ID,NUMBER,NUMBER(2),22,2,,N,9,
CENTRO_SPE_17072012,MPO_ID,NUMBER,NUMBER(9),22,9,,N,10,
CENTRO_SPE_17072012,TIPO_CSPE,NUMBER,NUMBER(1),22,1,,N,11,
CENTRO_SPE_17072012,CSPE_ATENCION,VARCHAR2,VARCHAR2(100),100,,,Y,12,
CENTRO_SPE_17072012,CSPE_RESPONSABLE,VARCHAR2,VARCHAR2(100),100,,,Y,13,
CENTRO_SPE_19102012,CSPE_ID,NUMBER,NUMBER(7),22,7,,N,1,
CENTRO_SPE_19102012,CSPE_NOMBRE,VARCHAR2,VARCHAR2(80),80,,,N,2,
CENTRO_SPE_19102012,CSPE_DIRECCION,VARCHAR2,VARCHAR2(100),100,,,N,3,
CENTRO_SPE_19102012,CSPE_TEL,VARCHAR2,VARCHAR2(30),30,,,N,4,
CENTRO_SPE_19102012,CSPE_TEL_ALT,VARCHAR2,VARCHAR2(30),30,,,Y,5,
CENTRO_SPE_19102012,CSPE_CORREO_E,VARCHAR2,VARCHAR2(50),50,,,Y,6,
CENTRO_SPE_19102012,CSPE_CORREO_E_ALT,VARCHAR2,VARCHAR2(50),50,,,Y,7,
CENTRO_SPE_19102012,CSPE_ESTADO,NUMBER,NUMBER(1),22,1,,N,8,
CENTRO_SPE_19102012,REG_ID,NUMBER,NUMBER(2),22,2,,N,9,
CENTRO_SPE_19102012,MPO_ID,NUMBER,NUMBER(9),22,9,,N,10,
CENTRO_SPE_19102012,TIPO_CSPE,NUMBER,NUMBER(1),22,1,,N,11,
CENTRO_SPE_19102012,CSPE_ATENCION,VARCHAR2,VARCHAR2(100),100,,,Y,12,
CENTRO_SPE_19102012,CSPE_RESPONSABLE,VARCHAR2,VARCHAR2(100),100,,,Y,13,
CENTRO_SPE_21122012,CSPE_ID,NUMBER,NUMBER(7),22,7,,N,1,
CENTRO_SPE_21122012,CSPE_NOMBRE,VARCHAR2,VARCHAR2(80),80,,,N,2,
CENTRO_SPE_21122012,CSPE_DIRECCION,VARCHAR2,VARCHAR2(100),100,,,N,3,
CENTRO_SPE_21122012,CSPE_TEL,VARCHAR2,VARCHAR2(30),30,,,N,4,
CENTRO_SPE_21122012,CSPE_TEL_ALT,VARCHAR2,VARCHAR2(30),30,,,Y,5,
CENTRO_SPE_21122012,CSPE_CORREO_E,VARCHAR2,VARCHAR2(50),50,,,Y,6,
CENTRO_SPE_21122012,CSPE_CORREO_E_ALT,VARCHAR2,VARCHAR2(50),50,,,Y,7,
CENTRO_SPE_21122012,CSPE_ESTADO,NUMBER,NUMBER(1),22,1,,N,8,
CENTRO_SPE_21122012,REG_ID,NUMBER,NUMBER(2),22,2,,N,9,
CENTRO_SPE_21122012,MPO_ID,NUMBER,NUMBER(9),22,9,,N,10,
CENTRO_SPE_21122012,TIPO_CSPE,NUMBER,NUMBER(1),22,1,,N,11,
CENTRO_SPE_21122012,CSPE_ATENCION,VARCHAR2,VARCHAR2(100),100,,,Y,12,
CENTRO_SPE_21122012,CSPE_RESPONSABLE,VARCHAR2,VARCHAR2(100),100,,,Y,13,
CENTRO_SPE_23112012,CSPE_ID,NUMBER,NUMBER(7),22,7,,N,1,
CENTRO_SPE_23112012,CSPE_NOMBRE,VARCHAR2,VARCHAR2(80),80,,,N,2,
CENTRO_SPE_23112012,CSPE_DIRECCION,VARCHAR2,VARCHAR2(100),100,,,N,3,
CENTRO_SPE_23112012,CSPE_TEL,VARCHAR2,VARCHAR2(30),30,,,N,4,
CENTRO_SPE_23112012,CSPE_TEL_ALT,VARCHAR2,VARCHAR2(30),30,,,Y,5,
CENTRO_SPE_23112012,CSPE_CORREO_E,VARCHAR2,VARCHAR2(50),50,,,Y,6,
CENTRO_SPE_23112012,CSPE_CORREO_E_ALT,VARCHAR2,VARCHAR2(50),50,,,Y,7,
CENTRO_SPE_23112012,CSPE_ESTADO,NUMBER,NUMBER(1),22,1,,N,8,
CENTRO_SPE_23112012,REG_ID,NUMBER,NUMBER(2),22,2,,N,9,
CENTRO_SPE_23112012,MPO_ID,NUMBER,NUMBER(9),22,9,,N,10,
CENTRO_SPE_23112012,TIPO_CSPE,NUMBER,NUMBER(1),22,1,,N,11,
CENTRO_SPE_23112012,CSPE_ATENCION,VARCHAR2,VARCHAR2(100),100,,,Y,12,
CENTRO_SPE_23112012,CSPE_RESPONSABLE,VARCHAR2,VARCHAR2(100),100,,,Y,13,
CERTIFICADOS_2022,COD_REGIONAL,NUMBER,NUMBER,22,,,Y,1,
CERTIFICADOS_2022,TIPO_APRENDIZ,VARCHAR2,VARCHAR2(50),50,,,Y,2,
CERTIFICADOS_2022,NUMERO_APRENDIZ,NUMBER,NUMBER,22,,,Y,3,
CERTIFICADOS_2022,NOMBRE_APRENDIZ,VARCHAR2,VARCHAR2(250),250,,,Y,4,
CERTIFICADOS_2022,PRIMER_APELLIDO,VARCHAR2,VARCHAR2(250),250,,,Y,5,
CERTIFICADOS_2022,SEGUNDO_APELLIDO,VARCHAR2,VARCHAR2(250),250,,,Y,6,
CERTIFICADOS_2022,GENERO,VARCHAR2,VARCHAR2(250),250,,,Y,7,
CERTIFICADOS_2022,CODIGO_REGIONAL,NUMBER,NUMBER,22,,,Y,8,
CERTIFICADOS_2022,NOMBRE_REGIONAL,VARCHAR2,VARCHAR2(250),250,,,Y,9,
CERTIFICADOS_2022,CODIGO_CENTRO,NUMBER,NUMBER,22,,,Y,10,
CERTIFICADOS_2022,NOMBRE_CENTRO,VARCHAR2,VARCHAR2(250),250,,,Y,11,
CERTIFICADOS_2022,CODIGO_NIVEL_FORM,NUMBER,NUMBER,22,,,Y,12,
CERTIFICADOS_2022,NIVEL_FORMACION,VARCHAR2,VARCHAR2(250),250,,,Y,13,
CERTIFICADOS_2022,CODIGO_PROGRAMA,NUMBER,NUMBER,22,,,Y,14,
CERTIFICADOS_2022,PROGRAMA_FORMACION,VARCHAR2,VARCHAR2(250),250,,,Y,15,
CERTIFICADOS_2022,MES_CERTIFICACION,NUMBER,NUMBER,22,,,Y,16,
CERTIFICADOS_2022,COTIZANTE,NUMBER,NUMBER,22,,,Y,17,
CERTIFICADOS_6M_GENERAL,TIPO_IDEN_APRENDIZ,VARCHAR2,VARCHAR2(5),5,,,Y,1,
CERTIFICADOS_6M_GENERAL,NUMERO_IDEN_APRENDIZ,NUMBER,NUMBER(38),22,38,,Y,2,
CERTIFICADOS_6M_GENERAL,NOMBRE_APRENDIZ,VARCHAR2,VARCHAR2(250),250,,,Y,3,
CERTIFICADOS_6M_GENERAL,PRIMER_APELLIDO,VARCHAR2,VARCHAR2(250),250,,,Y,4,
CERTIFICADOS_6M_GENERAL,SEGUNDO_APELLIDO,VARCHAR2,VARCHAR2(250),250,,,Y,5,
CERTIFICADOS_6M_GENERAL,GENERO,VARCHAR2,VARCHAR2(2),2,,,Y,6,
CERTIFICADOS_6M_GENERAL,CODIGO_REGIONAL,NUMBER,NUMBER(38),22,38,,Y,7,
CERTIFICADOS_6M_GENERAL,NOMBRE_REGIONAL,VARCHAR2,VARCHAR2(250),250,,,Y,8,
CERTIFICADOS_6M_GENERAL,CODIGO_CENTRO,NUMBER,NUMBER(38),22,38,,Y,9,
CERTIFICADOS_6M_GENERAL,NOMBRE_CENTRO,VARCHAR2,VARCHAR2(250),250,,,Y,10,
CERTIFICADOS_6M_GENERAL,CODIGO_NIVEL_FORM,NUMBER,NUMBER(38),22,38,,Y,11,
CERTIFICADOS_6M_GENERAL,NIVEL_FORMACION,VARCHAR2,VARCHAR2(250),250,,,Y,12,
CERTIFICADOS_6M_GENERAL,CODIGO_PROGRAMA,NUMBER,NUMBER(38),22,38,,Y,13,
CERTIFICADOS_6M_GENERAL,PROGRAMA_FORMACION,VARCHAR2,VARCHAR2(250),250,,,Y,14,
CERTIFICADOS_6M_GENERAL,MES_CERTIFICACION,NUMBER,NUMBER(38),22,38,,Y,15,
CERTIFICADOS_6M_GENERAL,COTIZANTE,NUMBER,NUMBER(38),22,38,,Y,16,
CERTIFICADOS_6_MESES_TOTAL,Regional,VARCHAR2,VARCHAR2(1024),1024,,,Y,1,
CERTIFICADOS_6_MESES_TOTAL,ID Centro,NUMBER,NUMBER,22,,,Y,2,
CERTIFICADOS_6_MESES_TOTAL,CENTRO,VARCHAR2,VARCHAR2(1024),1024,,,Y,3,
CERTIFICADOS_6_MESES_TOTAL,FICHA,VARCHAR2,VARCHAR2(1024),1024,,,Y,4,
CERTIFICADOS_6_MESES_TOTAL,Fecha Inicio,VARCHAR2,VARCHAR2(1024),1024,,,Y,5,
CERTIFICADOS_6_MESES_TOTAL,Fecha Fin,VARCHAR2,VARCHAR2(1024),1024,,,Y,6,
CERTIFICADOS_6_MESES_TOTAL,Estado Ficha,VARCHAR2,VARCHAR2(1024),1024,,,Y,7,
CERTIFICADOS_6_MESES_TOTAL,MODALIDAD,VARCHAR2,VARCHAR2(1024),1024,,,Y,8,
CERTIFICADOS_6_MESES_TOTAL,Tipo Programa,VARCHAR2,VARCHAR2(1024),1024,,,Y,9,
CERTIFICADOS_6_MESES_TOTAL,NIVEL,VARCHAR2,VARCHAR2(1024),1024,,,Y,10,
CERTIFICADOS_6_MESES_TOTAL,PROGRAMA,VARCHAR2,VARCHAR2(1024),1024,,,Y,11,
CERTIFICADOS_6_MESES_TOTAL,Municipio Programa,VARCHAR2,VARCHAR2(1024),1024,,,Y,12,
CERTIFICADOS_6_MESES_TOTAL,Estado Aprendiz,VARCHAR2,VARCHAR2(1024),1024,,,Y,13,
CERTIFICADOS_6_MESES_TOTAL,Fecha de Certificado,VARCHAR2,VARCHAR2(1024),1024,,,Y,14,
CERTIFICADOS_6_MESES_TOTAL,Tipo Documento,VARCHAR2,VARCHAR2(1024),1024,,,Y,15,
CERTIFICADOS_6_MESES_TOTAL,NUMERO_IDENTIFICACION_APRENDIZ,NUMBER,NUMBER,22,,,Y,16,
CERTIFICADOS_6_MESES_TOTAL,NOMBRES,VARCHAR2,VARCHAR2(1024),1024,,,Y,17,
CERTIFICADOS_6_MESES_TOTAL,Primer Apellido,VARCHAR2,VARCHAR2(1024),1024,,,Y,18,
CERTIFICADOS_6_MESES_TOTAL,Segundo Apellidos,VARCHAR2,VARCHAR2(1024),1024,,,Y,19,
CERTIFICADOS_6_MESES_TOTAL,CORREO,VARCHAR2,VARCHAR2(1024),1024,,,Y,20,
CERTIFICADOS_6_MESES_TOTAL,TELEFONOS,VARCHAR2,VARCHAR2(1024),1024,,,Y,21,
CERTIFICADOS_6_MESES_TOTAL,CELULAR,VARCHAR2,VARCHAR2(1024),1024,,,Y,22,
CERTIFICADOS_6_MESES_TOTAL,Ciudad Residencia,VARCHAR2,VARCHAR2(1024),1024,,,Y,23,
CERTIFICADOS_6_MESES_TOTAL,DIRECCION,VARCHAR2,VARCHAR2(1024),1024,,,Y,24,
CERTIFICADOS_6_MESES_TOTAL,GÉNERO,VARCHAR2,VARCHAR2(1024),1024,,,Y,25,
CERTIFICADOS_6_MESES_TOTAL,Fecha Nacimiento,VARCHAR2,VARCHAR2(1024),1024,,,Y,26,
CERTIFICADOS_6_MESES_TOTAL,Fecha Exp Documento,VARCHAR2,VARCHAR2(1024),1024,,,Y,27,
CERTIFICADOS_6_MESES_TOTAL,Incluido en el RUV,VARCHAR2,VARCHAR2(1024),1024,,,Y,28,
CERTIFICADOS_NACIONAL,CODIGO_REGIONAL,NUMBER,NUMBER,22,,,Y,1,
CERTIFICADOS_NACIONAL,NOMBRE_REGIONAL,VARCHAR2,VARCHAR2(350),350,,,Y,2,
CERTIFICADOS_NACIONAL,CODIGO_NOMBRE_CENTRO,VARCHAR2,VARCHAR2(350),350,,,Y,3,
CERTIFICADOS_NACIONAL,CENTRO,VARCHAR2,VARCHAR2(350),350,,,Y,4,
CERTIFICADOS_NACIONAL,PROGRAMA_FORMACION,VARCHAR2,VARCHAR2(350),350,,,Y,5,
CERTIFICADOS_NACIONAL,CODIGO_PROGRMA_FORMACION,VARCHAR2,VARCHAR2(350),350,,,Y,6,
CERTIFICADOS_NACIONAL,VERSION_PROGRAMA,VARCHAR2,VARCHAR2(350),350,,,Y,7,
CERTIFICADOS_NACIONAL,TIPO_PROGRAMA,VARCHAR2,VARCHAR2(350),350,,,Y,8,
CERTIFICADOS_NACIONAL,NIVEL_FORMACION,VARCHAR2,VARCHAR2(50),50,,,Y,9,
CERTIFICADOS_NACIONAL,FICHA,VARCHAR2,VARCHAR2(350),350,,,Y,10,
CERTIFICADOS_NACIONAL,ESTADO_APRENDIZ,VARCHAR2,VARCHAR2(50),50,,,Y,11,
CERTIFICADOS_NACIONAL,FICHA_TIPO_RESPUESTA,VARCHAR2,VARCHAR2(50),50,,,Y,12,
CERTIFICADOS_NACIONAL,FICHA_MOD_FORMACIÓN,VARCHAR2,VARCHAR2(50),50,,,Y,13,
CERTIFICADOS_NACIONAL,FECHA_INICIO,VARCHAR2,VARCHAR2(50),50,,,Y,14,
CERTIFICADOS_NACIONAL,FECHA_FIN,VARCHAR2,VARCHAR2(50),50,,,Y,15,
CERTIFICADOS_NACIONAL,DURACION,VARCHAR2,VARCHAR2(350),350,,,Y,16,
CERTIFICADOS_NACIONAL,NIS_APRENDIZ,VARCHAR2,VARCHAR2(350),350,,,Y,17,
CERTIFICADOS_NACIONAL,TIPO_DOCUMENTO,VARCHAR2,VARCHAR2(50),50,,,Y,18,
CERTIFICADOS_NACIONAL,NUM_DOC_IDENTIDAD,NUMBER,NUMBER,22,,,Y,19,
CERTIFICADOS_NACIONAL,NOMBRE,VARCHAR2,VARCHAR2(350),350,,,Y,20,
CERTIFICADOS_NACIONAL,APELLIDOS,VARCHAR2,VARCHAR2(350),350,,,Y,21,
CERTIFICADOS_NACIONAL,CORREO_E,VARCHAR2,VARCHAR2(350),350,,,Y,22,
CERTIFICADOS_NACIONAL,NUM_CONTACTO,VARCHAR2,VARCHAR2(350),350,,,Y,23,
CERTIFICADOS_NACIONAL,PERIODO_CERTIF,VARCHAR2,VARCHAR2(350),350,,,Y,24,
CERTIFICADOS_NACIONAL,FECHA_CERTIF,VARCHAR2,VARCHAR2(350),350,,,Y,25,
CERTIFICADOS_NACIONAL,EDAD_CERTIFICADO,VARCHAR2,VARCHAR2(350),350,,,Y,26,
CERTIFICADOS_NACIONAL,GENERO,VARCHAR2,VARCHAR2(350),350,,,Y,27,
CERTIFICADOS_NACIONAL,ESTADO_CIVIL,VARCHAR2,VARCHAR2(350),350,,,Y,28,
CERTIFICADOS_NACIONAL,TIPO_POBLACION,VARCHAR2,VARCHAR2(350),350,,,Y,29,
CERTIFICADOS_NACIONAL,PAIS_NACIMIENTO,VARCHAR2,VARCHAR2(350),350,,,Y,30,
CERTIFICADOS_NACIONAL,DPT_NACIMIENTO,VARCHAR2,VARCHAR2(350),350,,,Y,31,
CERTIFICADOS_NACIONAL,CIUDAD_NACIMIENTO,VARCHAR2,VARCHAR2(350),350,,,Y,32,
CERTIFICADOS_NACIONAL,ESTRATO,VARCHAR2,VARCHAR2(350),350,,,Y,33,
CERTIFICADOS_NACIONAL,PAIS_RESIDENCIA,VARCHAR2,VARCHAR2(350),350,,,Y,34,
CERTIFICADOS_NACIONAL,DPTO_RESIDENCIA,VARCHAR2,VARCHAR2(350),350,,,Y,35,
CERTIFICADOS_NACIONAL,MUNICIPIO_RESIDENCIA,VARCHAR2,VARCHAR2(350),350,,,Y,36,
CERTIFICADOS_NACIONAL,FECHA_NACIMIENTO,VARCHAR2,VARCHAR2(350),350,,,Y,37,
CERTIFICADOS_NACIONAL,APOYO_FIC,VARCHAR2,VARCHAR2(350),350,,,Y,38,
CERTIFICADOS_NACIONAL,APOYO_SOSTENIMIENTO,VARCHAR2,VARCHAR2(350),350,,,Y,39,
CERTIFICADOS_NACIONAL,JORNADA,VARCHAR2,VARCHAR2(350),350,,,Y,40,
CERTIFICADOS_NACIONAL,AMPLIAC_COBERTURA,VARCHAR2,VARCHAR2(350),350,,,Y,41,
CERTIFICADOS_NACIONAL,PGRM_ESPECIAL,VARCHAR2,VARCHAR2(350),350,,,Y,42,
CERTIFICADOS_NACIONAL,REGISTRO_CERTIFICACION,VARCHAR2,VARCHAR2(350),350,,,Y,43,
CERTIFICADOS_NACIONAL,T,VARCHAR2,VARCHAR2(350),350,,,Y,44,
CIIU,CIIU_ID,VARCHAR2,VARCHAR2(4),4,,,N,1,
CIIU,CIIU_NOMBRE,VARCHAR2,VARCHAR2(200),200,,,N,2,
CIIU,GRC_ID,VARCHAR2,VARCHAR2(3),3,,,N,3,
CK_LOG,LINENUM,NUMBER,NUMBER,22,,,Y,1,
CK_LOG,LINEMSG,VARCHAR2,VARCHAR2(2000),2000,,,Y,2,
CNO,CNO_ID,VARCHAR2,VARCHAR2(6),6,,,N,1,
CNO,OCU_ID,VARCHAR2,VARCHAR2(4),4,,,N,2,
CNO_CARGA,CNC_ID,VARCHAR2,VARCHAR2(32),32,,,N,1,
CNO_CARGA,CNC_ARCHIVO,VARCHAR2,VARCHAR2(255),255,,,N,2,
CNO_CARGA,CNC_USUARIO,VARCHAR2,VARCHAR2(20),20,,,N,3,
CNO_CARGA,CNC_FECHA_INICIO,DATE,DATE,7,,,N,4,
CNO_CARGA,CNC_FECHA_FIN,DATE,DATE,7,,,Y,5,
CNO_CARGA,CNC_STATUS,NUMBER,NUMBER(1),22,1,,N,6,
CNO_CARGA_LOG,CNC_ID,VARCHAR2,VARCHAR2(32),32,,,N,1,
CNO_CARGA_LOG,CCL_MENSAJE,CLOB,CLOB,4000,,,N,2,
CNO_CARGA_LOG,CCL_ID,NUMBER,NUMBER,22,,,N,3,
COLOCACIONES_201809,OFT_ID,NUMBER,NUMBER(10),22,10,,Y,1,
COLOCACIONES_201809,IDENTIFICACION,VARCHAR2,VARCHAR2(20),20,,,Y,2,
COLOCACIONES_201809,USUARIO,VARCHAR2,VARCHAR2(80),80,,,Y,3,
COLOCACIONES_201809,PAI_ID,NUMBER,NUMBER(4),22,4,,Y,4,
COLOCACIONES_201809,DEPARTAMENTO,VARCHAR2,VARCHAR2(40),40,,,Y,5,
COLOCACIONES_201809,MUNICIPIO,VARCHAR2,VARCHAR2(40),40,,,Y,6,
COLOCACIONES_201809,GENERO,VARCHAR2,VARCHAR2(20),20,,,Y,7,
COLOCACIONES_201809,FECHA_COLOCACION,VARCHAR2,VARCHAR2(20),20,,,Y,8,
COLOCACIONES_201809,SOLICITUD,NUMBER,NUMBER(10),22,10,,Y,9,
COLOCACIONES_201809,OCUPACION,VARCHAR2,VARCHAR2(200),200,,,Y,10,
COLOCACIONES_201809,EMPRESA,VARCHAR2,VARCHAR2(200),200,,,Y,11,
COLOCACIONES_201810,OFT_ID,NUMBER,NUMBER(10),22,10,,Y,1,
COLOCACIONES_201810,IDENTIFICACION,VARCHAR2,VARCHAR2(20),20,,,Y,2,
COLOCACIONES_201810,USUARIO,VARCHAR2,VARCHAR2(80),80,,,Y,3,
COLOCACIONES_201810,PAI_ID,NUMBER,NUMBER(4),22,4,,Y,4,
COLOCACIONES_201810,DEPARTAMENTO,VARCHAR2,VARCHAR2(40),40,,,Y,5,
COLOCACIONES_201810,MUNICIPIO,VARCHAR2,VARCHAR2(40),40,,,Y,6,
COLOCACIONES_201810,GENERO,VARCHAR2,VARCHAR2(20),20,,,Y,7,
COLOCACIONES_201810,FECHA_COLOCACION,VARCHAR2,VARCHAR2(20),20,,,Y,8,
COLOCACIONES_201810,SOLICITUD,NUMBER,NUMBER(10),22,10,,Y,9,
COLOCACIONES_201810,OCUPACION,VARCHAR2,VARCHAR2(200),200,,,Y,10,
COLOCACIONES_201810,EMPRESA,VARCHAR2,VARCHAR2(200),200,,,Y,11,
COLOCACIONES_201811,OFT_ID,NUMBER,NUMBER(10),22,10,,Y,1,
COLOCACIONES_201811,IDENTIFICACION,VARCHAR2,VARCHAR2(20),20,,,Y,2,
COLOCACIONES_201811,USUARIO,VARCHAR2,VARCHAR2(80),80,,,Y,3,
COLOCACIONES_201811,PAI_ID,NUMBER,NUMBER(4),22,4,,Y,4,
COLOCACIONES_201811,DEPARTAMENTO,VARCHAR2,VARCHAR2(40),40,,,Y,5,
COLOCACIONES_201811,MUNICIPIO,VARCHAR2,VARCHAR2(40),40,,,Y,6,
COLOCACIONES_201811,GENERO,VARCHAR2,VARCHAR2(20),20,,,Y,7,
COLOCACIONES_201811,FECHA_COLOCACION,VARCHAR2,VARCHAR2(20),20,,,Y,8,
COLOCACIONES_201811,SOLICITUD,NUMBER,NUMBER(10),22,10,,Y,9,
COLOCACIONES_201811,OCUPACION,VARCHAR2,VARCHAR2(200),200,,,Y,10,
COLOCACIONES_201811,EMPRESA,VARCHAR2,VARCHAR2(200),200,,,Y,11,
COLOCACIONES_201812,OFT_ID,NUMBER,NUMBER(10),22,10,,Y,1,
COLOCACIONES_201812,IDENTIFICACION,VARCHAR2,VARCHAR2(20),20,,,Y,2,
COLOCACIONES_201812,USUARIO,VARCHAR2,VARCHAR2(80),80,,,Y,3,
COLOCACIONES_201812,PAI_ID,NUMBER,NUMBER(4),22,4,,Y,4,
COLOCACIONES_201812,DEPARTAMENTO,VARCHAR2,VARCHAR2(40),40,,,Y,5,
COLOCACIONES_201812,MUNICIPIO,VARCHAR2,VARCHAR2(40),40,,,Y,6,
COLOCACIONES_201812,GENERO,VARCHAR2,VARCHAR2(20),20,,,Y,7,
COLOCACIONES_201812,FECHA_COLOCACION,VARCHAR2,VARCHAR2(20),20,,,Y,8,
COLOCACIONES_201812,SOLICITUD,NUMBER,NUMBER(10),22,10,,Y,9,
COLOCACIONES_201812,OCUPACION,VARCHAR2,VARCHAR2(200),200,,,Y,10,
COLOCACIONES_201812,EMPRESA,VARCHAR2,VARCHAR2(200),200,,,Y,11,
COLOCACIONES_201901,OFT_ID,NUMBER,NUMBER(10),22,10,,Y,1,
COLOCACIONES_201901,TIPO_IDENTIFICACION,VARCHAR2,VARCHAR2(4),4,,,Y,2,
COLOCACIONES_201901,IDENTIFICACION,VARCHAR2,VARCHAR2(20),20,,,Y,3,
COLOCACIONES_201901,USUARIO,VARCHAR2,VARCHAR2(80),80,,,Y,4,
COLOCACIONES_201901,GENERO,VARCHAR2,VARCHAR2(20),20,,,Y,5,
COLOCACIONES_201901,PAI_ID,NUMBER,NUMBER(4),22,4,,Y,6,
COLOCACIONES_201901,DEPARTAMENTO,VARCHAR2,VARCHAR2(40),40,,,Y,7,
COLOCACIONES_201901,MUNICIPIO,VARCHAR2,VARCHAR2(40),40,,,Y,8,
COLOCACIONES_201901,SOLICITUD,NUMBER,NUMBER(10),22,10,,Y,9,
COLOCACIONES_201901,OCUPACION,VARCHAR2,VARCHAR2(200),200,,,Y,10,
COLOCACIONES_201901,EMPRESA,VARCHAR2,VARCHAR2(200),200,,,Y,11,
COLOCACIONES_201901,FECHA_COLOCACION,VARCHAR2,VARCHAR2(20),20,,,Y,12,
COLOCACIONES_201902,OFT_ID,NUMBER,NUMBER(10),22,10,,Y,1,
COLOCACIONES_201902,TIPO_IDENTIFICACION,VARCHAR2,VARCHAR2(4),4,,,Y,2,
COLOCACIONES_201902,IDENTIFICACION,VARCHAR2,VARCHAR2(20),20,,,Y,3,
COLOCACIONES_201902,USUARIO,VARCHAR2,VARCHAR2(80),80,,,Y,4,
COLOCACIONES_201902,GENERO,VARCHAR2,VARCHAR2(20),20,,,Y,5,
COLOCACIONES_201902,PAI_ID,NUMBER,NUMBER(4),22,4,,Y,6,
COLOCACIONES_201902,DEPARTAMENTO,VARCHAR2,VARCHAR2(40),40,,,Y,7,
COLOCACIONES_201902,MUNICIPIO,VARCHAR2,VARCHAR2(40),40,,,Y,8,
COLOCACIONES_201902,SOLICITUD,NUMBER,NUMBER(10),22,10,,Y,9,
COLOCACIONES_201902,OCUPACION,VARCHAR2,VARCHAR2(200),200,,,Y,10,
COLOCACIONES_201902,EMPRESA,VARCHAR2,VARCHAR2(200),200,,,Y,11,
COLOCACIONES_201902,FECHA_COLOCACION,VARCHAR2,VARCHAR2(20),20,,,Y,12,
COLOCACIONES_201903,OFT_ID,NUMBER,NUMBER(10),22,10,,Y,1,
COLOCACIONES_201903,TIPO_IDENTIFICACION,VARCHAR2,VARCHAR2(4),4,,,Y,2,
COLOCACIONES_201903,IDENTIFICACION,VARCHAR2,VARCHAR2(20),20,,,Y,3,
COLOCACIONES_201903,USUARIO,VARCHAR2,VARCHAR2(80),80,,,Y,4,
COLOCACIONES_201903,GENERO,VARCHAR2,VARCHAR2(20),20,,,Y,5,
COLOCACIONES_201903,PAI_ID,NUMBER,NUMBER(4),22,4,,Y,6,
COLOCACIONES_201903,DEPARTAMENTO,VARCHAR2,VARCHAR2(40),40,,,Y,7,
COLOCACIONES_201903,MUNICIPIO,VARCHAR2,VARCHAR2(40),40,,,Y,8,
COLOCACIONES_201903,SOLICITUD,NUMBER,NUMBER(10),22,10,,Y,9,
COLOCACIONES_201903,OCUPACION,VARCHAR2,VARCHAR2(200),200,,,Y,10,
COLOCACIONES_201903,EMPRESA,VARCHAR2,VARCHAR2(200),200,,,Y,11,
COLOCACIONES_201903,FECHA_COLOCACION,VARCHAR2,VARCHAR2(20),20,,,Y,12,
COLOCACIONES_201904,OFT_ID,NUMBER,NUMBER(10),22,10,,Y,1,
COLOCACIONES_201904,TIPO_IDENTIFICACION,VARCHAR2,VARCHAR2(4),4,,,Y,2,
COLOCACIONES_201904,IDENTIFICACION,VARCHAR2,VARCHAR2(20),20,,,Y,3,
COLOCACIONES_201904,USUARIO,VARCHAR2,VARCHAR2(80),80,,,Y,4,
COLOCACIONES_201904,GENERO,VARCHAR2,VARCHAR2(20),20,,,Y,5,
COLOCACIONES_201904,PAI_ID,NUMBER,NUMBER(4),22,4,,Y,6,
COLOCACIONES_201904,DEPARTAMENTO,VARCHAR2,VARCHAR2(40),40,,,Y,7,
COLOCACIONES_201904,MUNICIPIO,VARCHAR2,VARCHAR2(40),40,,,Y,8,
COLOCACIONES_201904,SOLICITUD,NUMBER,NUMBER(10),22,10,,Y,9,
COLOCACIONES_201904,OCUPACION,VARCHAR2,VARCHAR2(200),200,,,Y,10,
COLOCACIONES_201904,EMPRESA,VARCHAR2,VARCHAR2(200),200,,,Y,11,
COLOCACIONES_201904,FECHA_COLOCACION,VARCHAR2,VARCHAR2(20),20,,,Y,12,
COLOCACIONES_201905,OFT_ID,NUMBER,NUMBER(10),22,10,,Y,1,
COLOCACIONES_201905,TIPO_IDENTIFICACION,VARCHAR2,VARCHAR2(4),4,,,Y,2,
COLOCACIONES_201905,IDENTIFICACION,VARCHAR2,VARCHAR2(20),20,,,Y,3,
COLOCACIONES_201905,USUARIO,VARCHAR2,VARCHAR2(80),80,,,Y,4,
COLOCACIONES_201905,GENERO,VARCHAR2,VARCHAR2(20),20,,,Y,5,
COLOCACIONES_201905,PAI_ID,NUMBER,NUMBER(4),22,4,,Y,6,
COLOCACIONES_201905,DEPARTAMENTO,VARCHAR2,VARCHAR2(40),40,,,Y,7,
COLOCACIONES_201905,MUNICIPIO,VARCHAR2,VARCHAR2(40),40,,,Y,8,
COLOCACIONES_201905,SOLICITUD,NUMBER,NUMBER(10),22,10,,Y,9,
COLOCACIONES_201905,OCUPACION,VARCHAR2,VARCHAR2(200),200,,,Y,10,
COLOCACIONES_201905,EMPRESA,VARCHAR2,VARCHAR2(200),200,,,Y,11,
COLOCACIONES_201905,FECHA_COLOCACION,VARCHAR2,VARCHAR2(20),20,,,Y,12,
COLOCACIONES_201906,OFT_ID,NUMBER,NUMBER(10),22,10,,Y,1,
COLOCACIONES_201906,TIPO_IDENTIFICACION,VARCHAR2,VARCHAR2(4),4,,,Y,2,
COLOCACIONES_201906,IDENTIFICACION,VARCHAR2,VARCHAR2(20),20,,,Y,3,
COLOCACIONES_201906,USUARIO,VARCHAR2,VARCHAR2(80),80,,,Y,4,
COLOCACIONES_201906,GENERO,VARCHAR2,VARCHAR2(20),20,,,Y,5,
COLOCACIONES_201906,PAI_ID,NUMBER,NUMBER(4),22,4,,Y,6,
COLOCACIONES_201906,DEPARTAMENTO,VARCHAR2,VARCHAR2(40),40,,,Y,7,
COLOCACIONES_201906,MUNICIPIO,VARCHAR2,VARCHAR2(40),40,,,Y,8,
COLOCACIONES_201906,SOLICITUD,NUMBER,NUMBER(10),22,10,,Y,9,
COLOCACIONES_201906,OCUPACION,VARCHAR2,VARCHAR2(200),200,,,Y,10,
COLOCACIONES_201906,EMPRESA,VARCHAR2,VARCHAR2(200),200,,,Y,11,
COLOCACIONES_201906,FECHA_COLOCACION,VARCHAR2,VARCHAR2(20),20,,,Y,12,
COLOCACIONES_201907,OFT_ID,NUMBER,NUMBER(10),22,10,,Y,1,
COLOCACIONES_201907,TIPO_IDENTIFICACION,VARCHAR2,VARCHAR2(4),4,,,Y,2,
COLOCACIONES_201907,IDENTIFICACION,VARCHAR2,VARCHAR2(20),20,,,Y,3,
COLOCACIONES_201907,USUARIO,VARCHAR2,VARCHAR2(80),80,,,Y,4,
COLOCACIONES_201907,GENERO,VARCHAR2,VARCHAR2(20),20,,,Y,5,
COLOCACIONES_201907,PAI_ID,NUMBER,NUMBER(4),22,4,,Y,6,
COLOCACIONES_201907,DEPARTAMENTO,VARCHAR2,VARCHAR2(40),40,,,Y,7,
COLOCACIONES_201907,MUNICIPIO,VARCHAR2,VARCHAR2(40),40,,,Y,8,
COLOCACIONES_201907,SOLICITUD,NUMBER,NUMBER(10),22,10,,Y,9,
COLOCACIONES_201907,OCUPACION,VARCHAR2,VARCHAR2(200),200,,,Y,10,
COLOCACIONES_201907,EMPRESA,VARCHAR2,VARCHAR2(200),200,,,Y,11,
COLOCACIONES_201907,FECHA_COLOCACION,VARCHAR2,VARCHAR2(20),20,,,Y,12,
COLOCACIONES_201908,OFT_ID,NUMBER,NUMBER(10),22,10,,Y,1,
COLOCACIONES_201908,TIPO_IDENTIFICACION,VARCHAR2,VARCHAR2(4),4,,,Y,2,
COLOCACIONES_201908,IDENTIFICACION,VARCHAR2,VARCHAR2(20),20,,,Y,3,
COLOCACIONES_201908,USUARIO,VARCHAR2,VARCHAR2(80),80,,,Y,4,
COLOCACIONES_201908,GENERO,VARCHAR2,VARCHAR2(20),20,,,Y,5,
COLOCACIONES_201908,PAI_ID,NUMBER,NUMBER(4),22,4,,Y,6,
COLOCACIONES_201908,DEPARTAMENTO,VARCHAR2,VARCHAR2(60),60,,,Y,7,
COLOCACIONES_201908,MUNICIPIO,VARCHAR2,VARCHAR2(60),60,,,Y,8,
COLOCACIONES_201908,SOLICITUD,NUMBER,NUMBER(10),22,10,,Y,9,
COLOCACIONES_201908,OCUPACION,VARCHAR2,VARCHAR2(200),200,,,Y,10,
COLOCACIONES_201908,EMPRESA,VARCHAR2,VARCHAR2(200),200,,,Y,11,
COLOCACIONES_201908,FECHA_COLOCACION,VARCHAR2,VARCHAR2(20),20,,,Y,12,
COLOCACIONES_201909,OFT_ID,NUMBER,NUMBER(10),22,10,,Y,1,
COLOCACIONES_201909,TIPO_IDENTIFICACION,VARCHAR2,VARCHAR2(4),4,,,Y,2,
COLOCACIONES_201909,IDENTIFICACION,VARCHAR2,VARCHAR2(20),20,,,Y,3,
COLOCACIONES_201909,USUARIO,VARCHAR2,VARCHAR2(80),80,,,Y,4,
COLOCACIONES_201909,GENERO,VARCHAR2,VARCHAR2(20),20,,,Y,5,
COLOCACIONES_201909,PAI_ID,NUMBER,NUMBER(4),22,4,,Y,6,
COLOCACIONES_201909,DEPARTAMENTO,VARCHAR2,VARCHAR2(60),60,,,Y,7,
COLOCACIONES_201909,MUNICIPIO,VARCHAR2,VARCHAR2(60),60,,,Y,8,
COLOCACIONES_201909,SOLICITUD,NUMBER,NUMBER(10),22,10,,Y,9,
COLOCACIONES_201909,OCUPACION,VARCHAR2,VARCHAR2(200),200,,,Y,10,
COLOCACIONES_201909,EMPRESA,VARCHAR2,VARCHAR2(200),200,,,Y,11,
COLOCACIONES_201909,FECHA_COLOCACION,VARCHAR2,VARCHAR2(20),20,,,Y,12,
COLOCACIONES_201910,OFT_ID,NUMBER,NUMBER(10),22,10,,Y,1,
COLOCACIONES_201910,TIPO_IDENTIFICACION,VARCHAR2,VARCHAR2(4),4,,,Y,2,
COLOCACIONES_201910,IDENTIFICACION,VARCHAR2,VARCHAR2(20),20,,,Y,3,
COLOCACIONES_201910,USUARIO,VARCHAR2,VARCHAR2(80),80,,,Y,4,
COLOCACIONES_201910,GENERO,VARCHAR2,VARCHAR2(20),20,,,Y,5,
COLOCACIONES_201910,PAI_ID,NUMBER,NUMBER(4),22,4,,Y,6,
COLOCACIONES_201910,DEPARTAMENTO,VARCHAR2,VARCHAR2(60),60,,,Y,7,
COLOCACIONES_201910,MUNICIPIO,VARCHAR2,VARCHAR2(60),60,,,Y,8,
COLOCACIONES_201910,SOLICITUD,NUMBER,NUMBER(10),22,10,,Y,9,
COLOCACIONES_201910,OCUPACION,VARCHAR2,VARCHAR2(200),200,,,Y,10,
COLOCACIONES_201910,EMPRESA,VARCHAR2,VARCHAR2(200),200,,,Y,11,
COLOCACIONES_201910,FECHA_COLOCACION,VARCHAR2,VARCHAR2(20),20,,,Y,12,
COLOCACIONES_201911,OFT_ID,NUMBER,NUMBER(10),22,10,,Y,1,
COLOCACIONES_201911,TIPO_IDENTIFICACION,VARCHAR2,VARCHAR2(4),4,,,Y,2,
COLOCACIONES_201911,IDENTIFICACION,VARCHAR2,VARCHAR2(20),20,,,Y,3,
COLOCACIONES_201911,USUARIO,VARCHAR2,VARCHAR2(80),80,,,Y,4,
COLOCACIONES_201911,GENERO,VARCHAR2,VARCHAR2(20),20,,,Y,5,
COLOCACIONES_201911,PAI_ID,NUMBER,NUMBER(4),22,4,,Y,6,
COLOCACIONES_201911,DEPARTAMENTO,VARCHAR2,VARCHAR2(60),60,,,Y,7,
COLOCACIONES_201911,MUNICIPIO,VARCHAR2,VARCHAR2(60),60,,,Y,8,
COLOCACIONES_201911,SOLICITUD,NUMBER,NUMBER(10),22,10,,Y,9,
COLOCACIONES_201911,OCUPACION,VARCHAR2,VARCHAR2(200),200,,,Y,10,
COLOCACIONES_201911,EMPRESA,VARCHAR2,VARCHAR2(200),200,,,Y,11,
COLOCACIONES_201911,FECHA_COLOCACION,VARCHAR2,VARCHAR2(20),20,,,Y,12,
COLOCACIONES_201912,OFT_ID,NUMBER,NUMBER(10),22,10,,Y,1,
COLOCACIONES_201912,TIPO_IDENTIFICACION,VARCHAR2,VARCHAR2(4),4,,,Y,2,
COLOCACIONES_201912,IDENTIFICACION,VARCHAR2,VARCHAR2(20),20,,,Y,3,
COLOCACIONES_201912,USUARIO,VARCHAR2,VARCHAR2(80),80,,,Y,4,
COLOCACIONES_201912,GENERO,VARCHAR2,VARCHAR2(20),20,,,Y,5,
COLOCACIONES_201912,PAI_ID,NUMBER,NUMBER(4),22,4,,Y,6,
COLOCACIONES_201912,DEPARTAMENTO,VARCHAR2,VARCHAR2(60),60,,,Y,7,
COLOCACIONES_201912,MUNICIPIO,VARCHAR2,VARCHAR2(60),60,,,Y,8,
COLOCACIONES_201912,SOLICITUD,NUMBER,NUMBER(10),22,10,,Y,9,
COLOCACIONES_201912,OCUPACION,VARCHAR2,VARCHAR2(200),200,,,Y,10,
COLOCACIONES_201912,EMPRESA,VARCHAR2,VARCHAR2(200),200,,,Y,11,
COLOCACIONES_201912,FECHA_COLOCACION,VARCHAR2,VARCHAR2(20),20,,,Y,12,
COLOCACIONES_202001,OFT_ID,NUMBER,NUMBER(10),22,10,,Y,1,
COLOCACIONES_202001,TIPO_IDENTIFICACION,VARCHAR2,VARCHAR2(4),4,,,Y,2,
COLOCACIONES_202001,IDENTIFICACION,VARCHAR2,VARCHAR2(20),20,,,Y,3,
COLOCACIONES_202001,USUARIO,VARCHAR2,VARCHAR2(80),80,,,Y,4,
COLOCACIONES_202001,GENERO,VARCHAR2,VARCHAR2(20),20,,,Y,5,
COLOCACIONES_202001,PAI_ID,NUMBER,NUMBER(4),22,4,,Y,6,
COLOCACIONES_202001,DEPARTAMENTO,VARCHAR2,VARCHAR2(60),60,,,Y,7,
COLOCACIONES_202001,MUNICIPIO,VARCHAR2,VARCHAR2(60),60,,,Y,8,
COLOCACIONES_202001,SOLICITUD,NUMBER,NUMBER(10),22,10,,Y,9,
COLOCACIONES_202001,OCUPACION,VARCHAR2,VARCHAR2(200),200,,,Y,10,
COLOCACIONES_202001,EMPRESA,VARCHAR2,VARCHAR2(200),200,,,Y,11,
COLOCACIONES_202001,FECHA_COLOCACION,VARCHAR2,VARCHAR2(20),20,,,Y,12,
COMPETENCIA_LABORAL,CPL_ID,NUMBER,NUMBER(10),22,10,,N,1,
COMPETENCIA_LABORAL,CPL_DESCRIPCION,VARCHAR2,VARCHAR2(1024),1024,,,Y,2,
COMPETENCIA_LABORAL_1,CPL_ID,NUMBER,NUMBER(10),22,10,,N,1,
COMPETENCIA_LABORAL_1,CPL_DESCRIPCION,VARCHAR2,VARCHAR2(1024),1024,,,Y,2,
CONFECAMARAS,rues_id,NUMBER,NUMBER,22,,,Y,1,
CONFECAMARAS,rues_camara_cod,NUMBER,NUMBER,22,,,Y,2,
CONFECAMARAS,rues_camara_nombre,VARCHAR2,VARCHAR2(108),108,,,Y,3,
CONFECAMARAS,rues_numero_matricula,NUMBER,NUMBER,22,,,Y,4,
CONFECAMARAS,rues_clase_identificacion,VARCHAR2,VARCHAR2(221),221,,,Y,5,
CONFECAMARAS,rues_numero_identificacion,NUMBER,NUMBER,22,,,Y,6,
CONFECAMARAS,rues_razon_social,VARCHAR2,VARCHAR2(879),879,,,Y,7,
CONFECAMARAS,rues_fecha_ultima_renovacion,VARCHAR2,VARCHAR2(110),110,,,Y,8,
CONFECAMARAS,rues_fecha_matricula,VARCHAR2,VARCHAR2(110),110,,,Y,9,
CONFECAMARAS,rues_organizacion_juridica,VARCHAR2,VARCHAR2(241),241,,,Y,10,
CONFECAMARAS,rues_categoria_matricula,VARCHAR2,VARCHAR2(137),137,,,Y,11,
CONFECAMARAS,rues_estado_matricula,VARCHAR2,VARCHAR2(106),106,,,Y,12,
CONFECAMARAS,rues_direccion_comercial,VARCHAR2,VARCHAR2(265),265,,,Y,13,
CONFECAMARAS,rues_dpto_comercial,VARCHAR2,VARCHAR2(282),282,,,Y,14,
CONFECAMARAS,rues_municipio_comercial,NUMBER,NUMBER,22,,,Y,15,
CONFECAMARAS,rues_telefono_comercial,VARCHAR2,VARCHAR2(137),137,,,Y,16,
CONFECAMARAS,rues_email_comercial,VARCHAR2,VARCHAR2(247),247,,,Y,17,
CONFECAMARAS,rues_direccion_fiscal,VARCHAR2,VARCHAR2(265),265,,,Y,18,
CONFECAMARAS,rues_dpto_fiscal,VARCHAR2,VARCHAR2(228),228,,,Y,19,
CONFECAMARAS,rues_municipio_fiscal,VARCHAR2,VARCHAR2(200),200,,,Y,20,
CONFECAMARAS,rues_telefono_fiscal,VARCHAR2,VARCHAR2(136),136,,,Y,21,
CONFECAMARAS,rues_email_fiscal,VARCHAR2,VARCHAR2(347),347,,,Y,22,
CONFECAMARAS,rues_actividad_comercial,VARCHAR2,VARCHAR2(200),200,,,Y,23,
CONFECAMARAS,rues_replegal_identificacion,VARCHAR2,VARCHAR2(110),110,,,Y,24,
CONFECAMARAS,rues_replegal,VARCHAR2,VARCHAR2(236),236,,,Y,25,
CONFECAMARAS,rues_fecha_actualizacion,VARCHAR2,VARCHAR2(110),110,,,Y,26,
CONTACT_CENTER_2021,Cedula,NUMBER,NUMBER,22,,,Y,1,
CONTROL_CURSO,CUR_ID,NUMBER,NUMBER(12),22,12,,N,1,
CONTROL_CURSO,CCU_FCH_INSCRIPCION,DATE,DATE,7,,,N,2,
CONTROL_CURSO,ECR_ID,NUMBER,NUMBER(2),22,2,,N,3,
CONTROL_CURSO,CCU_TOT_INS_CSPE,NUMBER,NUMBER(3),22,3,,N,4,
CONTROL_CURSO,CCU_TOT_INS_WEB,NUMBER,NUMBER(3),22,3,,N,5,
CONTROL_CURSO,CCU_TOT_INS_IVR,NUMBER,NUMBER(3),22,3,,N,6,
CONTROL_CURSO,CCU_TOT_TERMINO,NUMBER,NUMBER(3),22,3,,N,7,
CONTROL_CURSO,CCU_TOT_NO_PRESENTO,NUMBER,NUMBER(3),22,3,,N,8,
CONTROL_CURSO,CCU_TOT_DESERTO,NUMBER,NUMBER(3),22,3,,N,9,
CONTROL_CURSO,CCU_FCH_ULT_INSC,DATE,DATE,7,,,Y,10,
CONTROL_CURSO,CCU_FCH_ULT_EST,DATE,DATE,7,,,N,11,
CONTROL_CURSO_05102012,CUR_ID,NUMBER,NUMBER(12),22,12,,N,1,
CONTROL_CURSO_05102012,CCU_FCH_INSCRIPCION,DATE,DATE,7,,,N,2,
CONTROL_CURSO_05102012,ECR_ID,NUMBER,NUMBER(2),22,2,,N,3,
CONTROL_CURSO_05102012,CCU_TOT_INS_CSPE,NUMBER,NUMBER(3),22,3,,N,4,
CONTROL_CURSO_05102012,CCU_TOT_INS_WEB,NUMBER,NUMBER(3),22,3,,N,5,
CONTROL_CURSO_05102012,CCU_TOT_INS_IVR,NUMBER,NUMBER(3),22,3,,N,6,
CONTROL_CURSO_05102012,CCU_TOT_TERMINO,NUMBER,NUMBER(3),22,3,,N,7,
CONTROL_CURSO_05102012,CCU_TOT_NO_PRESENTO,NUMBER,NUMBER(3),22,3,,N,8,
CONTROL_CURSO_05102012,CCU_TOT_DESERTO,NUMBER,NUMBER(3),22,3,,N,9,
CONTROL_CURSO_05102012,CCU_FCH_ULT_INSC,DATE,DATE,7,,,Y,10,
CONTROL_CURSO_05102012,CCU_FCH_ULT_EST,DATE,DATE,7,,,N,11,
CONTROL_CURSO_07122012,CUR_ID,NUMBER,NUMBER(12),22,12,,N,1,
CONTROL_CURSO_07122012,CCU_FCH_INSCRIPCION,DATE,DATE,7,,,N,2,
CONTROL_CURSO_07122012,ECR_ID,NUMBER,NUMBER(2),22,2,,N,3,
CONTROL_CURSO_07122012,CCU_TOT_INS_CSPE,NUMBER,NUMBER(3),22,3,,N,4,
CONTROL_CURSO_07122012,CCU_TOT_INS_WEB,NUMBER,NUMBER(3),22,3,,N,5,
CONTROL_CURSO_07122012,CCU_TOT_INS_IVR,NUMBER,NUMBER(3),22,3,,N,6,
CONTROL_CURSO_07122012,CCU_TOT_TERMINO,NUMBER,NUMBER(3),22,3,,N,7,
CONTROL_CURSO_07122012,CCU_TOT_NO_PRESENTO,NUMBER,NUMBER(3),22,3,,N,8,
CONTROL_CURSO_07122012,CCU_TOT_DESERTO,NUMBER,NUMBER(3),22,3,,N,9,
CONTROL_CURSO_07122012,CCU_FCH_ULT_INSC,DATE,DATE,7,,,Y,10,
CONTROL_CURSO_07122012,CCU_FCH_ULT_EST,DATE,DATE,7,,,N,11,
CONTROL_CURSO_12102012,CUR_ID,NUMBER,NUMBER(12),22,12,,N,1,
CONTROL_CURSO_12102012,CCU_FCH_INSCRIPCION,DATE,DATE,7,,,N,2,
CONTROL_CURSO_12102012,ECR_ID,NUMBER,NUMBER(2),22,2,,N,3,
CONTROL_CURSO_12102012,CCU_TOT_INS_CSPE,NUMBER,NUMBER(3),22,3,,N,4,
CONTROL_CURSO_12102012,CCU_TOT_INS_WEB,NUMBER,NUMBER(3),22,3,,N,5,
CONTROL_CURSO_12102012,CCU_TOT_INS_IVR,NUMBER,NUMBER(3),22,3,,N,6,
CONTROL_CURSO_12102012,CCU_TOT_TERMINO,NUMBER,NUMBER(3),22,3,,N,7,
CONTROL_CURSO_12102012,CCU_TOT_NO_PRESENTO,NUMBER,NUMBER(3),22,3,,N,8,
CONTROL_CURSO_12102012,CCU_TOT_DESERTO,NUMBER,NUMBER(3),22,3,,N,9,
CONTROL_CURSO_12102012,CCU_FCH_ULT_INSC,DATE,DATE,7,,,Y,10,
CONTROL_CURSO_12102012,CCU_FCH_ULT_EST,DATE,DATE,7,,,N,11,
CONTROL_CURSO_17052013,CUR_ID,NUMBER,NUMBER(12),22,12,,N,1,
CONTROL_CURSO_17052013,CCU_FCH_INSCRIPCION,DATE,DATE,7,,,N,2,
CONTROL_CURSO_17052013,ECR_ID,NUMBER,NUMBER(2),22,2,,N,3,
CONTROL_CURSO_17052013,CCU_TOT_INS_CSPE,NUMBER,NUMBER(3),22,3,,N,4,
CONTROL_CURSO_17052013,CCU_TOT_INS_WEB,NUMBER,NUMBER(3),22,3,,N,5,
CONTROL_CURSO_17052013,CCU_TOT_INS_IVR,NUMBER,NUMBER(3),22,3,,N,6,
CONTROL_CURSO_17052013,CCU_TOT_TERMINO,NUMBER,NUMBER(3),22,3,,N,7,
CONTROL_CURSO_17052013,CCU_TOT_NO_PRESENTO,NUMBER,NUMBER(3),22,3,,N,8,
CONTROL_CURSO_17052013,CCU_TOT_DESERTO,NUMBER,NUMBER(3),22,3,,N,9,
CONTROL_CURSO_17052013,CCU_FCH_ULT_INSC,DATE,DATE,7,,,Y,10,
CONTROL_CURSO_17052013,CCU_FCH_ULT_EST,DATE,DATE,7,,,N,11,
CONTROL_CURSO_17072012,CUR_ID,NUMBER,NUMBER(12),22,12,,N,1,
CONTROL_CURSO_17072012,CCU_FCH_INSCRIPCION,DATE,DATE,7,,,N,2,
CONTROL_CURSO_17072012,ECR_ID,NUMBER,NUMBER(2),22,2,,N,3,
CONTROL_CURSO_17072012,CCU_TOT_INS_CSPE,NUMBER,NUMBER(3),22,3,,N,4,
CONTROL_CURSO_17072012,CCU_TOT_INS_WEB,NUMBER,NUMBER(3),22,3,,N,5,
CONTROL_CURSO_17072012,CCU_TOT_INS_IVR,NUMBER,NUMBER(3),22,3,,N,6,
CONTROL_CURSO_17072012,CCU_TOT_TERMINO,NUMBER,NUMBER(3),22,3,,N,7,
CONTROL_CURSO_17072012,CCU_TOT_NO_PRESENTO,NUMBER,NUMBER(3),22,3,,N,8,
CONTROL_CURSO_17072012,CCU_TOT_DESERTO,NUMBER,NUMBER(3),22,3,,N,9,
CONTROL_CURSO_17072012,CCU_FCH_ULT_INSC,DATE,DATE,7,,,Y,10,
CONTROL_CURSO_17072012,CCU_FCH_ULT_EST,DATE,DATE,7,,,N,11,
CONTROL_CURSO_19102012,CUR_ID,NUMBER,NUMBER(12),22,12,,N,1,
CONTROL_CURSO_19102012,CCU_FCH_INSCRIPCION,DATE,DATE,7,,,N,2,
CONTROL_CURSO_19102012,ECR_ID,NUMBER,NUMBER(2),22,2,,N,3,
CONTROL_CURSO_19102012,CCU_TOT_INS_CSPE,NUMBER,NUMBER(3),22,3,,N,4,
CONTROL_CURSO_19102012,CCU_TOT_INS_WEB,NUMBER,NUMBER(3),22,3,,N,5,
CONTROL_CURSO_19102012,CCU_TOT_INS_IVR,NUMBER,NUMBER(3),22,3,,N,6,
CONTROL_CURSO_19102012,CCU_TOT_TERMINO,NUMBER,NUMBER(3),22,3,,N,7,
CONTROL_CURSO_19102012,CCU_TOT_NO_PRESENTO,NUMBER,NUMBER(3),22,3,,N,8,
CONTROL_CURSO_19102012,CCU_TOT_DESERTO,NUMBER,NUMBER(3),22,3,,N,9,
CONTROL_CURSO_19102012,CCU_FCH_ULT_INSC,DATE,DATE,7,,,Y,10,
CONTROL_CURSO_19102012,CCU_FCH_ULT_EST,DATE,DATE,7,,,N,11,
CONTROL_CURSO_21122012,CUR_ID,NUMBER,NUMBER(12),22,12,,N,1,
CONTROL_CURSO_21122012,CCU_FCH_INSCRIPCION,DATE,DATE,7,,,N,2,
CONTROL_CURSO_21122012,ECR_ID,NUMBER,NUMBER(2),22,2,,N,3,
CONTROL_CURSO_21122012,CCU_TOT_INS_CSPE,NUMBER,NUMBER(3),22,3,,N,4,
CONTROL_CURSO_21122012,CCU_TOT_INS_WEB,NUMBER,NUMBER(3),22,3,,N,5,
CONTROL_CURSO_21122012,CCU_TOT_INS_IVR,NUMBER,NUMBER(3),22,3,,N,6,
CONTROL_CURSO_21122012,CCU_TOT_TERMINO,NUMBER,NUMBER(3),22,3,,N,7,
CONTROL_CURSO_21122012,CCU_TOT_NO_PRESENTO,NUMBER,NUMBER(3),22,3,,N,8,
CONTROL_CURSO_21122012,CCU_TOT_DESERTO,NUMBER,NUMBER(3),22,3,,N,9,
CONTROL_CURSO_21122012,CCU_FCH_ULT_INSC,DATE,DATE,7,,,Y,10,
CONTROL_CURSO_21122012,CCU_FCH_ULT_EST,DATE,DATE,7,,,N,11,
CONTROL_CURSO_23112012,CUR_ID,NUMBER,NUMBER(12),22,12,,N,1,
CONTROL_CURSO_23112012,CCU_FCH_INSCRIPCION,DATE,DATE,7,,,N,2,
CONTROL_CURSO_23112012,ECR_ID,NUMBER,NUMBER(2),22,2,,N,3,
CONTROL_CURSO_23112012,CCU_TOT_INS_CSPE,NUMBER,NUMBER(3),22,3,,N,4,
CONTROL_CURSO_23112012,CCU_TOT_INS_WEB,NUMBER,NUMBER(3),22,3,,N,5,
CONTROL_CURSO_23112012,CCU_TOT_INS_IVR,NUMBER,NUMBER(3),22,3,,N,6,
CONTROL_CURSO_23112012,CCU_TOT_TERMINO,NUMBER,NUMBER(3),22,3,,N,7,
CONTROL_CURSO_23112012,CCU_TOT_NO_PRESENTO,NUMBER,NUMBER(3),22,3,,N,8,
CONTROL_CURSO_23112012,CCU_TOT_DESERTO,NUMBER,NUMBER(3),22,3,,N,9,
CONTROL_CURSO_23112012,CCU_FCH_ULT_INSC,DATE,DATE,7,,,Y,10,
CONTROL_CURSO_23112012,CCU_FCH_ULT_EST,DATE,DATE,7,,,N,11,
CONTROL_CURSO_26102012,CUR_ID,NUMBER,NUMBER(12),22,12,,N,1,
CONTROL_CURSO_26102012,CCU_FCH_INSCRIPCION,DATE,DATE,7,,,N,2,
CONTROL_CURSO_26102012,ECR_ID,NUMBER,NUMBER(2),22,2,,N,3,
CONTROL_CURSO_26102012,CCU_TOT_INS_CSPE,NUMBER,NUMBER(3),22,3,,N,4,
CONTROL_CURSO_26102012,CCU_TOT_INS_WEB,NUMBER,NUMBER(3),22,3,,N,5,
CONTROL_CURSO_26102012,CCU_TOT_INS_IVR,NUMBER,NUMBER(3),22,3,,N,6,
CONTROL_CURSO_26102012,CCU_TOT_TERMINO,NUMBER,NUMBER(3),22,3,,N,7,
CONTROL_CURSO_26102012,CCU_TOT_NO_PRESENTO,NUMBER,NUMBER(3),22,3,,N,8,
CONTROL_CURSO_26102012,CCU_TOT_DESERTO,NUMBER,NUMBER(3),22,3,,N,9,
CONTROL_CURSO_26102012,CCU_FCH_ULT_INSC,DATE,DATE,7,,,Y,10,
CONTROL_CURSO_26102012,CCU_FCH_ULT_EST,DATE,DATE,7,,,N,11,
CONTROL_CURSO_BCK,CUR_ID,NUMBER,NUMBER(12),22,12,,N,1,
CONTROL_CURSO_BCK,CCU_FCH_INSCRIPCION,DATE,DATE,7,,,N,2,
CONTROL_CURSO_BCK,ECR_ID,NUMBER,NUMBER(2),22,2,,N,3,
CONTROL_CURSO_BCK,CCU_TOT_INS_CSPE,NUMBER,NUMBER(3),22,3,,N,4,
CONTROL_CURSO_BCK,CCU_TOT_INS_WEB,NUMBER,NUMBER(3),22,3,,N,5,
CONTROL_CURSO_BCK,CCU_TOT_INS_IVR,NUMBER,NUMBER(3),22,3,,N,6,
CONTROL_CURSO_BCK,CCU_TOT_TERMINO,NUMBER,NUMBER(3),22,3,,N,7,
CONTROL_CURSO_BCK,CCU_TOT_NO_PRESENTO,NUMBER,NUMBER(3),22,3,,N,8,
CONTROL_CURSO_BCK,CCU_TOT_DESERTO,NUMBER,NUMBER(3),22,3,,N,9,
CONTROL_CURSO_BCK,CCU_FCH_ULT_INSC,DATE,DATE,7,,,Y,10,
CONTROL_CURSO_BCK,CCU_FCH_ULT_EST,DATE,DATE,7,,,N,11,
CONTROL_CURSO_BCK2,CUR_ID,NUMBER,NUMBER(12),22,12,,N,1,
CONTROL_CURSO_BCK2,CCU_FCH_INSCRIPCION,DATE,DATE,7,,,N,2,
CONTROL_CURSO_BCK2,ECR_ID,NUMBER,NUMBER(2),22,2,,N,3,
CONTROL_CURSO_BCK2,CCU_TOT_INS_CSPE,NUMBER,NUMBER(3),22,3,,N,4,
CONTROL_CURSO_BCK2,CCU_TOT_INS_WEB,NUMBER,NUMBER(3),22,3,,N,5,
CONTROL_CURSO_BCK2,CCU_TOT_INS_IVR,NUMBER,NUMBER(3),22,3,,N,6,
CONTROL_CURSO_BCK2,CCU_TOT_TERMINO,NUMBER,NUMBER(3),22,3,,N,7,
CONTROL_CURSO_BCK2,CCU_TOT_NO_PRESENTO,NUMBER,NUMBER(3),22,3,,N,8,
CONTROL_CURSO_BCK2,CCU_TOT_DESERTO,NUMBER,NUMBER(3),22,3,,N,9,
CONTROL_CURSO_BCK2,CCU_FCH_ULT_INSC,DATE,DATE,7,,,Y,10,
CONTROL_CURSO_BCK2,CCU_FCH_ULT_EST,DATE,DATE,7,,,N,11,
CONTROL_CURSO_BCK_1,CUR_ID,NUMBER,NUMBER(12),22,12,,N,1,
CONTROL_CURSO_BCK_1,CCU_FCH_INSCRIPCION,DATE,DATE,7,,,N,2,
CONTROL_CURSO_BCK_1,ECR_ID,NUMBER,NUMBER(2),22,2,,N,3,
CONTROL_CURSO_BCK_1,CCU_TOT_INS_CSPE,NUMBER,NUMBER(3),22,3,,N,4,
CONTROL_CURSO_BCK_1,CCU_TOT_INS_WEB,NUMBER,NUMBER(3),22,3,,N,5,
CONTROL_CURSO_BCK_1,CCU_TOT_INS_IVR,NUMBER,NUMBER(3),22,3,,N,6,
CONTROL_CURSO_BCK_1,CCU_TOT_TERMINO,NUMBER,NUMBER(3),22,3,,N,7,
CONTROL_CURSO_BCK_1,CCU_TOT_NO_PRESENTO,NUMBER,NUMBER(3),22,3,,N,8,
CONTROL_CURSO_BCK_1,CCU_TOT_DESERTO,NUMBER,NUMBER(3),22,3,,N,9,
CONTROL_CURSO_BCK_1,CCU_FCH_ULT_INSC,DATE,DATE,7,,,Y,10,
CONTROL_CURSO_BCK_1,CCU_FCH_ULT_EST,DATE,DATE,7,,,N,11,
CONTROL_DEMANDA,DEM_ID,NUMBER,NUMBER(10),22,10,,N,1,
CONTROL_DEMANDA,CDE_FCH_INSCRIPCION,DATE,DATE,7,,,N,2,
CONTROL_DEMANDA,ESD_ID,NUMBER,NUMBER(2),22,2,,N,3,
CONTROL_DEMANDA,CDE_TOT_ENV_CSPE,NUMBER,NUMBER(4),22,4,,N,4,
CONTROL_DEMANDA,CDE_TOT_ENV_WEB,NUMBER,NUMBER(4),22,4,,N,5,
CONTROL_DEMANDA,CDE_TOT_ENV_IVR,NUMBER,NUMBER(4),22,4,,N,6,
CONTROL_DEMANDA,CDE_TOT_VTE_CUB_SPE,NUMBER,NUMBER(4),22,4,,N,7,
CONTROL_DEMANDA,CDE_TOT_VTE_CUB_EMP,NUMBER,NUMBER(3),22,3,,N,8,
CONTROL_DEMANDA,CDE_TOT_VTE_CAN_EMP,NUMBER,NUMBER(3),22,3,,N,9,
CONTROL_DEMANDA,CDE_FCH_ULT_ENV,DATE,DATE,7,,,Y,10,
CONTROL_DEMANDA,CDE_FCH_ULT_EST,DATE,DATE,7,,,N,11,
CONTROL_DEMANDA,CDE_NUM_DEM_SISE,NUMBER,NUMBER(8),22,8,,Y,12,
CONTROL_DEMANDA,CDE_NAL_ENV_CSPE,NUMBER,NUMBER(4),22,4,,Y,13,
CONTROL_DEMANDA,CDE_NAL_ENV_WEB,NUMBER,NUMBER(4),22,4,,Y,14,
CONTROL_DEMANDA,CDE_NAL_ENV_IVR,NUMBER,NUMBER(4),22,4,,Y,15,
CONTROL_DEMANDA,CDE_SAL_MIN,NUMBER,"NUMBER(6,3)",22,6,3,Y,16,
CONTROL_EMPRESA,EMP_ID,NUMBER,NUMBER(8),22,8,,N,1,
CONTROL_EMPRESA,CEM_FCH_INSCRIPCION,DATE,DATE,7,,,N,2,
CONTROL_EMPRESA,ESE_ID,NUMBER,NUMBER(2),22,2,,N,3,
CONTROL_EMPRESA,CEM_TOT_DEMANDAS,NUMBER,NUMBER(4),22,4,,N,4,
CONTROL_EMPRESA,CEM_TOT_DEM_ACT,NUMBER,NUMBER(4),22,4,,N,5,
CONTROL_EMPRESA,CEM_TOT_VACANTES,NUMBER,NUMBER(4),22,4,,N,6,
CONTROL_EMPRESA,CEM_TOT_VAC_ACT,NUMBER,NUMBER(4),22,4,,N,7,
CONTROL_EMPRESA,CEM_TOT_COL_SPE,NUMBER,NUMBER(4),22,4,,N,8,
CONTROL_EMPRESA,CEM_TOT_COL_EMP,NUMBER,NUMBER(4),22,4,,N,9,
CONTROL_EMPRESA,CEM_FCH_ULT_DEMANDA,DATE,DATE,7,,,Y,10,
CONTROL_EMPRESA,CEM_FCH_ULT_ESTADO,DATE,DATE,7,,,N,11,
CONTROL_EMPRESA,CEM_FCH_ULT_CONTACTO,DATE,DATE,7,,,N,12,
CONTROL_EMPRESA,CEM_TOT_VAC_CAN_EMP,NUMBER,NUMBER(4),22,4,,N,13,
CONTROL_EMPRESA,CEM_ACU_SUSPENSION,NUMBER,NUMBER(2),22,2,,N,14,
CONTROL_OFERTA,OFT_ID,NUMBER,NUMBER(9),22,9,,N,1,
CONTROL_OFERTA,COF_FCH_INSCRIPCION,DATE,DATE,7,,,N,2,
CONTROL_OFERTA,SIO_ID,NUMBER,NUMBER(1),22,1,,N,3,
CONTROL_OFERTA,ESO_ID,NUMBER,NUMBER(2),22,2,,N,4,
CONTROL_OFERTA,COF_TOT_COLOCACIONES,NUMBER,NUMBER(3),22,3,,N,5,
CONTROL_OFERTA,COF_TOT_CONSULT_CSPE,NUMBER,NUMBER(5),22,5,,N,6,
CONTROL_OFERTA,COF_TOT_CONSULT_WEB,NUMBER,NUMBER(5),22,5,,N,7,
CONTROL_OFERTA,COF_TOT_CONSULT_IVR,NUMBER,NUMBER(5),22,5,,N,8,
CONTROL_OFERTA,COF_CONSULT_DIA_CSPE,NUMBER,NUMBER(2),22,2,,N,9,
CONTROL_OFERTA,COF_CONSULT_DIA_WEB,NUMBER,NUMBER(2),22,2,,N,10,
CONTROL_OFERTA,COF_CONSULT_DIA_IVR,NUMBER,NUMBER(2),22,2,,N,11,
CONTROL_OFERTA,COF_TOT_ENVIO_CSPE,NUMBER,NUMBER(4),22,4,,N,12,
CONTROL_OFERTA,COF_TOT_ENVIO_WEB,NUMBER,NUMBER(4),22,4,,N,13,
CONTROL_OFERTA,COF_TOT_ENVIO_IVR,NUMBER,NUMBER(4),22,4,,N,14,
CONTROL_OFERTA,COF_ENVIO_DIA_CSPE,NUMBER,NUMBER(4),22,4,,N,15,
CONTROL_OFERTA,COF_ENVIO_DIA_WEB,NUMBER,NUMBER(4),22,4,,N,16,
CONTROL_OFERTA,COF_ENVIO_DIA_IVR,NUMBER,NUMBER(4),22,4,,N,17,
CONTROL_OFERTA,COF_TOT_CON_CSPE_CUR,NUMBER,NUMBER(5),22,5,,N,18,
CONTROL_OFERTA,COF_TOT_CON_WEB_CUR,NUMBER,NUMBER(5),22,5,,N,19,
CONTROL_OFERTA,COF_TOT_CON_IVR_CUR,NUMBER,NUMBER(5),22,5,,N,20,
CONTROL_OFERTA,COF_CON_DIA_CSPE_CUR,NUMBER,NUMBER(2),22,2,,N,21,
CONTROL_OFERTA,COF_CON_DIA_WEB_CUR,NUMBER,NUMBER(2),22,2,,N,22,
CONTROL_OFERTA,COF_CON_DIA_IVR_CUR,NUMBER,NUMBER(2),22,2,,N,23,
CONTROL_OFERTA,COF_TOT_INS_CSPE_CUR,NUMBER,NUMBER(4),22,4,,N,24,
CONTROL_OFERTA,COF_TOT_INS_WEB_CUR,NUMBER,NUMBER(4),22,4,,N,25,
CONTROL_OFERTA,COF_TOT_INS_IVR_CUR,NUMBER,NUMBER(4),22,4,,N,26,
CONTROL_OFERTA,COF_INS_DIA_CSPE_CUR,NUMBER,NUMBER(2),22,2,,N,27,
CONTROL_OFERTA,COF_INS_DIA_WEB_CUR,NUMBER,NUMBER(2),22,2,,N,28,
CONTROL_OFERTA,COF_INS_DIA_IVR_CUR,NUMBER,NUMBER(2),22,2,,N,29,
CONTROL_OFERTA,COF_FCH_ULT_ESTADO,DATE,DATE,7,,,N,30,
CONTROL_OFERTA,COF_FCH_ULT_ENVIO,DATE,DATE,7,,,Y,31,
CONTROL_OFERTA,COF_FCH_ULT_INS_CUR,DATE,DATE,7,,,Y,32,
CONTROL_OFERTA,COF_FCH_ULT_CONTACTO,DATE,DATE,7,,,N,33,
CONTROL_OFERTA,COF_FCH_ULT_ACTUALIZA,DATE,DATE,7,,,N,34,
CONTROL_OFERTA,COF_FCH_INI_BUSQUEDA,DATE,DATE,7,,,N,35,
CONTROL_OFERTA,COF_FCH_ULT_COLOCAC,DATE,DATE,7,,,Y,36,
CONTROL_OFERTA,COF_SPT_GENERAL,NUMBER,NUMBER(1),22,1,,N,37,
CONTROL_OFERTA,COF_SPT_E_FORMAL,NUMBER,NUMBER(1),22,1,,N,38,
CONTROL_OFERTA,COF_SPT_E_NO_FORMAL,NUMBER,NUMBER(1),22,1,,N,39,
CONTROL_OFERTA,COF_SPT_IDIOMA,NUMBER,NUMBER(1),22,1,,N,40,
CONTROL_OFERTA,COF_SPT_EXPERIENCIA,NUMBER,NUMBER(1),22,1,,N,41,
CONTROL_OFERTA,COF_SAL_MIN,NUMBER,"NUMBER(6,3)",22,6,3,N,42,
CONTROL_OFERTA,COF_ACU_SUSPENSION,NUMBER,NUMBER(2),22,2,,N,43,
CONVENIO_ACCION,CAC_ID,NUMBER,NUMBER(8),22,8,,N,1,
CONVENIO_ACCION,CAC_NOMBRE,VARCHAR2,VARCHAR2(40),40,,,N,2,
CONVENIO_ACCION,CAC_METODO,VARCHAR2,VARCHAR2(100),100,,,N,3,
CONVENIO_ACCION,CEN_ID,NUMBER,NUMBER(3),22,3,,N,4,
CONVENIO_ACCION,CAC_OFERTA,NUMBER,NUMBER(1),22,1,,N,5,0 
CONVENIO_ACCION,CAC_DEMANDA,NUMBER,NUMBER(1),22,1,,N,6,0 
CONVENIO_ACCION,CAC_EMPRESA,NUMBER,NUMBER(1),22,1,,N,7,0 
CONVENIO_ACCION,CAC_ENVIO,NUMBER,NUMBER(1),22,1,,N,8,0 
CONVENIO_ENTIDAD,CEN_ID,NUMBER,NUMBER(3),22,3,,N,1,
CONVENIO_ENTIDAD,CEN_NOMBRE,VARCHAR2,VARCHAR2(100),100,,,N,2,
CONVENIO_ENTIDAD,CEN_URLIMG,VARCHAR2,VARCHAR2(250),250,,,Y,3,
CONVENIO_ENTIDAD,DPT_ID,NUMBER,NUMBER(7),22,7,,Y,4,
CONVENIO_ENTIDAD,CEN_ESTADO,NUMBER,NUMBER(1),22,1,,N,5,1 
CONVENIO_GESTION,CGE_ID,NUMBER,NUMBER(12),22,12,,N,1,
CONVENIO_GESTION,CEN_ID,NUMBER,NUMBER(3),22,3,,N,2,
CONVENIO_GESTION,CAC_ID,NUMBER,NUMBER(8),22,8,,N,3,
CONVENIO_GESTION,OFT_ID,NUMBER,NUMBER(9),22,9,,Y,4,
CONVENIO_GESTION,EMP_ID,NUMBER,NUMBER(8),22,8,,Y,5,
CONVENIO_GESTION,DEM_ID,NUMBER,NUMBER(10),22,10,,Y,6,
CONVENIO_GESTION,ENV_ID,NUMBER,NUMBER(15),22,15,,Y,7,
CONVENIO_GESTION,CGE_FCH_REGISTRO,DATE,DATE,7,,,N,8,
CONVOCATORIA_2011,TIPO_CONV,VARCHAR2,VARCHAR2(3),3,,,Y,1,
CONVOCATORIA_2011,REG_ID,NUMBER,NUMBER(2),22,2,,N,2,
CONVOCATORIA_2011,CENTRO_ID,NUMBER,NUMBER(8),22,8,,N,3,
CONVOCATORIA_2011,CONSECUTIVO,NUMBER,NUMBER(4),22,4,,N,4,
CONVOCATORIA_2011,CEDULA,NUMBER,NUMBER(12),22,12,,N,5,
CONVOCATORIA_2011,CONVOCATORIA,VARCHAR2,VARCHAR2(100),100,,,N,6,
CONVOCATORIA_2011,FECHA_REGISTRO,VARCHAR2,VARCHAR2(20),20,,,N,7,
CORREOS_NEWSLETTER,FECHA_EXTRACCION,VARCHAR2,VARCHAR2(10),10,,,Y,1,NULL
CORREOS_NEWSLETTER,CORREO_ELECTRONICO,VARCHAR2,VARCHAR2(180),180,,,Y,2,NULL
CORREOS_NEWSLETTER_EMP,FECHA_EXTRACCION,VARCHAR2,VARCHAR2(10),10,,,Y,1,NULL
CORREOS_NEWSLETTER_EMP,CORREO_ELECTRONICO,VARCHAR2,VARCHAR2(180),180,,,Y,2,NULL
CORREO_ESPECIAL,TITULO,VARCHAR2,VARCHAR2(10),10,,,Y,1,
CORREO_ESPECIAL,NOMBRE,VARCHAR2,VARCHAR2(40),40,,,Y,2,
CORREO_ESPECIAL,CORREO_E,VARCHAR2,VARCHAR2(50),50,,,Y,3,
CORREO_OFT_EMP,COE_ID,NUMBER,NUMBER(12),22,12,,N,1,
CORREO_OFT_EMP,EMP_ID,NUMBER,NUMBER(8),22,8,,Y,2,
CORREO_OFT_EMP,DEM_ID,NUMBER,NUMBER(10),22,10,,Y,3,
CORREO_OFT_EMP,CUR_ID,NUMBER,NUMBER(12),22,12,,Y,4,
CORREO_OFT_EMP,OFT_ID,NUMBER,NUMBER(9),22,9,,Y,5,
CORREO_OFT_EMP,TIC_ID,NUMBER,NUMBER(2),22,2,,N,6,
CORREO_OFT_EMP,COE_FCH_REGISTRO,DATE,DATE,7,,,N,7,
CRUCES_BANIN,ID,NUMBER,NUMBER(38),22,38,,Y,1,
CRUCES_BANIN,CEDULAS,NUMBER,NUMBER,22,,,Y,2,
CRUCE_DPS,TIPODOCUMENTO,VARCHAR2,VARCHAR2(1024),1024,,,Y,1,
CRUCE_DPS,DOC,NUMBER,NUMBER,22,,,Y,2,
CRUCE_ICBF,ID,NUMBER,NUMBER(38),22,38,,Y,1,
CRUCE_ICBF,CODIGO CASO,VARCHAR2,VARCHAR2(150),150,,,Y,2,
CRUCE_ICBF,REGIONAL_DIR,VARCHAR2,VARCHAR2(150),150,,,Y,3,
CRUCE_ICBF,CENTRO_ZONAL_DIR,VARCHAR2,VARCHAR2(150),150,,,Y,4,
CRUCE_ICBF,TIPO DOCUMENTO,VARCHAR2,VARCHAR2(150),150,,,Y,5,
CRUCE_ICBF,NUMERO DOC IDENTIFICACION,NUMBER,NUMBER,22,,,Y,6,
CRUCE_ICBF,PRIMER APELLIDO,VARCHAR2,VARCHAR2(150),150,,,Y,7,
CRUCE_ICBF,SEGUNDO APELLIDO,VARCHAR2,VARCHAR2(150),150,,,Y,8,
CRUCE_ICBF,PRIMER NOMBRE,VARCHAR2,VARCHAR2(150),150,,,Y,9,
CRUCE_ICBF,SEGUNDO NOMBRE,VARCHAR2,VARCHAR2(150),150,,,Y,10,
CRUCE_ICBF,SEXO,VARCHAR2,VARCHAR2(150),150,,,Y,11,
CRUCE_ICBF,FECHA NACIMIENTO,NUMBER,NUMBER,22,,,Y,12,
CRUCE_ICBF,EDAD,VARCHAR2,VARCHAR2(150),150,,,Y,13,
CRUCE_ICBF,DEFINICION JURIDICA,VARCHAR2,VARCHAR2(150),150,,,Y,14,
CRUCE_ICBF,ESTADO PARD,VARCHAR2,VARCHAR2(150),150,,,Y,15,
CRUCE_PIG,Tipo_documento,VARCHAR2,VARCHAR2(2),2,,,Y,1,
CRUCE_PIG,NUMERO_DOCUMENTO,NUMBER,NUMBER,22,,,Y,2,
CRUCE_PIG,Nombre y Apellidos Sofía Plus,VARCHAR2,VARCHAR2(55),55,,,Y,3,
CRUCE_UIAE,NIT,NUMBER,NUMBER,22,,,Y,1,
CRUCE_UIAE,Razon_Social,VARCHAR2,VARCHAR2(1024),1024,,,Y,2,
CRUCE_UIAE,Tipo_Documento,VARCHAR2,VARCHAR2(1024),1024,,,Y,3,
CRUCE_UIAE,DEPARTAMENTO,VARCHAR2,VARCHAR2(1024),1024,,,Y,4,
CRUCE_UIAE,Tipo Empresa Sena,VARCHAR2,VARCHAR2(1024),1024,,,Y,5,
CRUCE_UIAE,Tipo de Sede Anterior,VARCHAR2,VARCHAR2(1024),1024,,,Y,6,
CRUCE_UIAE,GESTOR,VARCHAR2,VARCHAR2(1024),1024,,,Y,7,
CRUCE_UIAE,CARGO,VARCHAR2,VARCHAR2(1024),1024,,,Y,8,
CRUCE_UIAE,REG,VARCHAR2,VARCHAR2(1024),1024,,,Y,9,
CRUCE_UIAE,EMPLEADOS,NUMBER,NUMBER,22,,,Y,10,
CRU_CONF_VARIABLE,CCV_ID,NUMBER,NUMBER(10),22,10,,N,1,
CRU_CONF_VARIABLE,CCV_NOMBRE,VARCHAR2,VARCHAR2(50),50,,,N,2,
CRU_CONF_VARIABLE,CCV_DESCRIPCION,VARCHAR2,VARCHAR2(255),255,,,Y,3,
CRU_CONF_VARIABLE,CCV_ACTIVA,NUMBER,NUMBER(1),22,1,,N,4,1 
CRU_CONF_VARIABLE,CCV_PESO,NUMBER,"NUMBER(7,4)",22,7,4,N,5,1.0 
CRU_CONF_VARIABLE,CCV_TOLERANCIA,NUMBER,"NUMBER(7,4)",22,7,4,N,6,0 
CRU_EVENTO_CAMBIO,CEC_ID,NUMBER,NUMBER,22,,,N,1,
CRU_EVENTO_CAMBIO,CEC_FCH,TIMESTAMP(6),TIMESTAMP(6),11,,6,N,2,CURRENT_TIMESTAMP 
CRU_EVENTO_CAMBIO,CEC_TIPO,VARCHAR2,VARCHAR2(50),50,,,N,3,
CRU_EVENTO_CAMBIO,CEC_PARAM,NUMBER,NUMBER,22,,,Y,4,
CRU_SERVER_LOCK,SERVER_ID,NUMBER,NUMBER,22,,,N,1,
CRU_SERVER_LOCK,BEAT_DATE,TIMESTAMP(6),TIMESTAMP(6),11,,6,N,2,
CRU_SERVER_LOCK,CLUSTER_ID,NUMBER,NUMBER,22,,,N,3,
CRU_SERVER_LOCK,PROCESS_ID,NUMBER,NUMBER,22,,,N,4,
CRU_SERVER_LOCK,URL,VARCHAR2,VARCHAR2(255),255,,,N,5,
CUESTIONARIO_TALLER,CUT_ID,NUMBER,NUMBER(5),22,5,,N,1,
CUESTIONARIO_TALLER,CUT_PREGUNTA,VARCHAR2,VARCHAR2(250),250,,,N,2,
CUESTIONARIO_TALLER,CUT_OPCION_A,VARCHAR2,VARCHAR2(250),250,,,N,3,
CUESTIONARIO_TALLER,CUT_OPCION_B,VARCHAR2,VARCHAR2(250),250,,,N,4,
CUESTIONARIO_TALLER,CUT_OPCION_C,VARCHAR2,VARCHAR2(250),250,,,N,5,
CUESTIONARIO_TALLER,CUT_OPCION_D,VARCHAR2,VARCHAR2(250),250,,,N,6,
CUESTIONARIO_TALLER,CUT_RESPUESTA,VARCHAR2,VARCHAR2(1),1,,,N,7,
CUESTIONARIO_TALLER,CUT_FCH_REGISTRO,DATE,DATE,7,,,N,8,
CUESTIONARIO_TALLER,FUN_ID,NUMBER,NUMBER(5),22,5,,N,9,
CUESTIONARIO_TALLER,CSPE_ID,NUMBER,NUMBER(7),22,7,,N,10,
CURSO,CUR_ID,NUMBER,NUMBER(12),22,12,,N,1,
CURSO,ENF_ID,NUMBER,NUMBER(7),22,7,,N,2,
CURSO,CUR_DESCRIPCION,VARCHAR2,VARCHAR2(300),300,,,N,3,
CURSO,EMP_ID,NUMBER,NUMBER(8),22,8,,N,4,
CURSO,OFT_ID,NUMBER,NUMBER(9),22,9,,N,5,
CURSO,CUR_NUM_CUPOS,NUMBER,NUMBER(2),22,2,,N,6,
CURSO,CUR_MODALIDAD,NUMBER,NUMBER(1),22,1,,N,7,
CURSO,CUR_HORARIO,VARCHAR2,VARCHAR2(100),100,,,N,8,
CURSO,CUR_DURACION,NUMBER,NUMBER(4),22,4,,N,9,
CURSO,DUR_ID,NUMBER,NUMBER(2),22,2,,N,10,
CURSO,CUR_AULA,VARCHAR2,VARCHAR2(100),100,,,N,11,
CURSO,CUR_FCH_INI_INSC,DATE,DATE,7,,,N,12,
CURSO,CUR_FCH_FIN_INSC,DATE,DATE,7,,,N,13,
CURSO,CUR_FCH_INICIO,DATE,DATE,7,,,N,14,
CURSO,CUR_FCH_FIN,DATE,DATE,7,,,N,15,
CURSO,PAI_ID,NUMBER,NUMBER(3),22,3,,N,16,
CURSO,DPT_ID,NUMBER,NUMBER(7),22,7,,Y,17,
CURSO,MPO_ID,NUMBER,NUMBER(9),22,9,,Y,18,
CURSO,ZON_ID,NUMBER,NUMBER(12),22,12,,Y,19,
CURSO,BAR_ID,NUMBER,NUMBER(6),22,6,,Y,20,
CURSO,CUR_DIRECCION,VARCHAR2,VARCHAR2(100),100,,,N,21,
CURSO,CUR_CONTACTO,VARCHAR2,VARCHAR2(100),100,,,N,22,
CURSO,CUR_TEL_CONTACTO,VARCHAR2,VARCHAR2(20),20,,,N,23,
CURSO,CUR_EXT_CONTACTO,NUMBER,NUMBER(6),22,6,,Y,24,
CURSO,CUR_TEL_CONTACTO_ALT,VARCHAR2,VARCHAR2(20),20,,,Y,25,
CURSO,CUR_EXT_CONTACTO_ALT,NUMBER,NUMBER(6),22,6,,Y,26,
CURSO,CUR_CORREO_E,VARCHAR2,VARCHAR2(60),60,,,Y,27,
CURSO,CUR_GENERO,NUMBER,NUMBER(1),22,1,,N,28,
CURSO,CUR_EDAD_MAX,NUMBER,NUMBER(2),22,2,,N,29,
CURSO,CUR_EDAD_MIN,NUMBER,NUMBER(2),22,2,,N,30,
CURSO,ESC_ID,NUMBER,NUMBER(1),22,1,,N,31,
CURSO,CUR_LIB_MILITAR,NUMBER,NUMBER(1),22,1,,N,32,
CURSO,PSF_ID,NUMBER,NUMBER(1),22,1,,Y,33,
CURSO,ETR_INI,NUMBER,NUMBER(1),22,1,,Y,34,
CURSO,ETR_FIN,NUMBER,NUMBER(1),22,1,,Y,35,
CURSO,CUR_SISBEN_NIV_INI,NUMBER,NUMBER(2),22,2,,Y,36,
CURSO,CUR_SISBEN_NIV_FIN,NUMBER,NUMBER(2),22,2,,Y,37,
CURSO,CUR_SISBEN_TIPO,NUMBER,NUMBER(1),22,1,,Y,38,
CURSO,CUR_SISBEN_PTJ_INI,NUMBER,NUMBER(3),22,3,,Y,39,
CURSO,CUR_SISBEN_PTJ_FIN,NUMBER,NUMBER(3),22,3,,Y,40,
CURSO,FUN_ID,NUMBER,NUMBER(5),22,5,,N,41,
CURSO,CSPE_ID,NUMBER,NUMBER(7),22,7,,N,42,
CURSO,REG_ID,NUMBER,NUMBER(2),22,2,,N,43,
CURSO_05102012,CUR_ID,NUMBER,NUMBER(12),22,12,,N,1,
CURSO_05102012,ENF_ID,NUMBER,NUMBER(7),22,7,,N,2,
CURSO_05102012,CUR_DESCRIPCION,VARCHAR2,VARCHAR2(300),300,,,N,3,
CURSO_05102012,EMP_ID,NUMBER,NUMBER(8),22,8,,N,4,
CURSO_05102012,OFT_ID,NUMBER,NUMBER(9),22,9,,N,5,
CURSO_05102012,CUR_NUM_CUPOS,NUMBER,NUMBER(2),22,2,,N,6,
CURSO_05102012,CUR_MODALIDAD,NUMBER,NUMBER(1),22,1,,N,7,
CURSO_05102012,CUR_HORARIO,VARCHAR2,VARCHAR2(100),100,,,N,8,
CURSO_05102012,CUR_DURACION,NUMBER,NUMBER(4),22,4,,N,9,
CURSO_05102012,DUR_ID,NUMBER,NUMBER(2),22,2,,N,10,
CURSO_05102012,CUR_AULA,VARCHAR2,VARCHAR2(100),100,,,N,11,
CURSO_05102012,CUR_FCH_INI_INSC,DATE,DATE,7,,,N,12,
CURSO_05102012,CUR_FCH_FIN_INSC,DATE,DATE,7,,,N,13,
CURSO_05102012,CUR_FCH_INICIO,DATE,DATE,7,,,N,14,
CURSO_05102012,CUR_FCH_FIN,DATE,DATE,7,,,N,15,
CURSO_05102012,PAI_ID,NUMBER,NUMBER(3),22,3,,N,16,
CURSO_05102012,DPT_ID,NUMBER,NUMBER(7),22,7,,Y,17,
CURSO_05102012,MPO_ID,NUMBER,NUMBER(9),22,9,,Y,18,
CURSO_05102012,ZON_ID,NUMBER,NUMBER(12),22,12,,Y,19,
CURSO_05102012,BAR_ID,NUMBER,NUMBER(6),22,6,,Y,20,
CURSO_05102012,CUR_DIRECCION,VARCHAR2,VARCHAR2(100),100,,,N,21,
CURSO_05102012,CUR_CONTACTO,VARCHAR2,VARCHAR2(100),100,,,N,22,
CURSO_05102012,CUR_TEL_CONTACTO,VARCHAR2,VARCHAR2(20),20,,,N,23,
CURSO_05102012,CUR_EXT_CONTACTO,NUMBER,NUMBER(6),22,6,,Y,24,
CURSO_05102012,CUR_TEL_CONTACTO_ALT,VARCHAR2,VARCHAR2(20),20,,,Y,25,
CURSO_05102012,CUR_EXT_CONTACTO_ALT,NUMBER,NUMBER(6),22,6,,Y,26,
CURSO_05102012,CUR_CORREO_E,VARCHAR2,VARCHAR2(60),60,,,Y,27,
CURSO_05102012,CUR_GENERO,NUMBER,NUMBER(1),22,1,,N,28,
CURSO_05102012,CUR_EDAD_MAX,NUMBER,NUMBER(2),22,2,,N,29,
CURSO_05102012,CUR_EDAD_MIN,NUMBER,NUMBER(2),22,2,,N,30,
CURSO_05102012,ESC_ID,NUMBER,NUMBER(1),22,1,,N,31,
CURSO_05102012,CUR_LIB_MILITAR,NUMBER,NUMBER(1),22,1,,N,32,
CURSO_05102012,PSF_ID,NUMBER,NUMBER(1),22,1,,Y,33,
CURSO_05102012,ETR_INI,NUMBER,NUMBER(1),22,1,,Y,34,
CURSO_05102012,ETR_FIN,NUMBER,NUMBER(1),22,1,,Y,35,
CURSO_05102012,CUR_SISBEN_NIV_INI,NUMBER,NUMBER(2),22,2,,Y,36,
CURSO_05102012,CUR_SISBEN_NIV_FIN,NUMBER,NUMBER(2),22,2,,Y,37,
CURSO_05102012,CUR_SISBEN_TIPO,NUMBER,NUMBER(1),22,1,,Y,38,
CURSO_05102012,CUR_SISBEN_PTJ_INI,NUMBER,NUMBER(3),22,3,,Y,39,
CURSO_05102012,CUR_SISBEN_PTJ_FIN,NUMBER,NUMBER(3),22,3,,Y,40,
CURSO_05102012,FUN_ID,NUMBER,NUMBER(5),22,5,,N,41,
CURSO_05102012,CSPE_ID,NUMBER,NUMBER(7),22,7,,N,42,
CURSO_05102012,REG_ID,NUMBER,NUMBER(2),22,2,,N,43,
CURSO_07122012,CUR_ID,NUMBER,NUMBER(12),22,12,,N,1,
CURSO_07122012,ENF_ID,NUMBER,NUMBER(7),22,7,,N,2,
CURSO_07122012,CUR_DESCRIPCION,VARCHAR2,VARCHAR2(300),300,,,N,3,
CURSO_07122012,EMP_ID,NUMBER,NUMBER(8),22,8,,N,4,
CURSO_07122012,OFT_ID,NUMBER,NUMBER(9),22,9,,N,5,
CURSO_07122012,CUR_NUM_CUPOS,NUMBER,NUMBER(2),22,2,,N,6,
CURSO_07122012,CUR_MODALIDAD,NUMBER,NUMBER(1),22,1,,N,7,
CURSO_07122012,CUR_HORARIO,VARCHAR2,VARCHAR2(100),100,,,N,8,
CURSO_07122012,CUR_DURACION,NUMBER,NUMBER(4),22,4,,N,9,
CURSO_07122012,DUR_ID,NUMBER,NUMBER(2),22,2,,N,10,
CURSO_07122012,CUR_AULA,VARCHAR2,VARCHAR2(100),100,,,N,11,
CURSO_07122012,CUR_FCH_INI_INSC,DATE,DATE,7,,,N,12,
CURSO_07122012,CUR_FCH_FIN_INSC,DATE,DATE,7,,,N,13,
CURSO_07122012,CUR_FCH_INICIO,DATE,DATE,7,,,N,14,
CURSO_07122012,CUR_FCH_FIN,DATE,DATE,7,,,N,15,
CURSO_07122012,PAI_ID,NUMBER,NUMBER(3),22,3,,N,16,
CURSO_07122012,DPT_ID,NUMBER,NUMBER(7),22,7,,Y,17,
CURSO_07122012,MPO_ID,NUMBER,NUMBER(9),22,9,,Y,18,
CURSO_07122012,ZON_ID,NUMBER,NUMBER(12),22,12,,Y,19,
CURSO_07122012,BAR_ID,NUMBER,NUMBER(6),22,6,,Y,20,
CURSO_07122012,CUR_DIRECCION,VARCHAR2,VARCHAR2(100),100,,,N,21,
CURSO_07122012,CUR_CONTACTO,VARCHAR2,VARCHAR2(100),100,,,N,22,
CURSO_07122012,CUR_TEL_CONTACTO,VARCHAR2,VARCHAR2(20),20,,,N,23,
CURSO_07122012,CUR_EXT_CONTACTO,NUMBER,NUMBER(6),22,6,,Y,24,
CURSO_07122012,CUR_TEL_CONTACTO_ALT,VARCHAR2,VARCHAR2(20),20,,,Y,25,
CURSO_07122012,CUR_EXT_CONTACTO_ALT,NUMBER,NUMBER(6),22,6,,Y,26,
CURSO_07122012,CUR_CORREO_E,VARCHAR2,VARCHAR2(60),60,,,Y,27,
CURSO_07122012,CUR_GENERO,NUMBER,NUMBER(1),22,1,,N,28,
CURSO_07122012,CUR_EDAD_MAX,NUMBER,NUMBER(2),22,2,,N,29,
CURSO_07122012,CUR_EDAD_MIN,NUMBER,NUMBER(2),22,2,,N,30,
CURSO_07122012,ESC_ID,NUMBER,NUMBER(1),22,1,,N,31,
CURSO_07122012,CUR_LIB_MILITAR,NUMBER,NUMBER(1),22,1,,N,32,
CURSO_07122012,PSF_ID,NUMBER,NUMBER(1),22,1,,Y,33,
CURSO_07122012,ETR_INI,NUMBER,NUMBER(1),22,1,,Y,34,
CURSO_07122012,ETR_FIN,NUMBER,NUMBER(1),22,1,,Y,35,
CURSO_07122012,CUR_SISBEN_NIV_INI,NUMBER,NUMBER(2),22,2,,Y,36,
CURSO_07122012,CUR_SISBEN_NIV_FIN,NUMBER,NUMBER(2),22,2,,Y,37,
CURSO_07122012,CUR_SISBEN_TIPO,NUMBER,NUMBER(1),22,1,,Y,38,
CURSO_07122012,CUR_SISBEN_PTJ_INI,NUMBER,NUMBER(3),22,3,,Y,39,
CURSO_07122012,CUR_SISBEN_PTJ_FIN,NUMBER,NUMBER(3),22,3,,Y,40,
CURSO_07122012,FUN_ID,NUMBER,NUMBER(5),22,5,,N,41,
CURSO_07122012,CSPE_ID,NUMBER,NUMBER(7),22,7,,N,42,
CURSO_07122012,REG_ID,NUMBER,NUMBER(2),22,2,,N,43,
CURSO_12102012,CUR_ID,NUMBER,NUMBER(12),22,12,,N,1,
CURSO_12102012,ENF_ID,NUMBER,NUMBER(7),22,7,,N,2,
CURSO_12102012,CUR_DESCRIPCION,VARCHAR2,VARCHAR2(300),300,,,N,3,
CURSO_12102012,EMP_ID,NUMBER,NUMBER(8),22,8,,N,4,
CURSO_12102012,OFT_ID,NUMBER,NUMBER(9),22,9,,N,5,
CURSO_12102012,CUR_NUM_CUPOS,NUMBER,NUMBER(2),22,2,,N,6,
CURSO_12102012,CUR_MODALIDAD,NUMBER,NUMBER(1),22,1,,N,7,
CURSO_12102012,CUR_HORARIO,VARCHAR2,VARCHAR2(100),100,,,N,8,
CURSO_12102012,CUR_DURACION,NUMBER,NUMBER(4),22,4,,N,9,
CURSO_12102012,DUR_ID,NUMBER,NUMBER(2),22,2,,N,10,
CURSO_12102012,CUR_AULA,VARCHAR2,VARCHAR2(100),100,,,N,11,
CURSO_12102012,CUR_FCH_INI_INSC,DATE,DATE,7,,,N,12,
CURSO_12102012,CUR_FCH_FIN_INSC,DATE,DATE,7,,,N,13,
CURSO_12102012,CUR_FCH_INICIO,DATE,DATE,7,,,N,14,
CURSO_12102012,CUR_FCH_FIN,DATE,DATE,7,,,N,15,
CURSO_12102012,PAI_ID,NUMBER,NUMBER(3),22,3,,N,16,
CURSO_12102012,DPT_ID,NUMBER,NUMBER(7),22,7,,Y,17,
CURSO_12102012,MPO_ID,NUMBER,NUMBER(9),22,9,,Y,18,
CURSO_12102012,ZON_ID,NUMBER,NUMBER(12),22,12,,Y,19,
CURSO_12102012,BAR_ID,NUMBER,NUMBER(6),22,6,,Y,20,
CURSO_12102012,CUR_DIRECCION,VARCHAR2,VARCHAR2(100),100,,,N,21,
CURSO_12102012,CUR_CONTACTO,VARCHAR2,VARCHAR2(100),100,,,N,22,
CURSO_12102012,CUR_TEL_CONTACTO,VARCHAR2,VARCHAR2(20),20,,,N,23,
CURSO_12102012,CUR_EXT_CONTACTO,NUMBER,NUMBER(6),22,6,,Y,24,
CURSO_12102012,CUR_TEL_CONTACTO_ALT,VARCHAR2,VARCHAR2(20),20,,,Y,25,
CURSO_12102012,CUR_EXT_CONTACTO_ALT,NUMBER,NUMBER(6),22,6,,Y,26,
CURSO_12102012,CUR_CORREO_E,VARCHAR2,VARCHAR2(60),60,,,Y,27,
CURSO_12102012,CUR_GENERO,NUMBER,NUMBER(1),22,1,,N,28,
CURSO_12102012,CUR_EDAD_MAX,NUMBER,NUMBER(2),22,2,,N,29,
CURSO_12102012,CUR_EDAD_MIN,NUMBER,NUMBER(2),22,2,,N,30,
CURSO_12102012,ESC_ID,NUMBER,NUMBER(1),22,1,,N,31,
CURSO_12102012,CUR_LIB_MILITAR,NUMBER,NUMBER(1),22,1,,N,32,
CURSO_12102012,PSF_ID,NUMBER,NUMBER(1),22,1,,Y,33,
CURSO_12102012,ETR_INI,NUMBER,NUMBER(1),22,1,,Y,34,
CURSO_12102012,ETR_FIN,NUMBER,NUMBER(1),22,1,,Y,35,
CURSO_12102012,CUR_SISBEN_NIV_INI,NUMBER,NUMBER(2),22,2,,Y,36,
CURSO_12102012,CUR_SISBEN_NIV_FIN,NUMBER,NUMBER(2),22,2,,Y,37,
CURSO_12102012,CUR_SISBEN_TIPO,NUMBER,NUMBER(1),22,1,,Y,38,
CURSO_12102012,CUR_SISBEN_PTJ_INI,NUMBER,NUMBER(3),22,3,,Y,39,
CURSO_12102012,CUR_SISBEN_PTJ_FIN,NUMBER,NUMBER(3),22,3,,Y,40,
CURSO_12102012,FUN_ID,NUMBER,NUMBER(5),22,5,,N,41,
CURSO_12102012,CSPE_ID,NUMBER,NUMBER(7),22,7,,N,42,
CURSO_12102012,REG_ID,NUMBER,NUMBER(2),22,2,,N,43,
CURSO_19102012,CUR_ID,NUMBER,NUMBER(12),22,12,,N,1,
CURSO_19102012,ENF_ID,NUMBER,NUMBER(7),22,7,,N,2,
CURSO_19102012,CUR_DESCRIPCION,VARCHAR2,VARCHAR2(300),300,,,N,3,
CURSO_19102012,EMP_ID,NUMBER,NUMBER(8),22,8,,N,4,
CURSO_19102012,OFT_ID,NUMBER,NUMBER(9),22,9,,N,5,
CURSO_19102012,CUR_NUM_CUPOS,NUMBER,NUMBER(2),22,2,,N,6,
CURSO_19102012,CUR_MODALIDAD,NUMBER,NUMBER(1),22,1,,N,7,
CURSO_19102012,CUR_HORARIO,VARCHAR2,VARCHAR2(100),100,,,N,8,
CURSO_19102012,CUR_DURACION,NUMBER,NUMBER(4),22,4,,N,9,
CURSO_19102012,DUR_ID,NUMBER,NUMBER(2),22,2,,N,10,
CURSO_19102012,CUR_AULA,VARCHAR2,VARCHAR2(100),100,,,N,11,
CURSO_19102012,CUR_FCH_INI_INSC,DATE,DATE,7,,,N,12,
CURSO_19102012,CUR_FCH_FIN_INSC,DATE,DATE,7,,,N,13,
CURSO_19102012,CUR_FCH_INICIO,DATE,DATE,7,,,N,14,
CURSO_19102012,CUR_FCH_FIN,DATE,DATE,7,,,N,15,
CURSO_19102012,PAI_ID,NUMBER,NUMBER(3),22,3,,N,16,
CURSO_19102012,DPT_ID,NUMBER,NUMBER(7),22,7,,Y,17,
CURSO_19102012,MPO_ID,NUMBER,NUMBER(9),22,9,,Y,18,
CURSO_19102012,ZON_ID,NUMBER,NUMBER(12),22,12,,Y,19,
CURSO_19102012,BAR_ID,NUMBER,NUMBER(6),22,6,,Y,20,
CURSO_19102012,CUR_DIRECCION,VARCHAR2,VARCHAR2(100),100,,,N,21,
CURSO_19102012,CUR_CONTACTO,VARCHAR2,VARCHAR2(100),100,,,N,22,
CURSO_19102012,CUR_TEL_CONTACTO,VARCHAR2,VARCHAR2(20),20,,,N,23,
CURSO_19102012,CUR_EXT_CONTACTO,NUMBER,NUMBER(6),22,6,,Y,24,
CURSO_19102012,CUR_TEL_CONTACTO_ALT,VARCHAR2,VARCHAR2(20),20,,,Y,25,
CURSO_19102012,CUR_EXT_CONTACTO_ALT,NUMBER,NUMBER(6),22,6,,Y,26,
CURSO_19102012,CUR_CORREO_E,VARCHAR2,VARCHAR2(60),60,,,Y,27,
CURSO_19102012,CUR_GENERO,NUMBER,NUMBER(1),22,1,,N,28,
CURSO_19102012,CUR_EDAD_MAX,NUMBER,NUMBER(2),22,2,,N,29,
CURSO_19102012,CUR_EDAD_MIN,NUMBER,NUMBER(2),22,2,,N,30,
CURSO_19102012,ESC_ID,NUMBER,NUMBER(1),22,1,,N,31,
CURSO_19102012,CUR_LIB_MILITAR,NUMBER,NUMBER(1),22,1,,N,32,
CURSO_19102012,PSF_ID,NUMBER,NUMBER(1),22,1,,Y,33,
CURSO_19102012,ETR_INI,NUMBER,NUMBER(1),22,1,,Y,34,
CURSO_19102012,ETR_FIN,NUMBER,NUMBER(1),22,1,,Y,35,
CURSO_19102012,CUR_SISBEN_NIV_INI,NUMBER,NUMBER(2),22,2,,Y,36,
CURSO_19102012,CUR_SISBEN_NIV_FIN,NUMBER,NUMBER(2),22,2,,Y,37,
CURSO_19102012,CUR_SISBEN_TIPO,NUMBER,NUMBER(1),22,1,,Y,38,
CURSO_19102012,CUR_SISBEN_PTJ_INI,NUMBER,NUMBER(3),22,3,,Y,39,
CURSO_19102012,CUR_SISBEN_PTJ_FIN,NUMBER,NUMBER(3),22,3,,Y,40,
CURSO_19102012,FUN_ID,NUMBER,NUMBER(5),22,5,,N,41,
CURSO_19102012,CSPE_ID,NUMBER,NUMBER(7),22,7,,N,42,
CURSO_19102012,REG_ID,NUMBER,NUMBER(2),22,2,,N,43,
CURSO_21122012,CUR_ID,NUMBER,NUMBER(12),22,12,,N,1,
CURSO_21122012,ENF_ID,NUMBER,NUMBER(7),22,7,,N,2,
CURSO_21122012,CUR_DESCRIPCION,VARCHAR2,VARCHAR2(300),300,,,N,3,
CURSO_21122012,EMP_ID,NUMBER,NUMBER(8),22,8,,N,4,
CURSO_21122012,OFT_ID,NUMBER,NUMBER(9),22,9,,N,5,
CURSO_21122012,CUR_NUM_CUPOS,NUMBER,NUMBER(2),22,2,,N,6,
CURSO_21122012,CUR_MODALIDAD,NUMBER,NUMBER(1),22,1,,N,7,
CURSO_21122012,CUR_HORARIO,VARCHAR2,VARCHAR2(100),100,,,N,8,
CURSO_21122012,CUR_DURACION,NUMBER,NUMBER(4),22,4,,N,9,
CURSO_21122012,DUR_ID,NUMBER,NUMBER(2),22,2,,N,10,
CURSO_21122012,CUR_AULA,VARCHAR2,VARCHAR2(100),100,,,N,11,
CURSO_21122012,CUR_FCH_INI_INSC,DATE,DATE,7,,,N,12,
CURSO_21122012,CUR_FCH_FIN_INSC,DATE,DATE,7,,,N,13,
CURSO_21122012,CUR_FCH_INICIO,DATE,DATE,7,,,N,14,
CURSO_21122012,CUR_FCH_FIN,DATE,DATE,7,,,N,15,
CURSO_21122012,PAI_ID,NUMBER,NUMBER(3),22,3,,N,16,
CURSO_21122012,DPT_ID,NUMBER,NUMBER(7),22,7,,Y,17,
CURSO_21122012,MPO_ID,NUMBER,NUMBER(9),22,9,,Y,18,
CURSO_21122012,ZON_ID,NUMBER,NUMBER(12),22,12,,Y,19,
CURSO_21122012,BAR_ID,NUMBER,NUMBER(6),22,6,,Y,20,
CURSO_21122012,CUR_DIRECCION,VARCHAR2,VARCHAR2(100),100,,,N,21,
CURSO_21122012,CUR_CONTACTO,VARCHAR2,VARCHAR2(100),100,,,N,22,
CURSO_21122012,CUR_TEL_CONTACTO,VARCHAR2,VARCHAR2(20),20,,,N,23,
CURSO_21122012,CUR_EXT_CONTACTO,NUMBER,NUMBER(6),22,6,,Y,24,
CURSO_21122012,CUR_TEL_CONTACTO_ALT,VARCHAR2,VARCHAR2(20),20,,,Y,25,
CURSO_21122012,CUR_EXT_CONTACTO_ALT,NUMBER,NUMBER(6),22,6,,Y,26,
CURSO_21122012,CUR_CORREO_E,VARCHAR2,VARCHAR2(60),60,,,Y,27,
CURSO_21122012,CUR_GENERO,NUMBER,NUMBER(1),22,1,,N,28,
CURSO_21122012,CUR_EDAD_MAX,NUMBER,NUMBER(2),22,2,,N,29,
CURSO_21122012,CUR_EDAD_MIN,NUMBER,NUMBER(2),22,2,,N,30,
CURSO_21122012,ESC_ID,NUMBER,NUMBER(1),22,1,,N,31,
CURSO_21122012,CUR_LIB_MILITAR,NUMBER,NUMBER(1),22,1,,N,32,
CURSO_21122012,PSF_ID,NUMBER,NUMBER(1),22,1,,Y,33,
CURSO_21122012,ETR_INI,NUMBER,NUMBER(1),22,1,,Y,34,
CURSO_21122012,ETR_FIN,NUMBER,NUMBER(1),22,1,,Y,35,
CURSO_21122012,CUR_SISBEN_NIV_INI,NUMBER,NUMBER(2),22,2,,Y,36,
CURSO_21122012,CUR_SISBEN_NIV_FIN,NUMBER,NUMBER(2),22,2,,Y,37,
CURSO_21122012,CUR_SISBEN_TIPO,NUMBER,NUMBER(1),22,1,,Y,38,
CURSO_21122012,CUR_SISBEN_PTJ_INI,NUMBER,NUMBER(3),22,3,,Y,39,
CURSO_21122012,CUR_SISBEN_PTJ_FIN,NUMBER,NUMBER(3),22,3,,Y,40,
CURSO_21122012,FUN_ID,NUMBER,NUMBER(5),22,5,,N,41,
CURSO_21122012,CSPE_ID,NUMBER,NUMBER(7),22,7,,N,42,
CURSO_21122012,REG_ID,NUMBER,NUMBER(2),22,2,,N,43,
CURSO_23112012,CUR_ID,NUMBER,NUMBER(12),22,12,,N,1,
CURSO_23112012,ENF_ID,NUMBER,NUMBER(7),22,7,,N,2,
CURSO_23112012,CUR_DESCRIPCION,VARCHAR2,VARCHAR2(300),300,,,N,3,
CURSO_23112012,EMP_ID,NUMBER,NUMBER(8),22,8,,N,4,
CURSO_23112012,OFT_ID,NUMBER,NUMBER(9),22,9,,N,5,
CURSO_23112012,CUR_NUM_CUPOS,NUMBER,NUMBER(2),22,2,,N,6,
CURSO_23112012,CUR_MODALIDAD,NUMBER,NUMBER(1),22,1,,N,7,
CURSO_23112012,CUR_HORARIO,VARCHAR2,VARCHAR2(100),100,,,N,8,
CURSO_23112012,CUR_DURACION,NUMBER,NUMBER(4),22,4,,N,9,
CURSO_23112012,DUR_ID,NUMBER,NUMBER(2),22,2,,N,10,
CURSO_23112012,CUR_AULA,VARCHAR2,VARCHAR2(100),100,,,N,11,
CURSO_23112012,CUR_FCH_INI_INSC,DATE,DATE,7,,,N,12,
CURSO_23112012,CUR_FCH_FIN_INSC,DATE,DATE,7,,,N,13,
CURSO_23112012,CUR_FCH_INICIO,DATE,DATE,7,,,N,14,
CURSO_23112012,CUR_FCH_FIN,DATE,DATE,7,,,N,15,
CURSO_23112012,PAI_ID,NUMBER,NUMBER(3),22,3,,N,16,
CURSO_23112012,DPT_ID,NUMBER,NUMBER(7),22,7,,Y,17,
CURSO_23112012,MPO_ID,NUMBER,NUMBER(9),22,9,,Y,18,
CURSO_23112012,ZON_ID,NUMBER,NUMBER(12),22,12,,Y,19,
CURSO_23112012,BAR_ID,NUMBER,NUMBER(6),22,6,,Y,20,
CURSO_23112012,CUR_DIRECCION,VARCHAR2,VARCHAR2(100),100,,,N,21,
CURSO_23112012,CUR_CONTACTO,VARCHAR2,VARCHAR2(100),100,,,N,22,
CURSO_23112012,CUR_TEL_CONTACTO,VARCHAR2,VARCHAR2(20),20,,,N,23,
CURSO_23112012,CUR_EXT_CONTACTO,NUMBER,NUMBER(6),22,6,,Y,24,
CURSO_23112012,CUR_TEL_CONTACTO_ALT,VARCHAR2,VARCHAR2(20),20,,,Y,25,
CURSO_23112012,CUR_EXT_CONTACTO_ALT,NUMBER,NUMBER(6),22,6,,Y,26,
CURSO_23112012,CUR_CORREO_E,VARCHAR2,VARCHAR2(60),60,,,Y,27,
CURSO_23112012,CUR_GENERO,NUMBER,NUMBER(1),22,1,,N,28,
CURSO_23112012,CUR_EDAD_MAX,NUMBER,NUMBER(2),22,2,,N,29,
CURSO_23112012,CUR_EDAD_MIN,NUMBER,NUMBER(2),22,2,,N,30,
CURSO_23112012,ESC_ID,NUMBER,NUMBER(1),22,1,,N,31,
CURSO_23112012,CUR_LIB_MILITAR,NUMBER,NUMBER(1),22,1,,N,32,
CURSO_23112012,PSF_ID,NUMBER,NUMBER(1),22,1,,Y,33,
CURSO_23112012,ETR_INI,NUMBER,NUMBER(1),22,1,,Y,34,
CURSO_23112012,ETR_FIN,NUMBER,NUMBER(1),22,1,,Y,35,
CURSO_23112012,CUR_SISBEN_NIV_INI,NUMBER,NUMBER(2),22,2,,Y,36,
CURSO_23112012,CUR_SISBEN_NIV_FIN,NUMBER,NUMBER(2),22,2,,Y,37,
CURSO_23112012,CUR_SISBEN_TIPO,NUMBER,NUMBER(1),22,1,,Y,38,
CURSO_23112012,CUR_SISBEN_PTJ_INI,NUMBER,NUMBER(3),22,3,,Y,39,
CURSO_23112012,CUR_SISBEN_PTJ_FIN,NUMBER,NUMBER(3),22,3,,Y,40,
CURSO_23112012,FUN_ID,NUMBER,NUMBER(5),22,5,,N,41,
CURSO_23112012,CSPE_ID,NUMBER,NUMBER(7),22,7,,N,42,
CURSO_23112012,REG_ID,NUMBER,NUMBER(2),22,2,,N,43,
CURSO_26102012,CUR_ID,NUMBER,NUMBER(12),22,12,,N,1,
CURSO_26102012,ENF_ID,NUMBER,NUMBER(7),22,7,,N,2,
CURSO_26102012,CUR_DESCRIPCION,VARCHAR2,VARCHAR2(300),300,,,N,3,
CURSO_26102012,EMP_ID,NUMBER,NUMBER(8),22,8,,N,4,
CURSO_26102012,OFT_ID,NUMBER,NUMBER(9),22,9,,N,5,
CURSO_26102012,CUR_NUM_CUPOS,NUMBER,NUMBER(2),22,2,,N,6,
CURSO_26102012,CUR_MODALIDAD,NUMBER,NUMBER(1),22,1,,N,7,
CURSO_26102012,CUR_HORARIO,VARCHAR2,VARCHAR2(100),100,,,N,8,
CURSO_26102012,CUR_DURACION,NUMBER,NUMBER(4),22,4,,N,9,
CURSO_26102012,DUR_ID,NUMBER,NUMBER(2),22,2,,N,10,
CURSO_26102012,CUR_AULA,VARCHAR2,VARCHAR2(100),100,,,N,11,
CURSO_26102012,CUR_FCH_INI_INSC,DATE,DATE,7,,,N,12,
CURSO_26102012,CUR_FCH_FIN_INSC,DATE,DATE,7,,,N,13,
CURSO_26102012,CUR_FCH_INICIO,DATE,DATE,7,,,N,14,
CURSO_26102012,CUR_FCH_FIN,DATE,DATE,7,,,N,15,
CURSO_26102012,PAI_ID,NUMBER,NUMBER(3),22,3,,N,16,
CURSO_26102012,DPT_ID,NUMBER,NUMBER(7),22,7,,Y,17,
CURSO_26102012,MPO_ID,NUMBER,NUMBER(9),22,9,,Y,18,
CURSO_26102012,ZON_ID,NUMBER,NUMBER(12),22,12,,Y,19,
CURSO_26102012,BAR_ID,NUMBER,NUMBER(6),22,6,,Y,20,
CURSO_26102012,CUR_DIRECCION,VARCHAR2,VARCHAR2(100),100,,,N,21,
CURSO_26102012,CUR_CONTACTO,VARCHAR2,VARCHAR2(100),100,,,N,22,
CURSO_26102012,CUR_TEL_CONTACTO,VARCHAR2,VARCHAR2(20),20,,,N,23,
CURSO_26102012,CUR_EXT_CONTACTO,NUMBER,NUMBER(6),22,6,,Y,24,
CURSO_26102012,CUR_TEL_CONTACTO_ALT,VARCHAR2,VARCHAR2(20),20,,,Y,25,
CURSO_26102012,CUR_EXT_CONTACTO_ALT,NUMBER,NUMBER(6),22,6,,Y,26,
CURSO_26102012,CUR_CORREO_E,VARCHAR2,VARCHAR2(60),60,,,Y,27,
CURSO_26102012,CUR_GENERO,NUMBER,NUMBER(1),22,1,,N,28,
CURSO_26102012,CUR_EDAD_MAX,NUMBER,NUMBER(2),22,2,,N,29,
CURSO_26102012,CUR_EDAD_MIN,NUMBER,NUMBER(2),22,2,,N,30,
CURSO_26102012,ESC_ID,NUMBER,NUMBER(1),22,1,,N,31,
CURSO_26102012,CUR_LIB_MILITAR,NUMBER,NUMBER(1),22,1,,N,32,
CURSO_26102012,PSF_ID,NUMBER,NUMBER(1),22,1,,Y,33,
CURSO_26102012,ETR_INI,NUMBER,NUMBER(1),22,1,,Y,34,
CURSO_26102012,ETR_FIN,NUMBER,NUMBER(1),22,1,,Y,35,
CURSO_26102012,CUR_SISBEN_NIV_INI,NUMBER,NUMBER(2),22,2,,Y,36,
CURSO_26102012,CUR_SISBEN_NIV_FIN,NUMBER,NUMBER(2),22,2,,Y,37,
CURSO_26102012,CUR_SISBEN_TIPO,NUMBER,NUMBER(1),22,1,,Y,38,
CURSO_26102012,CUR_SISBEN_PTJ_INI,NUMBER,NUMBER(3),22,3,,Y,39,
CURSO_26102012,CUR_SISBEN_PTJ_FIN,NUMBER,NUMBER(3),22,3,,Y,40,
CURSO_26102012,FUN_ID,NUMBER,NUMBER(5),22,5,,N,41,
CURSO_26102012,CSPE_ID,NUMBER,NUMBER(7),22,7,,N,42,
CURSO_26102012,REG_ID,NUMBER,NUMBER(2),22,2,,N,43,
CURXCNO,CNC_ID,NUMBER,NUMBER(12),22,12,,N,1,
CURXCNO,CUR_ID,NUMBER,NUMBER(12),22,12,,N,2,
CURXCNO,IND_ID,NUMBER,NUMBER(9),22,9,,N,3,
CURXCNO,CNC_MESES_EXP,NUMBER,NUMBER(3),22,3,,N,4,
CURXCNO,FUN_ID,NUMBER,NUMBER(5),22,5,,N,5,
CURXCNO,CSPE_ID,NUMBER,NUMBER(7),22,7,,N,6,
CURXCNO,CNC_FCH_REGISTRO,DATE,DATE,7,,,N,7,
CURXPES,CPE_ID,NUMBER,NUMBER(12),22,12,,N,1,
CURXPES,CUR_ID,NUMBER,NUMBER(12),22,12,,N,2,
CURXPES,PES_ID,NUMBER,NUMBER(3),22,3,,N,3,
CURXPES,FUN_ID,NUMBER,NUMBER(5),22,5,,N,4,
CURXPES,CSPE_ID,NUMBER,NUMBER(7),22,7,,N,5,
CURXPES,CPE_FCH_REGISTRO,DATE,DATE,7,,,N,6,
CUR_ETD_FORMAL,CEF_ID,NUMBER,NUMBER(12),22,12,,N,1,
CUR_ETD_FORMAL,CUR_ID,NUMBER,NUMBER(12),22,12,,N,2,
CUR_ETD_FORMAL,TIT_ID,NUMBER,NUMBER(5),22,5,,N,3,
CUR_ETD_FORMAL,CEF_NUM_GRADOS,NUMBER,NUMBER(2),22,2,,N,4,
CUR_ETD_FORMAL,CEF_GRADUADO,NUMBER,NUMBER(1),22,1,,N,5,
CUR_ETD_FORMAL,CEF_FORMACION_SENA,NUMBER,NUMBER(1),22,1,,N,6,
CUR_ETD_FORMAL,FUN_ID,NUMBER,NUMBER(5),22,5,,N,7,
CUR_ETD_FORMAL,CSPE_ID,NUMBER,NUMBER(7),22,7,,N,8,
CUR_ETD_FORMAL,CEF_FCH_REGISTRO,DATE,DATE,7,,,N,9,
CUR_ETD_FORMAL,INS_ID,NUMBER,NUMBER(7),22,7,,Y,10,
CUR_ETD_FORMAL,NIA_ID,NUMBER,NUMBER(2),22,2,,N,11,
CUR_ETD_NO_FORMAL,CNF_ID,NUMBER,NUMBER(12),22,12,,N,1,
CUR_ETD_NO_FORMAL,CUR_ID,NUMBER,NUMBER(12),22,12,,N,2,
CUR_ETD_NO_FORMAL,ENF_ID,NUMBER,NUMBER(7),22,7,,N,3,
CUR_ETD_NO_FORMAL,CNF_TERMINADO,NUMBER,NUMBER(1),22,1,,N,4,
CUR_ETD_NO_FORMAL,CNF_FORMACION_SENA,NUMBER,NUMBER(1),22,1,,N,5,
CUR_ETD_NO_FORMAL,FUN_ID,NUMBER,NUMBER(5),22,5,,N,6,
CUR_ETD_NO_FORMAL,CSPE_ID,NUMBER,NUMBER(7),22,7,,N,7,
CUR_ETD_NO_FORMAL,CNF_FCH_REGISTRO,DATE,DATE,7,,,N,8,
CUR_IDIOMA,CUI_ID,NUMBER,NUMBER(12),22,12,,N,1,
CUR_IDIOMA,CUR_ID,NUMBER,NUMBER(12),22,12,,N,2,
CUR_IDIOMA,IDM_ID,NUMBER,NUMBER(2),22,2,,N,3,
CUR_IDIOMA,CUI_LEE,NUMBER,NUMBER(1),22,1,,N,4,
CUR_IDIOMA,CUI_HABLA,NUMBER,NUMBER(1),22,1,,N,5,
CUR_IDIOMA,CUI_ESCRIBE,NUMBER,NUMBER(1),22,1,,N,6,
CUR_IDIOMA,FUN_ID,NUMBER,NUMBER(5),22,5,,N,7,
CUR_IDIOMA,CSPE_ID,NUMBER,NUMBER(7),22,7,,N,8,
CUR_IDIOMA,CUI_FCH_REGISTRO,DATE,DATE,7,,,N,9,
CUR_INSTRUCTOR_CORREO,CIC_ID,NUMBER,NUMBER(15),22,15,,N,1,
CUR_INSTRUCTOR_CORREO,CUR_ID,NUMBER,NUMBER(12),22,12,,N,2,
CUR_INSTRUCTOR_CORREO,OFT_ID,NUMBER,NUMBER(9),22,9,,N,3,
CUR_INSTRUCTOR_CORREO,CIC_CLAVE,NUMBER,NUMBER(10),22,10,,N,4,
CUR_LICENCIA,CUL_ID,NUMBER,NUMBER(12),22,12,,N,1,
CUR_LICENCIA,CUR_ID,NUMBER,NUMBER(12),22,12,,N,2,
CUR_LICENCIA,LIC_ID,NUMBER,NUMBER(1),22,1,,N,3,
CUR_SISBEN_MPO,CSM_ID,NUMBER,NUMBER(13),22,13,,N,1,
CUR_SISBEN_MPO,CUR_ID,NUMBER,NUMBER(12),22,12,,N,2,
CUR_SISBEN_MPO,MPO_ID,NUMBER,NUMBER(9),22,9,,N,3,
CUR_TALLER,CTA_ID,NUMBER,NUMBER(13),22,13,,N,1,
CUR_TALLER,CUR_ID,NUMBER,NUMBER(12),22,12,,N,2,
CUR_TALLER,GUT_ID,NUMBER,NUMBER(2),22,2,,N,3,
CZ_CURSO,CUR_ID,NUMBER,NUMBER(12),22,12,,N,1,
CZ_CURSO,REG_ID,NUMBER,NUMBER(2),22,2,,N,2,
CZ_CURSO,CZC_GENERO,NUMBER,NUMBER(1),22,1,,N,3,
CZ_CURSO,CZC_EDAD_MIN,NUMBER,NUMBER(2),22,2,,N,4,
CZ_CURSO,CZC_EDAD_MAX,NUMBER,NUMBER(2),22,2,,N,5,
CZ_CURSO,ESC_ID,NUMBER,NUMBER(1),22,1,,N,6,
CZ_CURSO,CZC_LIB_MILITAR,NUMBER,NUMBER(1),22,1,,N,7,
CZ_CURSO,PSF_ID,NUMBER,NUMBER(1),22,1,,Y,8,
CZ_CURSO,ETR_INI,NUMBER,NUMBER(1),22,1,,Y,9,
CZ_CURSO,ETR_FIN,NUMBER,NUMBER(1),22,1,,Y,10,
CZ_CURSO,CZC_SISBEN_NIV_INI,NUMBER,NUMBER(2),22,2,,Y,11,
CZ_CURSO,CZC_SISBEN_NIV_FIN,NUMBER,NUMBER(2),22,2,,Y,12,
CZ_CURSO,CZC_SISBEN_TIPO,NUMBER,NUMBER(1),22,1,,Y,13,
CZ_CURSO,CZC_SISBEN_PTJ_INI,NUMBER,NUMBER(3),22,3,,Y,14,
CZ_CURSO,CZC_SISBEN_PTJ_FIN,NUMBER,NUMBER(3),22,3,,Y,15,
CZ_CURXCNO,CUR_ID,NUMBER,NUMBER(12),22,12,,N,1,
CZ_CURXCNO,CNO_ID,VARCHAR2,VARCHAR2(6),6,,,N,2,
CZ_CURXCNO,CCC_MESES_EXP,NUMBER,NUMBER(3),22,3,,N,3,
CZ_CURXPES,CUR_ID,NUMBER,NUMBER(12),22,12,,N,1,
CZ_CURXPES,PES_ID,NUMBER,NUMBER(3),22,3,,N,2,
CZ_CUR_ETD_FORM,CUR_ID,NUMBER,NUMBER(12),22,12,,N,1,
CZ_CUR_ETD_FORM,TIT_ID,NUMBER,NUMBER(5),22,5,,N,2,
CZ_CUR_ETD_FORM,INS_ID,NUMBER,NUMBER(7),22,7,,Y,3,
CZ_CUR_ETD_FORM,CCF_NUM_GRADOS,NUMBER,NUMBER(2),22,2,,N,4,
CZ_CUR_ETD_FORM,CCF_GRADUADO,NUMBER,NUMBER(1),22,1,,N,5,
CZ_CUR_ETD_FORM,CCF_FORMACION_SENA,NUMBER,NUMBER(1),22,1,,N,6,
CZ_CUR_ETD_FORM,NIA_ORDEN,NUMBER,NUMBER(2),22,2,,N,7,
CZ_CUR_ETD_NFORM,CUR_ID,NUMBER,NUMBER(12),22,12,,N,1,
CZ_CUR_ETD_NFORM,ENF_ID,NUMBER,NUMBER(7),22,7,,N,2,
CZ_CUR_ETD_NFORM,CCN_FORMACION_SENA,NUMBER,NUMBER(1),22,1,,N,3,
CZ_CUR_ETD_NFORM,CCN_TERMINADO,NUMBER,NUMBER(1),22,1,,N,4,
CZ_CUR_IDIOMA,CUR_ID,NUMBER,NUMBER(12),22,12,,N,1,
CZ_CUR_IDIOMA,IDM_ID,NUMBER,NUMBER(2),22,2,,N,2,
CZ_CUR_IDIOMA,CCI_LEE,NUMBER,NUMBER(1),22,1,,N,3,
CZ_CUR_IDIOMA,CCI_HABLA,NUMBER,NUMBER(1),22,1,,N,4,
CZ_CUR_IDIOMA,CCI_ESCRIBE,NUMBER,NUMBER(1),22,1,,N,5,
CZ_CUR_LICENCIA,CUR_ID,NUMBER,NUMBER(12),22,12,,N,1,
CZ_CUR_LICENCIA,LIC_ID,NUMBER,NUMBER(1),22,1,,N,2,
CZ_CUR_SISBEN_MPO,CUR_ID,NUMBER,NUMBER(12),22,12,,N,1,
CZ_CUR_SISBEN_MPO,MPO_ID,NUMBER,NUMBER(9),22,9,,N,2,
CZ_CUR_TALLER,CUR_ID,NUMBER,NUMBER(12),22,12,,N,1,
CZ_CUR_TALLER,GUT_ID,NUMBER,NUMBER(2),22,2,,N,2,
CZ_DEMANDA,DEM_ID,NUMBER,NUMBER(10),22,10,,N,1,
CZ_DEMANDA,REG_ID,NUMBER,NUMBER(2),22,2,,N,2,
CZ_DEMANDA,CNO_ID,VARCHAR2,VARCHAR2(6),6,,,N,3,
CZ_DEMANDA,CDE_MESES_EXP,NUMBER,NUMBER(3),22,3,,N,4,
CZ_DEMANDA,ESC_ID,NUMBER,NUMBER(1),22,1,,N,5,
CZ_DEMANDA,CDE_LIB_MILITAR,NUMBER,NUMBER(1),22,1,,N,6,
CZ_DEMANDA,CDE_DATOS_SOPORTADOS,NUMBER,NUMBER(1),22,1,,N,7,
CZ_DEMANDA,PAI_ID_RESIDENCIA,NUMBER,NUMBER(3),22,3,,Y,8,
CZ_DEMANDA,DPT_ID_RESIDENCIA,NUMBER,NUMBER(7),22,7,,Y,9,
CZ_DEMANDA,MPO_ID_RESIDENCIA,NUMBER,NUMBER(9),22,9,,Y,10,
CZ_DEMANDA,ZON_ID_RESIDENCIA,NUMBER,NUMBER(12),22,12,,Y,11,
CZ_DEMANDA,BAR_ID_RESIDENCIA,NUMBER,NUMBER(6),22,6,,Y,12,
CZ_DEMANDA,IND_ID,NUMBER,NUMBER(9),22,9,,N,13,
CZ_DEMANDA,ADMITE_POSTULACION,NUMBER,NUMBER(1),22,1,,N,14,1 
CZ_DEMANDA$REORG,DEM_ID,NUMBER,NUMBER(10),22,10,,N,1,
CZ_DEMANDA$REORG,REG_ID,NUMBER,NUMBER(2),22,2,,N,2,
CZ_DEMANDA$REORG,CNO_ID,VARCHAR2,VARCHAR2(6),6,,,N,3,
CZ_DEMANDA$REORG,CDE_MESES_EXP,NUMBER,NUMBER(3),22,3,,N,4,
CZ_DEMANDA$REORG,ESC_ID,NUMBER,NUMBER(1),22,1,,N,5,
CZ_DEMANDA$REORG,CDE_LIB_MILITAR,NUMBER,NUMBER(1),22,1,,N,6,
CZ_DEMANDA$REORG,CDE_DATOS_SOPORTADOS,NUMBER,NUMBER(1),22,1,,N,7,
CZ_DEMANDA$REORG,PAI_ID_RESIDENCIA,NUMBER,NUMBER(3),22,3,,Y,8,
CZ_DEMANDA$REORG,DPT_ID_RESIDENCIA,NUMBER,NUMBER(7),22,7,,Y,9,
CZ_DEMANDA$REORG,MPO_ID_RESIDENCIA,NUMBER,NUMBER(9),22,9,,Y,10,
CZ_DEMANDA_COUNT,NUMVACANTES,NUMBER,NUMBER,22,,,Y,1,
CZ_DEMXPES,DEM_ID,NUMBER,NUMBER(10),22,10,,N,1,
CZ_DEMXPES,PES_ID,NUMBER,NUMBER(3),22,3,,N,2,
CZ_DEM_ETD_FORM,DEM_ID,NUMBER,NUMBER(10),22,10,,N,1,
CZ_DEM_ETD_FORM,TIT_ID,NUMBER,NUMBER(5),22,5,,N,2,
CZ_DEM_ETD_FORM,INS_ID,NUMBER,NUMBER(7),22,7,,Y,3,
CZ_DEM_ETD_FORM,CDF_NUM_GRADOS,NUMBER,NUMBER(2),22,2,,N,4,
CZ_DEM_ETD_FORM,CDF_GRADUADO,NUMBER,NUMBER(1),22,1,,N,5,
CZ_DEM_ETD_FORM,CDF_FORMACION_SENA,NUMBER,NUMBER(1),22,1,,N,6,
CZ_DEM_ETD_FORM,NIA_ORDEN,NUMBER,NUMBER(2),22,2,,N,7,
CZ_DEM_ETD_NFORM,DEM_ID,NUMBER,NUMBER(10),22,10,,N,1,
CZ_DEM_ETD_NFORM,ENF_ID,NUMBER,NUMBER(7),22,7,,N,2,
CZ_DEM_ETD_NFORM,CDN_FORMACION_SENA,NUMBER,NUMBER(1),22,1,,N,3,
CZ_DEM_ETD_NFORM,CDN_TERMINADO,NUMBER,NUMBER(1),22,1,,N,4,
CZ_DEM_IDIOMA,DEM_ID,NUMBER,NUMBER(10),22,10,,N,1,
CZ_DEM_IDIOMA,IDM_ID,NUMBER,NUMBER(2),22,2,,N,2,
CZ_DEM_IDIOMA,CDI_LEE,NUMBER,NUMBER(1),22,1,,N,3,
CZ_DEM_IDIOMA,CDI_HABLA,NUMBER,NUMBER(1),22,1,,N,4,
CZ_DEM_IDIOMA,CDI_ESCRIBE,NUMBER,NUMBER(1),22,1,,N,5,
CZ_DEM_LICENCIA,DEM_ID,NUMBER,NUMBER(10),22,10,,N,1,
CZ_DEM_LICENCIA,LIC_ID,NUMBER,NUMBER(1),22,1,,N,2,
CZ_DEM_VARIABLE,DEM_ID,NUMBER,NUMBER(10),22,10,,N,1,
CZ_DEM_VARIABLE,VAC_CODIGO,VARCHAR2,VARCHAR2(3),3,,,N,2,
CZ_DEM_VEHICULO,DEM_ID,NUMBER,NUMBER(10),22,10,,N,1,
CZ_DEM_VEHICULO,VEH_ID,NUMBER,NUMBER(2),22,2,,N,2,
CZ_OFERTA,OFT_ID,NUMBER,NUMBER(9),22,9,,N,1,
CZ_OFERTA,REG_ID,NUMBER,NUMBER(2),22,2,,N,2,
CZ_OFERTA,COF_GENERO,NUMBER,NUMBER(1),22,1,,N,3,
CZ_OFERTA,ESC_ID,NUMBER,NUMBER(1),22,1,,N,4,
CZ_OFERTA,COF_FCH_NACIMIENTO,DATE,DATE,7,,,N,5,
CZ_OFERTA,COF_LIB_MILITAR,NUMBER,NUMBER(1),22,1,,N,6,
CZ_OFERTA,ETR_ID,NUMBER,NUMBER(1),22,1,,N,7,
CZ_OFERTA,PSF_ID,NUMBER,NUMBER(1),22,1,,N,8,
CZ_OFERTA,COF_SISBEN_NIVEL,NUMBER,NUMBER(2),22,2,,Y,9,
CZ_OFERTA,COF_SISBEN_PUNTAJE,NUMBER,NUMBER(3),22,3,,Y,10,
CZ_OFERTA,COF_SISBEN_TIPO,NUMBER,NUMBER(1),22,1,,Y,11,
CZ_OFERTA,COF_SISBEN_FCH_FIN,DATE,DATE,7,,,Y,12,
CZ_OFERTA,COF_SISBEN_MPO,NUMBER,NUMBER(9),22,9,,Y,13,
CZ_OFERTA,PAI_ID_RESIDENCIA,NUMBER,NUMBER(3),22,3,,Y,14,
CZ_OFERTA,DPT_ID_RESIDENCIA,NUMBER,NUMBER(7),22,7,,Y,15,
CZ_OFERTA,MPO_ID_RESIDENCIA,NUMBER,NUMBER(9),22,9,,Y,16,
CZ_OFERTA,OFT_AUTORIZA,VARCHAR2,VARCHAR2(1),1,,,Y,17,
CZ_OFERTA,ZON_ID_RESIDENCIA,NUMBER,NUMBER(12),22,12,,Y,18,
CZ_OFERTA,BAR_ID_RESIDENCIA,NUMBER,NUMBER(6),22,6,,Y,19,
CZ_OFTXPES,OFT_ID,NUMBER,NUMBER(9),22,9,,N,1,
CZ_OFTXPES,PES_ID,NUMBER,NUMBER(3),22,3,,N,2,
CZ_OFT_ETD_FORM,OFT_ID,NUMBER,NUMBER(9),22,9,,N,1,
CZ_OFT_ETD_FORM,TIT_ID,NUMBER,NUMBER(5),22,5,,N,2,
CZ_OFT_ETD_FORM,INS_ID,NUMBER,NUMBER(7),22,7,,N,3,
CZ_OFT_ETD_FORM,COF_ULT_GRADO,NUMBER,NUMBER(2),22,2,,N,4,
CZ_OFT_ETD_FORM,COF_GRADUADO,NUMBER,NUMBER(1),22,1,,N,5,
CZ_OFT_ETD_FORM,COF_SOPORTE,NUMBER,NUMBER(1),22,1,,N,6,
CZ_OFT_ETD_FORM,COF_FORMACION_SENA,NUMBER,NUMBER(1),22,1,,N,7,
CZ_OFT_ETD_FORM,NIA_ORDEN,NUMBER,NUMBER(2),22,2,,N,8,
CZ_OFT_ETD_NFORM,OFT_ID,NUMBER,NUMBER(9),22,9,,N,1,
CZ_OFT_ETD_NFORM,ENF_ID,NUMBER,NUMBER(7),22,7,,N,2,
CZ_OFT_ETD_NFORM,CON_FORMACION_SENA,NUMBER,NUMBER(1),22,1,,N,3,
CZ_OFT_ETD_NFORM,CON_TERMINO,NUMBER,NUMBER(1),22,1,,N,4,
CZ_OFT_ETD_NFORM,CON_SOPORTE,NUMBER,NUMBER(1),22,1,,N,5,
CZ_OFT_EXP,OFT_ID,NUMBER,NUMBER(9),22,9,,N,1,
CZ_OFT_EXP,CNO_ID,VARCHAR2,VARCHAR2(6),6,,,N,2,
CZ_OFT_EXP,COE_MESES,NUMBER,NUMBER(5),22,5,,N,3,
CZ_OFT_EXP,COE_MESES_SOP,NUMBER,NUMBER(5),22,5,,N,4,
CZ_OFT_EXP_IND,OFT_ID,NUMBER,NUMBER(9),22,9,,N,1,
CZ_OFT_EXP_IND,IND_ID,NUMBER,NUMBER(9),22,9,,N,2,
CZ_OFT_EXP_IND,COE_MESES,NUMBER,NUMBER(5),22,5,,N,3,
CZ_OFT_EXP_IND,COE_MESES_SOP,NUMBER,NUMBER(5),22,5,,N,4,
CZ_OFT_IDIOMA,OFT_ID,NUMBER,NUMBER(9),22,9,,N,1,
CZ_OFT_IDIOMA,IDM_ID,NUMBER,NUMBER(2),22,2,,N,2,
CZ_OFT_IDIOMA,COI_LEE,NUMBER,NUMBER(1),22,1,,N,3,
CZ_OFT_IDIOMA,COI_HABLA,NUMBER,NUMBER(1),22,1,,N,4,
CZ_OFT_IDIOMA,COI_ESCRIBE,NUMBER,NUMBER(1),22,1,,N,5,
CZ_OFT_IDIOMA,COI_SOPORTE,NUMBER,NUMBER(1),22,1,,N,6,
CZ_OFT_LICENCIA,OFT_ID,NUMBER,NUMBER(9),22,9,,N,1,
CZ_OFT_LICENCIA,LIC_ID,NUMBER,NUMBER(1),22,1,,N,2,
CZ_OFT_TALLER,OFT_ID,NUMBER,NUMBER(9),22,9,,N,1,
CZ_OFT_TALLER,GUT_ID,NUMBER,NUMBER(2),22,2,,N,2,
CZ_OFT_VEHICULO,OFT_ID,NUMBER,NUMBER(9),22,9,,N,1,
CZ_OFT_VEHICULO,VEH_ID,NUMBER,NUMBER(2),22,2,,N,2,
C_CR_EGRESADOS,ID,NUMBER,NUMBER(38),22,38,,Y,1,
DEMANDA,DEM_ID,NUMBER,NUMBER(10),22,10,,N,1,
DEMANDA,EMP_ID,NUMBER,NUMBER(8),22,8,,N,2,
DEMANDA,DEM_NUM_CANDIDATOS,NUMBER,NUMBER(4),22,4,,N,3,
DEMANDA,DEM_CARGO_NUEVO,NUMBER,NUMBER(1),22,1,,N,4,
DEMANDA,IND_ID,NUMBER,NUMBER(9),22,9,,N,5,
DEMANDA,DEM_MESES_EXP,NUMBER,NUMBER(3),22,3,,N,6,
DEMANDA,ESC_ID,NUMBER,NUMBER(1),22,1,,N,7,
DEMANDA,DEM_LIB_MILITAR,NUMBER,NUMBER(1),22,1,,N,8,
DEMANDA,DEM_SUELDO_MES,NUMBER,NUMBER(8),22,8,,N,9,
DEMANDA,TSU_ID,NUMBER,NUMBER(1),22,1,,N,10,
DEMANDA,JTR_ID,NUMBER,NUMBER(1),22,1,,N,11,
DEMANDA,TCO_ID,NUMBER,NUMBER(1),22,1,,N,12,
DEMANDA,DEM_HORARIO,VARCHAR2,VARCHAR2(100),100,,,N,13,
DEMANDA,PAI_ID,NUMBER,NUMBER(3),22,3,,N,14,
DEMANDA,DPT_ID,NUMBER,NUMBER(7),22,7,,Y,15,
DEMANDA,MPO_ID,NUMBER,NUMBER(9),22,9,,Y,16,
DEMANDA,ZON_ID,NUMBER,NUMBER(12),22,12,,Y,17,
DEMANDA,BAR_ID,NUMBER,NUMBER(6),22,6,,Y,18,
DEMANDA,DEM_DIRECCION,VARCHAR2,VARCHAR2(100),100,,,N,19,
DEMANDA,DEM_CONTACTO,VARCHAR2,VARCHAR2(100),100,,,N,20,
DEMANDA,DEM_TEL_CONTACTO,VARCHAR2,VARCHAR2(20),20,,,N,21,
DEMANDA,DEM_EXT_CONTACTO,NUMBER,NUMBER(6),22,6,,Y,22,
DEMANDA,DEM_TEL_CONTACTO_ALT,VARCHAR2,VARCHAR2(20),20,,,Y,23,
DEMANDA,DEM_CORREO_E,VARCHAR2,VARCHAR2(60),60,,,Y,24,
DEMANDA,DEM_FCH_LIMITE,DATE,DATE,7,,,N,25,
DEMANDA,DEM_FORMA_ENVIO,NUMBER,NUMBER(1),22,1,,N,26,
DEMANDA,DEM_MED_INSCRIPCION,NUMBER,NUMBER(1),22,1,,N,27,
DEMANDA,DEM_MANEJO_PERSONAL,NUMBER,NUMBER(1),22,1,,N,28,
DEMANDA,DEM_MANEJO_DINERO,NUMBER,NUMBER(1),22,1,,N,29,
DEMANDA,DEM_MANEJO_EQUIPOS,VARCHAR2,VARCHAR2(400),400,,,Y,30,
DEMANDA,DEM_FUNCIONES_ALT,VARCHAR2,VARCHAR2(400),400,,,Y,31,
DEMANDA,DEM_DATOS_SOPORTADOS,NUMBER,NUMBER(1),22,1,,N,32,
DEMANDA,FUN_ID,NUMBER,NUMBER(5),22,5,,Y,33,
DEMANDA,CSPE_ID,NUMBER,NUMBER(7),22,7,,N,34,
DEMANDA,REG_ID,NUMBER,NUMBER(2),22,2,,N,35,
DEMANDA,FUN_ID_VALIDA_DEM,NUMBER,NUMBER(5),22,5,,Y,36,
DEMANDA,FUN_ID_ACTUALIZA,NUMBER,NUMBER(5),22,5,,Y,37,
DEMANDA,CSPE_ID_ACTUALIZA,NUMBER,NUMBER(7),22,7,,Y,38,
DEMANDA,DEM_HABILIDADES,VARCHAR2,VARCHAR2(400),400,,,Y,39,
DEMANDA,DEM_COMPETENCIAS,VARCHAR2,VARCHAR2(400),400,,,Y,40,
DEMANDA,CIIU_DEM_ORG_TMP,VARCHAR2,VARCHAR2(4),4,,,Y,41,
DEMANDA,DEM_EXT_CONTACTO_ALT,NUMBER,NUMBER(6),22,6,,Y,42,
DEMANDA,DEM_NUM_VACANTES,NUMBER,NUMBER(4),22,4,,N,43,
DEMANDA,PAI_ID_RESIDENCIA,NUMBER,NUMBER(3),22,3,,Y,44,
DEMANDA,DPT_ID_RESIDENCIA,NUMBER,NUMBER(7),22,7,,Y,45,
DEMANDA,MPO_ID_RESIDENCIA,NUMBER,NUMBER(9),22,9,,Y,46,
DEMANDA,ZON_ID_RESIDENCIA,NUMBER,NUMBER(12),22,12,,Y,47,
DEMANDA,BAR_ID_RESIDENCIA,NUMBER,NUMBER(6),22,6,,Y,48,
DEMANDA,DEM_PUBLICADA,NUMBER,NUMBER(1),22,1,,Y,49,
DEMANDA,SUE_ID,NUMBER,NUMBER(3),22,3,,Y,50,
DEMANDA,DEM_BUS_PRECISA,NUMBER,NUMBER(1),22,1,,Y,51,
DEMANDA,IND_ID_2,NUMBER,NUMBER(9),22,9,,Y,52,
DEMANDA,IND_ID_3,NUMBER,NUMBER(9),22,9,,Y,53,
DEMANDA,DEM_IND_TEL_CONTACTO,NUMBER,NUMBER(5),22,5,,Y,54,
DEMANDA,DEM_IND_TEL_CONTACTO_ALT,NUMBER,NUMBER(5),22,5,,Y,55,
DEMANDA,DEM_PCLAVES,VARCHAR2,VARCHAR2(400),400,,,Y,56,
DEMANDA,DEM_ES_HIDROCARBUROS,NUMBER,NUMBER(1),22,1,,Y,57,0
DEMANDA,ARI_ID,NUMBER,NUMBER(1),22,1,,Y,58,
DEMANDA,DEM_FCH_PUBLICACION,DATE,DATE,7,,,Y,59,
DEMANDA,DEM_COD_UNICO_IDENT,VARCHAR2,VARCHAR2(21),21,,,Y,60,
DEMANDA,DEM_ES_TELETRABAJO,NUMBER,NUMBER,22,,,Y,61,
DEMANDA,DEM_ES_EXPOEMPLEO,NUMBER,NUMBER,22,,,Y,62,
DEMANDA,DEM_EVENTO_ID,NUMBER,NUMBER,22,,,Y,63,
DEMANDA,OBSERVACION_ANEX_HIDRO,VARCHAR2,VARCHAR2(4000),4000,,,Y,64,
DEMANDA,DEM_ES_EMPLEO_JOVEN,NUMBER,NUMBER,22,,,Y,65,
DEMANDA,DEM_IND_ALL,NUMBER,NUMBER(2),22,2,,Y,66,
DEMANDA,DEM_PROGRAMA_ESTADO_JOVEN,NUMBER,NUMBER,22,,,Y,67,
DEMANDA,DEM_CAMPE_SENA,NUMBER,NUMBER(1),22,1,,Y,68,
DEMANDAS_CONVOCATORIA_PT_2017,DEM_ID,NUMBER,NUMBER(10),22,10,,N,1,
DEMANDA_FUNCION_CPL,ID_DEM_FNC_CPL,NUMBER,NUMBER(10),22,10,,N,1,
DEMANDA_FUNCION_CPL,DEM_FNC_CPL_ID,NUMBER,NUMBER(10),22,10,,N,2,
DEMANDA_FUNCION_CPL,FNC_CPL_ID,NUMBER,NUMBER(5),22,5,,N,3,
DEMANDA_INDICE,DEI_ID,NUMBER,NUMBER(9),22,9,,N,1,
DEMANDA_INDICE,DEM_ID,NUMBER,NUMBER(9),22,9,,N,2,
DEMANDA_INDICE,IND_ID,NUMBER,NUMBER(9),22,9,,N,3,
DEMANDA_INDICE,FECHA_REGISTRO,DATE,DATE,7,,,N,4,
DEMANDA_INDICE,FUN_ID,NUMBER,NUMBER(9),22,9,,Y,5,
DEMANDA_INDICE,FECHA_ACTUALIZACION,DATE,DATE,7,,,Y,6,
DEMANDA_OCUPACION,DEO_ID,NUMBER,NUMBER(9),22,9,,N,1,
DEMANDA_OCUPACION,DEM_ID,NUMBER,NUMBER(9),22,9,,N,2,
DEMANDA_OCUPACION,OCU_ID,VARCHAR2,VARCHAR2(4),4,,,N,3,
DEMANDA_OCUPACION,DEO_FECHA_REGISTRO,DATE,DATE,7,,,N,4,
DEMANDA_OCUPACION,FUN_ID,NUMBER,NUMBER(9),22,9,,Y,5,
DEMANDA_OCUPACION,DEO_FECHA_ACTUALIZACION,DATE,DATE,7,,,Y,6,
DEMANDA_SENA,COS_ID,NUMBER,NUMBER(2),22,2,,N,1,
DEMANDA_SENA,DEMS_ID,NUMBER,NUMBER(10),22,10,,N,2,
DEMANDA_SENA,DEMS_OBJETO,VARCHAR2,VARCHAR2(400),400,,,Y,3,
DEMANDA_SENA,DEMS_OBLIGACIONES,VARCHAR2,VARCHAR2(400),400,,,Y,4,
DEMANDA_SENA,DEMS_EXP_ESP,VARCHAR2,VARCHAR2(400),400,,,Y,5,
DEMANDA_SENA,DEMS_FORMAL,VARCHAR2,VARCHAR2(400),400,,,Y,6,
DEMANDA_SENA,DEMS_NO_FORMAL,VARCHAR2,VARCHAR2(400),400,,,Y,7,
DEMANDA_SENA,DEMS_COMPETENCIAS,VARCHAR2,VARCHAR2(400),400,,,Y,8,
DEMANDA_SENA,DEMS_SUELDO_MES,NUMBER,NUMBER(8),22,8,,Y,9,
DEMANDA_SENA,DEMS_NUM_CANDIDATOS,NUMBER,NUMBER(3),22,3,,Y,10,
DEMANDA_SENA,DEMS_FCH_REGISTRO,DATE,DATE,7,,,Y,11,
DEMANDA_SENA,DEMS_OBSERVACIONES,VARCHAR2,VARCHAR2(400),400,,,Y,12,
DEMANDA_SENA,EMP_ID,NUMBER,NUMBER(8),22,8,,Y,13,
DEMANDA_SENA,OCUS_ID,NUMBER,NUMBER(5),22,5,,Y,14,
DEMANDA_SENA,TDS_ID,NUMBER,NUMBER(1),22,1,,Y,15,
DEMANDA_SENA,EDS_ID,NUMBER,NUMBER(2),22,2,,Y,16,
DEMANDA_SENA,DEMSEXPERIENCIA,VARCHAR2,VARCHAR2(255),255,,,Y,17,
DEMXFUNCION,DFN_ID,NUMBER,NUMBER(10),22,10,,N,1,
DEMXFUNCION,DEM_ID,NUMBER,NUMBER(10),22,10,,N,2,
DEMXFUNCION,FNC_ID,NUMBER,NUMBER(5),22,5,,N,3,
DEMXFUNCIONREL1,DFNR_1_ID,NUMBER,NUMBER(10),22,10,,N,1,
DEMXFUNCIONREL1,DEM_ID,NUMBER,NUMBER(10),22,10,,N,2,
DEMXFUNCIONREL1,FNC_ID,NUMBER,NUMBER(5),22,5,,N,3,
DEMXFUNCIONREL2,DFNR_2_ID,NUMBER,NUMBER(10),22,10,,N,1,
DEMXFUNCIONREL2,DEM_ID,NUMBER,NUMBER(10),22,10,,N,2,
DEMXFUNCIONREL2,FNC_ID,NUMBER,NUMBER(5),22,5,,N,3,
DEMXPES,DPE_ID,NUMBER,NUMBER(12),22,12,,N,1,
DEMXPES,DEM_ID,NUMBER,NUMBER(10),22,10,,N,2,
DEMXPES,PES_ID,NUMBER,NUMBER(3),22,3,,N,3,
DEMXPES,FUN_ID,NUMBER,NUMBER(5),22,5,,Y,4,
DEMXPES,CSPE_ID,NUMBER,NUMBER(7),22,7,,Y,5,
DEMXPES,DPE_FCH_REGISTRO,DATE,DATE,7,,,N,6,
DEM_COMP_LABORAL,DCL_ID,NUMBER,NUMBER(10),22,10,,N,1,
DEM_COMP_LABORAL,DEM_ID,NUMBER,NUMBER(10),22,10,,N,2,
DEM_COMP_LABORAL,CPL_ID,NUMBER,NUMBER(10),22,10,,N,3,
DEM_DUPLICADAS,DEM_ID,NUMBER,NUMBER(12),22,12,,Y,1,
DEM_DUPLICADAS,EMP_ID,NUMBER,NUMBER(10),22,10,,Y,2,
DEM_DUPLICADAS,IND_ID,NUMBER,NUMBER(10),22,10,,Y,3,
DEM_DUPLICADAS,FUN_ID,NUMBER,NUMBER(5),22,5,,Y,4,
DEM_DUPLICADAS,NOMBRE,VARCHAR2,VARCHAR2(120),120,,,Y,5,
DEM_DUPLICADAS,FECHA,DATE,DATE,7,,,Y,6,
DEM_ESTUDIOS,DES_ID,NUMBER,NUMBER(10),22,10,,N,1,
DEM_ESTUDIOS,DEM_ID,NUMBER,NUMBER(10),22,10,,Y,2,
DEM_ESTUDIOS,TIT_NOMBRE,VARCHAR2,VARCHAR2(200),200,,,Y,3,
DEM_ESTUDIOS,DES_NUM_GRADOS,NUMBER,NUMBER(2),22,2,,Y,4,
DEM_ESTUDIOS,DES_GRADUADO,NUMBER,NUMBER(1),22,1,,Y,5,
DEM_ESTUDIOS,DES_FORMACION_SENA,NUMBER,NUMBER(1),22,1,,Y,6,
DEM_ESTUDIOS,FUN_ID,NUMBER,NUMBER(5),22,5,,Y,7,
DEM_ESTUDIOS,CSPE_ID,NUMBER,NUMBER(7),22,7,,Y,8,
DEM_ESTUDIOS,DES_FCH_REGISTRO,DATE,DATE,7,,,Y,9,
DEM_ESTUDIOS,INS_NOMBRE,VARCHAR2,VARCHAR2(200),200,,,Y,10,
DEM_ESTUDIOS,NIA_ID,NUMBER,NUMBER(2),22,2,,Y,11,
DEM_ETD_FORMAL,DEF_ID,NUMBER,NUMBER(10),22,10,,N,1,
DEM_ETD_FORMAL,DEM_ID,NUMBER,NUMBER(10),22,10,,N,2,
DEM_ETD_FORMAL,TIT_ID,NUMBER,NUMBER(5),22,5,,N,3,
DEM_ETD_FORMAL,DEF_NUM_GRADOS,NUMBER,NUMBER(2),22,2,,N,4,
DEM_ETD_FORMAL,DEF_GRADUADO,NUMBER,NUMBER(1),22,1,,N,5,
DEM_ETD_FORMAL,DEF_FORMACION_SENA,NUMBER,NUMBER(1),22,1,,N,6,
DEM_ETD_FORMAL,FUN_ID,NUMBER,NUMBER(5),22,5,,Y,7,
DEM_ETD_FORMAL,CSPE_ID,NUMBER,NUMBER(7),22,7,,N,8,
DEM_ETD_FORMAL,DEF_FCH_REGISTRO,DATE,DATE,7,,,N,9,
DEM_ETD_FORMAL,INS_ID,NUMBER,NUMBER(7),22,7,,Y,10,
DEM_ETD_FORMAL,NIA_ID,NUMBER,NUMBER(2),22,2,,N,11,
DEM_ETD_NO_FORMAL,DNF_ID,NUMBER,NUMBER(10),22,10,,N,1,
DEM_ETD_NO_FORMAL,DEM_ID,NUMBER,NUMBER(10),22,10,,N,2,
DEM_ETD_NO_FORMAL,ENF_ID,NUMBER,NUMBER(7),22,7,,N,3,
DEM_ETD_NO_FORMAL,DNF_TERMINADO,NUMBER,NUMBER(1),22,1,,N,4,
DEM_ETD_NO_FORMAL,DNF_FORMACION_SENA,NUMBER,NUMBER(1),22,1,,N,5,
DEM_ETD_NO_FORMAL,FUN_ID,NUMBER,NUMBER(5),22,5,,Y,6,
DEM_ETD_NO_FORMAL,CSPE_ID,NUMBER,NUMBER(7),22,7,,N,7,
DEM_ETD_NO_FORMAL,DNF_FCH_REGISTRO,DATE,DATE,7,,,N,8,
DEM_EVENTO,DEE_ID,NUMBER,NUMBER,22,,,N,1,
DEM_EVENTO,DEM_ID,NUMBER,NUMBER,22,,,Y,2,
DEM_EVENTO,EVENTO_ID,NUMBER,NUMBER,22,,,Y,3,
DEM_IDIOMA,DEI_ID,NUMBER,NUMBER(10),22,10,,N,1,
DEM_IDIOMA,DEM_ID,NUMBER,NUMBER(10),22,10,,N,2,
DEM_IDIOMA,IDM_ID,NUMBER,NUMBER(2),22,2,,N,3,
DEM_IDIOMA,DEI_LEE,NUMBER,NUMBER(1),22,1,,N,4,
DEM_IDIOMA,DEI_HABLA,NUMBER,NUMBER(1),22,1,,N,5,
DEM_IDIOMA,DEI_ESCRIBE,NUMBER,NUMBER(1),22,1,,N,6,
DEM_IDIOMA,FUN_ID,NUMBER,NUMBER(5),22,5,,Y,7,
DEM_IDIOMA,CSPE_ID,NUMBER,NUMBER(7),22,7,,N,8,
DEM_IDIOMA,DEI_FCH_REGISTRO,DATE,DATE,7,,,N,9,
DEM_LICENCIA,DEL_ID,NUMBER,NUMBER(10),22,10,,N,1,
DEM_LICENCIA,DEM_ID,NUMBER,NUMBER(10),22,10,,N,2,
DEM_LICENCIA,LIC_ID,NUMBER,NUMBER(1),22,1,,N,3,
DEM_MUN_HID,DMH_ID,NUMBER,NUMBER(10),22,10,,N,1,
DEM_MUN_HID,DEM_ID,NUMBER,NUMBER(10),22,10,,N,2,
DEM_MUN_HID,ARI_ID,NUMBER,NUMBER(1),22,1,,N,3,
DEM_MUN_HID,PAI_ID,NUMBER,NUMBER(3),22,3,,N,4,
DEM_MUN_HID,DPT_ID,NUMBER,NUMBER(7),22,7,,Y,5,
DEM_MUN_HID,MPO_ID,NUMBER,NUMBER(9),22,9,,Y,6,
DEM_MUN_HID,ARI_FCH_ASIGNACION,DATE,DATE,7,,,Y,7,
DEM_PRESELECCION,DPS_ID,VARCHAR2,VARCHAR2(32),32,,,N,1,
DEM_PRESELECCION,DEM_ID,NUMBER,NUMBER(10),22,10,,N,2,
DEM_PRESELECCION,DPS_FECHA,TIMESTAMP(6),TIMESTAMP(6),11,,6,N,3,
DEM_PRESELECCION,DPS_ESTADO,NUMBER,NUMBER(1),22,1,,N,4,
DEM_VARIABLE_CRUCE,DVC_ID,NUMBER,NUMBER(10),22,10,,N,1,
DEM_VARIABLE_CRUCE,DEM_ID,NUMBER,NUMBER(10),22,10,,N,2,
DEM_VARIABLE_CRUCE,VAC_CODIGO,VARCHAR2,VARCHAR2(3),3,,,N,3,
DEM_VEHICULO,DEV_ID,NUMBER,NUMBER(10),22,10,,N,1,
DEM_VEHICULO,DEM_ID,NUMBER,NUMBER(10),22,10,,N,2,
DEM_VEHICULO,VEH_ID,NUMBER,NUMBER(2),22,2,,N,3,
DENOMINACIONES_ECO_NAR,IND_ID,NUMBER,NUMBER(10),22,10,,Y,1,
DENOMINACIONES_ECO_NAR,OCU_ID,VARCHAR2,VARCHAR2(10),10,,,Y,2,
DENOMINACIONES_ECO_NAR,ESTADO,NUMBER,NUMBER(1),22,1,,Y,3,
DENOMINACIONES_ECO_NAR,GRUPO_CARGUE,NUMBER,NUMBER(1),22,1,,Y,4,
DENOMINACIONES_ECO_NAR,OBSERVACION_GRUPO,VARCHAR2,VARCHAR2(400),400,,,Y,5,
DENOMINACIONES_EPL_CULT,IND_ID,NUMBER,NUMBER(10),22,10,,Y,1,
DENOMINACIONES_EPL_CULT,OCU_ID,VARCHAR2,VARCHAR2(10),10,,,Y,2,
DENOMINACIONES_EPL_CULT,ESTADO,NUMBER,NUMBER(1),22,1,,Y,3,
DENOMINACIONES_EPL_CULT,GRUPO_CARGUE,NUMBER,NUMBER(1),22,1,,Y,4,
DENOMINACIONES_EPL_CULT,OBSERVACION_GRUPO,VARCHAR2,VARCHAR2(400),400,,,Y,5,
DEPARTAMENTO,DPT_ID,NUMBER,NUMBER(7),22,7,,N,1,
DEPARTAMENTO,DPT_NOMBRE,VARCHAR2,VARCHAR2(150),150,,,N,2,
DEPARTAMENTO,PAI_ID,NUMBER,NUMBER(3),22,3,,N,3,
DIA_NO_LABORABLE,DNL_ID,NUMBER,NUMBER(4),22,4,,N,1,
DIA_NO_LABORABLE,DNL_FCH,DATE,DATE,7,,,N,2,
DIA_NO_LABORABLE,CSPE_ID,NUMBER,NUMBER(7),22,7,,Y,3,
DICCIONARIO,DIC_ID,NUMBER,NUMBER(3),22,3,,N,1,
DICCIONARIO,DIC_PAL_ERRONEA,VARCHAR2,VARCHAR2(100),100,,,N,2,
DICCIONARIO,DIC_PAL_CORRECTA,VARCHAR2,VARCHAR2(100),100,,,N,3,
DIVISION_CIIU,DIC_ID,VARCHAR2,VARCHAR2(2),2,,,N,1,
DIVISION_CIIU,DIC_NOMBRE,VARCHAR2,VARCHAR2(200),200,,,N,2,
DIVISION_CIIU,SCC_ID,VARCHAR2,VARCHAR2(1),1,,,N,3,
DURACION,DUR_ID,NUMBER,NUMBER(2),22,2,,N,1,
DURACION,DUR_NOMBRE,VARCHAR2,VARCHAR2(20),20,,,N,2,
DURACION,DUR_VAL_OFT,NUMBER,NUMBER(1),22,1,,N,3,
DURACION,DUR_VAL_OFT_MAX,NUMBER,NUMBER(4),22,4,,N,4,
DURACION,DUR_VAL_ONF,NUMBER,NUMBER(1),22,1,,N,5,
DURACION,DUR_VAL_ONF_MAX,NUMBER,NUMBER(4),22,4,,N,6,
DURACION,DUR_ORDEN,NUMBER,NUMBER(2),22,2,,N,7,
DWH_COLO_FUN,PERIODO,NUMBER,NUMBER,22,,,N,1,
DWH_COLO_FUN,FUNCIONARIO,NUMBER,NUMBER,22,,,Y,2,
DWH_COLO_FUN,CENTRO,NUMBER,NUMBER,22,,,Y,3,
DWH_COLO_FUN,REGIONAL,NUMBER,NUMBER,22,,,Y,4,
DWH_COLO_FUN,CONTEO,NUMBER,NUMBER,22,,,N,5,
DWH_COLO_MUN,PERIODO,NUMBER,NUMBER,22,,,N,1,
DWH_COLO_MUN,MUNICIPIO,NUMBER,NUMBER,22,,,Y,2,
DWH_COLO_MUN,DEPARTAMENTO,NUMBER,NUMBER,22,,,Y,3,
DWH_COLO_MUN,PAIS,NUMBER,NUMBER,22,,,Y,4,
DWH_COLO_MUN,INTERNET,NUMBER,NUMBER,22,,,Y,5,
DWH_COLO_MUN,CONTEO,NUMBER,NUMBER,22,,,N,6,
DWH_CURS_FUN,PERIODO,NUMBER,NUMBER,22,,,N,1,
DWH_CURS_FUN,FUNCIONARIO,NUMBER,NUMBER,22,,,Y,2,
DWH_CURS_FUN,CENTRO,NUMBER,NUMBER,22,,,Y,3,
DWH_CURS_FUN,REGIONAL,NUMBER,NUMBER,22,,,Y,4,
DWH_CURS_FUN,CONTEO,NUMBER,NUMBER,22,,,N,5,
DWH_CURS_FUN,OFERTA,NUMBER,NUMBER,22,,,Y,6,
DWH_CURS_FUN,ESTADO,NUMBER,NUMBER,22,,,Y,7,
DWH_CURS_MUN,PERIODO,NUMBER,NUMBER,22,,,N,1,
DWH_CURS_MUN,MUNICIPIO,NUMBER,NUMBER,22,,,Y,2,
DWH_CURS_MUN,DEPARTAMENTO,NUMBER,NUMBER,22,,,Y,3,
DWH_CURS_MUN,PAIS,NUMBER,NUMBER,22,,,Y,4,
DWH_CURS_MUN,CONTEO,NUMBER,NUMBER,22,,,N,5,
DWH_CURS_MUN,OFERTA,NUMBER,NUMBER,22,,,Y,6,
DWH_CURS_MUN,ESTADO,NUMBER,NUMBER,22,,,Y,7,
DWH_CURS_MUN,INTERNET,NUMBER,NUMBER,22,,,Y,8,
DWH_DEMA_FUN,PERIODO,NUMBER,NUMBER,22,,,N,1,
DWH_DEMA_FUN,FUNCIONARIO,NUMBER,NUMBER,22,,,Y,2,
DWH_DEMA_FUN,CENTRO,NUMBER,NUMBER,22,,,Y,3,
DWH_DEMA_FUN,REGIONAL,NUMBER,NUMBER,22,,,Y,4,
DWH_DEMA_FUN,CONTEO,NUMBER,NUMBER,22,,,N,5,
DWH_DEMA_MUN,PERIODO,NUMBER,NUMBER,22,,,N,1,
DWH_DEMA_MUN,MUNICIPIO,NUMBER,NUMBER,22,,,Y,2,
DWH_DEMA_MUN,DEPARTAMENTO,NUMBER,NUMBER,22,,,Y,3,
DWH_DEMA_MUN,PAIS,NUMBER,NUMBER,22,,,Y,4,
DWH_DEMA_MUN,INTERNET,NUMBER,NUMBER,22,,,Y,5,
DWH_DEMA_MUN,CONTEO,NUMBER,NUMBER,22,,,N,6,
DWH_EMPR_FUN,PERIODO,NUMBER,NUMBER,22,,,N,1,
DWH_EMPR_FUN,FUNCIONARIO,NUMBER,NUMBER,22,,,Y,2,
DWH_EMPR_FUN,CENTRO,NUMBER,NUMBER,22,,,Y,3,
DWH_EMPR_FUN,REGIONAL,NUMBER,NUMBER,22,,,Y,4,
DWH_EMPR_FUN,CONTEO,NUMBER,NUMBER,22,,,N,5,
DWH_EMPR_MUN,PERIODO,NUMBER,NUMBER,22,,,N,1,
DWH_EMPR_MUN,MUNICIPIO,NUMBER,NUMBER,22,,,Y,2,
DWH_EMPR_MUN,DEPARTAMENTO,NUMBER,NUMBER,22,,,Y,3,
DWH_EMPR_MUN,PAIS,NUMBER,NUMBER,22,,,Y,4,
DWH_EMPR_MUN,CONTEO,NUMBER,NUMBER,22,,,N,5,
DWH_INSC,TRIMESTRE,NUMBER,NUMBER,22,,,N,1,
DWH_INSC,MUNICIPIO,NUMBER,NUMBER,22,,,N,2,
DWH_INSC,CONTEO,NUMBER,NUMBER,22,,,N,3,
DWH_INSC,DEPARTAMENTO,NUMBER,NUMBER,22,,,N,4,
DWH_INSC,OCUPACION,NUMBER,NUMBER,22,,,N,5,
DWH_INSC,SEXO,NUMBER,NUMBER,22,,,N,6,
DWH_INSC,EDAD,NUMBER,NUMBER,22,,,N,7,
DWH_INSC,EXPERIENCIA,NUMBER,NUMBER,22,,,Y,8,
DWH_INSC,ASPIRACION,NUMBER,NUMBER,22,,,N,9,
DWH_INSC,ESTRATO,NUMBER,NUMBER,22,,,N,10,
DWH_INSC,SITUACION,NUMBER,NUMBER,22,,,N,11,
DWH_INSC,NIVEL_ACADEMICO,NUMBER,NUMBER,22,,,Y,12,
DWH_INSC_FUN,PERIODO,NUMBER,NUMBER,22,,,N,1,
DWH_INSC_FUN,FUNCIONARIO,NUMBER,NUMBER,22,,,Y,2,
DWH_INSC_FUN,CENTRO,NUMBER,NUMBER,22,,,Y,3,
DWH_INSC_FUN,REGIONAL,NUMBER,NUMBER,22,,,Y,4,
DWH_INSC_FUN,CONTEO,NUMBER,NUMBER,22,,,N,5,
DWH_INSC_MUN,PERIODO,NUMBER,NUMBER,22,,,N,1,
DWH_INSC_MUN,MUNICIPIO,NUMBER,NUMBER,22,,,Y,2,
DWH_INSC_MUN,DEPARTAMENTO,NUMBER,NUMBER,22,,,Y,3,
DWH_INSC_MUN,PAIS,NUMBER,NUMBER,22,,,Y,4,
DWH_INSC_MUN,INTERNET,NUMBER,NUMBER,22,,,Y,5,
DWH_INSC_MUN,CONTEO,NUMBER,NUMBER,22,,,N,6,
DWH_ORIE_FUN,PERIODO,NUMBER,NUMBER,22,,,N,1,
DWH_ORIE_FUN,FUNCIONARIO,NUMBER,NUMBER,22,,,Y,2,
DWH_ORIE_FUN,CENTRO,NUMBER,NUMBER,22,,,Y,3,
DWH_ORIE_FUN,REGIONAL,NUMBER,NUMBER,22,,,Y,4,
DWH_ORIE_FUN,CONTEO,NUMBER,NUMBER,22,,,N,5,
DWH_ORIE_FUN,OFERTA,NUMBER,NUMBER,22,,,Y,6,
DWH_ORIE_MUN,PERIODO,NUMBER,NUMBER,22,,,N,1,
DWH_ORIE_MUN,MUNICIPIO,NUMBER,NUMBER,22,,,Y,2,
DWH_ORIE_MUN,DEPARTAMENTO,NUMBER,NUMBER,22,,,Y,3,
DWH_ORIE_MUN,PAIS,NUMBER,NUMBER,22,,,Y,4,
DWH_ORIE_MUN,CONTEO,NUMBER,NUMBER,22,,,N,5,
DWH_ORIE_MUN,OFERTA,NUMBER,NUMBER,22,,,Y,6,
DWH_POST_FUN,PERIODO,NUMBER,NUMBER,22,,,N,1,
DWH_POST_FUN,FUNCIONARIO,NUMBER,NUMBER,22,,,Y,2,
DWH_POST_FUN,CENTRO,NUMBER,NUMBER,22,,,Y,3,
DWH_POST_FUN,REGIONAL,NUMBER,NUMBER,22,,,Y,4,
DWH_POST_FUN,CONTEO,NUMBER,NUMBER,22,,,N,5,
DWH_POST_MUN,PERIODO,NUMBER,NUMBER,22,,,N,1,
DWH_POST_MUN,MUNICIPIO,NUMBER,NUMBER,22,,,Y,2,
DWH_POST_MUN,DEPARTAMENTO,NUMBER,NUMBER,22,,,Y,3,
DWH_POST_MUN,PAIS,NUMBER,NUMBER,22,,,Y,4,
DWH_POST_MUN,INTERNET,NUMBER,NUMBER,22,,,Y,5,
DWH_POST_MUN,CONTEO,NUMBER,NUMBER,22,,,N,6,
DWH_SEGU_FUN,PERIODO,NUMBER,NUMBER,22,,,N,1,
DWH_SEGU_FUN,FUNCIONARIO,NUMBER,NUMBER,22,,,Y,2,
DWH_SEGU_FUN,CENTRO,NUMBER,NUMBER,22,,,Y,3,
DWH_SEGU_FUN,REGIONAL,NUMBER,NUMBER,22,,,Y,4,
DWH_SEGU_FUN,CONTEO,NUMBER,NUMBER,22,,,N,5,
DWH_SEGU_FUN,TIPO,NUMBER,NUMBER,22,,,Y,6,
DWH_SEGU_MUN,PERIODO,NUMBER,NUMBER,22,,,N,1,
DWH_SEGU_MUN,MUNICIPIO,NUMBER,NUMBER,22,,,Y,2,
DWH_SEGU_MUN,DEPARTAMENTO,NUMBER,NUMBER,22,,,Y,3,
DWH_SEGU_MUN,PAIS,NUMBER,NUMBER,22,,,Y,4,
DWH_SEGU_MUN,CONTEO,NUMBER,NUMBER,22,,,N,5,
DWH_SEGU_MUN,TIPO,NUMBER,NUMBER,22,,,Y,6,
DWH_VACA_FUN,PERIODO,NUMBER,NUMBER,22,,,N,1,
DWH_VACA_FUN,FUNCIONARIO,NUMBER,NUMBER,22,,,Y,2,
DWH_VACA_FUN,CENTRO,NUMBER,NUMBER,22,,,Y,3,
DWH_VACA_FUN,REGIONAL,NUMBER,NUMBER,22,,,Y,4,
DWH_VACA_FUN,CONTEO,NUMBER,NUMBER,22,,,N,5,
DWH_VACA_MUN,PERIODO,NUMBER,NUMBER,22,,,N,1,
DWH_VACA_MUN,MUNICIPIO,NUMBER,NUMBER,22,,,Y,2,
DWH_VACA_MUN,DEPARTAMENTO,NUMBER,NUMBER,22,,,Y,3,
DWH_VACA_MUN,PAIS,NUMBER,NUMBER,22,,,Y,4,
DWH_VACA_MUN,INTERNET,NUMBER,NUMBER,22,,,Y,5,
DWH_VACA_MUN,CONTEO,NUMBER,NUMBER,22,,,N,6,
EESXPES,EEP_ID,NUMBER,NUMBER(6),22,6,,N,1,
EESXPES,EES_ID,NUMBER,NUMBER(3),22,3,,N,2,
EESXPES,PES_ID,NUMBER,NUMBER(3),22,3,,N,3,
EGRESADO,EGR_IDENTIFICACION,NUMBER,NUMBER(20),22,20,,Y,1,
EGRESADO,CARGUE_ID,NUMBER,NUMBER(2),22,2,,Y,2,
EGRESADOS_TEC,Ficha,NUMBER,NUMBER,22,,,Y,1,
EGRESADOS_TEC,Denominación Programa,VARCHAR2,VARCHAR2(100),100,,,Y,2,
EGRESADOS_TEC,NIS,NUMBER,NUMBER,22,,,Y,3,
EGRESADOS_TEC,Número Registro,NUMBER,NUMBER,22,,,Y,4,
EGRESADOS_TEC,Tipo Documento,VARCHAR2,VARCHAR2(6),6,,,Y,5,
EGRESADOS_TEC,Número Documento,NUMBER,NUMBER,22,,,Y,6,
EGRESADOS_TEC,Nombre Aprendiz,VARCHAR2,VARCHAR2(100),100,,,Y,7,
EGRESADOS_TEC,Lugar de Residencia,VARCHAR2,VARCHAR2(50),50,,,Y,8,
EGRESADOS_TEC,Correo Electrónico,VARCHAR2,VARCHAR2(100),100,,,Y,9,
EGRESADOS_TEC,Tel. Principal,VARCHAR2,VARCHAR2(50),50,,,Y,10,
EGRESADOS_TEC,Tel. Alterno,VARCHAR2,VARCHAR2(50),50,,,Y,11,
EGRESADOS_TEC,Tel. Celular,VARCHAR2,VARCHAR2(50),50,,,Y,12,
EGRESADOS_TITULADA_2017,CODIGO_CENTRO,VARCHAR2,VARCHAR2(6),6,,,Y,1,
EGRESADOS_TITULADA_2017,NIVEL_FORMACION,VARCHAR2,VARCHAR2(30),30,,,Y,2,
EGRESADOS_TITULADA_2017,TIPO_IDENTIFICACION_APRENDIZ,VARCHAR2,VARCHAR2(4),4,,,Y,3,
EGRESADOS_TITULADA_2017,NUMERO_IDENTIFICACION_APRENDIZ,NUMBER,NUMBER,22,,,Y,4,
EGRESADOS_TITULADA_2017,PRIMER_APELLIDO_APRENDIZ,VARCHAR2,VARCHAR2(60),60,,,Y,5,
EGRESADOS_TITULADA_2017,SEGUNDO_APELLIDO_APRENDIZ,VARCHAR2,VARCHAR2(60),60,,,Y,6,
EGRESADOS_TITULADA_2017,NOMBRE_APRENDIZ,VARCHAR2,VARCHAR2(60),60,,,Y,7,
EGRESADO_AUX,EGR_IDENTIFICACION,NUMBER,NUMBER(20),22,20,,Y,1,
EGRESADO_AUX,CARGUE_ID,NUMBER,NUMBER(2),22,2,,Y,2,
EGRESADO_INSERTAR,EGR_IDENTIFICACION,NUMBER,NUMBER(20),22,20,,Y,1,
EGRESADO_INSERTAR,CARGUE_ID,NUMBER,NUMBER(2),22,2,,Y,2,
EGRESADO_SIMULA,EGR_IDENTIFICACION,NUMBER,NUMBER(20),22,20,,Y,1,
EGRESADO_SIMULA,CARGUE_ID,NUMBER,NUMBER(2),22,2,,Y,2,
EJECUCION_TALLER,ETA_ID,NUMBER,NUMBER(12),22,12,,N,1,
EJECUCION_TALLER,GUT_ID,NUMBER,NUMBER(2),22,2,,N,2,
EJECUCION_TALLER,ETA_FCH_EJECUCION,TIMESTAMP(6),TIMESTAMP(6),11,,6,N,3,
EJECUCION_TALLER,ETA_LUGAR,VARCHAR2,VARCHAR2(60),60,,,N,4,
EJECUCION_TALLER,ETA_DESCRIPCION,VARCHAR2,VARCHAR2(180),180,,,Y,5,
EJECUCION_TALLER,ETA_FCH_REGISTRO,DATE,DATE,7,,,N,6,
EJECUCION_TALLER,FUN_ID,NUMBER,NUMBER(5),22,5,,N,7,
EJECUCION_TALLER,CSPE_ID,NUMBER,NUMBER(7),22,7,,N,8,
EJECUCION_TALLER,ETA_ESTADO,NUMBER,NUMBER,22,,,Y,9,
EJECUCION_TALLER,ETA_EVENTO_ID,NUMBER,NUMBER,22,,,Y,10,
EMPRESA,EMP_ID,NUMBER,NUMBER(8),22,8,,N,1,
EMPRESA,TDI_ID,NUMBER,NUMBER(1),22,1,,N,2,
EMPRESA,EMP_IDENTIFICACION,NUMBER,NUMBER(15),22,15,,N,3,
EMPRESA,EMP_RAZON_SOCIAL,VARCHAR2,VARCHAR2(150),150,,,N,4,
EMPRESA,TEM_ID,NUMBER,NUMBER(2),22,2,,N,5,
EMPRESA,CIIU_ID,VARCHAR2,VARCHAR2(4),4,,,N,6,
EMPRESA,EMP_NATURALEZA,NUMBER,NUMBER(1),22,1,,N,7,
EMPRESA,EMP_NUM_TRABAJADORES,NUMBER,NUMBER(5),22,5,,N,8,
EMPRESA,PAI_ID,NUMBER,NUMBER(3),22,3,,N,9,
EMPRESA,DPT_ID,NUMBER,NUMBER(7),22,7,,Y,10,
EMPRESA,MPO_ID,NUMBER,NUMBER(9),22,9,,Y,11,
EMPRESA,ZON_ID,NUMBER,NUMBER(12),22,12,,Y,12,
EMPRESA,BAR_ID,NUMBER,NUMBER(6),22,6,,Y,13,
EMPRESA,EMP_DIRECCION,VARCHAR2,VARCHAR2(100),100,,,N,14,
EMPRESA,EMP_TEL,VARCHAR2,VARCHAR2(20),20,,,N,15,
EMPRESA,EMP_EXT_TEL,NUMBER,NUMBER(6),22,6,,Y,16,
EMPRESA,EMP_TEL_ALT,VARCHAR2,VARCHAR2(20),20,,,Y,17,
EMPRESA,EMP_EXT_TEL_ALT,NUMBER,NUMBER(6),22,6,,Y,18,
EMPRESA,EMP_FAX,VARCHAR2,VARCHAR2(20),20,,,Y,19,
EMPRESA,EMP_EXT_FAX,NUMBER,NUMBER(6),22,6,,Y,20,
EMPRESA,EMP_SITIO_WEB,VARCHAR2,VARCHAR2(100),100,,,Y,21,
EMPRESA,EMP_SEDE,NUMBER,NUMBER(1),22,1,,N,22,
EMPRESA,EMP_REP_LEGAL,VARCHAR2,VARCHAR2(100),100,,,N,23,
EMPRESA,EMP_CORREO_REP_LEGAL,VARCHAR2,VARCHAR2(100),100,,,Y,24,
EMPRESA,EMP_RECURSOS_HUMANOS,VARCHAR2,VARCHAR2(100),100,,,N,25,
EMPRESA,EMP_CORREO_RECURSOS,VARCHAR2,VARCHAR2(100),100,,,Y,26,
EMPRESA,EMP_TEL_RECURSOS,VARCHAR2,VARCHAR2(20),20,,,N,27,
EMPRESA,EMP_EXT_TEL_RH,NUMBER,NUMBER(6),22,6,,Y,28,
EMPRESA,EMP_TEL_RECURSOS_ALT,VARCHAR2,VARCHAR2(20),20,,,Y,29,
EMPRESA,EMP_EXT_TEL_RH_ALT,NUMBER,NUMBER(6),22,6,,Y,30,
EMPRESA,EMP_MED_INSCRIPCION,NUMBER,NUMBER(1),22,1,,N,31,
EMPRESA,EMP_CLAVE,NUMBER,NUMBER(10),22,10,,N,32,
EMPRESA,EMP_PREGUNTA,VARCHAR2,VARCHAR2(40),40,,,N,33,
EMPRESA,EMP_RESPUESTA,VARCHAR2,VARCHAR2(40),40,,,N,34,
EMPRESA,FUN_ID,NUMBER,NUMBER(5),22,5,,Y,35,
EMPRESA,CSPE_ID,NUMBER,NUMBER(7),22,7,,Y,36,
EMPRESA,REG_ID,NUMBER,NUMBER(2),22,2,,N,37,
EMPRESA,EMP_TEL_CEL,NUMBER,NUMBER(10),22,10,,Y,38,
EMPRESA,EMP_IND_TEL,NUMBER,NUMBER(5),22,5,,Y,39,
EMPRESA,EMP_IND_TEL_ALT,NUMBER,NUMBER(5),22,5,,Y,40,
EMPRESA,EMP_IND_TEL_RECURSOS,NUMBER,NUMBER(5),22,5,,Y,41,
EMPRESA,EMP_IND_TEL_RECURSOS_ALT,NUMBER,NUMBER(5),22,5,,Y,42,
EMPRESA,EMP_POSTU_RESTRINGIDAS,NUMBER,NUMBER(1),22,1,,Y,43,
EMPRESASCRM,Tipo Id,VARCHAR2,VARCHAR2(220),220,,,Y,1,
EMPRESASCRM,NIT,NUMBER,NUMBER,22,,,Y,2,
EMPRESASCRM,Nombre Empresa,VARCHAR2,VARCHAR2(221),221,,,Y,3,
EMPRESASCRM,JERARQUIA,VARCHAR2,VARCHAR2(119),119,,,Y,4,
EMPRESASCRM,DEPARTAMENTO,VARCHAR2,VARCHAR2(119),119,,,Y,5,
EMPRESASCRM,Clase CIIU DIAN,NUMBER,NUMBER,22,,,Y,6,
EMPRESASCRM,Descripción  e CIIU,VARCHAR2,VARCHAR2(264),264,,,Y,7,
EMPRESASCRM,Correo Electrónico,VARCHAR2,VARCHAR2(152),152,,,Y,8,
EMPRESASCRM,TELÉFONO,NUMBER,NUMBER,22,,,Y,9,
EMPRESASCRM,CELULAR,FLOAT,FLOAT,22,63,,Y,10,
EMPRESASCRM,Gestor r Empresarial,VARCHAR2,VARCHAR2(126),126,,,Y,11,
EMPRESASCRM,Regional Gestor r Empresarial,VARCHAR2,VARCHAR2(19),19,,,Y,12,
EMPRESASCRM,SEGMENTO,VARCHAR2,VARCHAR2(153),153,,,Y,13,
EMPRESASCRM,TIPO,VARCHAR2,VARCHAR2(122),122,,,Y,14,
EMPRESASCRM,Cruce con UIAE,VARCHAR2,VARCHAR2(22),22,,,Y,15,
EMPRESASSENNOVAFOMENTO,Nit,NUMBER,NUMBER,22,,,Y,1,
EMPRESASSENNOVAFOMENTO,Codigo CIIU,VARCHAR2,VARCHAR2(114),114,,,Y,2,
EMPRESASSENNOVAFOMENTO,Nombre de la empresa,VARCHAR2,VARCHAR2(208),208,,,Y,3,
EMPRESASSENNOVAFOMENTO,Fecha de creación empresa,VARCHAR2,VARCHAR2(110),110,,,Y,4,
EMPRESASSENNOVAFOMENTO,SECTOR,VARCHAR2,VARCHAR2(231),231,,,Y,5,
EMPRESASSENNOVAFOMENTO,CIUDAD,VARCHAR2,VARCHAR2(240),240,,,Y,6,
EMPRESASSENNOVAFOMENTO,DEPARTAMENTO,VARCHAR2,VARCHAR2(218),218,,,Y,7,
EMPRESASSENNOVAFOMENTO,DIRECCIÓN,VARCHAR2,VARCHAR2(278),278,,,Y,8,
EMPRESASSENNOVAFOMENTO,EMAIL,VARCHAR2,VARCHAR2(254),254,,,Y,9,
EMPRESASSENNOVAFOMENTO,Tamaño de la empresa,VARCHAR2,VARCHAR2(211),211,,,Y,10,
EMPRESASSENNOVAFOMENTO,Tipo de empresa,VARCHAR2,VARCHAR2(211),211,,,Y,11,
EMPRESASSENNOVAFOMENTO,Cruce con UIAE,VARCHAR2,VARCHAR2(22),22,,,Y,12,
EMPRESASSENNOVAI,NIT,NUMBER,NUMBER,22,,,Y,1,
EMPRESASSENNOVAI,DEPARTAMENTO,VARCHAR2,VARCHAR2(224),224,,,Y,2,
EMPRESASSENNOVAI,REPRESENTANTE LEGAL,VARCHAR2,VARCHAR2(284),284,,,Y,3,
EMPRESASSENNOVAI,TELEFONO CONTACTO,VARCHAR2,VARCHAR2(213),213,,,Y,4,
EMPRESASSENNOVAI,CORREO ELECTRÓNICO,VARCHAR2,VARCHAR2(256),256,,,Y,5,
EMPRESASSENNOVAI,Cruce con UIAE,VARCHAR2,VARCHAR2(102),102,,,Y,6,
EMPRESASSENNOVAII,No,NUMBER,NUMBER,22,,,Y,1,
EMPRESASSENNOVAII,CODIGO SIGP,NUMBER,NUMBER,22,,,Y,2,
EMPRESASSENNOVAII,NIT,NUMBER,NUMBER,22,,,Y,3,
EMPRESASSENNOVAII,EMPRESA,VARCHAR2,VARCHAR2(220),220,,,Y,4,
EMPRESASSENNOVAII,SECTOR,VARCHAR2,VARCHAR2(256),256,,,Y,5,
EMPRESASSENNOVAII,REPRESENTANTE LEGAL,VARCHAR2,VARCHAR2(236),236,,,Y,6,
EMPRESASSENNOVAII,CORREO,VARCHAR2,VARCHAR2(258),258,,,Y,7,
EMPRESASSENNOVAII,DIRECCION,VARCHAR2,VARCHAR2(298),298,,,Y,8,
EMPRESASSENNOVAII,TELEFONO,VARCHAR2,VARCHAR2(123),123,,,Y,9,
EMPRESASSENNOVAII,DEPARAMENTO,VARCHAR2,VARCHAR2(124),124,,,Y,10,
EMPRESASSENNOVAII,CIUDAD,VARCHAR2,VARCHAR2(122),122,,,Y,11,
EMPRESASSENNOVAII,Cruce con UIAE,VARCHAR2,VARCHAR2(22),22,,,Y,12,
EMPRESAS_ACTIVAS_EAE,EAE,VARCHAR2,VARCHAR2(22),22,,,Y,1,
EMPRESAS_ACTIVAS_EAE,IDENTIFICACION,NUMBER,NUMBER,22,,,Y,2,
EMPRESAS_ACTIVAS_EAE,Razón Social,VARCHAR2,VARCHAR2(428),428,,,Y,3,
EMPRESAS_ACTIVAS_EAE,Tipo de Documento,VARCHAR2,VARCHAR2(232),232,,,Y,4,
EMPRESAS_ACTIVAS_EAE,DEPARTAMENTO,VARCHAR2,VARCHAR2(232),232,,,Y,5,
EMPRESAS_ACTIVAS_EAE,Tipo Empresa Sena,VARCHAR2,VARCHAR2(28),28,,,Y,6,
EMPRESAS_ACTIVAS_EAE,Tipo de Sede Anterior,VARCHAR2,VARCHAR2(226),226,,,Y,7,
EMPRESAS_ACTIVAS_EAE,GESTOR,VARCHAR2,VARCHAR2(264),264,,,Y,8,
EMPRESAS_ACTIVAS_EAE,CARGO,VARCHAR2,VARCHAR2(232),232,,,Y,9,
EMPRESAS_ACTIVAS_EAE,REG,VARCHAR2,VARCHAR2(232),232,,,Y,10,
EMPRESAS_ACTIVAS_EAE,EMPLEADOS,NUMBER,NUMBER,22,,,Y,11,
EMPRESAS_ACT_UAIE,Nit,NUMBER,NUMBER,22,,,Y,1,
EMPRESAS_ACT_UAIE,RazonSocial,VARCHAR2,VARCHAR2(250),250,,,Y,2,
EMPRESAS_ACT_UAIE,Tipo_de_Documento,VARCHAR2,VARCHAR2(40),40,,,Y,3,
EMPRESAS_ACT_UAIE,DEPARTAMENTO,VARCHAR2,VARCHAR2(50),50,,,Y,4,
EMPRESAS_FE,NIT,NUMBER,NUMBER,22,,,Y,1,
EMPRESAS_FE,Nombre Beneficiario,VARCHAR2,VARCHAR2(447),447,,,Y,2,
EMPRESAS_FE,NOMBRE_PROYECTO,VARCHAR2,VARCHAR2(435),435,,,Y,3,
EMPRESAS_FE,CIUDAD,VARCHAR2,VARCHAR2(128),128,,,Y,4,
EMPRESAS_FE,DEPARTAMENTO,VARCHAR2,VARCHAR2(126),126,,,Y,5,
EMPRESAS_FE,ESTADO,VARCHAR2,VARCHAR2(16),16,,,Y,6,
EMPRESAS_FE,CORREO,VARCHAR2,VARCHAR2(141),141,,,Y,7,
EMPRESAS_FE,TELEFONO,VARCHAR2,VARCHAR2(141),141,,,Y,8,
EMPRESAS_FE,EMPLEOS_VERIFICADOS,NUMBER,NUMBER,22,,,Y,9,
EMPRESAS_FE,CIIU,NUMBER,NUMBER,22,,,Y,10,
EMPRESA_ANULADA,EMP_ID,NUMBER,NUMBER(8),22,8,,N,1,
EMPRESA_ANULADA,TDI_ID,NUMBER,NUMBER(1),22,1,,N,2,
EMPRESA_ANULADA,EMP_IDENTIFICACION,NUMBER,NUMBER(15),22,15,,N,3,
EMPRESA_ANULADA,EMP_RAZON_SOCIAL,VARCHAR2,VARCHAR2(150),150,,,N,4,
EMPRESA_ANULADA,TEM_ID,NUMBER,NUMBER(2),22,2,,N,5,
EMPRESA_ANULADA,CIIU_ID,VARCHAR2,VARCHAR2(4),4,,,N,6,
EMPRESA_ANULADA,EMP_NATURALEZA,NUMBER,NUMBER(1),22,1,,N,7,
EMPRESA_ANULADA,EMP_NUM_TRABAJADORES,NUMBER,NUMBER(5),22,5,,N,8,
EMPRESA_ANULADA,PAI_ID,NUMBER,NUMBER(3),22,3,,N,9,
EMPRESA_ANULADA,DPT_ID,NUMBER,NUMBER(7),22,7,,Y,10,
EMPRESA_ANULADA,MPO_ID,NUMBER,NUMBER(9),22,9,,Y,11,
EMPRESA_ANULADA,ZON_ID,NUMBER,NUMBER(12),22,12,,Y,12,
EMPRESA_ANULADA,BAR_ID,NUMBER,NUMBER(6),22,6,,Y,13,
EMPRESA_ANULADA,EMP_DIRECCION,VARCHAR2,VARCHAR2(100),100,,,N,14,
EMPRESA_ANULADA,EMP_TEL,VARCHAR2,VARCHAR2(20),20,,,N,15,
EMPRESA_ANULADA,EMP_EXT_TEL,NUMBER,NUMBER(6),22,6,,Y,16,
EMPRESA_ANULADA,EMP_TEL_ALT,VARCHAR2,VARCHAR2(20),20,,,Y,17,
EMPRESA_ANULADA,EMP_EXT_TEL_ALT,NUMBER,NUMBER(6),22,6,,Y,18,
EMPRESA_ANULADA,EMP_FAX,VARCHAR2,VARCHAR2(20),20,,,Y,19,
EMPRESA_ANULADA,EMP_EXT_FAX,NUMBER,NUMBER(6),22,6,,Y,20,
EMPRESA_ANULADA,EMP_SITIO_WEB,VARCHAR2,VARCHAR2(100),100,,,Y,21,
EMPRESA_ANULADA,EMP_SEDE,NUMBER,NUMBER(1),22,1,,N,22,
EMPRESA_ANULADA,EMP_REP_LEGAL,VARCHAR2,VARCHAR2(100),100,,,N,23,
EMPRESA_ANULADA,EMP_CORREO_REP_LEGAL,VARCHAR2,VARCHAR2(100),100,,,Y,24,
EMPRESA_ANULADA,EMP_RECURSOS_HUMANOS,VARCHAR2,VARCHAR2(100),100,,,N,25,
EMPRESA_ANULADA,EMP_CORREO_RECURSOS,VARCHAR2,VARCHAR2(100),100,,,Y,26,
EMPRESA_ANULADA,EMP_TEL_RECURSOS,VARCHAR2,VARCHAR2(20),20,,,N,27,
EMPRESA_ANULADA,EMP_EXT_TEL_RH,NUMBER,NUMBER(6),22,6,,Y,28,
EMPRESA_ANULADA,EMP_TEL_RECURSOS_ALT,VARCHAR2,VARCHAR2(20),20,,,Y,29,
EMPRESA_ANULADA,EMP_EXT_TEL_RH_ALT,NUMBER,NUMBER(6),22,6,,Y,30,
EMPRESA_ANULADA,EMP_MED_INSCRIPCION,NUMBER,NUMBER(1),22,1,,N,31,
EMPRESA_ANULADA,EMP_CLAVE,NUMBER,NUMBER(10),22,10,,N,32,
EMPRESA_ANULADA,EMP_PREGUNTA,VARCHAR2,VARCHAR2(40),40,,,N,33,
EMPRESA_ANULADA,EMP_RESPUESTA,VARCHAR2,VARCHAR2(40),40,,,N,34,
EMPRESA_ANULADA,FUN_ID,NUMBER,NUMBER(5),22,5,,Y,35,
EMPRESA_ANULADA,CSPE_ID,NUMBER,NUMBER(7),22,7,,Y,36,
EMPRESA_ANULADA,REG_ID,NUMBER,NUMBER(2),22,2,,N,37,
EMPRESA_ANULADA,EMP_TEL_CEL,NUMBER,NUMBER(10),22,10,,Y,38,
EMPRESA_ANULADA,EMP_IND_TEL,NUMBER,NUMBER(5),22,5,,Y,39,
EMPRESA_ANULADA,EMP_IND_TEL_ALT,NUMBER,NUMBER(5),22,5,,Y,40,
EMPRESA_ANULADA,EMP_IND_TEL_RECURSOS,NUMBER,NUMBER(5),22,5,,Y,41,
EMPRESA_ANULADA,EMP_IND_TEL_RECURSOS_ALT,NUMBER,NUMBER(5),22,5,,Y,42,
EMPRESA_ANULADA,EMP_POSTU_RESTRINGIDAS,NUMBER,NUMBER(1),22,1,,Y,43,
EMPRESA_ESPECIAL,EES_ID,NUMBER,NUMBER(3),22,3,,N,1,
EMPRESA_ESPECIAL,EES_NOMBRE,VARCHAR2,VARCHAR2(50),50,,,N,2,
EMPRESA_ESPECIAL,EES_DESCRIPCION,VARCHAR2,VARCHAR2(300),300,,,N,3,
EMPRESA_ESPECIAL,EES_ESTADO,NUMBER,NUMBER(1),22,1,,N,4,
EMPRESA_ESPECIAL,EES_FCH_CREACION,DATE,DATE,7,,,N,5,
EMPRESA_ESPECIAL,EES_FCH_INI,DATE,DATE,7,,,N,6,
EMPRESA_ESPECIAL,EES_FCH_FIN,DATE,DATE,7,,,Y,7,
EMPRESA_ESPECIAL,EES_HAB_INTERNET,NUMBER,NUMBER(1),22,1,,N,8,
EMPRESA_ESPECIAL,EES_DUP_INDICE,NUMBER,NUMBER(1),22,1,,N,9,0 
EMPRESA_ESPECIAL,EES_POSTULACION_INC,NUMBER,NUMBER(1),22,1,,N,10,1 
EMPRESA_ESPECIAL,EES_BUSCA_PCLAVE,NUMBER,NUMBER(1),22,1,,N,11,0 
EMPRESA_PILA_TEMP,TDI_ID,NUMBER,NUMBER(1),22,1,,N,1,
EMPRESA_PILA_TEMP,EMP_IDENTIFICACION,NUMBER,NUMBER(15),22,15,,N,2,
EMPRESA_PILA_TEMP,EMP_RAZON_SOCIAL,VARCHAR2,VARCHAR2(150),150,,,N,3,
EMPRESA_PILA_TEMP,TEM_ID,NUMBER,NUMBER(2),22,2,,N,4,
EMPRESA_PILA_TEMP,CIIU_ID,VARCHAR2,VARCHAR2(4),4,,,Y,5,
EMPRESA_PILA_TEMP,EMP_NATURALEZA,NUMBER,NUMBER(1),22,1,,N,6,
EMPRESA_PILA_TEMP,EMP_NUM_TRABAJADORES,NUMBER,NUMBER(5),22,5,,Y,7,
EMPRESA_PILA_TEMP,PAI_ID,NUMBER,NUMBER(3),22,3,,N,8,57 
EMPRESA_PILA_TEMP,DPT_ID,NUMBER,NUMBER(7),22,7,,N,9,
EMPRESA_PILA_TEMP,MPO_ID,NUMBER,NUMBER(9),22,9,,N,10,
EMPRESA_PILA_TEMP,EMP_DIRECCION,VARCHAR2,VARCHAR2(100),100,,,N,11,
EMPRESA_PILA_TEMP,EMP_TEL,VARCHAR2,VARCHAR2(20),20,,,Y,12,
EMPRESA_PILA_TEMP,EMP_FAX,VARCHAR2,VARCHAR2(20),20,,,Y,13,
EMPRESA_PILA_TEMP,EMP_SEDE,NUMBER,NUMBER(1),22,1,,N,14,
EMPRESA_PILA_TEMP,EMP_REP_LEGAL,VARCHAR2,VARCHAR2(100),100,,,N,15,
EMPRESA_PILA_TEMP,EMP_CORREO_REP_LEGAL,VARCHAR2,VARCHAR2(100),100,,,Y,16,
EMPRESA_PILA_TEMP,EMP_RECURSOS_HUMANOS,VARCHAR2,VARCHAR2(100),100,,,N,17,
EMPRESA_PILA_TEMP,EMP_TEL_RECURSOS,VARCHAR2,VARCHAR2(100),100,,,N,18,
EMPRESA_PILA_TEMP,FECHA_CARGUE,DATE,DATE,7,,,Y,19,
EMPXEES,EEE_ID,NUMBER,NUMBER(12),22,12,,N,1,
EMPXEES,EMP_ID,NUMBER,NUMBER(8),22,8,,N,2,
EMPXEES,EES_ID,NUMBER,NUMBER(3),22,3,,N,3,
EMPXEES,EEE_FCH_REGISTRO,DATE,DATE,7,,,N,4,
EMPXEES,FUN_ID,NUMBER,NUMBER(5),22,5,,Y,5,
EMPXEES_COP,EEE_ID,NUMBER,NUMBER(12),22,12,,N,1,
EMPXEES_COP,EMP_ID,NUMBER,NUMBER(8),22,8,,N,2,
EMPXEES_COP,EES_ID,NUMBER,NUMBER(3),22,3,,N,3,
EMPXEES_COP,EEE_FCH_REGISTRO,DATE,DATE,7,,,N,4,
EMPXEES_COP,FUN_ID,NUMBER,NUMBER(5),22,5,,Y,5,
EMP_ACTIVAS_UAIE,DEPARTAMENTO,VARCHAR2,VARCHAR2(184),184,,,Y,1,
EMP_ACTIVAS_UAIE,RAZÓN_SOCIAL,VARCHAR2,VARCHAR2(200),200,,,Y,2,
EMP_ACTIVAS_UAIE,TIPO_DOCUMENTO,VARCHAR2,VARCHAR2(200),200,,,Y,3,
EMP_ACTIVAS_UAIE,NIT,NUMBER,NUMBER,22,,,Y,4,
EMP_TALLER,EMT_ID,NUMBER,NUMBER(15),22,15,,N,1,
EMP_TALLER,ETA_ID,NUMBER,NUMBER(12),22,12,,N,2,
EMP_TALLER,EMP_ID,NUMBER,NUMBER(8),22,8,,N,3,
ENVIO,ENV_ID,NUMBER,NUMBER(15),22,15,,N,1,
ENVIO,OFT_ID,NUMBER,NUMBER(9),22,9,,N,2,
ENVIO,DEM_ID,NUMBER,NUMBER(10),22,10,,N,3,
ENVIO,ENV_AUTOR,NUMBER,NUMBER(1),22,1,,N,4,
ENVIO,ENV_FCH_REGISTRO,DATE,DATE,7,,,N,5,
ENVIO,FUN_ID,NUMBER,NUMBER(5),22,5,,Y,6,
ENVIO,CSPE_ID,NUMBER,NUMBER(7),22,7,,Y,7,
ENVIO,ENV_MEDIO,NUMBER,NUMBER(1),22,1,,N,8,
ENVIO,FSO_ID,NUMBER,NUMBER(2),22,2,,Y,9,
ENVIO,ENV_FCH_SEGUIMIENTO,DATE,DATE,7,,,Y,10,
ENVIO,FUN_ID_SEGUIMIENTO,NUMBER,NUMBER(5),22,5,,Y,11,
ENVIO,ENV_SEG_DESCRIPCION,VARCHAR2,VARCHAR2(80),80,,,Y,12,
ENVIO,ENV_DIRECTO,NUMBER,NUMBER(1),22,1,,N,13,0 
ENVIO,RCH_ENV_DIRECTO_REM,NUMBER,NUMBER,22,,,Y,14,
ENVIO_SENSIBILIZACION,ENV_SEN_ID,NUMBER,NUMBER(15),22,15,,N,1,
ENVIO_SENSIBILIZACION,OFT_ID,NUMBER,NUMBER(9),22,9,,N,2,
ENVIO_SENSIBILIZACION,DEM_ID,NUMBER,NUMBER(10),22,10,,N,3,
ENVIO_SENSIBILIZACION,FCH_REGISTRO,DATE,DATE,7,,,N,4,
ENVIO_SENSIBILIZACION,FUN_ID,NUMBER,NUMBER(5),22,5,,N,5,
ENVIO_SENSIBILIZACION,CSPE_ID,NUMBER,NUMBER(7),22,7,,N,6,
ENVIO_SENSIBILIZACION,APLICA,NUMBER,NUMBER(1),22,1,,Y,7,
ESPECIALIDAD_ARD,EAD_ID,NUMBER,NUMBER(3),22,3,,N,1,
ESPECIALIDAD_ARD,EAD_NOMBRE,VARCHAR2,VARCHAR2(100),100,,,N,2,
ESPECIALIDAD_ARD,ARD_ID,VARCHAR2,VARCHAR2(1),1,,,N,3,
ESTACION_CONSULTA,ECN_ID,NUMBER,NUMBER(4),22,4,,N,1,
ESTACION_CONSULTA,ECN_NOMBRE,VARCHAR2,VARCHAR2(20),20,,,N,2,
ESTACION_CONSULTA,ECN_DESCRIPCION,VARCHAR2,VARCHAR2(200),200,,,Y,3,
ESTACION_CONSULTA,ECN_FCH_INGRESO,DATE,DATE,7,,,N,4,
ESTACION_CONSULTA,CSPE_ID,NUMBER,NUMBER(7),22,7,,N,5,
ESTACION_CONSULTA,ECN_ESTADO,NUMBER,NUMBER(1),22,1,,N,6,
ESTACION_CONSULTA,ECN_CLAVE,NUMBER,NUMBER(4),22,4,,N,7,
ESTADISTICAS_PROD,STATID,VARCHAR2,VARCHAR2(30),30,,,Y,1,
ESTADISTICAS_PROD,TYPE,CHAR,CHAR(1),1,,,Y,2,
ESTADISTICAS_PROD,VERSION,NUMBER,NUMBER,22,,,Y,3,
ESTADISTICAS_PROD,FLAGS,NUMBER,NUMBER,22,,,Y,4,
ESTADISTICAS_PROD,C1,VARCHAR2,VARCHAR2(30),30,,,Y,5,
ESTADISTICAS_PROD,C2,VARCHAR2,VARCHAR2(30),30,,,Y,6,
ESTADISTICAS_PROD,C3,VARCHAR2,VARCHAR2(30),30,,,Y,7,
ESTADISTICAS_PROD,C4,VARCHAR2,VARCHAR2(30),30,,,Y,8,
ESTADISTICAS_PROD,C5,VARCHAR2,VARCHAR2(30),30,,,Y,9,
ESTADISTICAS_PROD,N1,NUMBER,NUMBER,22,,,Y,10,
ESTADISTICAS_PROD,N2,NUMBER,NUMBER,22,,,Y,11,
ESTADISTICAS_PROD,N3,NUMBER,NUMBER,22,,,Y,12,
ESTADISTICAS_PROD,N4,NUMBER,NUMBER,22,,,Y,13,
ESTADISTICAS_PROD,N5,NUMBER,NUMBER,22,,,Y,14,
ESTADISTICAS_PROD,N6,NUMBER,NUMBER,22,,,Y,15,
ESTADISTICAS_PROD,N7,NUMBER,NUMBER,22,,,Y,16,
ESTADISTICAS_PROD,N8,NUMBER,NUMBER,22,,,Y,17,
ESTADISTICAS_PROD,N9,NUMBER,NUMBER,22,,,Y,18,
ESTADISTICAS_PROD,N10,NUMBER,NUMBER,22,,,Y,19,
ESTADISTICAS_PROD,N11,NUMBER,NUMBER,22,,,Y,20,
ESTADISTICAS_PROD,N12,NUMBER,NUMBER,22,,,Y,21,
ESTADISTICAS_PROD,D1,DATE,DATE,7,,,Y,22,
ESTADISTICAS_PROD,R1,RAW,RAW,32,,,Y,23,
ESTADISTICAS_PROD,R2,RAW,RAW,32,,,Y,24,
ESTADISTICAS_PROD,CH1,VARCHAR2,VARCHAR2(1000),1000,,,Y,25,
ESTADO_CIVIL,ESC_ID,NUMBER,NUMBER(1),22,1,,N,1,
ESTADO_CIVIL,ESC_NOMBRE,VARCHAR2,VARCHAR2(20),20,,,N,2,
ESTADO_CIVIL,ESC_VAL_OFERTA,NUMBER,NUMBER(1),22,1,,N,3,
ESTADO_CIVIL,ESC_VAL_DEMANDA,NUMBER,NUMBER(1),22,1,,N,4,
ESTADO_CURSO,ECR_ID,NUMBER,NUMBER(2),22,2,,N,1,
ESTADO_CURSO,ECR_NOMBRE,VARCHAR2,VARCHAR2(100),100,,,N,2,
ESTADO_CURSO,ECR_DESCRIPCION,VARCHAR2,VARCHAR2(100),100,,,N,3,
ESTADO_CURSO,ECR_HAB_MATRICULA,NUMBER,NUMBER(1),22,1,,N,4,
ESTADO_DEMANDA,ESD_ID,NUMBER,NUMBER(2),22,2,,N,1,
ESTADO_DEMANDA,ESD_NOMBRE,VARCHAR2,VARCHAR2(100),100,,,N,2,
ESTADO_DEMANDA,ESD_DESCRIPCION,VARCHAR2,VARCHAR2(100),100,,,N,3,
ESTADO_DEMANDA,ESD_HAB_CRUCE_DEM,NUMBER,NUMBER(1),22,1,,N,4,
ESTADO_EMPRESA,ESE_ID,NUMBER,NUMBER(2),22,2,,N,1,
ESTADO_EMPRESA,ESE_NOMBRE,VARCHAR2,VARCHAR2(100),100,,,N,2,
ESTADO_EMPRESA,ESE_DESCRIPCION,VARCHAR2,VARCHAR2(100),100,,,N,3,
ESTADO_EMPRESA,ESE_HAB_CAPT_DEM,NUMBER,NUMBER(1),22,1,,N,4,
ESTADO_OFERTA,ESO_ID,NUMBER,NUMBER(2),22,2,,N,1,
ESTADO_OFERTA,ESO_NOMBRE,VARCHAR2,VARCHAR2(100),100,,,N,2,
ESTADO_OFERTA,ESO_DESCRIPCION,VARCHAR2,VARCHAR2(300),300,,,N,3,
ESTADO_OFERTA,ESO_HAB_CONSUL_DEM,NUMBER,NUMBER(1),22,1,,N,4,
ESTRATO,ETR_ID,NUMBER,NUMBER(1),22,1,,N,1,
ESTRATO,ETR_NOMBRE,VARCHAR2,VARCHAR2(20),20,,,N,2,
ESTUDIO_FORMAL,ETF_ID,NUMBER,NUMBER(7),22,7,,N,1,
ESTUDIO_FORMAL,ETF_REF_ICFES,VARCHAR2,VARCHAR2(25),25,,,Y,2,
ESTUDIO_FORMAL,ETF_INI,NUMBER,NUMBER(2),22,2,,N,3,
ESTUDIO_FORMAL,ETF_FIN,NUMBER,NUMBER(2),22,2,,N,4,
ESTUDIO_FORMAL,ETF_ESTADO,NUMBER,NUMBER(1),22,1,,N,5,
ESTUDIO_FORMAL,TIT_ID,NUMBER,NUMBER(5),22,5,,N,6,
ESTUDIO_FORMAL,MET_ID,NUMBER,NUMBER(1),22,1,,N,7,
ESTUDIO_FORMAL,INS_ID,NUMBER,NUMBER(7),22,7,,N,8,
ESTUDIO_FORMAL,ARC_ID,NUMBER,NUMBER(1),22,1,,N,9,
ESTUDIO_FORMAL,NIA_ID,NUMBER,NUMBER(2),22,2,,N,10,
ESTUDIO_FORMAL,DUR_ID,NUMBER,NUMBER(2),22,2,,N,11,
ESTUDIO_FORMAL,MPO_ID,NUMBER,NUMBER(9),22,9,,N,12,
ESTUDIO_FORMAL,DPT_ID,NUMBER,NUMBER(7),22,7,,N,13,
ESTUDIO_FORMAL,ETF_ORIGEN,NUMBER,NUMBER(1),22,1,,N,14,0 
ESTUDIO_NO_FORMAL,ENF_ID,NUMBER,NUMBER(7),22,7,,N,1,
ESTUDIO_NO_FORMAL,ENF_NOMBRE,VARCHAR2,VARCHAR2(200),200,,,N,2,
ESTUDIO_NO_FORMAL,EAD_ID,NUMBER,NUMBER(3),22,3,,N,3,
ESTUDIO_NO_FORMAL,TIE_ID,NUMBER,NUMBER(1),22,1,,N,4,
EVENTO,EVE_ID,NUMBER,NUMBER(9),22,9,,N,1,
EVENTO,TEV_ID,NUMBER,NUMBER(2),22,2,,N,2,
EVENTO,EVE_IDENTIFICADOR,NUMBER,NUMBER(12),22,12,,Y,3,
EVENTO,EVE_FCH_REGISTRO,DATE,DATE,7,,,N,4,
EVENTO,EVE_ERROR_STACK,VARCHAR2,VARCHAR2(2000),2000,,,Y,5,
EVENTOS,EVENTO_ID,NUMBER,NUMBER,22,,,N,1,
EVENTOS,TEA_ID,NUMBER,NUMBER(2),22,2,,N,2,
EVENTOS,EVENTO_NOMBRE,VARCHAR2,VARCHAR2(500),500,,,Y,3,
EVENTOS,EVENTO_FECHA,DATE,DATE,7,,,Y,4,
EVENTOS,MPO_ID,NUMBER,NUMBER,22,,,Y,5,
EVENTOS,EVENTO_ESTADO,NUMBER,NUMBER(2),22,2,,Y,6,
EVENTOS,EVENTO_FCH_REGISTRO,DATE,DATE,7,,,Y,7,
EVENTOS,FUN_ID,NUMBER,NUMBER,22,,,Y,8,
EXPERIENCIAXFUNCION,EXF_ID,NUMBER,NUMBER(12),22,12,,N,1,
EXPERIENCIAXFUNCION,OEX_ID,NUMBER,NUMBER(12),22,12,,N,2,
EXPERIENCIAXFUNCION,FNC_ID,NUMBER,NUMBER(5),22,5,,N,3,
FUENTE_SEG_CURSO,FSC_ID,NUMBER,NUMBER(2),22,2,,N,1,
FUENTE_SEG_CURSO,FSC_ACCION,VARCHAR2,VARCHAR2(150),150,,,N,2,
FUENTE_SEG_CURSO,FSC_NOMBRE,VARCHAR2,VARCHAR2(300),300,,,N,3,
FUENTE_SEG_CURSO,ECR_INI,NUMBER,NUMBER(2),22,2,,Y,4,
FUENTE_SEG_CURSO,ECR_FIN,NUMBER,NUMBER(2),22,2,,Y,5,
FUENTE_SEG_CURSO,FSC_ANUL_CURSO_CSPE,NUMBER,NUMBER(1),22,1,,N,6,
FUENTE_SEG_DEMANDA,FSD_ID,NUMBER,NUMBER(2),22,2,,N,1,
FUENTE_SEG_DEMANDA,FSD_ACCION,VARCHAR2,VARCHAR2(150),150,,,N,2,
FUENTE_SEG_DEMANDA,FSD_NOMBRE,VARCHAR2,VARCHAR2(300),300,,,N,3,
FUENTE_SEG_DEMANDA,ESD_INI,NUMBER,NUMBER(2),22,2,,Y,4,
FUENTE_SEG_DEMANDA,ESD_FIN,NUMBER,NUMBER(2),22,2,,Y,5,
FUENTE_SEG_DEMANDA,FSD_VALIDA_DEM_CSPE,NUMBER,NUMBER(1),22,1,,N,6,
FUENTE_SEG_DEMANDA,FSD_REDUCE_VTE_CSPE,NUMBER,NUMBER(1),22,1,,N,7,
FUENTE_SEG_DEMANDA,FSD_REDUCE_VTE_WEB,NUMBER,NUMBER(1),22,1,,N,8,
FUENTE_SEG_EMPRESA,FSE_ID,NUMBER,NUMBER(2),22,2,,N,1,
FUENTE_SEG_EMPRESA,FSE_ACCION,VARCHAR2,VARCHAR2(150),150,,,N,2,
FUENTE_SEG_EMPRESA,FSE_NOMBRE,VARCHAR2,VARCHAR2(300),300,,,N,3,
FUENTE_SEG_EMPRESA,ESE_INI,NUMBER,NUMBER(2),22,2,,Y,4,
FUENTE_SEG_EMPRESA,ESE_FIN,NUMBER,NUMBER(2),22,2,,Y,5,
FUENTE_SEG_EMPRESA,FSE_SEG_UNIVERS_CSPE,NUMBER,NUMBER(1),22,1,,N,6,
FUENTE_SEG_EMPRESA,FSE_ACU_SUSPENSION,NUMBER,NUMBER(1),22,1,,N,7,
FUENTE_SEG_OFERTA,FSO_ID,NUMBER,NUMBER(2),22,2,,N,1,
FUENTE_SEG_OFERTA,FSO_ACCION,VARCHAR2,VARCHAR2(150),150,,,N,2,
FUENTE_SEG_OFERTA,FSO_NOMBRE,VARCHAR2,VARCHAR2(300),300,,,N,3,
FUENTE_SEG_OFERTA,ESO_INI,NUMBER,NUMBER(2),22,2,,Y,4,
FUENTE_SEG_OFERTA,ESO_FIN,NUMBER,NUMBER(2),22,2,,Y,5,
FUENTE_SEG_OFERTA,FSO_ANULA_ENV,NUMBER,NUMBER(1),22,1,,N,6,
FUENTE_SEG_OFERTA,FSO_SEG_CURSO,NUMBER,NUMBER(1),22,1,,N,7,
FUENTE_SEG_OFERTA,FSO_SEG_ENV,NUMBER,NUMBER(1),22,1,,N,8,
FUENTE_SEG_OFERTA,FSO_SEG_UNIVERS,NUMBER,NUMBER(1),22,1,,N,9,
FUENTE_SEG_OFERTA,FSO_ACU_SUSPENSION,NUMBER,NUMBER(1),22,1,,N,10,
FUENTE_SEG_OFERTA,FSO_ANULA_MAT,NUMBER,NUMBER(1),22,1,,N,11,
FUNCION,FNC_ID,NUMBER,NUMBER(5),22,5,,N,1,
FUNCION,FNC_DESCRIPCION,VARCHAR2,VARCHAR2(700),700,,,Y,2,
FUNCION,OCU_ID,VARCHAR2,VARCHAR2(4),4,,,Y,3,
FUNCIONARIO,FUN_ID,NUMBER,NUMBER(5),22,5,,N,1,
FUNCIONARIO,OFT_ID,NUMBER,NUMBER(9),22,9,,N,2,
FUNCIONARIO,FUN_FCH_REGISTRO,DATE,DATE,7,,,N,3,
FUNCIONARIO,FUN_ESTADO,NUMBER,NUMBER(1),22,1,,N,4,
FUNCIONARIO,CSPE_ID,NUMBER,NUMBER(7),22,7,,N,5,
FUNCIONARIO,REG_ID,NUMBER,NUMBER(2),22,2,,N,6,
FUNCIONARIO,USR_NOMBRE,VARCHAR2,VARCHAR2(50),50,,,Y,7,
FUNCIONARIO,FUN_VER_TODAS_REGIONALES,NUMBER,NUMBER(1),22,1,,N,8,0 
FUNCION_COMPETENCIA_LABORAL,FNC_CPL_ID,NUMBER,NUMBER(10),22,10,,N,1,
FUNCION_COMPETENCIA_LABORAL,FNC_ID,NUMBER,NUMBER(5),22,5,,N,2,
FUNCION_COMPETENCIA_LABORAL,CPL_ID,NUMBER,NUMBER(10),22,10,,Y,3,
FUNCION_COMPETENCIA_LABORAL,OCU_ID,VARCHAR2,VARCHAR2(4),4,,,Y,4,
FUNXGRUPO,FUN_ID,NUMBER,NUMBER(5),22,5,,N,1,
FUNXGRUPO,GRP_ID,NUMBER,NUMBER(2),22,2,,N,2,
FUNXGRUPO,FGR_FCH,DATE,DATE,7,,,N,3,
FUN_ESP,FUN_ID,NUMBER,NUMBER(5),22,5,,N,1,
FUN_ESP,VAL_ESP,NUMBER,NUMBER(1),22,1,,N,2,
FUN_POWERBI_REPORT,ID,NUMBER,NUMBER,22,,,Y,1,
GRUPO,GRP_ID,NUMBER,NUMBER(2),22,2,,N,1,
GRUPO,GRP_NOMBRE,VARCHAR2,VARCHAR2(100),100,,,N,2,
GRUPO,GRP_FCH,DATE,DATE,7,,,N,3,
GRUPOXROL,GRP_ID,NUMBER,NUMBER(2),22,2,,N,1,
GRUPOXROL,ROL_ID,NUMBER,NUMBER(2),22,2,,N,2,
GRUPOXROL,GRR_FCH,DATE,DATE,7,,,N,3,
GRUPO_CIIU,GRC_ID,VARCHAR2,VARCHAR2(3),3,,,N,1,
GRUPO_CIIU,GRC_NOMBRE,VARCHAR2,VARCHAR2(250),250,,,N,2,
GRUPO_CIIU,DIC_ID,VARCHAR2,VARCHAR2(2),2,,,N,3,
GRUPO_META_TABLA,GMT_ID,NUMBER,NUMBER(2),22,2,,N,1,
GRUPO_META_TABLA,GMT_NOMBRE,VARCHAR2,VARCHAR2(150),150,,,N,2,
GUIA_TALLER,GUT_ID,NUMBER,NUMBER(2),22,2,,N,1,
GUIA_TALLER,GUT_NOMBRE,VARCHAR2,VARCHAR2(100),100,,,N,2,
GUIA_TALLER,GUT_DESCRIPCION,VARCHAR2,VARCHAR2(150),150,,,N,3,
GUIA_TALLER,GUT_TIPO,NUMBER,NUMBER(1),22,1,,N,4,
GUIA_TALLER,GUT_ACTIVO,NUMBER,NUMBER(1),22,1,,N,5,1 
HIST_MC_BANIN_CONTRATACION,HMCBCT_ID,NUMBER,NUMBER,22,,,N,1,
HIST_MC_BANIN_CONTRATACION,MCBCT_ID,NUMBER,NUMBER,22,,,Y,2,
HIST_MC_BANIN_CONTRATACION,MCBCT_CODIGO,NUMBER,NUMBER,22,,,Y,3,
HIST_MC_BANIN_CONTRATACION,MBRB_ID_OLD,NUMBER,NUMBER,22,,,Y,4,
HIST_MC_BANIN_CONTRATACION,MBRB_PROYECTO_LEY_OLD,VARCHAR2,VARCHAR2(200),200,,,Y,5,
HIST_MC_BANIN_CONTRATACION,MBRB_ID_NEW,NUMBER,NUMBER,22,,,Y,6,
HIST_MC_BANIN_CONTRATACION,MBRB_PROYECTO_LEY_NEW,VARCHAR2,VARCHAR2(200),200,,,Y,7,
HIST_MC_BANIN_CONTRATACION,MBPR_ID_OLD,NUMBER,NUMBER,22,,,Y,8,
HIST_MC_BANIN_CONTRATACION,MBPR_NOMBRE_OLD,VARCHAR2,VARCHAR2(1000),1000,,,Y,9,
HIST_MC_BANIN_CONTRATACION,MBPR_ID_NEW,NUMBER,NUMBER,22,,,Y,10,
HIST_MC_BANIN_CONTRATACION,MBPR_NOMBRE_NEW,VARCHAR2,VARCHAR2(1000),1000,,,Y,11,
HIST_MC_BANIN_CONTRATACION,MBCL_ID_OLD,NUMBER,NUMBER,22,,,Y,12,
HIST_MC_BANIN_CONTRATACION,MBCL_NOMBRE_OLD,VARCHAR2,VARCHAR2(4000),4000,,,Y,13,
HIST_MC_BANIN_CONTRATACION,MBCL_ID_NEW,NUMBER,NUMBER,22,,,Y,14,
HIST_MC_BANIN_CONTRATACION,MBCL_NOMBRE_NEW,VARCHAR2,VARCHAR2(4000),4000,,,Y,15,
HIST_MC_BANIN_CONTRATACION,MBTFC_ID_OLD,NUMBER,NUMBER,22,,,Y,16,
HIST_MC_BANIN_CONTRATACION,MBTFC_NOMBRE_OLD,VARCHAR2,VARCHAR2(200),200,,,Y,17,
HIST_MC_BANIN_CONTRATACION,MBTFC_ID_NEW,NUMBER,NUMBER,22,,,Y,18,
HIST_MC_BANIN_CONTRATACION,MBTFC_NOMBRE_NEW,VARCHAR2,VARCHAR2(200),200,,,Y,19,
HIST_MC_BANIN_CONTRATACION,MBMCT_ID_OLD,NUMBER,NUMBER,22,,,Y,20,
HIST_MC_BANIN_CONTRATACION,MBMCT_NOMBRE_OLD,VARCHAR2,VARCHAR2(200),200,,,Y,21,
HIST_MC_BANIN_CONTRATACION,MBMCT_ID_NEW,NUMBER,NUMBER,22,,,Y,22,
HIST_MC_BANIN_CONTRATACION,MBMCT_NOMBRE_NEW,VARCHAR2,VARCHAR2(200),200,,,Y,23,
HIST_MC_BANIN_CONTRATACION,TIEMPO_CONTRA_MES_OLD,NUMBER,NUMBER,22,,,Y,24,
HIST_MC_BANIN_CONTRATACION,TIEMPO_CONTRA_MES_NEW,NUMBER,NUMBER,22,,,Y,25,
HIST_MC_BANIN_CONTRATACION,TIEMPO_CONTRA_DIAS_OLD,NUMBER,NUMBER,22,,,Y,26,
HIST_MC_BANIN_CONTRATACION,TIEMPO_CONTRA_DIAS_NEW,NUMBER,NUMBER,22,,,Y,27,
HIST_MC_BANIN_CONTRATACION,TIEMPO_CONTRA_HORAS_OLD,NUMBER,NUMBER,22,,,Y,28,
HIST_MC_BANIN_CONTRATACION,TIEMPO_CONTRA_HORAS_NEW,NUMBER,NUMBER,22,,,Y,29,
HIST_MC_BANIN_CONTRATACION,FECHA_INICIO_CONTRA_OLD,DATE,DATE,7,,,Y,30,
HIST_MC_BANIN_CONTRATACION,FECHA_INICIO_CONTRA_NEW,DATE,DATE,7,,,Y,31,
HIST_MC_BANIN_CONTRATACION,FECHA_FIN_CONTRA_OLD,DATE,DATE,7,,,Y,32,
HIST_MC_BANIN_CONTRATACION,FECHA_FIN_CONTRA_NEW,DATE,DATE,7,,,Y,33,
HIST_MC_BANIN_CONTRATACION,MBNE_ID_OLD,NUMBER,NUMBER,22,,,Y,34,
HIST_MC_BANIN_CONTRATACION,MBNE_NOMBRE_OLD,VARCHAR2,VARCHAR2(200),200,,,Y,35,
HIST_MC_BANIN_CONTRATACION,MBNE_ID_NEW,NUMBER,NUMBER,22,,,Y,36,
HIST_MC_BANIN_CONTRATACION,MBNE_NOMBRE_NEW,VARCHAR2,VARCHAR2(200),200,,,Y,37,
HIST_MC_BANIN_CONTRATACION,MBTT_ID_OLD,NUMBER,NUMBER,22,,,Y,38,
HIST_MC_BANIN_CONTRATACION,MBTT_TIPO_TARIFA_OLD,VARCHAR2,VARCHAR2(10),10,,,Y,39,
HIST_MC_BANIN_CONTRATACION,MBTT_ID_NEW,NUMBER,NUMBER,22,,,Y,40,
HIST_MC_BANIN_CONTRATACION,MBTT_TIPO_TARIFA_NEW,VARCHAR2,VARCHAR2(10),10,,,Y,41,
HIST_MC_BANIN_CONTRATACION,COSTO_CONTRA_OLD,NUMBER,NUMBER,22,,,Y,42,
HIST_MC_BANIN_CONTRATACION,COSTO_CONTRA_NEW,NUMBER,NUMBER,22,,,Y,43,
HIST_MC_BANIN_CONTRATACION,CANTIDAD_INSTRU_OLD,NUMBER,NUMBER,22,,,Y,44,
HIST_MC_BANIN_CONTRATACION,CANTIDAD_INSTRU_NEW,NUMBER,NUMBER,22,,,Y,45,
HIST_MC_BANIN_CONTRATACION,COSTO_TOTAL_OLD,NUMBER,NUMBER,22,,,Y,46,
HIST_MC_BANIN_CONTRATACION,COSTO_TOTAL_NEW,NUMBER,NUMBER,22,,,Y,47,
HIST_MC_BANIN_CONTRATACION,MBDP_ID_OLD,NUMBER,NUMBER,22,,,Y,48,
HIST_MC_BANIN_CONTRATACION,MBDP_CONVOCATORIA_OLD,VARCHAR2,VARCHAR2(100),100,,,Y,49,
HIST_MC_BANIN_CONTRATACION,MBDP_ID_NEW,NUMBER,NUMBER,22,,,Y,50,
HIST_MC_BANIN_CONTRATACION,MBDP_CONVOCATORIA_NEW,VARCHAR2,VARCHAR2(100),100,,,Y,51,
HIST_MC_BANIN_CONTRATACION,MPO_ID_OLD,NUMBER,NUMBER,22,,,Y,52,
HIST_MC_BANIN_CONTRATACION,MPO_NOMBRE_OLD,VARCHAR2,VARCHAR2(100),100,,,Y,53,
HIST_MC_BANIN_CONTRATACION,MPO_ID_NEW,NUMBER,NUMBER,22,,,Y,54,
HIST_MC_BANIN_CONTRATACION,MPO_NOMBRE_NEW,VARCHAR2,VARCHAR2(100),100,,,Y,55,
HIST_MC_BANIN_CONTRATACION,VALOR_PLAN_OLD,NUMBER,NUMBER,22,,,Y,56,
HIST_MC_BANIN_CONTRATACION,VALOR_PLAN_NEW,NUMBER,NUMBER,22,,,Y,57,
HIST_MC_BANIN_CONTRATACION,SALDO_DISPONIBLE_OLD,NUMBER,NUMBER,22,,,Y,58,
HIST_MC_BANIN_CONTRATACION,SALDO_DISPONIBLE_NEW,NUMBER,NUMBER,22,,,Y,59,
HIST_MC_BANIN_CONTRATACION,MEC_ID,NUMBER,NUMBER,22,,,Y,60,
HIST_MC_BANIN_CONTRATACION,ACCION,VARCHAR2,VARCHAR2(30),30,,,Y,61,
HIST_MC_BANIN_CONTRATACION,CREATED_AT,DATE,DATE,7,,,Y,62,
HIST_MC_BANIN_DEPEN_PRESU,HMBDPP_ID,NUMBER,NUMBER,22,,,N,1,
HIST_MC_BANIN_DEPEN_PRESU,MBDPP_ID,NUMBER,NUMBER,22,,,Y,2,
HIST_MC_BANIN_DEPEN_PRESU,MBD_ID_OLD,NUMBER,NUMBER,22,,,Y,3,
HIST_MC_BANIN_DEPEN_PRESU,MBD_NOMBRE_OLD,VARCHAR2,VARCHAR2(100),100,,,Y,4,
HIST_MC_BANIN_DEPEN_PRESU,MBD_ID_NEW,NUMBER,NUMBER,22,,,Y,5,
HIST_MC_BANIN_DEPEN_PRESU,MBD_NOMBRE_NEW,VARCHAR2,VARCHAR2(100),100,,,Y,6,
HIST_MC_BANIN_DEPEN_PRESU,MBDP_ID_OLD,NUMBER,NUMBER,22,,,Y,7,
HIST_MC_BANIN_DEPEN_PRESU,MBDP_CONVOCATORIA_OLD,VARCHAR2,VARCHAR2(100),100,,,Y,8,
HIST_MC_BANIN_DEPEN_PRESU,MBDP_ID_NEW,NUMBER,NUMBER,22,,,Y,9,
HIST_MC_BANIN_DEPEN_PRESU,MBDP_CONVOCATORIA_NEW,VARCHAR2,VARCHAR2(100),100,,,Y,10,
HIST_MC_BANIN_DEPEN_PRESU,MBDP_YEAR_OLD,NUMBER,NUMBER,22,,,Y,11,
HIST_MC_BANIN_DEPEN_PRESU,MBDP_YEAR_NEW,NUMBER,NUMBER,22,,,Y,12,
HIST_MC_BANIN_DEPEN_PRESU,VALOR_ASIGNADO_OLD,NUMBER,NUMBER,22,,,Y,13,
HIST_MC_BANIN_DEPEN_PRESU,VALOR_ASIGNADO_NEW,NUMBER,NUMBER,22,,,Y,14,
HIST_MC_BANIN_DEPEN_PRESU,VALOR_DISPONIBLE_OLD,NUMBER,NUMBER,22,,,Y,15,
HIST_MC_BANIN_DEPEN_PRESU,VALOR_DISPONIBLE_NEW,NUMBER,NUMBER,22,,,Y,16,
HIST_MC_BANIN_DEPEN_PRESU,MEC_ID,NUMBER,NUMBER,22,,,Y,17,
HIST_MC_BANIN_DEPEN_PRESU,ACCION,VARCHAR2,VARCHAR2(30),30,,,Y,18,
HIST_MC_BANIN_DEPEN_PRESU,CREATED_AT,DATE,DATE,7,,,Y,19,
HIST_MC_BANIN_RUBRO,HMBRB_ID,NUMBER,NUMBER,22,,,N,1,
HIST_MC_BANIN_RUBRO,MBRB_ID,NUMBER,NUMBER,22,,,Y,2,
HIST_MC_BANIN_RUBRO,PYTO_LEY_OLD,VARCHAR2,VARCHAR2(200),200,,,Y,3,
HIST_MC_BANIN_RUBRO,PYTO_LEY_NEW,VARCHAR2,VARCHAR2(200),200,,,Y,4,
HIST_MC_BANIN_RUBRO,RUBRO_LEY_OLD,VARCHAR2,VARCHAR2(200),200,,,Y,5,
HIST_MC_BANIN_RUBRO,RUBRO_LEY_NEW,VARCHAR2,VARCHAR2(200),200,,,Y,6,
HIST_MC_BANIN_RUBRO,MBDP_ID_OLD,NUMBER,NUMBER,22,,,Y,7,
HIST_MC_BANIN_RUBRO,MBDP_ID_NEW,NUMBER,NUMBER,22,,,Y,8,
HIST_MC_BANIN_RUBRO,MBDP_CONVOCATORIA_OLD,VARCHAR2,VARCHAR2(200),200,,,Y,9,
HIST_MC_BANIN_RUBRO,MBDP_CONVOCATORIA_NEW,VARCHAR2,VARCHAR2(200),200,,,Y,10,
HIST_MC_BANIN_RUBRO,MBDPP_ID_OLD,NUMBER,NUMBER,22,,,Y,11,
HIST_MC_BANIN_RUBRO,MBDPP_ID_NEW,NUMBER,NUMBER,22,,,Y,12,
HIST_MC_BANIN_RUBRO,MBDPP_DEP_NOMBRE_OLD,VARCHAR2,VARCHAR2(200),200,,,Y,13,
HIST_MC_BANIN_RUBRO,MBDPP_DEP_NOMBRE_NEW,VARCHAR2,VARCHAR2(200),200,,,Y,14,
HIST_MC_BANIN_RUBRO,MEC_ID,NUMBER,NUMBER,22,,,Y,15,
HIST_MC_BANIN_RUBRO,ACCION,VARCHAR2,VARCHAR2(100),100,,,Y,16,
HIST_MC_BANIN_RUBRO,CREATED_AT,DATE,DATE,7,,,Y,17,
HIS_ARI_DEM,HD_ARI_ID,NUMBER,NUMBER,22,,,N,1,
HIS_ARI_DEM,DEM_ID,NUMBER,NUMBER,22,,,N,2,
HIS_ARI_DEM,OLD_ARI_ID,NUMBER,NUMBER,22,,,N,3,
HIS_ARI_DEM,NEW_ARI_ID,NUMBER,NUMBER,22,,,N,4,
HIS_ARI_DEM,HD_ARI_FCH_REG,VARCHAR2,VARCHAR2(50),50,,,N,5,
HIS_ARI_DEM_2,HD_ARI_ID,NUMBER,NUMBER,22,,,N,1,
HIS_ARI_DEM_2,DEM_ID,NUMBER,NUMBER,22,,,Y,2,
HIS_ARI_DEM_2,HD_ARI_FCH_REG,DATE,DATE,7,,,Y,3,
HIS_ARI_DEM_2,NEW_ARI_ID,NUMBER,NUMBER,22,,,Y,4,
HIS_ARI_DEM_2,OLD_ARI_ID,NUMBER,NUMBER,22,,,Y,5,
HIS_BARRIO_EMP,HBE_ID,NUMBER,NUMBER(15),22,15,,N,1,
HIS_BARRIO_EMP,EMP_ID,NUMBER,NUMBER(8),22,8,,N,2,
HIS_BARRIO_EMP,HBE_FCH_REGISTRO,DATE,DATE,7,,,N,3,
HIS_BARRIO_EMP,FUN_ID,NUMBER,NUMBER(5),22,5,,Y,4,
HIS_BARRIO_EMP,BAR_ID,NUMBER,NUMBER(6),22,6,,N,5,
HIS_BARRIO_OFT,HBO_ID,NUMBER,NUMBER(10),22,10,,N,1,
HIS_BARRIO_OFT,OFT_ID,NUMBER,NUMBER(9),22,9,,N,2,
HIS_BARRIO_OFT,HBO_FCH_REGISTRO,DATE,DATE,7,,,N,3,
HIS_BARRIO_OFT,FUN_ID,NUMBER,NUMBER(5),22,5,,Y,4,
HIS_BARRIO_OFT,BAR_ID,NUMBER,NUMBER(6),22,6,,N,5,
HIS_CIIU_EMP,HCE_ID,NUMBER,NUMBER(15),22,15,,N,1,
HIS_CIIU_EMP,EMP_ID,NUMBER,NUMBER(8),22,8,,N,2,
HIS_CIIU_EMP,HCE_FCH_REGISTRO,DATE,DATE,7,,,N,3,
HIS_CIIU_EMP,FUN_ID,NUMBER,NUMBER(5),22,5,,Y,4,
HIS_CIIU_EMP,CIIU_ID,VARCHAR2,VARCHAR2(4),4,,,N,5,
HIS_CURSO_OFT,HCO_ID,NUMBER,NUMBER,22,,,N,1,
HIS_CURSO_OFT,OFT_ID,NUMBER,NUMBER,22,,,N,2,
HIS_DEMANDA_CNO,DEM_ID,NUMBER,NUMBER(10),22,10,,Y,1,
HIS_DEMANDA_CNO,FCH_ACTUALIZACION,DATE,DATE,7,,,Y,2,
HIS_DEMANDA_CNO,FUN_ACTUALIZA,NUMBER,NUMBER(5),22,5,,Y,3,
HIS_DEMANDA_CNO,CSPE_ACTUALIZA,NUMBER,NUMBER(7),22,7,,Y,4,
HIS_DEMANDA_CNO,IND_OLD,NUMBER,NUMBER(9),22,9,,Y,5,
HIS_DEMANDA_CNO,IND_NEW,NUMBER,NUMBER(9),22,9,,Y,6,
HIS_DEM_EVENTO,HIS_DEE_ID,NUMBER,NUMBER,22,,,N,1,
HIS_DEM_EVENTO,DEM_ID,NUMBER,NUMBER,22,,,Y,2,
HIS_DEM_EVENTO,EVENTO_ID,NUMBER,NUMBER,22,,,Y,3,
HIS_DEM_EVENTO,ACCION,VARCHAR2,VARCHAR2(100),100,,,Y,4,
HIS_DEM_EVENTO,FUN_ID,NUMBER,NUMBER,22,,,Y,5,
HIS_DEM_EVENTO,FECHA_REGISTRO,DATE,DATE,7,,,Y,6,
HIS_DEM_NUMVACANTES,HDNV_ID,NUMBER,NUMBER,22,,,N,1,
HIS_DEM_NUMVACANTES,HDNV_DEM_ID,NUMBER,NUMBER,22,,,N,2,
HIS_DEM_NUMVACANTES,HDNV_NUM_VACAN_NEW,NUMBER,NUMBER,22,,,Y,3,
HIS_DEM_NUMVACANTES,HDNV_NUM_CAND_NEW,NUMBER,NUMBER,22,,,Y,4,
HIS_DEM_NUMVACANTES,HDNV_OBSER_ACTUALIZACION,VARCHAR2,VARCHAR2(500),500,,,N,5,
HIS_DEM_NUMVACANTES,HDNV_FUN_ACTUALIZA,NUMBER,NUMBER,22,,,Y,6,
HIS_DEM_NUMVACANTES,HDNV_FECHA_REGISTRO,DATE,DATE,7,,,N,7,
HIS_DEM_NUMVACANTES,HDNV_NUM_VACAN_OLD,NUMBER,NUMBER,22,,,Y,8,
HIS_DEM_NUMVACANTES,HDNV_NUM_CAND_OLD,NUMBER,NUMBER,22,,,Y,9,
HIS_ESTADO_CIVIL_OFT,HECO_ID,NUMBER,NUMBER(10),22,10,,N,1,
HIS_ESTADO_CIVIL_OFT,OFT_ID,NUMBER,NUMBER(9),22,9,,N,2,
HIS_ESTADO_CIVIL_OFT,HECO_FCH_REGISTRO,DATE,DATE,7,,,N,3,
HIS_ESTADO_CIVIL_OFT,FUN_ID,NUMBER,NUMBER(5),22,5,,Y,4,
HIS_ESTADO_CIVIL_OFT,ESC_ID,NUMBER,NUMBER(1),22,1,,N,5,
HIS_ESTADO_CURSO,HEC_ID,NUMBER,NUMBER(12),22,12,,N,1,
HIS_ESTADO_CURSO,CUR_ID,NUMBER,NUMBER(12),22,12,,N,2,
HIS_ESTADO_CURSO,ECR_ID,NUMBER,NUMBER(2),22,2,,N,3,
HIS_ESTADO_CURSO,HEC_FCH_REGISTRO,DATE,DATE,7,,,N,4,
HIS_ESTADO_DEMANDA,HED_ID,NUMBER,NUMBER(9),22,9,,N,1,
HIS_ESTADO_DEMANDA,DEM_ID,NUMBER,NUMBER(10),22,10,,N,2,
HIS_ESTADO_DEMANDA,ESD_ID,NUMBER,NUMBER(2),22,2,,N,3,
HIS_ESTADO_DEMANDA,HED_FCH_REGISTRO,DATE,DATE,7,,,N,4,
HIS_ESTADO_EMPRESA,HEE_ID,NUMBER,NUMBER(9),22,9,,N,1,
HIS_ESTADO_EMPRESA,EMP_ID,NUMBER,NUMBER(8),22,8,,N,2,
HIS_ESTADO_EMPRESA,ESE_ID,NUMBER,NUMBER(2),22,2,,N,3,
HIS_ESTADO_EMPRESA,HEE_FCH_REGISTRO,DATE,DATE,7,,,N,4,
HIS_ESTADO_OFERTA,HEO_ID,NUMBER,NUMBER(15),22,15,,N,1,
HIS_ESTADO_OFERTA,OFT_ID,NUMBER,NUMBER(9),22,9,,N,2,
HIS_ESTADO_OFERTA,ESO_ID,NUMBER,NUMBER(2),22,2,,N,3,
HIS_ESTADO_OFERTA,HEO_FCH_REGISTRO,DATE,DATE,7,,,N,4,
HIS_ESTRATO_OFT,HETO_ID,NUMBER,NUMBER(15),22,15,,N,1,
HIS_ESTRATO_OFT,OFT_ID,NUMBER,NUMBER(9),22,9,,N,2,
HIS_ESTRATO_OFT,HETO_FCH_REGISTRO,DATE,DATE,7,,,N,3,
HIS_ESTRATO_OFT,FUN_ID,NUMBER,NUMBER(5),22,5,,Y,4,
HIS_ESTRATO_OFT,ETR_ID,NUMBER,NUMBER(1),22,1,,N,5,
HIS_MUNICIPIO_EMP,HME_ID,NUMBER,NUMBER(15),22,15,,N,1,
HIS_MUNICIPIO_EMP,EMP_ID,NUMBER,NUMBER(8),22,8,,N,2,
HIS_MUNICIPIO_EMP,HME_FCH_REGISTRO,DATE,DATE,7,,,N,3,
HIS_MUNICIPIO_EMP,FUN_ID,NUMBER,NUMBER(5),22,5,,Y,4,
HIS_MUNICIPIO_EMP,MPO_ID,NUMBER,NUMBER(9),22,9,,N,5,
HIS_MUNICIPIO_OFT,HMO_ID,NUMBER,NUMBER(15),22,15,,N,1,
HIS_MUNICIPIO_OFT,OFT_ID,NUMBER,NUMBER(9),22,9,,N,2,
HIS_MUNICIPIO_OFT,HMO_FCH_REGISTRO,DATE,DATE,7,,,N,3,
HIS_MUNICIPIO_OFT,FUN_ID,NUMBER,NUMBER(5),22,5,,Y,4,
HIS_MUNICIPIO_OFT,MPO_ID,NUMBER,NUMBER(9),22,9,,N,5,
HIS_NAT_EMP,HNE_ID,NUMBER,NUMBER(15),22,15,,N,1,
HIS_NAT_EMP,EMP_ID,NUMBER,NUMBER(8),22,8,,N,2,
HIS_NAT_EMP,HNE_FCH_REGISTRO,DATE,DATE,7,,,N,3,
HIS_NAT_EMP,FUN_ID,NUMBER,NUMBER(5),22,5,,Y,4,
HIS_NAT_EMP,HNE_NATURALEZA,NUMBER,NUMBER(1),22,1,,N,5,
HIS_NIT_EMPRESA,HIS_NIT_ID,NUMBER,NUMBER,22,,,N,1,
HIS_NIT_EMPRESA,EMP_ID,NUMBER,NUMBER,22,,,N,2,
HIS_NIT_EMPRESA,NIT_ACTUAL,NUMBER,NUMBER,22,,,N,3,
HIS_NIT_EMPRESA,NIT_NUEVO,NUMBER,NUMBER,22,,,N,4,
HIS_NIT_EMPRESA,FUN_ID,NUMBER,NUMBER,22,,,N,5,
HIS_NIT_EMPRESA,FECHA_REGISTRO,DATE,DATE,7,,,N,6,
HIS_NUM_TRAB_EMP,HNTE_ID,NUMBER,NUMBER(15),22,15,,N,1,
HIS_NUM_TRAB_EMP,EMP_ID,NUMBER,NUMBER(8),22,8,,N,2,
HIS_NUM_TRAB_EMP,HNTE_FCH_REGISTRO,DATE,DATE,7,,,N,3,
HIS_NUM_TRAB_EMP,FUN_ID,NUMBER,NUMBER(5),22,5,,Y,4,
HIS_NUM_TRAB_EMP,HNTE_NUM_TRABAJADORES,NUMBER,NUMBER(5),22,5,,N,5,
HIS_OCUP_PREFERENCIA,HOP_ID,NUMBER,NUMBER(12),22,12,,N,1,
HIS_OCUP_PREFERENCIA,OFT_ID,NUMBER,NUMBER(9),22,9,,N,2,
HIS_OCUP_PREFERENCIA,HOP_FCH_REGISTRO,DATE,DATE,7,,,N,3,
HIS_OCUP_PREFERENCIA,FUN_ID,NUMBER,NUMBER(5),22,5,,Y,4,
HIS_OCUP_PREFERENCIA,IND_ID,NUMBER,NUMBER(9),22,9,,N,5,
HIS_OFTXPES,HIOPE_ID,NUMBER,NUMBER(12),22,12,,N,1,
HIS_OFTXPES,OFT_ID,NUMBER,NUMBER(9),22,9,,N,2,
HIS_OFTXPES,PES_ID,NUMBER,NUMBER(3),22,3,,N,3,
HIS_OFTXPES,FUN_ID,NUMBER,NUMBER(5),22,5,,Y,4,
HIS_OFTXPES,FCH_ALTA,DATE,DATE,7,,,N,5,
HIS_OFTXPES,FCH_BAJA,DATE,DATE,7,,,Y,6,
HIS_ORIENTACION_EMP,HORIE_ID,NUMBER,NUMBER,22,,,N,1,
HIS_ORIENTACION_EMP,TORI_ID,NUMBER,NUMBER,22,,,N,2,
HIS_ORIENTACION_EMP,HORIE_FCH,TIMESTAMP(6),TIMESTAMP(6),11,,6,N,3,
HIS_ORIENTACION_EMP,FUN_ID,NUMBER,NUMBER(5),22,5,,N,4,
HIS_ORIENTACION_EMP,EMP_ID,NUMBER,NUMBER,22,,,N,5,
HIS_ORIENTACION_EMP,HORIE_DESCRIPCION,VARCHAR2,VARCHAR2(255),255,,,Y,6,
HIS_ORIENTACION_EMP,FECHA_REGISTRO,DATE,DATE,7,,,Y,7,
HIS_ORIENTACION_OFT,HORIO_ID,NUMBER,NUMBER,22,,,N,1,
HIS_ORIENTACION_OFT,TORI_ID,NUMBER,NUMBER,22,,,N,2,
HIS_ORIENTACION_OFT,HORIO_FCH,TIMESTAMP(6),TIMESTAMP(6),11,,6,N,3,
HIS_ORIENTACION_OFT,FUN_ID,NUMBER,NUMBER(5),22,5,,N,4,
HIS_ORIENTACION_OFT,PES_ID,NUMBER,NUMBER,22,,,Y,5,
HIS_ORIENTACION_OFT,OFT_ID,NUMBER,NUMBER,22,,,N,6,
HIS_ORIENTACION_OFT,HORIO_DESCRIPCION,VARCHAR2,VARCHAR2(255),255,,,Y,7,
HIS_ORIENTACION_OFT,FECHA_REGISTRO,DATE,DATE,7,,,Y,8,
HIS_ORIENTACION_OFT,EVENTO_ID,NUMBER,NUMBER,22,,,Y,9,
HIS_ORIENTACION_OFT,PDC_ID,NUMBER,NUMBER,22,,,Y,10,
HIS_PER_CARGO_OFT,HPCO_ID,NUMBER,NUMBER(15),22,15,,N,1,
HIS_PER_CARGO_OFT,OFT_ID,NUMBER,NUMBER(9),22,9,,N,2,
HIS_PER_CARGO_OFT,HPCO_FCH_REGISTRO,DATE,DATE,7,,,N,3,
HIS_PER_CARGO_OFT,FUN_ID,NUMBER,NUMBER(5),22,5,,Y,4,
HIS_PER_CARGO_OFT,HPCO_PERSONAS_CARGO,NUMBER,NUMBER(2),22,2,,N,5,
HIS_POS_FAM_OFT,HPFO_ID,NUMBER,NUMBER(15),22,15,,N,1,
HIS_POS_FAM_OFT,OFT_ID,NUMBER,NUMBER(9),22,9,,N,2,
HIS_POS_FAM_OFT,HPFO_FCH_REGISTRO,DATE,DATE,7,,,N,3,
HIS_POS_FAM_OFT,FUN_ID,NUMBER,NUMBER(5),22,5,,Y,4,
HIS_POS_FAM_OFT,PSF_ID,NUMBER,NUMBER(1),22,1,,N,5,
HIS_SALARIO_MINIMO,HSM_ID,NUMBER,NUMBER(3),22,3,,N,1,
HIS_SALARIO_MINIMO,HSM_ANNO,NUMBER,NUMBER(4),22,4,,N,2,
HIS_SALARIO_MINIMO,HSM_VALOR,NUMBER,NUMBER(7),22,7,,N,3,
HIS_SEG_CURSO,HGC_ID,NUMBER,NUMBER(15),22,15,,N,1,
HIS_SEG_CURSO,CUR_ID,NUMBER,NUMBER(12),22,12,,N,2,
HIS_SEG_CURSO,FSC_ID,NUMBER,NUMBER(2),22,2,,N,3,
HIS_SEG_CURSO,HGC_FCH_REGISTRO,DATE,DATE,7,,,N,4,
HIS_SEG_CURSO,FUN_ID,NUMBER,NUMBER(5),22,5,,Y,5,
HIS_SEG_CURSO,CSPE_ID,NUMBER,NUMBER(7),22,7,,Y,6,
HIS_SEG_CURSO,HGC_DESCRIPCION,VARCHAR2,VARCHAR2(80),80,,,Y,7,
HIS_SEG_DEMANDA,HGD_ID,NUMBER,NUMBER(8),22,8,,N,1,
HIS_SEG_DEMANDA,DEM_ID,NUMBER,NUMBER(9),22,9,,N,2,
HIS_SEG_DEMANDA,FSD_ID,NUMBER,NUMBER(2),22,2,,N,3,
HIS_SEG_DEMANDA,HGD_FCH_REGISTRO,DATE,DATE,7,,,N,4,
HIS_SEG_DEMANDA,FUN_ID,NUMBER,NUMBER(5),22,5,,Y,5,
HIS_SEG_DEMANDA,HGD_DESCRIPCION,VARCHAR2,VARCHAR2(300),300,,,Y,6,
HIS_SEG_EMPRESA,HGE_ID,NUMBER,NUMBER(7),22,7,,N,1,
HIS_SEG_EMPRESA,EMP_ID,NUMBER,NUMBER(9),22,9,,N,2,
HIS_SEG_EMPRESA,FSE_ID,NUMBER,NUMBER(2),22,2,,N,3,
HIS_SEG_EMPRESA,HGE_FCH_REGISTRO,DATE,DATE,7,,,N,4,
HIS_SEG_EMPRESA,FUN_ID,NUMBER,NUMBER(5),22,5,,Y,5,
HIS_SEG_EMPRESA,HGE_DESCRIPCION,VARCHAR2,VARCHAR2(300),300,,,Y,6,
HIS_SEG_OFERTA,HGO_ID,NUMBER,NUMBER,22,,,N,1,
HIS_SEG_OFERTA,OFT_ID,NUMBER,NUMBER(9),22,9,,N,2,
HIS_SEG_OFERTA,FSO_ID,NUMBER,NUMBER(2),22,2,,N,3,
HIS_SEG_OFERTA,HGO_FCH_REGISTRO,DATE,DATE,7,,,N,4,
HIS_SEG_OFERTA,FUN_ID,NUMBER,NUMBER(5),22,5,,Y,5,
HIS_SEG_OFERTA,HGO_DESCRIPCION,VARCHAR2,VARCHAR2(300),300,,,Y,6,
HIS_SISBEN_OFT,HSBO_ID,NUMBER,NUMBER(15),22,15,,N,1,
HIS_SISBEN_OFT,OFT_ID,NUMBER,NUMBER(9),22,9,,N,2,
HIS_SISBEN_OFT,HSBO_FCH_REGISTRO,DATE,DATE,7,,,N,3,
HIS_SISBEN_OFT,FUN_ID,NUMBER,NUMBER(5),22,5,,Y,4,
HIS_SISBEN_OFT,HSBO_NIVEL_SISBEN,NUMBER,NUMBER(2),22,2,,Y,5,
HIS_SISBEN_OFT,HSBO_PUNTAJE_SISBEN,NUMBER,NUMBER(3),22,3,,Y,6,
HIS_SITUACION_OCUP,OFT_ID,NUMBER,NUMBER(9),22,9,,N,1,
HIS_SITUACION_OCUP,HOO_ID,NUMBER,NUMBER(10),22,10,,N,2,
HIS_SITUACION_OCUP,SIO_ID,NUMBER,NUMBER(1),22,1,,N,3,
HIS_SITUACION_OCUP,HOO_FCH_REGISTRO,DATE,DATE,7,,,N,4,
HIS_SUELDO_OFERTA,HSO_ID,NUMBER,NUMBER(12),22,12,,N,1,
HIS_SUELDO_OFERTA,OFT_ID,NUMBER,NUMBER(9),22,9,,N,2,
HIS_SUELDO_OFERTA,HSO_SUELDO,NUMBER,NUMBER(9),22,9,,N,3,
HIS_SUELDO_OFERTA,HSO_FHC_REGISTRO,DATE,DATE,7,,,N,4,
HIS_SUELDO_OFERTA,FUN_ID,NUMBER,NUMBER(5),22,5,,Y,5,
HIS_SUELDO_OFERTA,HSO_SAL_MIN,NUMBER,"NUMBER(6,3)",22,6,3,N,6,
HIS_ZONA_EMP,HZE_ID,NUMBER,NUMBER(15),22,15,,N,1,
HIS_ZONA_EMP,EMP_ID,NUMBER,NUMBER(8),22,8,,N,2,
HIS_ZONA_EMP,HZE_FCH_REGISTRO,DATE,DATE,7,,,N,3,
HIS_ZONA_EMP,FUN_ID,NUMBER,NUMBER(5),22,5,,Y,4,
HIS_ZONA_EMP,ZON_ID,NUMBER,NUMBER(12),22,12,,N,5,
HIS_ZONA_OFT,HZO_ID,NUMBER,NUMBER(15),22,15,,N,1,
HIS_ZONA_OFT,OFT_ID,NUMBER,NUMBER(9),22,9,,N,2,
HIS_ZONA_OFT,HZO_FCH_REGISTRO,DATE,DATE,7,,,N,3,
HIS_ZONA_OFT,FUN_ID,NUMBER,NUMBER(5),22,5,,Y,4,
HIS_ZONA_OFT,ZON_ID,NUMBER,NUMBER(12),22,12,,N,5,
IDIOMA,IDM_ID,NUMBER,NUMBER(2),22,2,,N,1,
IDIOMA,IDM_NOMBRE,VARCHAR2,VARCHAR2(30),30,,,N,2,
IDIOMA,IDM_DIALECTO,NUMBER,NUMBER(1),22,1,,N,3,
INDICE,IND_ID,NUMBER,NUMBER(9),22,9,,N,1,
INDICE,IND_NOMBRE,VARCHAR2,VARCHAR2(200),200,,,N,2,
INDICE,IND_ESTADO,NUMBER,NUMBER(1),22,1,,N,3,
INDICE,CNO_ID,VARCHAR2,VARCHAR2(6),6,,,N,4,
INDICE_NO_CALIFICADO,INDNC_ID,NUMBER,NUMBER(4),22,4,,N,1,
INDICE_NO_CALIFICADO,IND_ID,NUMBER,NUMBER(9),22,9,,N,2,
INDICE_NO_CALIFICADO,INDNC_ESTADO,NUMBER,NUMBER(1),22,1,,N,3,
INDICE_NO_CALIFICADO,CEN_ID,NUMBER,NUMBER(3),22,3,,N,4,
INDICE_OCUPACIONAL,IND_ID,NUMBER,NUMBER(9),22,9,,N,1,
INDICE_OCUPACIONAL,IND_NOMBRE,VARCHAR2,VARCHAR2(200),200,,,Y,2,
INDICE_OCUPACIONAL,IND_ESTADO,NUMBER,NUMBER(1),22,1,,Y,3,
INDICE_OCUPACIONAL,CNO_ID,VARCHAR2,VARCHAR2(6),6,,,Y,4,
INDICE_OCUPACIONAL,OCU_ID,VARCHAR2,VARCHAR2(4),4,,,Y,5,
INDICE_OCUPACIONAL,OCU_NOMBRE,VARCHAR2,VARCHAR2(200),200,,,Y,6,
INDICE_OCUPACIONAL,OCU_DESCRIPCION,VARCHAR2,VARCHAR2(800),800,,,Y,7,
INDICE_OCUPACIONAL,CAO_ID,VARCHAR2,VARCHAR2(3),3,,,Y,8,
INSCRIPCION_CURSO,INC_ID,NUMBER,NUMBER(15),22,15,,N,1,
INSCRIPCION_CURSO,OFT_ID,NUMBER,NUMBER(9),22,9,,N,2,
INSCRIPCION_CURSO,CUR_ID,NUMBER,NUMBER(12),22,12,,N,3,
INSCRIPCION_CURSO,INC_FCH_REGISTRO,DATE,DATE,7,,,N,4,
INSCRIPCION_CURSO,FUN_ID,NUMBER,NUMBER(5),22,5,,Y,5,
INSCRIPCION_CURSO,CSPE_ID,NUMBER,NUMBER(7),22,7,,Y,6,
INSCRIPCION_CURSO,INC_MEDIO,NUMBER,NUMBER(1),22,1,,N,7,
INSCRIPCION_CURSO,FSO_ID,NUMBER,NUMBER(2),22,2,,Y,8,
INSCRIPCION_CURSO,INC_FCH_SEGUIMIENTO,DATE,DATE,7,,,Y,9,
INSCRIPCION_CURSO,FUN_SEGUIMIENTO,NUMBER,NUMBER(4),22,4,,Y,10,
INSCRIPCION_CURSO,INC_SEG_DESCRIPCION,VARCHAR2,VARCHAR2(80),80,,,Y,11,
INSCRITOS_2018010120180924,OFT_ID,NUMBER,NUMBER(10),22,10,,Y,1,
INSCRITOS_2018010120180924,IDENTIFICACION,VARCHAR2,VARCHAR2(20),20,,,Y,2,
INSCRITOS_2018010120180924,PAI_ID,NUMBER,NUMBER(4),22,4,,Y,3,
INSCRITOS_2018010120180924,USUARIO,VARCHAR2,VARCHAR2(80),80,,,Y,4,
INSCRITOS_2018010120180924,GENERO,VARCHAR2,VARCHAR2(20),20,,,Y,5,
INSCRITOS_2018010120180924,DEPARTAMENTO,VARCHAR2,VARCHAR2(40),40,,,Y,6,
INSCRITOS_2018010120180924,MUNICIPIO,VARCHAR2,VARCHAR2(40),40,,,Y,7,
INSCRITOS_2018010120180924,FECHA_INSCRIPCION,VARCHAR2,VARCHAR2(20),20,,,Y,8,
INSCRITOS_201807,OFT_ID,NUMBER,NUMBER(10),22,10,,Y,1,
INSCRITOS_201807,IDENTIFICACION,VARCHAR2,VARCHAR2(20),20,,,Y,2,
INSCRITOS_201807,PAI_ID,NUMBER,NUMBER(4),22,4,,Y,3,
INSCRITOS_201807,USUARIO,VARCHAR2,VARCHAR2(80),80,,,Y,4,
INSCRITOS_201807,GENERO,VARCHAR2,VARCHAR2(20),20,,,Y,5,
INSCRITOS_201807,DEPARTAMENTO,VARCHAR2,VARCHAR2(40),40,,,Y,6,
INSCRITOS_201807,MUNICIPIO,VARCHAR2,VARCHAR2(40),40,,,Y,7,
INSCRITOS_201807,FECHA_INSCRIPCION,VARCHAR2,VARCHAR2(20),20,,,Y,8,
INSCRITOS_201808,OFT_ID,NUMBER,NUMBER(10),22,10,,Y,1,
INSCRITOS_201808,IDENTIFICACION,VARCHAR2,VARCHAR2(20),20,,,Y,2,
INSCRITOS_201808,PAI_ID,NUMBER,NUMBER(4),22,4,,Y,3,
INSCRITOS_201808,USUARIO,VARCHAR2,VARCHAR2(80),80,,,Y,4,
INSCRITOS_201808,GENERO,VARCHAR2,VARCHAR2(20),20,,,Y,5,
INSCRITOS_201808,DEPARTAMENTO,VARCHAR2,VARCHAR2(40),40,,,Y,6,
INSCRITOS_201808,MUNICIPIO,VARCHAR2,VARCHAR2(40),40,,,Y,7,
INSCRITOS_201808,FECHA_INSCRIPCION,VARCHAR2,VARCHAR2(20),20,,,Y,8,
INSCRITOS_201809,OFT_ID,NUMBER,NUMBER(10),22,10,,Y,1,
INSCRITOS_201809,IDENTIFICACION,VARCHAR2,VARCHAR2(20),20,,,Y,2,
INSCRITOS_201809,PAI_ID,NUMBER,NUMBER(4),22,4,,Y,3,
INSCRITOS_201809,USUARIO,VARCHAR2,VARCHAR2(80),80,,,Y,4,
INSCRITOS_201809,GENERO,VARCHAR2,VARCHAR2(20),20,,,Y,5,
INSCRITOS_201809,DEPARTAMENTO,VARCHAR2,VARCHAR2(40),40,,,Y,6,
INSCRITOS_201809,MUNICIPIO,VARCHAR2,VARCHAR2(40),40,,,Y,7,
INSCRITOS_201809,FECHA_INSCRIPCION,VARCHAR2,VARCHAR2(20),20,,,Y,8,
INSCRITOS_201810,OFT_ID,NUMBER,NUMBER(10),22,10,,Y,1,
INSCRITOS_201810,IDENTIFICACION,VARCHAR2,VARCHAR2(20),20,,,Y,2,
INSCRITOS_201810,PAI_ID,NUMBER,NUMBER(4),22,4,,Y,3,
INSCRITOS_201810,USUARIO,VARCHAR2,VARCHAR2(80),80,,,Y,4,
INSCRITOS_201810,GENERO,VARCHAR2,VARCHAR2(20),20,,,Y,5,
INSCRITOS_201810,DEPARTAMENTO,VARCHAR2,VARCHAR2(40),40,,,Y,6,
INSCRITOS_201810,MUNICIPIO,VARCHAR2,VARCHAR2(40),40,,,Y,7,
INSCRITOS_201810,FECHA_INSCRIPCION,VARCHAR2,VARCHAR2(20),20,,,Y,8,
INSCRITOS_201811,OFT_ID,NUMBER,NUMBER(10),22,10,,Y,1,
INSCRITOS_201811,IDENTIFICACION,VARCHAR2,VARCHAR2(20),20,,,Y,2,
INSCRITOS_201811,PAI_ID,NUMBER,NUMBER(4),22,4,,Y,3,
INSCRITOS_201811,USUARIO,VARCHAR2,VARCHAR2(80),80,,,Y,4,
INSCRITOS_201811,GENERO,VARCHAR2,VARCHAR2(20),20,,,Y,5,
INSCRITOS_201811,DEPARTAMENTO,VARCHAR2,VARCHAR2(40),40,,,Y,6,
INSCRITOS_201811,MUNICIPIO,VARCHAR2,VARCHAR2(40),40,,,Y,7,
INSCRITOS_201811,FECHA_INSCRIPCION,VARCHAR2,VARCHAR2(20),20,,,Y,8,
INSCRITOS_201812,OFT_ID,NUMBER,NUMBER(10),22,10,,Y,1,
INSCRITOS_201812,IDENTIFICACION,VARCHAR2,VARCHAR2(20),20,,,Y,2,
INSCRITOS_201812,PAI_ID,NUMBER,NUMBER(4),22,4,,Y,3,
INSCRITOS_201812,USUARIO,VARCHAR2,VARCHAR2(80),80,,,Y,4,
INSCRITOS_201812,GENERO,VARCHAR2,VARCHAR2(20),20,,,Y,5,
INSCRITOS_201812,DEPARTAMENTO,VARCHAR2,VARCHAR2(40),40,,,Y,6,
INSCRITOS_201812,MUNICIPIO,VARCHAR2,VARCHAR2(40),40,,,Y,7,
INSCRITOS_201812,FECHA_INSCRIPCION,VARCHAR2,VARCHAR2(20),20,,,Y,8,
INSCRITOS_201901,OFT_ID,NUMBER,NUMBER(10),22,10,,Y,1,
INSCRITOS_201901,TIPO_IDENTIFICACION,VARCHAR2,VARCHAR2(4),4,,,Y,2,
INSCRITOS_201901,IDENTIFICACION,VARCHAR2,VARCHAR2(20),20,,,Y,3,
INSCRITOS_201901,USUARIO,VARCHAR2,VARCHAR2(80),80,,,Y,4,
INSCRITOS_201901,GENERO,VARCHAR2,VARCHAR2(20),20,,,Y,5,
INSCRITOS_201901,PAI_ID,NUMBER,NUMBER(4),22,4,,Y,6,
INSCRITOS_201901,DEPARTAMENTO,VARCHAR2,VARCHAR2(40),40,,,Y,7,
INSCRITOS_201901,MUNICIPIO,VARCHAR2,VARCHAR2(40),40,,,Y,8,
INSCRITOS_201901,FECHA_INSCRIPCION,VARCHAR2,VARCHAR2(20),20,,,Y,9,
INSCRITOS_201902,OFT_ID,NUMBER,NUMBER(10),22,10,,Y,1,
INSCRITOS_201902,TIPO_IDENTIFICACION,VARCHAR2,VARCHAR2(4),4,,,Y,2,
INSCRITOS_201902,IDENTIFICACION,VARCHAR2,VARCHAR2(20),20,,,Y,3,
INSCRITOS_201902,USUARIO,VARCHAR2,VARCHAR2(80),80,,,Y,4,
INSCRITOS_201902,GENERO,VARCHAR2,VARCHAR2(20),20,,,Y,5,
INSCRITOS_201902,PAI_ID,NUMBER,NUMBER(4),22,4,,Y,6,
INSCRITOS_201902,DEPARTAMENTO,VARCHAR2,VARCHAR2(40),40,,,Y,7,
INSCRITOS_201902,MUNICIPIO,VARCHAR2,VARCHAR2(40),40,,,Y,8,
INSCRITOS_201902,FECHA_INSCRIPCION,VARCHAR2,VARCHAR2(20),20,,,Y,9,
INSCRITOS_201903,OFT_ID,NUMBER,NUMBER(10),22,10,,Y,1,
INSCRITOS_201903,TIPO_IDENTIFICACION,VARCHAR2,VARCHAR2(4),4,,,Y,2,
INSCRITOS_201903,IDENTIFICACION,VARCHAR2,VARCHAR2(20),20,,,Y,3,
INSCRITOS_201903,USUARIO,VARCHAR2,VARCHAR2(80),80,,,Y,4,
INSCRITOS_201903,GENERO,VARCHAR2,VARCHAR2(20),20,,,Y,5,
INSCRITOS_201903,PAI_ID,NUMBER,NUMBER(4),22,4,,Y,6,
INSCRITOS_201903,DEPARTAMENTO,VARCHAR2,VARCHAR2(40),40,,,Y,7,
INSCRITOS_201903,MUNICIPIO,VARCHAR2,VARCHAR2(40),40,,,Y,8,
INSCRITOS_201903,FECHA_INSCRIPCION,VARCHAR2,VARCHAR2(20),20,,,Y,9,
INSCRITOS_201904,OFT_ID,NUMBER,NUMBER(10),22,10,,Y,1,
INSCRITOS_201904,TIPO_IDENTIFICACION,VARCHAR2,VARCHAR2(4),4,,,Y,2,
INSCRITOS_201904,IDENTIFICACION,VARCHAR2,VARCHAR2(20),20,,,Y,3,
INSCRITOS_201904,USUARIO,VARCHAR2,VARCHAR2(80),80,,,Y,4,
INSCRITOS_201904,GENERO,VARCHAR2,VARCHAR2(20),20,,,Y,5,
INSCRITOS_201904,PAI_ID,NUMBER,NUMBER(4),22,4,,Y,6,
INSCRITOS_201904,DEPARTAMENTO,VARCHAR2,VARCHAR2(40),40,,,Y,7,
INSCRITOS_201904,MUNICIPIO,VARCHAR2,VARCHAR2(40),40,,,Y,8,
INSCRITOS_201904,FECHA_INSCRIPCION,VARCHAR2,VARCHAR2(20),20,,,Y,9,
INSCRITOS_201905,OFT_ID,NUMBER,NUMBER(10),22,10,,Y,1,
INSCRITOS_201905,TIPO_IDENTIFICACION,VARCHAR2,VARCHAR2(4),4,,,Y,2,
INSCRITOS_201905,IDENTIFICACION,VARCHAR2,VARCHAR2(20),20,,,Y,3,
INSCRITOS_201905,USUARIO,VARCHAR2,VARCHAR2(80),80,,,Y,4,
INSCRITOS_201905,GENERO,VARCHAR2,VARCHAR2(20),20,,,Y,5,
INSCRITOS_201905,PAI_ID,NUMBER,NUMBER(4),22,4,,Y,6,
INSCRITOS_201905,DEPARTAMENTO,VARCHAR2,VARCHAR2(40),40,,,Y,7,
INSCRITOS_201905,MUNICIPIO,VARCHAR2,VARCHAR2(40),40,,,Y,8,
INSCRITOS_201905,FECHA_INSCRIPCION,VARCHAR2,VARCHAR2(20),20,,,Y,9,
INSCRITOS_201906,OFT_ID,NUMBER,NUMBER(10),22,10,,Y,1,
INSCRITOS_201906,TIPO_IDENTIFICACION,VARCHAR2,VARCHAR2(4),4,,,Y,2,
INSCRITOS_201906,IDENTIFICACION,VARCHAR2,VARCHAR2(20),20,,,Y,3,
INSCRITOS_201906,USUARIO,VARCHAR2,VARCHAR2(80),80,,,Y,4,
INSCRITOS_201906,GENERO,VARCHAR2,VARCHAR2(20),20,,,Y,5,
INSCRITOS_201906,PAI_ID,NUMBER,NUMBER(4),22,4,,Y,6,
INSCRITOS_201906,DEPARTAMENTO,VARCHAR2,VARCHAR2(40),40,,,Y,7,
INSCRITOS_201906,MUNICIPIO,VARCHAR2,VARCHAR2(40),40,,,Y,8,
INSCRITOS_201906,FECHA_INSCRIPCION,VARCHAR2,VARCHAR2(20),20,,,Y,9,
INSCRITOS_201907,OFT_ID,NUMBER,NUMBER(10),22,10,,Y,1,
INSCRITOS_201907,TIPO_IDENTIFICACION,VARCHAR2,VARCHAR2(4),4,,,Y,2,
INSCRITOS_201907,IDENTIFICACION,VARCHAR2,VARCHAR2(20),20,,,Y,3,
INSCRITOS_201907,USUARIO,VARCHAR2,VARCHAR2(80),80,,,Y,4,
INSCRITOS_201907,GENERO,VARCHAR2,VARCHAR2(20),20,,,Y,5,
INSCRITOS_201907,PAI_ID,NUMBER,NUMBER(4),22,4,,Y,6,
INSCRITOS_201907,DEPARTAMENTO,VARCHAR2,VARCHAR2(40),40,,,Y,7,
INSCRITOS_201907,MUNICIPIO,VARCHAR2,VARCHAR2(40),40,,,Y,8,
INSCRITOS_201907,FECHA_INSCRIPCION,VARCHAR2,VARCHAR2(20),20,,,Y,9,
INSCRITOS_201908,OFT_ID,NUMBER,NUMBER(10),22,10,,Y,1,
INSCRITOS_201908,TIPO_IDENTIFICACION,VARCHAR2,VARCHAR2(4),4,,,Y,2,
INSCRITOS_201908,IDENTIFICACION,VARCHAR2,VARCHAR2(20),20,,,Y,3,
INSCRITOS_201908,USUARIO,VARCHAR2,VARCHAR2(80),80,,,Y,4,
INSCRITOS_201908,GENERO,VARCHAR2,VARCHAR2(20),20,,,Y,5,
INSCRITOS_201908,PAI_ID,NUMBER,NUMBER(4),22,4,,Y,6,
INSCRITOS_201908,DEPARTAMENTO,VARCHAR2,VARCHAR2(40),40,,,Y,7,
INSCRITOS_201908,MUNICIPIO,VARCHAR2,VARCHAR2(40),40,,,Y,8,
INSCRITOS_201908,FECHA_INSCRIPCION,VARCHAR2,VARCHAR2(20),20,,,Y,9,
INSCRITOS_201909,OFT_ID,NUMBER,NUMBER(10),22,10,,Y,1,
INSCRITOS_201909,TIPO_IDENTIFICACION,VARCHAR2,VARCHAR2(4),4,,,Y,2,
INSCRITOS_201909,IDENTIFICACION,VARCHAR2,VARCHAR2(20),20,,,Y,3,
INSCRITOS_201909,USUARIO,VARCHAR2,VARCHAR2(80),80,,,Y,4,
INSCRITOS_201909,GENERO,VARCHAR2,VARCHAR2(20),20,,,Y,5,
INSCRITOS_201909,PAI_ID,NUMBER,NUMBER(4),22,4,,Y,6,
INSCRITOS_201909,DEPARTAMENTO,VARCHAR2,VARCHAR2(60),60,,,Y,7,
INSCRITOS_201909,MUNICIPIO,VARCHAR2,VARCHAR2(60),60,,,Y,8,
INSCRITOS_201909,FECHA_INSCRIPCION,VARCHAR2,VARCHAR2(20),20,,,Y,9,
INSCRITOS_201910,OFT_ID,NUMBER,NUMBER(10),22,10,,Y,1,
INSCRITOS_201910,TIPO_IDENTIFICACION,VARCHAR2,VARCHAR2(4),4,,,Y,2,
INSCRITOS_201910,IDENTIFICACION,VARCHAR2,VARCHAR2(20),20,,,Y,3,
INSCRITOS_201910,USUARIO,VARCHAR2,VARCHAR2(80),80,,,Y,4,
INSCRITOS_201910,GENERO,VARCHAR2,VARCHAR2(20),20,,,Y,5,
INSCRITOS_201910,PAI_ID,NUMBER,NUMBER(4),22,4,,Y,6,
INSCRITOS_201910,DEPARTAMENTO,VARCHAR2,VARCHAR2(60),60,,,Y,7,
INSCRITOS_201910,MUNICIPIO,VARCHAR2,VARCHAR2(60),60,,,Y,8,
INSCRITOS_201910,FECHA_INSCRIPCION,VARCHAR2,VARCHAR2(20),20,,,Y,9,
INSCRITOS_201911,OFT_ID,NUMBER,NUMBER(10),22,10,,Y,1,
INSCRITOS_201911,TIPO_IDENTIFICACION,VARCHAR2,VARCHAR2(4),4,,,Y,2,
INSCRITOS_201911,IDENTIFICACION,VARCHAR2,VARCHAR2(20),20,,,Y,3,
INSCRITOS_201911,USUARIO,VARCHAR2,VARCHAR2(80),80,,,Y,4,
INSCRITOS_201911,GENERO,VARCHAR2,VARCHAR2(20),20,,,Y,5,
INSCRITOS_201911,PAI_ID,NUMBER,NUMBER(4),22,4,,Y,6,
INSCRITOS_201911,DEPARTAMENTO,VARCHAR2,VARCHAR2(60),60,,,Y,7,
INSCRITOS_201911,MUNICIPIO,VARCHAR2,VARCHAR2(60),60,,,Y,8,
INSCRITOS_201911,FECHA_INSCRIPCION,VARCHAR2,VARCHAR2(20),20,,,Y,9,
INSCRITOS_201912,OFT_ID,NUMBER,NUMBER(10),22,10,,Y,1,
INSCRITOS_201912,TIPO_IDENTIFICACION,VARCHAR2,VARCHAR2(4),4,,,Y,2,
INSCRITOS_201912,IDENTIFICACION,VARCHAR2,VARCHAR2(20),20,,,Y,3,
INSCRITOS_201912,USUARIO,VARCHAR2,VARCHAR2(80),80,,,Y,4,
INSCRITOS_201912,GENERO,VARCHAR2,VARCHAR2(20),20,,,Y,5,
INSCRITOS_201912,PAI_ID,NUMBER,NUMBER(4),22,4,,Y,6,
INSCRITOS_201912,DEPARTAMENTO,VARCHAR2,VARCHAR2(60),60,,,Y,7,
INSCRITOS_201912,MUNICIPIO,VARCHAR2,VARCHAR2(60),60,,,Y,8,
INSCRITOS_201912,FECHA_INSCRIPCION,VARCHAR2,VARCHAR2(20),20,,,Y,9,
INSCRITOS_202001,OFT_ID,NUMBER,NUMBER(10),22,10,,Y,1,
INSCRITOS_202001,TIPO_IDENTIFICACION,VARCHAR2,VARCHAR2(4),4,,,Y,2,
INSCRITOS_202001,IDENTIFICACION,VARCHAR2,VARCHAR2(20),20,,,Y,3,
INSCRITOS_202001,USUARIO,VARCHAR2,VARCHAR2(80),80,,,Y,4,
INSCRITOS_202001,GENERO,VARCHAR2,VARCHAR2(20),20,,,Y,5,
INSCRITOS_202001,PAI_ID,NUMBER,NUMBER(4),22,4,,Y,6,
INSCRITOS_202001,DEPARTAMENTO,VARCHAR2,VARCHAR2(60),60,,,Y,7,
INSCRITOS_202001,MUNICIPIO,VARCHAR2,VARCHAR2(60),60,,,Y,8,
INSCRITOS_202001,FECHA_INSCRIPCION,VARCHAR2,VARCHAR2(20),20,,,Y,9,
INSTITUCION,INS_ID,NUMBER,NUMBER(7),22,7,,N,1,
INSTITUCION,INS_NOMBRE,VARCHAR2,VARCHAR2(200),200,,,N,2,
INSTITUCION,INS_ESTADO,NUMBER,NUMBER(1),22,1,,N,3,
INSTITUCION,ORG_ID,NUMBER,NUMBER(2),22,2,,N,4,
INSTITUCION,CAR_ID,NUMBER,NUMBER(2),22,2,,N,5,
INSTITUCION,MPO_ID,NUMBER,NUMBER(9),22,9,,N,6,
INSTITUCION,DPT_ID,NUMBER,NUMBER(7),22,7,,N,7,
INSTITUCION,INS_ORIGEN,NUMBER,NUMBER(1),22,1,,N,8,0 
INSTITUCION,INS_SENA,NUMBER,NUMBER(1),22,1,,N,9,0 
INSTRUCTOR_ECAP,ITR_ID,NUMBER,NUMBER(7),22,7,,N,1,
INSTRUCTOR_ECAP,OFT_ID,NUMBER,NUMBER(9),22,9,,N,2,
INSTRUCTOR_ECAP,EMP_ID,NUMBER,NUMBER(8),22,8,,N,3,
INSTRUCTOR_ECAP,ITR_FCH_REGISTRO,DATE,DATE,7,,,N,4,
INSTRUCTOR_ECAP,FUN_ID,NUMBER,NUMBER(5),22,5,,N,5,
INSTRUCTOR_ECAP,CSPE_ID,NUMBER,NUMBER(7),22,7,,N,6,
INVITACION,INV_ID,NUMBER,NUMBER(10),22,10,,N,1,
INVITACION,DEM_ID,NUMBER,NUMBER(10),22,10,,N,2,
INVITACION,OFT_ID,NUMBER,NUMBER(9),22,9,,N,3,
INVITACION,INV_ESTADO,NUMBER,NUMBER(1),22,1,,N,4,1 
INVITACION,INV_FECHA_INVITACION,DATE,DATE,7,,,N,5,
INVITACION,INV_ES_EGRESADO,VARCHAR2,VARCHAR2(15),15,,,N,6,
JORNADA_TRABAJO,JTR_ID,NUMBER,NUMBER(1),22,1,,N,1,
JORNADA_TRABAJO,JTR_NOMBRE,VARCHAR2,VARCHAR2(40),40,,,N,2,
JORNADA_TRABAJO,JTR_DESCRIPCION,VARCHAR2,VARCHAR2(100),100,,,N,3,
JOVENES_EN_PAZ,REGIONAL,VARCHAR2,VARCHAR2(100),100,,,Y,1,
JOVENES_EN_PAZ,FECHA_ACTIVIDAD,DATE,DATE,7,,,Y,2,
JOVENES_EN_PAZ,TIPO_ACTIVIDAD,VARCHAR2,VARCHAR2(250),250,,,Y,3,
JOVENES_EN_PAZ,NOMBRE_USUARIO,VARCHAR2,VARCHAR2(150),150,,,Y,4,
JOVENES_EN_PAZ,DOCUMENTO,NUMBER,NUMBER(38),22,38,,Y,5,
JOVENES_EN_PAZ,CORREO,VARCHAR2,VARCHAR2(150),150,,,Y,6,
JOVENES_EN_PAZ,TELEFONO,VARCHAR2,VARCHAR2(20),20,,,Y,7,
JOVENES_EN_PAZ,OBSERVACIONES,CLOB,CLOB,4000,,,Y,8,
LICENCIA_CONDUCCION,LIC_ID,NUMBER,NUMBER(1),22,1,,N,1,
LICENCIA_CONDUCCION,LIC_CATEGORIA,VARCHAR2,VARCHAR2(2),2,,,N,2,
LICENCIA_CONDUCCION,LIC_DESCRIPCION,VARCHAR2,VARCHAR2(100),100,,,N,3,
LISTA_OFERTAS_TMP,OFT_ID,NUMBER,NUMBER(9),22,9,,Y,1,
LISTA_OFERTAS_TMP,REG_ID,NUMBER,NUMBER(2),22,2,,Y,2,
LISTA_OFERTAS_TMP,CONSULTAS_TOTAL,NUMBER,NUMBER(6),22,6,,Y,3,
LISTA_OFERTAS_TMP,CONSULTAS_RECIENTES,NUMBER,NUMBER(6),22,6,,Y,4,
LISTA_ROTACION_DEF,LIR_ID,NUMBER,NUMBER(4),22,4,,N,1,
LISTA_ROTACION_DEF,LIR_NOMBRE,VARCHAR2,VARCHAR2(250),250,,,N,2,
LISTA_ROTACION_DEF,LIR_FCH_CREACION,DATE,DATE,7,,,N,3,
LISTA_ROTACION_DEF,LIR_ESTADO,NUMBER,NUMBER(1),22,1,,N,4,
LISTA_ROTACION_DEF,FUN_ID,NUMBER,NUMBER(5),22,5,,N,5,
LISTA_ROTACION_OFT,LRO_ID,NUMBER,NUMBER(9),22,9,,N,1,
LISTA_ROTACION_OFT,LIR_ID,NUMBER,NUMBER(4),22,4,,N,2,
LISTA_ROTACION_OFT,LZG_ID,NUMBER,NUMBER(9),22,9,,N,3,
LISTA_ROTACION_OFT,OFT_ID,NUMBER,NUMBER(9),22,9,,N,4,
LISTA_ROTACION_OFT,LRO_FCH_REGISTRO,DATE,DATE,7,,,N,5,
LISTA_ROTACION_OFT,LRO_PUESTO,NUMBER,NUMBER(4),22,4,,N,6,
LISTA_ROTACION_ZONAGEO,LZG_ID,NUMBER,NUMBER(9),22,9,,N,1,
LISTA_ROTACION_ZONAGEO,LIR_ID,NUMBER,NUMBER(4),22,4,,N,2,
LISTA_ROTACION_ZONAGEO,PAI_ID,NUMBER,NUMBER(3),22,3,,N,3,
LISTA_ROTACION_ZONAGEO,DPT_ID,NUMBER,NUMBER(7),22,7,,N,4,
LISTA_ROTACION_ZONAGEO,MPO_ID,NUMBER,NUMBER(9),22,9,,N,5,
LISTA_ROTACION_ZONAGEO,ZON_ID,NUMBER,NUMBER(12),22,12,,Y,6,
LISTA_ROTACION_ZONAGEO,BAR_ID,NUMBER,NUMBER(6),22,6,,Y,7,
LOG_ADM_CONTENIDO,LAC_ID,NUMBER,NUMBER(10),22,10,,N,1,
LOG_ADM_CONTENIDO,MTT_ID,NUMBER,NUMBER(3),22,3,,N,2,
LOG_ADM_CONTENIDO,FUN_ID,NUMBER,NUMBER(5),22,5,,N,3,
LOG_ADM_CONTENIDO,LAC_ACCION,NUMBER,NUMBER(1),22,1,,N,4,
LOG_ADM_CONTENIDO,LAC_FCH_ACCION,DATE,DATE,7,,,N,5,
LOG_ADM_CONTENIDO,LAC_REG_VIEJO,VARCHAR2,VARCHAR2(700),700,,,Y,6,
LOG_ADM_CONTENIDO,LAC_REG_NUEVO,VARCHAR2,VARCHAR2(700),700,,,Y,7,
LOG_DEM_ETD_FORMAL,LDF_ID,NUMBER,NUMBER(15),22,15,,N,1,
LOG_DEM_ETD_FORMAL,DEM_ID,NUMBER,NUMBER(9),22,9,,N,2,
LOG_DEM_ETD_FORMAL,TIT_ID,NUMBER,NUMBER(5),22,5,,N,3,
LOG_DEM_ETD_FORMAL,INS_ID,NUMBER,NUMBER(7),22,7,,Y,4,
LOG_DEM_ETD_FORMAL,LDF_ACCION,NUMBER,NUMBER(1),22,1,,N,5,
LOG_DEM_ETD_FORMAL,FUN_ID,NUMBER,NUMBER(5),22,5,,Y,6,
LOG_DEM_ETD_FORMAL,LDF_FCH_ACCION,DATE,DATE,7,,,N,7,
LOG_DEM_ETD_NO_FORMAL,LDN_ID,NUMBER,NUMBER(12),22,12,,N,1,
LOG_DEM_ETD_NO_FORMAL,DEM_ID,NUMBER,NUMBER(9),22,9,,N,2,
LOG_DEM_ETD_NO_FORMAL,ENF_ID,NUMBER,NUMBER(7),22,7,,N,3,
LOG_DEM_ETD_NO_FORMAL,LDN_ACCION,NUMBER,NUMBER(1),22,1,,N,4,
LOG_DEM_ETD_NO_FORMAL,FUN_ID,NUMBER,NUMBER(5),22,5,,Y,5,
LOG_DEM_ETD_NO_FORMAL,LDN_FCH_ACCION,DATE,DATE,7,,,N,6,
LOG_DEM_IDIOMA,LDI_ID,NUMBER,NUMBER(9),22,9,,N,1,
LOG_DEM_IDIOMA,DEM_ID,NUMBER,NUMBER(9),22,9,,N,2,
LOG_DEM_IDIOMA,IDM_ID,NUMBER,NUMBER(2),22,2,,N,3,
LOG_DEM_IDIOMA,LDI_ACCION,NUMBER,NUMBER(1),22,1,,N,4,
LOG_DEM_IDIOMA,FUN_ID,NUMBER,NUMBER(5),22,5,,Y,5,
LOG_DEM_IDIOMA,LDI_FCH_ACCION,DATE,DATE,7,,,N,6,
LOG_MC_ASPIRACION,LOG_MC_ASPIRACION_ID,NUMBER,NUMBER,22,,,N,1,
LOG_MC_ASPIRACION,ID,NUMBER,NUMBER,22,,,N,2,
LOG_MC_ASPIRACION,FECHA_ASPIRACION,DATE,DATE,7,,,Y,3,
LOG_MC_ASPIRACION,MC_ASPE_ID,NUMBER,NUMBER,22,,,Y,4,
LOG_MC_ASPIRACION,MC_NVL_ACA_ID,NUMBER,NUMBER,22,,,Y,5,
LOG_MC_ASPIRACION,MC_ESTADO_ASPRCN_ID,NUMBER,NUMBER(2),22,2,,N,6,NULL 
LOG_MC_ASPIRACION,FECHA_CREACION,DATE,DATE,7,,,Y,7,SYSDATE
LOG_MC_ASPIRACION,MC_PERFIL_ID,NUMBER,NUMBER,22,,,N,8,
LOG_MC_ASPIRACION,ID_MC_JOR,NUMBER,NUMBER,22,,,Y,9,
LOG_MC_ASPIRACION,ACCION,VARCHAR2,VARCHAR2(20),20,,,N,10,
LOG_MC_ASPIRACION,FECHA_ACCION,DATE,DATE,7,,,N,11,
LOG_MC_ASPN_ESTAB,LOG_MC_ASPN_ESTAB_ID,NUMBER,NUMBER,22,,,N,1,
LOG_MC_ASPN_ESTAB,ID,NUMBER,NUMBER,22,,,N,2,
LOG_MC_ASPN_ESTAB,MC_ASPN_ID,NUMBER,NUMBER,22,,,N,3,
LOG_MC_ASPN_ESTAB,MC_ESTAB_CNV_ID,NUMBER,NUMBER,22,,,N,4,
LOG_MC_ASPN_ESTAB,FCH_CREACION,DATE,DATE,7,,,N,5,SYSDATE 
LOG_MC_ASPN_ESTAB,ACCION,VARCHAR2,VARCHAR2(20),20,,,N,6,
LOG_MC_ASPN_ESTAB,FECHA_ACCION,DATE,DATE,7,,,N,7,
LOG_MC_ASPRNT_EN_FRM,LOG_MC_ASPRNT_EN_FRM_ID,NUMBER,NUMBER,22,,,N,1,
LOG_MC_ASPRNT_EN_FRM,ID,NUMBER,NUMBER,22,,,N,2,
LOG_MC_ASPRNT_EN_FRM,MC_ASPN_ID,NUMBER,NUMBER,22,,,N,3,
LOG_MC_ASPRNT_EN_FRM,TIPO_DOC_EF,VARCHAR2,VARCHAR2(50),50,,,N,4,
LOG_MC_ASPRNT_EN_FRM,NUM_DOC_EF,NUMBER,NUMBER(20),22,20,,N,5,
LOG_MC_ASPRNT_EN_FRM,NOMBRES_EF,VARCHAR2,VARCHAR2(70),70,,,N,6,
LOG_MC_ASPRNT_EN_FRM,PRMR_APLLD_EF,VARCHAR2,VARCHAR2(40),40,,,N,7,
LOG_MC_ASPRNT_EN_FRM,SGND_APLLD_EF,VARCHAR2,VARCHAR2(40),40,,,Y,8,
LOG_MC_ASPRNT_EN_FRM,EMAIL_EF,VARCHAR2,VARCHAR2(50),50,,,N,9,
LOG_MC_ASPRNT_EN_FRM,TEL_CEL_EF,VARCHAR2,VARCHAR2(20),20,,,Y,10,
LOG_MC_ASPRNT_EN_FRM,PASS_BLCKBRD,VARCHAR2,VARCHAR2(15),15,,,N,11,
LOG_MC_ASPRNT_EN_FRM,FCH_CREACION,DATE,DATE,7,,,N,12,
LOG_MC_ASPRNT_EN_FRM,RESULTADO_OBS,VARCHAR2,VARCHAR2(4000),4000,,,Y,13,
LOG_MC_ASPRNT_EN_FRM,MC_JOR_ID,NUMBER,NUMBER,22,,,Y,14,
LOG_MC_ASPRNT_EN_FRM,TEL_EF,VARCHAR2,VARCHAR2(25),25,,,Y,15,
LOG_MC_ASPRNT_EN_FRM,ACCION,VARCHAR2,VARCHAR2(20),20,,,N,16,
LOG_MC_ASPRNT_EN_FRM,FECHA_ACCION,DATE,DATE,7,,,N,17,
LOG_MC_ASPRNT_EN_FRM,FASE,NUMBER,NUMBER(2),22,2,,Y,18,
LOG_MC_ASPRNT_EN_FRM,RESULTADO_PRU,NUMBER,"NUMBER(5,2)",22,5,2,Y,19,
LOG_MC_ASPRNT_EN_FRM,OBS_FRANJA,VARCHAR2,VARCHAR2(2000),2000,,,Y,20,
LOG_MC_ASPRNT_EN_FRM,RES_PRU_CENTR,NUMBER,"NUMBER(5,2)",22,5,2,Y,21,
LOG_MC_ASPRNT_EN_FRM,OBS_PRU_CENTR,VARCHAR2,VARCHAR2(2000),2000,,,Y,22,
LOG_MC_BANIN_ASPIRACION,ID,NUMBER,NUMBER,22,,,N,1,
LOG_MC_BANIN_ASPIRACION,OFT_ID,NUMBER,NUMBER,22,,,N,2,
LOG_MC_BANIN_ASPIRACION,MCBCT_ID,NUMBER,NUMBER,22,,,N,3,
LOG_MC_BANIN_ASPIRACION,FECHA_MOVIMIENTO,DATE,DATE,7,,,Y,4,
LOG_MC_BANIN_ASPIRACION,ESTADO,VARCHAR2,VARCHAR2(50),50,,,Y,5,
LOG_MC_ESTAB_CNVCTRIA,LOG_MC_ESTAB_CNVCTRIA_ID,NUMBER,NUMBER,22,,,N,1,
LOG_MC_ESTAB_CNVCTRIA,ID,NUMBER,NUMBER,22,,,N,2,
LOG_MC_ESTAB_CNVCTRIA,MC_CONV_ID,NUMBER,NUMBER,22,,,N,3,
LOG_MC_ESTAB_CNVCTRIA,MPO_ID,NUMBER,NUMBER(9),22,9,,Y,4,
LOG_MC_ESTAB_CNVCTRIA,NOMBRE,VARCHAR2,VARCHAR2(200),200,,,N,5,
LOG_MC_ESTAB_CNVCTRIA,FCH_CREACION,DATE,DATE,7,,,N,6,SYSDATE 
LOG_MC_ESTAB_CNVCTRIA,FUN_ID,NUMBER,NUMBER(5),22,5,,N,7,
LOG_MC_ESTAB_CNVCTRIA,EMP_ID,NUMBER,NUMBER(8),22,8,,Y,8,
LOG_MC_ESTAB_CNVCTRIA,CUPO_CONTRTO,NUMBER,NUMBER(6),22,6,,Y,9,
LOG_MC_ESTAB_CNVCTRIA,ACCION,VARCHAR2,VARCHAR2(20),20,,,N,10,
LOG_MC_ESTAB_CNVCTRIA,FECHA_ACCION,DATE,DATE,7,,,N,11,
LOG_MC_PRESELECCION,LOG_MC_PRE_ID,NUMBER,NUMBER,22,,,N,1,
LOG_MC_PRESELECCION,MC_PRE_ID,NUMBER,NUMBER,22,,,N,2,
LOG_MC_PRESELECCION,MC_PRE_FCH_REG,DATE,DATE,7,,,N,3,SYSDATE 
LOG_MC_PRESELECCION,MC_EST_PRE_ID,NUMBER,NUMBER,22,,,N,4,
LOG_MC_PRESELECCION,OFT_ID,NUMBER,NUMBER(9),22,9,,Y,5,
LOG_MC_PRESELECCION,EMP_ID,NUMBER,NUMBER(8),22,8,,Y,6,
LOG_MC_PRESELECCION,MC_PRE_RESP,NUMBER,NUMBER(1),22,1,,Y,7,
LOG_MC_PRESELECCION,MC_PRE_OBS,VARCHAR2,VARCHAR2(4000),4000,,,Y,8,
LOG_MC_PRESELECCION,MC_ASPN_ID,NUMBER,NUMBER,22,,,Y,9,
LOG_MC_PRESELECCION,ACCION,VARCHAR2,VARCHAR2(20),20,,,N,10,
LOG_MC_PRESELECCION,FECHA_ACCION,DATE,DATE,7,,,N,11,
LOG_MC_REQ_CAPTURADO,LOG_MC_REQ_CAP_ID,NUMBER,NUMBER,22,,,N,1,
LOG_MC_REQ_CAPTURADO,ID,NUMBER,NUMBER,22,,,N,2,
LOG_MC_REQ_CAPTURADO,MC_TIP_REQ_ID,NUMBER,NUMBER,22,,,N,3,
LOG_MC_REQ_CAPTURADO,MC_ASPN_ID,NUMBER,NUMBER,22,,,N,4,
LOG_MC_REQ_CAPTURADO,EXP_REL,NUMBER,"NUMBER(5,2)",22,5,2,Y,5,
LOG_MC_REQ_CAPTURADO,EXP_DOC,NUMBER,"NUMBER(5,2)",22,5,2,Y,6,
LOG_MC_REQ_CAPTURADO,TIT_ID,NUMBER,NUMBER,22,,,Y,7,
LOG_MC_REQ_CAPTURADO,FCH_CREACION,DATE,DATE,7,,,Y,8,SYSDATE
LOG_MC_REQ_CAPTURADO,URL_ARCHIVO,VARCHAR2,VARCHAR2(255),255,,,N,9,
LOG_MC_REQ_CAPTURADO,TIT_ID_APE,NUMBER,NUMBER(5),22,5,,Y,10,
LOG_MC_REQ_CAPTURADO,NOMBRE_TIT_AP,VARCHAR2,VARCHAR2(1024),1024,,,Y,11,
LOG_MC_REQ_CAPTURADO,MC_NBC_ID,NUMBER,NUMBER,22,,,Y,12,
LOG_MC_REQ_CAPTURADO,MC_NVL_ACA_ID,NUMBER,NUMBER,22,,,Y,13,
LOG_MC_REQ_CAPTURADO,IND_ID_APE,NUMBER,NUMBER(4),22,4,,Y,14,
LOG_MC_REQ_CAPTURADO,NOM_IND_APE,VARCHAR2,VARCHAR2(200),200,,,Y,15,
LOG_MC_REQ_CAPTURADO,ENF_ID_APE,NUMBER,NUMBER(7),22,7,,Y,16,
LOG_MC_REQ_CAPTURADO,NOMBRE_CAP_AP,VARCHAR2,VARCHAR2(200),200,,,Y,17,
LOG_MC_REQ_CAPTURADO,IDM_ID_APE,NUMBER,NUMBER(2),22,2,,Y,18,
LOG_MC_REQ_CAPTURADO,CPL_ID,NUMBER,NUMBER(10),22,10,,Y,19,
LOG_MC_REQ_CAPTURADO,CPL_DESC,VARCHAR2,VARCHAR2(1024),1024,,,Y,20,
LOG_MC_REQ_CAPTURADO,ACCION,VARCHAR2,VARCHAR2(20),20,,,N,21,
LOG_MC_REQ_CAPTURADO,FECHA_ACCION,DATE,DATE,7,,,N,22,
LOG_OFT_CUESTIONARIO,LOC_ID,NUMBER,NUMBER(10),22,10,,N,1,
LOG_OFT_CUESTIONARIO,OFT_ID,NUMBER,NUMBER(9),22,9,,N,2,
LOG_OFT_CUESTIONARIO,LOC_FCH_REGISTRO,DATE,DATE,7,,,N,3,
LOG_OFT_CUESTIONARIO,LOC_TOMADO,NUMBER,NUMBER(1),22,1,,N,4,
LOG_OFT_ETD_FORMAL,LOF_ID,NUMBER,NUMBER(15),22,15,,N,1,
LOG_OFT_ETD_FORMAL,OFT_ID,NUMBER,NUMBER(9),22,9,,N,2,
LOG_OFT_ETD_FORMAL,ETF_ID,NUMBER,NUMBER(7),22,7,,N,3,
LOG_OFT_ETD_FORMAL,LOF_ACCION,NUMBER,NUMBER(1),22,1,,N,4,
LOG_OFT_ETD_FORMAL,FUN_ID,NUMBER,NUMBER(5),22,5,,Y,5,
LOG_OFT_ETD_FORMAL,LOF_FCH_ACCION,DATE,DATE,7,,,N,6,
LOG_OFT_ETD_FORMAL_ALT,LFA_ID,NUMBER,NUMBER(15),22,15,,N,1,
LOG_OFT_ETD_FORMAL_ALT,OFT_ID,NUMBER,NUMBER(9),22,9,,N,2,
LOG_OFT_ETD_FORMAL_ALT,LFA_INSTITUCION,VARCHAR2,VARCHAR2(200),200,,,N,3,
LOG_OFT_ETD_FORMAL_ALT,LFA_TITULO,VARCHAR2,VARCHAR2(200),200,,,N,4,
LOG_OFT_ETD_FORMAL_ALT,NIA_ID,NUMBER,NUMBER(2),22,2,,N,5,
LOG_OFT_ETD_FORMAL_ALT,LFA_ACCION,NUMBER,NUMBER(1),22,1,,N,6,
LOG_OFT_ETD_FORMAL_ALT,FUN_ID,NUMBER,NUMBER(5),22,5,,Y,7,
LOG_OFT_ETD_FORMAL_ALT,LFA_FCH_ACCION,DATE,DATE,7,,,N,8,
LOG_OFT_ETD_NO_FORMAL,LON_ID,NUMBER,NUMBER(12),22,12,,N,1,
LOG_OFT_ETD_NO_FORMAL,OFT_ID,NUMBER,NUMBER(9),22,9,,N,2,
LOG_OFT_ETD_NO_FORMAL,ENF_ID,NUMBER,NUMBER(7),22,7,,N,3,
LOG_OFT_ETD_NO_FORMAL,LON_ACCION,NUMBER,NUMBER(1),22,1,,N,4,
LOG_OFT_ETD_NO_FORMAL,FUN_ID,NUMBER,NUMBER(5),22,5,,Y,5,
LOG_OFT_ETD_NO_FORMAL,LON_FCH_ACCION,DATE,DATE,7,,,N,6,
LOG_OFT_ETD_NO_FORMAL,LON_INSTITUCION,VARCHAR2,VARCHAR2(200),200,,,N,7,
LOG_OFT_ETD_NO_FORMAL_ALT,LNA_ID,NUMBER,NUMBER(12),22,12,,N,1,
LOG_OFT_ETD_NO_FORMAL_ALT,OFT_ID,NUMBER,NUMBER(9),22,9,,N,2,
LOG_OFT_ETD_NO_FORMAL_ALT,LNA_TITULO,VARCHAR2,VARCHAR2(200),200,,,N,3,
LOG_OFT_ETD_NO_FORMAL_ALT,TIE_ID,NUMBER,NUMBER(2),22,2,,N,4,
LOG_OFT_ETD_NO_FORMAL_ALT,LNA_INSTITUCION,VARCHAR2,VARCHAR2(200),200,,,N,5,
LOG_OFT_ETD_NO_FORMAL_ALT,LNA_ACCION,NUMBER,NUMBER(1),22,1,,N,6,
LOG_OFT_ETD_NO_FORMAL_ALT,FUN_ID,NUMBER,NUMBER(5),22,5,,Y,7,
LOG_OFT_ETD_NO_FORMAL_ALT,LNA_FCH_ACCION,DATE,DATE,7,,,N,8,
LOG_OFT_EXPERIENCIA,LOE_ID,NUMBER,NUMBER(12),22,12,,N,1,
LOG_OFT_EXPERIENCIA,OFT_ID,NUMBER,NUMBER(9),22,9,,N,2,
LOG_OFT_EXPERIENCIA,CIIU_ID,VARCHAR2,VARCHAR2(4),4,,,N,3,
LOG_OFT_EXPERIENCIA,LOE_ACCION,NUMBER,NUMBER(1),22,1,,N,4,
LOG_OFT_EXPERIENCIA,FUN_ID,NUMBER,NUMBER(5),22,5,,Y,5,
LOG_OFT_EXPERIENCIA,LOE_FCH_ACCION,DATE,DATE,7,,,N,6,
LOG_OFT_EXPERIENCIA,IND_ID,NUMBER,NUMBER(9),22,9,,N,7,
LOG_OFT_IDIOMA,LOI_ID,NUMBER,NUMBER(9),22,9,,N,1,
LOG_OFT_IDIOMA,OFT_ID,NUMBER,NUMBER(9),22,9,,N,2,
LOG_OFT_IDIOMA,IDM_ID,NUMBER,NUMBER(2),22,2,,N,3,
LOG_OFT_IDIOMA,LOI_ACCION,NUMBER,NUMBER(1),22,1,,N,4,
LOG_OFT_IDIOMA,FUN_ID,NUMBER,NUMBER(5),22,5,,Y,5,
LOG_OFT_IDIOMA,LOI_FCH_ACCION,DATE,DATE,7,,,N,6,
LOG_REQ_BANIN,LOG_REQ_ID,NUMBER,NUMBER,22,,,N,1,
LOG_REQ_BANIN,LOG_MBA_ID,NUMBER,NUMBER,22,,,N,2,
LOG_REQ_BANIN,LOG_TIP_REQ_ID,NUMBER,NUMBER,22,,,N,3,
LOG_REQ_BANIN,LOG_MC_ACCION,NUMBER,NUMBER,22,,,N,4,
LOG_REQ_BANIN,LOG_URL_ARCHIVO,VARCHAR2,VARCHAR2(255),255,,,N,5,
LOG_REQ_BANIN,LOG_NOMBRE_TIT_AP,VARCHAR2,VARCHAR2(1024),1024,,,Y,6,
LOG_REQ_BANIN,LOG_MC_NVL_ACA_ID,NUMBER,NUMBER,22,,,Y,7,
LOG_REQ_BANIN,LOG_ENF_ID_APE,NUMBER,NUMBER(7),22,7,,Y,8,
LOG_REQ_BANIN,LOG_NOMBRE_CAP_AP,VARCHAR2,VARCHAR2(200),200,,,Y,9,
LOG_REQ_BANIN,LOG_IND_ID_APE,NUMBER,NUMBER(9),22,9,,Y,10,
LOG_REQ_BANIN,LOG_NOM_IND_APE,VARCHAR2,VARCHAR2(200),200,,,Y,11,
LOG_REQ_BANIN,LOG_IDM_ID_APE,NUMBER,NUMBER(2),22,2,,Y,12,
LOG_REQ_BANIN,LOG_CPL_ID,NUMBER,NUMBER(10),22,10,,Y,13,
LOG_REQ_BANIN,LOG_CPL_DESC,VARCHAR2,VARCHAR2(1024),1024,,,Y,14,
LOG_REQ_BANIN,LOG_MBF_ID,NUMBER,NUMBER(38),22,38,,Y,15,
LOG_REQ_BANIN,LOG_NOM_TIPO_COMPETENCIA,VARCHAR2,VARCHAR2(255),255,,,Y,16,
LOG_REQ_BANIN,LOG_MC_FECHA_CREACION,DATE,DATE,7,,,Y,17,SYSDATE
LOG_REQ_BANIN,LOG_TIT_ID_APE,NUMBER,NUMBER(5),22,5,,Y,18,
LOG_REQ_BANIN,OEX_FCH_INI,DATE,DATE,7,,,Y,19,
LOG_REQ_BANIN,OEX_FCH_FIN,DATE,DATE,7,,,Y,20,
LOG_REQ_BANIN,LOG_OFT_ID,NUMBER,NUMBER(38),22,38,,Y,21,
MC_ACCESOS_FASE_1,CEDULA,NUMBER,NUMBER,22,,,N,1,
MC_ACCION_BANIN,AC_ID,NUMBER,NUMBER,22,,,N,1,
MC_ACCION_BANIN,AC_NOMBRE,VARCHAR2,VARCHAR2(250),250,,,N,2,
MC_ARCHIVO_ANEXO,ID,NUMBER,NUMBER,22,,,N,1,
MC_ARCHIVO_ANEXO,NOMBRE,VARCHAR2,VARCHAR2(100),100,,,N,2,
MC_ARCHIVO_ANEXO,URL,VARCHAR2,VARCHAR2(255),255,,,Y,3,
MC_ARCHIVO_ANEXO,EXTENSION,VARCHAR2,VARCHAR2(10),10,,,Y,4,
MC_ARCHIVO_ANEXO,PESO,NUMBER,NUMBER(15),22,15,,Y,5,
MC_ARCHIVO_ANEXO,FCH_REGISTRO,DATE,DATE,7,,,N,6,
MC_ASPIRACION,ID,NUMBER,NUMBER,22,,,N,1,
MC_ASPIRACION,FECHA_ASPIRACION,DATE,DATE,7,,,Y,2,
MC_ASPIRACION,MC_ASPE_ID,NUMBER,NUMBER,22,,,Y,3,
MC_ASPIRACION,MC_NVL_ACA_ID,NUMBER,NUMBER,22,,,Y,4,
MC_ASPIRACION,MC_ESTADO_ASPRCN_ID,NUMBER,NUMBER(2),22,2,,N,5,NULL 
MC_ASPIRACION,FECHA_CREACION,DATE,DATE,7,,,Y,6,SYSDATE
MC_ASPIRACION,MC_PERFIL_ID,NUMBER,NUMBER,22,,,N,7,
MC_ASPIRACION,ID_MC_JOR,NUMBER,NUMBER,22,,,Y,8,
MC_ASPIRACION,NOM_OTRO_PERFIL,VARCHAR2,VARCHAR2(100),100,,,Y,9,
MC_ASPIRANTE,ID,NUMBER,NUMBER,22,,,N,1,
MC_ASPIRANTE,OFT_ID,NUMBER,NUMBER(9),22,9,,N,2,
MC_ASPIRANTE,FECHA_CREACION,DATE,DATE,7,,,N,3,SYSDATE 
MC_ASPN_ESTAB,ID,NUMBER,NUMBER,22,,,N,1,
MC_ASPN_ESTAB,MC_ASPN_ID,NUMBER,NUMBER,22,,,N,2,
MC_ASPN_ESTAB,MC_ESTAB_CNV_ID,NUMBER,NUMBER,22,,,N,3,
MC_ASPN_ESTAB,FCH_CREACION,DATE,DATE,7,,,N,4,SYSDATE 
MC_ASPN_MPO,ID,NUMBER,NUMBER,22,,,N,1,
MC_ASPN_MPO,MC_ASPN_ID,NUMBER,NUMBER,22,,,N,2,
MC_ASPN_MPO,MC_MPO_CNV_ID,NUMBER,NUMBER,22,,,N,3,
MC_ASPN_MPO,FCH_CREACION,DATE,DATE,7,,,Y,4,SYSDATE
MC_ASPRNT_EN_FRM,ID,NUMBER,NUMBER,22,,,N,1,
MC_ASPRNT_EN_FRM,MC_ASPN_ID,NUMBER,NUMBER,22,,,N,2,
MC_ASPRNT_EN_FRM,TIPO_DOC_EF,VARCHAR2,VARCHAR2(50),50,,,N,3,
MC_ASPRNT_EN_FRM,NUM_DOC_EF,NUMBER,NUMBER(20),22,20,,N,4,
MC_ASPRNT_EN_FRM,NOMBRES_EF,VARCHAR2,VARCHAR2(70),70,,,N,5,
MC_ASPRNT_EN_FRM,PRMR_APLLD_EF,VARCHAR2,VARCHAR2(40),40,,,N,6,
MC_ASPRNT_EN_FRM,SGND_APLLD_EF,VARCHAR2,VARCHAR2(40),40,,,Y,7,
MC_ASPRNT_EN_FRM,EMAIL_EF,VARCHAR2,VARCHAR2(50),50,,,N,8,
MC_ASPRNT_EN_FRM,TEL_CEL_EF,VARCHAR2,VARCHAR2(20),20,,,Y,9,
MC_ASPRNT_EN_FRM,PASS_BLCKBRD,VARCHAR2,VARCHAR2(15),15,,,N,10,
MC_ASPRNT_EN_FRM,FCH_CREACION,DATE,DATE,7,,,N,11,
MC_ASPRNT_EN_FRM,RESULTADO_OBS,VARCHAR2,VARCHAR2(4000),4000,,,Y,12,
MC_ASPRNT_EN_FRM,MC_JOR_ID,NUMBER,NUMBER,22,,,Y,13,
MC_ASPRNT_EN_FRM,TEL_EF,VARCHAR2,VARCHAR2(25),25,,,Y,14,
MC_ASPRNT_EN_FRM,RESULTADO_PRU,NUMBER,"NUMBER(5,2)",22,5,2,Y,15,
MC_ASPRNT_EN_FRM,OBS_FRANJA,VARCHAR2,VARCHAR2(2000),2000,,,Y,16,
MC_ASPRNT_EN_FRM,FASE,NUMBER,NUMBER(2),22,2,,Y,17,
MC_ASPRNT_EN_FRM,RES_PRU_CENTR,NUMBER,"NUMBER(5,2)",22,5,2,Y,18,
MC_ASPRNT_EN_FRM,OBS_PRU_CENTR,VARCHAR2,VARCHAR2(2000),2000,,,Y,19,
MC_ASPRNT_EN_FRM,RESULTADO_DEF,NUMBER,"NUMBER(5,2)",22,5,2,Y,20,
MC_BANIN_ACCESOS_BANCO,CEDULA,NUMBER,NUMBER,22,,,Y,1,
MC_BANIN_ACCESOS_BANCO,FECHA_REGISTRO,DATE,DATE,7,,,Y,2,
MC_BANIN_ASPIRANTE,MBA_ID,NUMBER,NUMBER,22,,,N,1,
MC_BANIN_ASPIRANTE,MBA_OFT_ID,NUMBER,NUMBER,22,,,N,2,
MC_BANIN_ASPIRANTE,MBA_FECHA_CREACION,DATE,DATE,7,,,Y,3,SYSDATE
MC_BANIN_ASPIRANTE,MBA_MCBCT_ID,NUMBER,NUMBER,22,,,Y,4,
MC_BANIN_ASPIRANTE,MBA_ESTADO_ASP,NUMBER,NUMBER(38),22,38,,Y,5,
MC_BANIN_ASPIRANTE,MBA_FECHA_FIN_ASP,DATE,DATE,7,,,Y,6,
MC_BANIN_ASPIRANTE,MBA_MBDP_ID,NUMBER,NUMBER(38),22,38,,Y,7,
MC_BANIN_ASPIRANTE_HIST,MBAH_ID,NUMBER,NUMBER,22,,,N,1,
MC_BANIN_ASPIRANTE_HIST,MBAH_OFT_ID,NUMBER,NUMBER,22,,,N,2,
MC_BANIN_ASPIRANTE_HIST,MBAH_FECHA_CREACION,DATE,DATE,7,,,Y,3,
MC_BANIN_ASPIRANTE_HIST,MBAH_MCBCT_ID,NUMBER,NUMBER,22,,,Y,4,
MC_BANIN_ASPIRANTE_HIST,MBAH_ESTADO_ASP,NUMBER,NUMBER(38),22,38,,Y,5,
MC_BANIN_ASPIRANTE_HIST,MBAH_OBSERVACION,VARCHAR2,VARCHAR2(255),255,,,Y,6,
MC_BANIN_CAMBIO_ESTADO_EMAIL,MBCEE_ID,NUMBER,NUMBER,22,,,N,1,
MC_BANIN_CAMBIO_ESTADO_EMAIL,MBCEE_CODIGO,VARCHAR2,VARCHAR2(200),200,,,N,2,
MC_BANIN_CAMBIO_ESTADO_EMAIL,MBCEE_MBA_ID,NUMBER,NUMBER,22,,,N,3,
MC_BANIN_CAMBIO_ESTADO_EMAIL,MBCEE_MBEA_ID,NUMBER,NUMBER,22,,,N,4,
MC_BANIN_CAMBIO_ESTADO_EMAIL,MBCEE_FECHA_REGISTRO,DATE,DATE,7,,,N,5,
MC_BANIN_COMP_LABORAL,MBCL_ID,NUMBER,NUMBER(9),22,9,,N,1,
MC_BANIN_COMP_LABORAL,MBCL_CODIGO,NUMBER,NUMBER(9),22,9,,N,2,
MC_BANIN_COMP_LABORAL,MBCL_COD_VER,NUMBER,NUMBER(15),22,15,,N,3,
MC_BANIN_COMP_LABORAL,MBCL_NOMBRE,VARCHAR2,VARCHAR2(4000),4000,,,N,4,
MC_BANIN_COMP_LABORAL,MBCL_VERSION,NUMBER,NUMBER(9),22,9,,N,5,
MC_BANIN_COMP_LABORAL,MBCL_PERFIL,VARCHAR2,VARCHAR2(4000),4000,,,N,6,
MC_BANIN_COMP_LABORAL,MBCL_FECHA_CREACION,DATE,DATE,7,,,N,7,
MC_BANIN_COMP_LABORAL,FUN_ID,NUMBER,NUMBER(9),22,9,,N,8,
MC_BANIN_COMP_LABORAL_2022,MBCL_ID,NUMBER,NUMBER,22,,,N,1,
MC_BANIN_COMP_LABORAL_2022,MBCL_CODIGO,VARCHAR2,VARCHAR2(50),50,,,N,2,
MC_BANIN_COMP_LABORAL_2022,MBCL_COD_VER,VARCHAR2,VARCHAR2(50),50,,,N,3,
MC_BANIN_COMP_LABORAL_2022,MBCL_NOMBRE,VARCHAR2,VARCHAR2(4000),4000,,,N,4,
MC_BANIN_COMP_LABORAL_2022,MBCL_VERSION,NUMBER,NUMBER,22,,,N,5,
MC_BANIN_COMP_LABORAL_2022,MBCL_PERFIL,VARCHAR2,VARCHAR2(4000),4000,,,N,6,
MC_BANIN_COMP_LABORAL_2022,MBCL_FECHA_CREACION,DATE,DATE,7,,,N,7,
MC_BANIN_COMP_LABORAL_2022,FUN_ID,NUMBER,NUMBER,22,,,N,8,
MC_BANIN_CONTRATACION,MCBCT_ID,NUMBER,NUMBER,22,,,N,1,
MC_BANIN_CONTRATACION,MCBCT_CODIGO,NUMBER,NUMBER,22,,,N,2,
MC_BANIN_CONTRATACION,MCBCT_MBRB_ID,NUMBER,NUMBER,22,,,N,3,
MC_BANIN_CONTRATACION,MCBCT_MBPR_ID,NUMBER,NUMBER,22,,,N,4,
MC_BANIN_CONTRATACION,MCBCT_MBCL_ID,NUMBER,NUMBER,22,,,N,5,
MC_BANIN_CONTRATACION,MCBCT_MBTFC_ID,NUMBER,NUMBER,22,,,N,6,
MC_BANIN_CONTRATACION,MCBCT_MBMCT_ID,NUMBER,NUMBER,22,,,N,7,
MC_BANIN_CONTRATACION,MCBCT_TIEMPO_CONTRA_MES,NUMBER,NUMBER,22,,,Y,8,
MC_BANIN_CONTRATACION,MCBCT_TIEMPO_CONTRA_DIAS,NUMBER,NUMBER,22,,,Y,9,
MC_BANIN_CONTRATACION,MCBCT_TIEMPO_CONTRA_HORAS,NUMBER,NUMBER,22,,,Y,10,
MC_BANIN_CONTRATACION,MCBCT_FECHA_INICIO_CONTRA,DATE,DATE,7,,,N,11,
MC_BANIN_CONTRATACION,MCBCT_FECHA_FIN_CONTRA,DATE,DATE,7,,,N,12,
MC_BANIN_CONTRATACION,MCBCT_MBNE_ID,NUMBER,NUMBER,22,,,N,13,
MC_BANIN_CONTRATACION,MCBCT_MBTT_ID,NUMBER,NUMBER,22,,,N,14,
MC_BANIN_CONTRATACION,MCBCT_COSTO_CONTRA,NUMBER,NUMBER,22,,,N,15,
MC_BANIN_CONTRATACION,MCBCT_CANTIDAD_INSTRU,NUMBER,NUMBER,22,,,N,16,
MC_BANIN_CONTRATACION,MCBCT_COSTO_TOTAL,NUMBER,NUMBER,22,,,N,17,
MC_BANIN_CONTRATACION,MBRB_MEC_ID,NUMBER,NUMBER,22,,,N,18,
MC_BANIN_CONTRATACION,MCBCT_FECHA_REGISTRO,DATE,DATE,7,,,N,19,
MC_BANIN_CONTRATACION,MCBCT_MBDP_ID,NUMBER,NUMBER,22,,,Y,20,
MC_BANIN_CONTRATACION,MCBCT_MPO_ID,NUMBER,NUMBER,22,,,Y,21,
MC_BANIN_CONTRATACION,EST_BANIN_CONTRA,NUMBER,NUMBER(1),22,1,,Y,22,
MC_BANIN_CONTRATACION,ES_CAMPESENA,NUMBER,NUMBER,22,,,Y,23,0
MC_BANIN_CONTRATADOS_2020,MBCV_NUMERO_IDENTIFICACION,NUMBER,NUMBER(20),22,20,,N,1,
MC_BANIN_CONTRATADOS_2020,MBCV_FECHA_CREACION,DATE,DATE,7,,,N,2,
MC_BANIN_CONTRATADOS_2020,FUN_ID,NUMBER,NUMBER(9),22,9,,N,3,
MC_BANIN_DEPENDENCIA,MBD_ID,NUMBER,NUMBER,22,,,N,1,
MC_BANIN_DEPENDENCIA,MBD_CODIGO,NUMBER,NUMBER,22,,,N,2,
MC_BANIN_DEPENDENCIA,MBD_NOMBRE,VARCHAR2,VARCHAR2(100),100,,,N,3,
MC_BANIN_DEPENDENCIA,MBD_DESCRIPCION,VARCHAR2,VARCHAR2(300),300,,,Y,4,
MC_BANIN_DEPENDENCIA,MBD_ESTADO,NUMBER,NUMBER,22,,,N,5,
MC_BANIN_DEPENDENCIA,MBD_FECHA_REGISTRO,DATE,DATE,7,,,N,6,
MC_BANIN_DEPEN_PRESU,MBDPP_ID,NUMBER,NUMBER,22,,,N,1,
MC_BANIN_DEPEN_PRESU,MBDPP_MBD_ID,NUMBER,NUMBER,22,,,N,2,
MC_BANIN_DEPEN_PRESU,MBDPP_MBDP_ID,NUMBER,NUMBER,22,,,N,3,
MC_BANIN_DEPEN_PRESU,MBDPP_MBDP_YEAR,NUMBER,NUMBER,22,,,N,4,
MC_BANIN_DEPEN_PRESU,MBDPP_VALOR_ASIGNADO,NUMBER,NUMBER,22,,,N,5,
MC_BANIN_DEPEN_PRESU,MBDPP_VALOR_DISPONIBLE,NUMBER,NUMBER,22,,,Y,6,
MC_BANIN_DEPEN_PRESU,MBDPP_VALOR_PLAN,NUMBER,NUMBER,22,,,Y,7,
MC_BANIN_DEPEN_PRESU,MBDPP_SALDO_DISPONIBLE,NUMBER,NUMBER,22,,,Y,8,
MC_BANIN_DEPEN_PRESU,MBDPP_MEC_ID,NUMBER,NUMBER,22,,,N,9,
MC_BANIN_DEPEN_PRESU,MBDPP_FECHA_REGISTRO,DATE,DATE,7,,,N,10,
MC_BANIN_DEPEN_PRESU,MBDPP_ESTADO,NUMBER,NUMBER,22,,,N,11,
MC_BANIN_DIVULGACION_PERFIL,MBDP_ID,NUMBER,NUMBER,22,,,N,1,
MC_BANIN_DIVULGACION_PERFIL,MBDP_CONVOCATORIA,VARCHAR2,VARCHAR2(200),200,,,N,2,
MC_BANIN_DIVULGACION_PERFIL,MBDP_YEAR,NUMBER,NUMBER,22,,,N,3,
MC_BANIN_DIVULGACION_PERFIL,MBDP_FCH_INI_CREA_ANEXO2,DATE,DATE,7,,,N,4,
MC_BANIN_DIVULGACION_PERFIL,MBDP_FCH_FIN_CREA_ANEXO2,DATE,DATE,7,,,N,5,
MC_BANIN_DIVULGACION_PERFIL,MBDP_FCH_DIVULGACION,DATE,DATE,7,,,N,6,
MC_BANIN_DIVULGACION_PERFIL,MBDP_FCH_INI_REGIS_ASPI,DATE,DATE,7,,,N,7,
MC_BANIN_DIVULGACION_PERFIL,MBDP_FCH_FIN_REGIS_ASPI,DATE,DATE,7,,,N,8,
MC_BANIN_DIVULGACION_PERFIL,MBDP_FUN_ID,NUMBER,NUMBER,22,,,Y,9,
MC_BANIN_DIVULGACION_PERFIL,MBDP_FCH_REGISTRO,DATE,DATE,7,,,N,10,
MC_BANIN_DIVULGACION_PERFIL,MBDP_ESTADO,NUMBER,NUMBER,22,,,N,11,
MC_BANIN_DIVULGACION_PERFIL,CONVOCATORIA_POR_FECHA,NUMBER,NUMBER(2),22,2,,Y,12,
MC_BANIN_DIVULGACION_PERFIL,ESCAMPESENA,NUMBER,NUMBER,22,,,Y,13,0
MC_BANIN_ESTADOS_ASPIRANTE,MBEA_ID,NUMBER,NUMBER,22,,,N,1,
MC_BANIN_ESTADOS_ASPIRANTE,MBEA_NOMBRE,VARCHAR2,VARCHAR2(50),50,,,N,2,
MC_BANIN_ESTADOS_ASPIRANTE,MBEA_DESCRIPCION,VARCHAR2,VARCHAR2(200),200,,,Y,3,
MC_BANIN_ESTADOS_ASPIRANTE,ACTIVO,NUMBER,NUMBER,22,,,Y,4,
MC_BANIN_FORMACION,MBF_ID,NUMBER,NUMBER,22,,,N,1,
MC_BANIN_FORMACION,MBF_NOMBRE,VARCHAR2,VARCHAR2(200),200,,,Y,2,
MC_BANIN_FORMACION,MBF_ESTADO,NUMBER,NUMBER,22,,,Y,3,
MC_BANIN_MODALIDAD_CONTRA,MBMCT_ID,NUMBER,NUMBER,22,,,N,1,
MC_BANIN_MODALIDAD_CONTRA,MBMCT_NOMBRE,VARCHAR2,VARCHAR2(200),200,,,N,2,
MC_BANIN_MODALIDAD_CONTRA,MBMCT_ESTADO,NUMBER,NUMBER,22,,,N,3,
MC_BANIN_MODALIDAD_CONTRA,MBMCT_FECHA_REGISTRO,DATE,DATE,7,,,N,4,
MC_BANIN_NIVEL_ACADEMICO,MBNA_ID,NUMBER,NUMBER,22,,,N,1,
MC_BANIN_NIVEL_ACADEMICO,MBNA_NOMBRE,VARCHAR2,VARCHAR2(200),200,,,Y,2,
MC_BANIN_NIVEL_ACADEMICO,MBNA_ESTADO,NUMBER,NUMBER,22,,,N,3,
MC_BANIN_NIVEL_EDUCACION,MBNE_ID,NUMBER,NUMBER,22,,,N,1,
MC_BANIN_NIVEL_EDUCACION,MBNE_NOMBRE,VARCHAR2,VARCHAR2(200),200,,,N,2,
MC_BANIN_NIVEL_EDUCACION,MBNE_ESTADO,NUMBER,NUMBER,22,,,N,3,
MC_BANIN_NIVEL_EDUCACION,MBNE_FECHA_REGISTRO,DATE,DATE,7,,,N,4,
MC_BANIN_PRESELECCION,MBPRE_ID,NUMBER,NUMBER,22,,,N,1,
MC_BANIN_PRESELECCION,MBPRE_FCH_REG,DATE,DATE,7,,,N,2,SYSDATE 
MC_BANIN_PRESELECCION,MBEA_ID,NUMBER,NUMBER,22,,,N,3,
MC_BANIN_PRESELECCION,MBPRE_OBS,VARCHAR2,VARCHAR2(4000),4000,,,Y,4,
MC_BANIN_PRESELECCION,MBA_ID,NUMBER,NUMBER,22,,,Y,5,
MC_BANIN_PRESELECCION,MBPRE_FCH_INI_CONTR,DATE,DATE,7,,,Y,6,
MC_BANIN_PRESELECCION,MBPRE_FCH_FIN_CONTR,DATE,DATE,7,,,Y,7,
MC_BANIN_PRESELECCION,MEC_ID,NUMBER,NUMBER,22,,,Y,8,
MC_BANIN_PRESELECCION_HIST,MBPREH_ID,NUMBER,NUMBER,22,,,N,1,
MC_BANIN_PRESELECCION_HIST,MBPREH_MBA_ID,NUMBER,NUMBER,22,,,Y,2,
MC_BANIN_PRESELECCION_HIST,MBPREH_MBEA_ID,NUMBER,NUMBER,22,,,N,3,
MC_BANIN_PRESELECCION_HIST,MBPREH_OFT_ID,NUMBER,NUMBER(9),22,9,,Y,4,
MC_BANIN_PRESELECCION_HIST,MBPREH_EMP_ID,NUMBER,NUMBER(9),22,9,,Y,5,
MC_BANIN_PRESELECCION_HIST,MBPREH_OBS,VARCHAR2,VARCHAR2(4000),4000,,,Y,6,
MC_BANIN_PRESELECCION_HIST,MBPREH_FCH_REG,DATE,DATE,7,,,N,7,
MC_BANIN_PROGRAMA,MBPR_ID,NUMBER,NUMBER(9),22,9,,N,1,
MC_BANIN_PROGRAMA,MBPR_CODIGO,NUMBER,NUMBER(9),22,9,,N,2,
MC_BANIN_PROGRAMA,MBPR_COD_VER,NUMBER,NUMBER(15),22,15,,N,3,
MC_BANIN_PROGRAMA,MBPR_NOMBRE,VARCHAR2,VARCHAR2(500),500,,,N,4,
MC_BANIN_PROGRAMA,MBPR_VERSION,NUMBER,NUMBER(9),22,9,,N,5,
MC_BANIN_PROGRAMA,MBR_ID,NUMBER,NUMBER(9),22,9,,N,6,
MC_BANIN_PROGRAMA,MBPR_FECHA_CREACION,DATE,DATE,7,,,N,7,
MC_BANIN_PROGRAMA,FUN_ID,NUMBER,NUMBER(9),22,9,,N,8,
MC_BANIN_PROGRAMA,MTNF_ID,NUMBER,NUMBER(9),22,9,,N,9,
MC_BANIN_PROGRAMA_2022,MBPR_ID,NUMBER,NUMBER,22,,,N,1,
MC_BANIN_PROGRAMA_2022,MBPR_CODIGO,VARCHAR2,VARCHAR2(50),50,,,N,2,
MC_BANIN_PROGRAMA_2022,MBPR_COD_VER,VARCHAR2,VARCHAR2(50),50,,,N,3,
MC_BANIN_PROGRAMA_2022,MBPR_NOMBRE,VARCHAR2,VARCHAR2(1000),1000,,,N,4,
MC_BANIN_PROGRAMA_2022,MBPR_VERSION,VARCHAR2,VARCHAR2(10),10,,,N,5,
MC_BANIN_PROGRAMA_2022,MBR_CODIGO,NUMBER,NUMBER,22,,,N,6,
MC_BANIN_PROGRAMA_2022,MBPR_FECHA_CREACION,DATE,DATE,7,,,N,7,
MC_BANIN_PROGRAMA_2022,FUN_ID,NUMBER,NUMBER,22,,,N,8,
MC_BANIN_PROGRAMA_2022,MTNF_ID,NUMBER,NUMBER,22,,,N,9,
MC_BANIN_PROGRAMA_2022,ESTADO,NUMBER,NUMBER(1),22,1,,Y,10,0 
MC_BANIN_PROGRAMA_2022,ES_CAMPESENA,NUMBER,NUMBER(1),22,1,,Y,11,0
MC_BANIN_PROGRAMA_COMP_LAB,MBPCL_ID,NUMBER,NUMBER(9),22,9,,N,1,
MC_BANIN_PROGRAMA_COMP_LAB,MBPR_ID,NUMBER,NUMBER(9),22,9,,N,2,
MC_BANIN_PROGRAMA_COMP_LAB,MBCL_ID,NUMBER,NUMBER(9),22,9,,N,3,
MC_BANIN_PROGRAMA_COMP_LAB,MBPCL_FECHA_CREACION,DATE,DATE,7,,,N,4,
MC_BANIN_PROGRAMA_COMP_LAB,FUN_ID,NUMBER,NUMBER(9),22,9,,N,5,
MC_BANIN_PROG_CENTRO,MBPC_ID,NUMBER,NUMBER(9),22,9,,N,1,
MC_BANIN_PROG_CENTRO,MC_ESTAB_CONV_ID,NUMBER,NUMBER(9),22,9,,N,2,
MC_BANIN_PROG_CENTRO,MBPR_ID,NUMBER,NUMBER(9),22,9,,N,3,
MC_BANIN_PROG_CENTRO,MBRC_FECHA_CREACION,DATE,DATE,7,,,N,4,
MC_BANIN_PROG_CENTRO,FUN_ID,NUMBER,NUMBER(9),22,9,,N,5,
MC_BANIN_PROG_COMP_LAB_2022,MBPCL_ID,NUMBER,NUMBER,22,,,N,1,
MC_BANIN_PROG_COMP_LAB_2022,MBPR_ID,NUMBER,NUMBER,22,,,N,2,
MC_BANIN_PROG_COMP_LAB_2022,MBCL_ID,NUMBER,NUMBER,22,,,N,3,
MC_BANIN_PROG_COMP_LAB_2022,MBPCL_FECHA_CREACION,DATE,DATE,7,,,N,4,
MC_BANIN_PROG_COMP_LAB_2022,FUN_ID,NUMBER,NUMBER,22,,,N,5,
MC_BANIN_PROG_DEMANDA,MBPD_ID,NUMBER,NUMBER(9),22,9,,N,1,
MC_BANIN_PROG_DEMANDA,DEM_ID,NUMBER,NUMBER(9),22,9,,N,2,
MC_BANIN_PROG_DEMANDA,MBPR_ID,NUMBER,NUMBER(9),22,9,,N,3,
MC_BANIN_PROG_DEMANDA,MBRC_FECHA_CREACION,DATE,DATE,7,,,N,4,
MC_BANIN_PROG_DEMANDA,FUN_ID,NUMBER,NUMBER(9),22,9,,Y,5,
MC_BANIN_PROG_DEMANDA_2022,MBPD_ID,NUMBER,NUMBER,22,,,N,1,
MC_BANIN_PROG_DEMANDA_2022,MBPD_DEM_ID,NUMBER,NUMBER,22,,,Y,2,
MC_BANIN_PROG_DEMANDA_2022,MBPD_MBPR_ID,NUMBER,NUMBER,22,,,Y,3,
MC_BANIN_PROG_DEMANDA_2022,MBPD_FECHA_REGISTRO,DATE,DATE,7,,,Y,4,
MC_BANIN_PUNTAJES,MBPJ_ID,NUMBER,NUMBER,22,,,N,1,
MC_BANIN_PUNTAJES,MBPJ_MBA_ID,NUMBER,NUMBER,22,,,N,2,
MC_BANIN_PUNTAJES,MBPJ_MBTP_CODIGO,NUMBER,NUMBER,22,,,N,3,
MC_BANIN_PUNTAJES,MBPJ_PUNTAJE,NUMBER,NUMBER,22,,,N,4,
MC_BANIN_PUNTAJES,MBPJ_FECHA_PRESENTACION,DATE,DATE,7,,,N,5,
MC_BANIN_PUNTAJES,MBPJ_OBSERVACION,VARCHAR2,VARCHAR2(4000),4000,,,Y,6,
MC_BANIN_PUNTAJES,MBPJ_FECHA_REGISTRO,DATE,DATE,7,,,N,7,
MC_BANIN_PUNTAJE_AUTO_HV,PAHV_ID,NUMBER,NUMBER,22,,,N,1,
MC_BANIN_PUNTAJE_AUTO_HV,PAHV_MBA_ID,NUMBER,NUMBER,22,,,N,2,
MC_BANIN_PUNTAJE_AUTO_HV,PAHV_CATEGORIA,VARCHAR2,VARCHAR2(50),50,,,N,3,
MC_BANIN_PUNTAJE_AUTO_HV,PAHV_PUNTAJE,VARCHAR2,VARCHAR2(20),20,,,N,4,
MC_BANIN_PUNTAJE_AUTO_HV,PAHV_VIGENCIA,NUMBER,NUMBER,22,,,N,5,
MC_BANIN_PUNTAJE_AUTO_HV,FECHA_REGISTRO,DATE,DATE,7,,,N,6,
MC_BANIN_PUNTAJE_AUTO_HV,PUNTAJE_EXP_SENA,VARCHAR2,VARCHAR2(20),20,,,Y,7,
MC_BANIN_PUNTAJE_AUTO_HV,PUNTAJE_EXP_DOCENTE,VARCHAR2,VARCHAR2(20),20,,,Y,8,
MC_BANIN_PUNTAJE_AUTO_HV,PUNTAJE_EXP_TECNICA,VARCHAR2,VARCHAR2(20),20,,,Y,9,
MC_BANIN_RED,MBR_ID,NUMBER,NUMBER(9),22,9,,N,1,
MC_BANIN_RED,MBR_CODIGO,NUMBER,NUMBER(9),22,9,,N,2,
MC_BANIN_RED,MBR_NOMBRE,VARCHAR2,VARCHAR2(50),50,,,N,3,
MC_BANIN_RED,MC_CONV_ID,NUMBER,NUMBER(9),22,9,,N,4,
MC_BANIN_RED,MBR_FECHA_CREACION,DATE,DATE,7,,,N,5,
MC_BANIN_RED,FUN_ID,NUMBER,NUMBER(9),22,9,,N,6,
MC_BANIN_RED_2022,MBR_ID,NUMBER,NUMBER,22,,,N,1,
MC_BANIN_RED_2022,MBR_CODIGO,NUMBER,NUMBER,22,,,N,2,
MC_BANIN_RED_2022,MBR_NOMBRE,VARCHAR2,VARCHAR2(200),200,,,Y,3,
MC_BANIN_RED_2022,MBR_FECHA_CREACION,DATE,DATE,7,,,N,4,
MC_BANIN_RED_2022,FUN_ID,NUMBER,NUMBER,22,,,N,5,
MC_BANIN_RED_CENTRO,MBRC_ID,NUMBER,NUMBER(9),22,9,,N,1,
MC_BANIN_RED_CENTRO,MC_ESTAB_CONV_ID,NUMBER,NUMBER(9),22,9,,N,2,
MC_BANIN_RED_CENTRO,MBR_ID,NUMBER,NUMBER(9),22,9,,N,3,
MC_BANIN_RED_CENTRO,MBRC_FECHA_CREACION,DATE,DATE,7,,,N,4,
MC_BANIN_RED_CENTRO,FUN_ID,NUMBER,NUMBER(9),22,9,,N,5,
MC_BANIN_RED_CENTRO_2022,MBRC_ID,NUMBER,NUMBER,22,,,N,1,
MC_BANIN_RED_CENTRO_2022,MBRC_MEC_ID,NUMBER,NUMBER,22,,,Y,2,
MC_BANIN_RED_CENTRO_2022,MBRC_MBR_CODIGO,NUMBER,NUMBER,22,,,Y,3,
MC_BANIN_RED_CENTRO_2022,MBRC_FECHA_REGISTRO,DATE,DATE,7,,,Y,4,
MC_BANIN_RED_CENTRO_2022,MBRC_FUN_ID,NUMBER,NUMBER,22,,,Y,5,
MC_BANIN_REGIONAL_ESPECIAL,MBRE_ID,NUMBER,NUMBER,22,,,N,1,
MC_BANIN_REGIONAL_ESPECIAL,MBRE_REG_ID,NUMBER,NUMBER,22,,,N,2,
MC_BANIN_REGIONAL_ESPECIAL,MBRE_MBTZT_ID,NUMBER,NUMBER,22,,,N,3,
MC_BANIN_REQ_CAPTURADO,ID,NUMBER,NUMBER,22,,,N,1,
MC_BANIN_REQ_CAPTURADO,MC_TIP_REQ_ID,NUMBER,NUMBER,22,,,N,2,
MC_BANIN_REQ_CAPTURADO,MC_MBA_ID,NUMBER,NUMBER,22,,,N,3,
MC_BANIN_REQ_CAPTURADO,EXP_REL,NUMBER,"NUMBER(5,2)",22,5,2,Y,4,
MC_BANIN_REQ_CAPTURADO,EXP_DOC,NUMBER,"NUMBER(5,2)",22,5,2,Y,5,
MC_BANIN_REQ_CAPTURADO,TIT_ID,NUMBER,NUMBER,22,,,Y,6,
MC_BANIN_REQ_CAPTURADO,FCH_CREACION,DATE,DATE,7,,,Y,7,SYSDATE
MC_BANIN_REQ_CAPTURADO,URL_ARCHIVO,VARCHAR2,VARCHAR2(255),255,,,N,8,
MC_BANIN_REQ_CAPTURADO,TIT_ID_APE,NUMBER,NUMBER(5),22,5,,Y,9,
MC_BANIN_REQ_CAPTURADO,NOMBRE_TIT_AP,VARCHAR2,VARCHAR2(1024),1024,,,Y,10,
MC_BANIN_REQ_CAPTURADO,MC_NBC_ID,NUMBER,NUMBER,22,,,Y,11,
MC_BANIN_REQ_CAPTURADO,MC_NVL_ACA_ID,NUMBER,NUMBER,22,,,Y,12,
MC_BANIN_REQ_CAPTURADO,IND_ID_APE,NUMBER,NUMBER(9),22,9,,Y,13,
MC_BANIN_REQ_CAPTURADO,NOM_IND_APE,VARCHAR2,VARCHAR2(200),200,,,Y,14,
MC_BANIN_REQ_CAPTURADO,ENF_ID_APE,NUMBER,NUMBER(7),22,7,,Y,15,
MC_BANIN_REQ_CAPTURADO,NOMBRE_CAP_AP,VARCHAR2,VARCHAR2(200),200,,,Y,16,
MC_BANIN_REQ_CAPTURADO,IDM_ID_APE,NUMBER,NUMBER(2),22,2,,Y,17,
MC_BANIN_REQ_CAPTURADO,CPL_ID,NUMBER,NUMBER(10),22,10,,Y,18,
MC_BANIN_REQ_CAPTURADO,CPL_DESC,VARCHAR2,VARCHAR2(1024),1024,,,Y,19,
MC_BANIN_REQ_CAPTURADO,MBF_ID,NUMBER,NUMBER,22,,,Y,20,
MC_BANIN_REQ_CAPTURADO,NOMBRE_TIPO_COMPETENCIA,VARCHAR2,VARCHAR2(255),255,,,Y,21,
MC_BANIN_REQ_CAPTURADO,ARG_ALGORITMO,VARCHAR2,VARCHAR2(255),255,,,Y,22,
MC_BANIN_REQ_CAPTURADO,OEX_FCH_INI,DATE,DATE,7,,,Y,23,
MC_BANIN_REQ_CAPTURADO,OEX_FCH_FIN,DATE,DATE,7,,,Y,24,
MC_BANIN_REQ_CAPTURADO,EDT_GRADUADO,VARCHAR2,VARCHAR2(2),2,,,Y,25,
MC_BANIN_RUBRO,MBRB_ID,NUMBER,NUMBER,22,,,N,1,
MC_BANIN_RUBRO,MBRB_PROYECTO_LEY,VARCHAR2,VARCHAR2(200),200,,,N,2,
MC_BANIN_RUBRO,MBRB_RUBRO_LEY,VARCHAR2,VARCHAR2(100),100,,,N,3,
MC_BANIN_RUBRO,MBRB_MBDP_ID,NUMBER,NUMBER,22,,,N,4,
MC_BANIN_RUBRO,MBRB_MBDPP_ID,NUMBER,NUMBER,22,,,N,5,
MC_BANIN_RUBRO,MBRB_MEC_ID,NUMBER,NUMBER,22,,,N,6,
MC_BANIN_RUBRO,MBRB_FECHA_REGISTRO,DATE,DATE,7,,,N,7,
MC_BANIN_RUBRO,MBRB_ESTADO,NUMBER,NUMBER,22,,,N,8,
MC_BANIN_TIPO_FORMACION,MBTFC_ID,NUMBER,NUMBER,22,,,N,1,
MC_BANIN_TIPO_FORMACION,MBTFC_NOMBRE,VARCHAR2,VARCHAR2(200),200,,,N,2,
MC_BANIN_TIPO_FORMACION,MBTFC_ESTADO,NUMBER,NUMBER,22,,,N,3,
MC_BANIN_TIPO_FORMACION,MBTFC_FECHA_REGISTRO,DATE,DATE,7,,,N,4,
MC_BANIN_TIPO_PUNTAJE,MBTP_ID,NUMBER,NUMBER,22,,,N,1,
MC_BANIN_TIPO_PUNTAJE,MBTP_CODIGO,NUMBER,NUMBER,22,,,N,2,
MC_BANIN_TIPO_PUNTAJE,MBTP_NOMBRE,VARCHAR2,VARCHAR2(100),100,,,N,3,
MC_BANIN_TIPO_PUNTAJE,MBTP_OBSERVACION,VARCHAR2,VARCHAR2(300),300,,,Y,4,
MC_BANIN_TIPO_PUNTAJE,FECHA_REGISTRO,DATE,DATE,7,,,N,5,
MC_BANIN_TIPO_TARIFA,MBTT_ID,NUMBER,NUMBER,22,,,N,1,
MC_BANIN_TIPO_TARIFA,MBTT_TIPO_TARIFA,VARCHAR2,VARCHAR2(10),10,,,N,2,
MC_BANIN_TIPO_TARIFA,MBTT_MBNE_ID,NUMBER,NUMBER,22,,,N,3,
MC_BANIN_TIPO_TARIFA,MBTT_MBMCT_ID,NUMBER,NUMBER,22,,,N,4,
MC_BANIN_TIPO_TARIFA,MBTT_MBTZT_ID,NUMBER,NUMBER,22,,,N,5,
MC_BANIN_TIPO_TARIFA,MBTT_VALOR_TARIFA,NUMBER,NUMBER,22,,,N,6,
MC_BANIN_TIPO_TARIFA,MBTT_FECHA_REGISTRO,DATE,DATE,7,,,N,7,
MC_BANIN_TIPO_ZONA_TARIFA,MBTZT_ID,NUMBER,NUMBER,22,,,N,1,
MC_BANIN_TIPO_ZONA_TARIFA,MBTZT_NOMBRE,VARCHAR2,VARCHAR2(200),200,,,N,2,
MC_BANIN_TIPO_ZONA_TARIFA,MBTZT_ESTADO,NUMBER,NUMBER,22,,,N,3,
MC_BANIN_TIPO_ZONA_TARIFA,MBTZT_FECHA_REGISTRO,DATE,DATE,7,,,N,4,
MC_CONVOCATORIA,ID,NUMBER,NUMBER,22,,,N,1,
MC_CONVOCATORIA,NOMBRE,VARCHAR2,VARCHAR2(200),200,,,N,2,
MC_CONVOCATORIA,FECHA_INICIO,DATE,DATE,7,,,N,3,
MC_CONVOCATORIA,FECHA_FIN,DATE,DATE,7,,,Y,4,
MC_CONVOCATORIA,ESTADO,VARCHAR2,VARCHAR2(2),2,,,N,5,
MC_CONVOCATORIA,CANT_ASPN_PRFL,NUMBER,NUMBER(2),22,2,,N,6,
MC_CONVOCATORIA,CANT_CIUD_ASPN,NUMBER,NUMBER(2),22,2,,Y,7,
MC_CONVOCATORIA,OBSERVACIONES,VARCHAR2,VARCHAR2(4000),4000,,,Y,8,
MC_CONVOCATORIA,FECHA_CREACION,DATE,DATE,7,,,N,9,SYSDATE 
MC_CONVOCATORIA,FUN_ID,NUMBER,NUMBER(5),22,5,,N,10,
MC_CONVOCATORIA,URL_AYUDA,VARCHAR2,VARCHAR2(1000),1000,,,Y,11,
MC_CONVOCATORIA,URL_BLACKBOARD,VARCHAR2,VARCHAR2(1000),1000,,,Y,12,
MC_CONVOCATORIA,BD_MBDP_ID,NUMBER,NUMBER(38),22,38,,Y,13,
MC_ESTAB_CNVCTRIA,ID,NUMBER,NUMBER,22,,,N,1,
MC_ESTAB_CNVCTRIA,MC_CONV_ID,NUMBER,NUMBER,22,,,N,2,
MC_ESTAB_CNVCTRIA,MPO_ID,NUMBER,NUMBER(9),22,9,,Y,3,
MC_ESTAB_CNVCTRIA,NOMBRE,VARCHAR2,VARCHAR2(200),200,,,N,4,
MC_ESTAB_CNVCTRIA,FCH_CREACION,DATE,DATE,7,,,N,5,SYSDATE 
MC_ESTAB_CNVCTRIA,FUN_ID,NUMBER,NUMBER(5),22,5,,N,6,
MC_ESTAB_CNVCTRIA,EMP_ID,NUMBER,NUMBER(8),22,8,,Y,7,
MC_ESTAB_CNVCTRIA,CUPO_CONTRTO,NUMBER,NUMBER(6),22,6,,Y,8,
MC_ESTADO_ASPRCN,ID,NUMBER,NUMBER(2),22,2,,N,1,
MC_ESTADO_ASPRCN,NOMBRE,VARCHAR2,VARCHAR2(100),100,,,N,2,
MC_ESTADO_ASPRCN,DESCRIPCION,VARCHAR2,VARCHAR2(100),100,,,N,3,
MC_ESTADO_PRES,MC_EST_PRE_ID,NUMBER,NUMBER,22,,,N,1,
MC_ESTADO_PRES,MC_EST_PRE_NOMBRE,VARCHAR2,VARCHAR2(50),50,,,N,2,
MC_ESTADO_PRES,MC_EST_PRE_DESCRIPCION,VARCHAR2,VARCHAR2(200),200,,,Y,3,
MC_JORNADA,ID,NUMBER,NUMBER,22,,,N,1,
MC_JORNADA,NOMBRE,VARCHAR2,VARCHAR2(200),200,,,N,2,
MC_JORNADA,FUN_ID,NUMBER,NUMBER(5),22,5,,N,3,
MC_JORNADA,FCH_CREACION,DATE,DATE,7,,,N,4,SYSDATE 
MC_MCPIO_CNVCTRIA,ID,NUMBER,NUMBER,22,,,N,1,
MC_MCPIO_CNVCTRIA,MC_CONV_ID,NUMBER,NUMBER,22,,,N,2,
MC_MCPIO_CNVCTRIA,MPO_ID,NUMBER,NUMBER(9),22,9,,N,3,
MC_MCPIO_CNVCTRIA,FCH_CREACION,DATE,DATE,7,,,N,4,
MC_MCPIO_CNVCTRIA,FUN_ID,NUMBER,NUMBER(5),22,5,,N,5,
MC_NBC,ID,NUMBER,NUMBER,22,,,N,1,
MC_NBC,NOMBRE,VARCHAR2,VARCHAR2(255),255,,,N,2,
MC_NBC,FCH_CREACION,DATE,DATE,7,,,Y,3,SYSDATE
MC_NBC,FUN_ID,NUMBER,NUMBER(5),22,5,,N,4,
MC_NBC,NOMBRE_MOSTRAR,VARCHAR2,VARCHAR2(255),255,,,N,5,
MC_NBC_TIT,ID,NUMBER,NUMBER,22,,,N,1,
MC_NBC_TIT,MC_NBC_ID,NUMBER,NUMBER,22,,,N,2,
MC_NBC_TIT,MC_TIT_ID,NUMBER,NUMBER,22,,,N,3,
MC_NBC_TIT,FCH_CREACION,DATE,DATE,7,,,Y,4,
MC_NBC_TIT,FUN_ID,NUMBER,NUMBER(5),22,5,,N,5,
MC_NVL_ACA,ID,NUMBER,NUMBER,22,,,N,1,
MC_NVL_ACA,MC_PERFIL_ID,NUMBER,NUMBER,22,,,N,2,
MC_NVL_ACA,MC_TIPO_NVL_ACA_ID,NUMBER,NUMBER(2),22,2,,N,3,
MC_NVL_ACA,FCH_CREACION,DATE,DATE,7,,,N,4,
MC_NVL_ACA,FUN_ID,NUMBER,NUMBER,22,,,N,5,
MC_NVL_ACA_NBC,ID,NUMBER,NUMBER,22,,,N,1,
MC_NVL_ACA_NBC,MC_NVL_ACA_ID,NUMBER,NUMBER,22,,,N,2,
MC_NVL_ACA_NBC,MC_NBC_ID,NUMBER,NUMBER,22,,,N,3,
MC_NVL_ACA_NBC,FECHA_CREACION,DATE,DATE,7,,,N,4,SYSDATE 
MC_NVL_ACA_NBC,FUN_ID,NUMBER,NUMBER(5),22,5,,N,5,
MC_PERFIL,ID,NUMBER,NUMBER,22,,,N,1,
MC_PERFIL,NOMBRE,VARCHAR2,VARCHAR2(300),300,,,Y,2,
MC_PERFIL,MC_CONV_ID,NUMBER,NUMBER,22,,,N,3,
MC_PERFIL,ESTADO,VARCHAR2,VARCHAR2(2),2,,,N,4,
MC_PERFIL,ES_VIRTUAL,NUMBER,NUMBER(1),22,1,,N,5,0 
MC_PERFIL,URL_ARCHIVO,VARCHAR2,VARCHAR2(255),255,,,Y,6,
MC_PERFIL,OBSERVACION,VARCHAR2,VARCHAR2(4000),4000,,,Y,7,
MC_PERFIL,FECHA_CREACION,DATE,DATE,7,,,Y,8,SYSDATE
MC_PERFIL,FUN_ID,NUMBER,NUMBER(5),22,5,,N,9,
MC_PERFIL,NOMBRE_MOSTRAR,VARCHAR2,VARCHAR2(300),300,,,N,10,
MC_PRESELECCION,MC_PRE_ID,NUMBER,NUMBER,22,,,N,1,
MC_PRESELECCION,MC_PRE_FCH_REG,DATE,DATE,7,,,N,2,SYSDATE 
MC_PRESELECCION,MC_EST_PRE_ID,NUMBER,NUMBER,22,,,N,3,
MC_PRESELECCION,OFT_ID,NUMBER,NUMBER(9),22,9,,Y,4,
MC_PRESELECCION,EMP_ID,NUMBER,NUMBER(8),22,8,,Y,5,
MC_PRESELECCION,MC_PRE_RESP,NUMBER,NUMBER(1),22,1,,Y,6,
MC_PRESELECCION,MC_PRE_OBS,VARCHAR2,VARCHAR2(4000),4000,,,Y,7,
MC_PRESELECCION,MC_ASPN_ID,NUMBER,NUMBER,22,,,Y,8,
MC_REQ_CAPTURADO,ID,NUMBER,NUMBER,22,,,N,1,
MC_REQ_CAPTURADO,MC_TIP_REQ_ID,NUMBER,NUMBER,22,,,N,2,
MC_REQ_CAPTURADO,MC_ASPN_ID,NUMBER,NUMBER,22,,,N,3,
MC_REQ_CAPTURADO,EXP_REL,NUMBER,"NUMBER(5,2)",22,5,2,Y,4,
MC_REQ_CAPTURADO,EXP_DOC,NUMBER,"NUMBER(5,2)",22,5,2,Y,5,
MC_REQ_CAPTURADO,TIT_ID,NUMBER,NUMBER,22,,,Y,6,
MC_REQ_CAPTURADO,FCH_CREACION,DATE,DATE,7,,,Y,7,SYSDATE
MC_REQ_CAPTURADO,URL_ARCHIVO,VARCHAR2,VARCHAR2(255),255,,,N,8,
MC_REQ_CAPTURADO,TIT_ID_APE,NUMBER,NUMBER(5),22,5,,Y,9,
MC_REQ_CAPTURADO,NOMBRE_TIT_AP,VARCHAR2,VARCHAR2(1024),1024,,,Y,10,
MC_REQ_CAPTURADO,MC_NBC_ID,NUMBER,NUMBER,22,,,Y,11,
MC_REQ_CAPTURADO,MC_NVL_ACA_ID,NUMBER,NUMBER,22,,,Y,12,
MC_REQ_CAPTURADO,IND_ID_APE,NUMBER,NUMBER(9),22,9,,Y,13,
MC_REQ_CAPTURADO,NOM_IND_APE,VARCHAR2,VARCHAR2(200),200,,,Y,14,
MC_REQ_CAPTURADO,ENF_ID_APE,NUMBER,NUMBER(7),22,7,,Y,15,
MC_REQ_CAPTURADO,NOMBRE_CAP_AP,VARCHAR2,VARCHAR2(200),200,,,Y,16,
MC_REQ_CAPTURADO,IDM_ID_APE,NUMBER,NUMBER(2),22,2,,Y,17,
MC_REQ_CAPTURADO,CPL_ID,NUMBER,NUMBER(10),22,10,,Y,18,
MC_REQ_CAPTURADO,CPL_DESC,VARCHAR2,VARCHAR2(1024),1024,,,Y,19,
MC_TIPO_NIV_FORMACION,MTNF_ID,NUMBER,NUMBER(9),22,9,,N,1,
MC_TIPO_NIV_FORMACION,MTNF_NOMBRE,VARCHAR2,VARCHAR2(50),50,,,N,2,
MC_TIPO_NIV_FORMACION,MTNF_FECHA_CREACION,DATE,DATE,7,,,N,3,
MC_TIPO_NIV_FORMACION,FUN_ID,NUMBER,NUMBER(9),22,9,,N,4,
MC_TIPO_NVL_ACA,ID,NUMBER,NUMBER(2),22,2,,N,1,
MC_TIPO_NVL_ACA,NOMBRE,VARCHAR2,VARCHAR2(200),200,,,N,2,
MC_TIPO_NVL_ACA,FCH_CREACION,DATE,DATE,7,,,N,3,SYSDATE 
MC_TIPO_NVL_ACA,FUN_ID,NUMBER,NUMBER(5),22,5,,N,4,
MC_TIPO_NVL_ACA,EXP_REL_MIN,NUMBER,NUMBER(2),22,2,,Y,5,
MC_TIPO_REQUISITO,ID,NUMBER,NUMBER,22,,,N,1,
MC_TIPO_REQUISITO,NOMBRE,VARCHAR2,VARCHAR2(250),250,,,N,2,
MC_TIPO_REQUISITO,MC_CONV_ID,NUMBER,NUMBER,22,,,N,3,
MC_TITULACION,ID,NUMBER,NUMBER,22,,,N,1,
MC_TITULACION,NOMBRE,VARCHAR2,VARCHAR2(250),250,,,N,2,
MC_TITULACION,FCH_CREACION,DATE,DATE,7,,,N,3,
MC_TITULACION,FUN_ID,NUMBER,NUMBER(5),22,5,,N,4,
MEDICION_CONEXIONES,SID,NUMBER,NUMBER(10),22,10,,N,1,
MEDICION_CONEXIONES,STATUS,VARCHAR2,VARCHAR2(100),100,,,N,2,
MEDICION_CONEXIONES,LOGON_TIME,DATE,DATE,7,,,N,3,
MED_BUSQUEDA_EMPLEO,MBE_ID,NUMBER,NUMBER(2),22,2,,N,1,
MED_BUSQUEDA_EMPLEO,MBE_NOMBRE,VARCHAR2,VARCHAR2(40),40,,,N,2,
META_TABLA,MTT_ID,NUMBER,NUMBER(3),22,3,,N,1,
META_TABLA,MTT_NOMBRE,VARCHAR2,VARCHAR2(35),35,,,N,2,
META_TABLA,MTT_DESCRIPCION,VARCHAR2,VARCHAR2(400),400,,,N,3,
META_TABLA,GMT_ID,NUMBER,NUMBER(2),22,2,,N,4,
METODOLOGIA,MET_ID,NUMBER,NUMBER(1),22,1,,N,1,
METODOLOGIA,MET_NOMBRE,VARCHAR2,VARCHAR2(20),20,,,N,2,
MINTRABAJO_PUNTO,REG_ID,NUMBER,NUMBER,22,,,N,1,
MINTRABAJO_PUNTO,MTP_PUNTO,VARCHAR2,VARCHAR2(20),20,,,N,2,
MINTRABAJO_SUELDO,SUE_ID,NUMBER,NUMBER(3),22,3,,N,1,
MINTRABAJO_SUELDO,MINS_ID,NUMBER,NUMBER(3),22,3,,N,2,
MINTRABAJO_SUELDO,MINS_DESCRIPCION,VARCHAR2,VARCHAR2(50),50,,,N,3,
MINTRABAJO_TIPO_DOC,TDI_ID,NUMBER,NUMBER(1),22,1,,N,1,
MINTRABAJO_TIPO_DOC,MINT_ABREVIATURA,VARCHAR2,VARCHAR2(5),5,,,N,2,
MODALIDAD,MOD_ID,NUMBER,NUMBER(4),22,4,,N,1,
MODALIDAD,MOD_NOMBRE,VARCHAR2,VARCHAR2(30),30,,,N,2,
MODALIDAD,NIA_ID,NUMBER,NUMBER(2),22,2,,N,3,
MUNICIPIO,MPO_ID,NUMBER,NUMBER(9),22,9,,N,1,
MUNICIPIO,MPO_NOMBRE,VARCHAR2,VARCHAR2(150),150,,,N,2,
MUNICIPIO,DPT_ID,NUMBER,NUMBER(7),22,7,,N,3,
MUNICIPIOS_CARACTERIZADOS,MPO_ID,NUMBER,NUMBER(9),22,9,,Y,1,
MUNICIPIOS_CARACTERIZADOS,ES_PDET,NUMBER,NUMBER(1),22,1,,Y,2,
MUNICIPIOS_CARACTERIZADOS,ES_PNIS,NUMBER,NUMBER(1),22,1,,Y,3,
MUNICIPIOS_CARACTERIZADOS,RURALIDAD,VARCHAR2,VARCHAR2(30),30,,,Y,4,
NIVEL_ACADEMICO,NIA_ID,NUMBER,NUMBER(2),22,2,,N,1,
NIVEL_ACADEMICO,NIA_NOMBRE,VARCHAR2,VARCHAR2(40),40,,,N,2,
NIVEL_ACADEMICO,NIA_ABREVIATURA,VARCHAR2,VARCHAR2(3),3,,,N,3,
NIVEL_ACADEMICO,NIA_ORDEN,NUMBER,NUMBER(2),22,2,,N,4,
NIVEL_ACADEMICO,NIV_ID,NUMBER,NUMBER(2),22,2,,N,5,
NIVEL_ACADEMICO,NIA_INI,NUMBER,NUMBER(2),22,2,,N,6,
NIVEL_ACADEMICO,NIA_FIN,NUMBER,NUMBER(2),22,2,,N,7,
NIVEL_ACADEMICO,DUR_ID,NUMBER,NUMBER(2),22,2,,N,8,
NIVEL_ACADEMICO,NIA_SNIES_MOD,NUMBER,NUMBER(2),22,2,,N,9,0 
NIVEL_ACADEMICO,NIA_CRUCE,NUMBER,NUMBER(2),22,2,,N,10,0 
NIVEL_CUALIFICACION,NIC_ID,VARCHAR2,VARCHAR2(1),1,,,N,1,
NIVEL_CUALIFICACION,NIC_DESCRIPCION,VARCHAR2,VARCHAR2(400),400,,,N,2,
NIVEL_CUALIFICACION,NIC_NOMBRE,VARCHAR2,VARCHAR2(100),100,,,N,3,
NIVEL_CUALIFICACION_NUM,NIM_ID,VARCHAR2,VARCHAR2(1),1,,,N,1,
NIVEL_CUALIFICACION_NUM,NIC_ID,VARCHAR2,VARCHAR2(1),1,,,N,2,
NIVEL_ESCOLAR,NIV_ID,NUMBER,NUMBER(2),22,2,,N,1,
NIVEL_ESCOLAR,NIV_NOMBRE,VARCHAR2,VARCHAR2(20),20,,,N,2,
OCUPACION,OCU_ID,VARCHAR2,VARCHAR2(4),4,,,N,1,
OCUPACION,OCU_NOMBRE,VARCHAR2,VARCHAR2(200),200,,,N,2,
OCUPACION,OCU_DESCRIPCION,VARCHAR2,VARCHAR2(1200),1200,,,N,3,
OCUPACION,CAO_ID,VARCHAR2,VARCHAR2(3),3,,,N,4,
OCUPACIONES_ECO_NAR,OCU_ID,VARCHAR2,VARCHAR2(4),4,,,Y,1,
OCUPACIONES_ECO_NAR,ESTADO,NUMBER,NUMBER,22,,,Y,2,
OCUPACIONES_ECO_NAR,GRUPO_CARGUE,NUMBER,NUMBER,22,,,Y,3,
OCUPACIONES_ECO_NAR,OBSERVACION_GRUPO,VARCHAR2,VARCHAR2(400),400,,,Y,4,
OCUPACION_RELACIONADA,ORE_ID,NUMBER,NUMBER(9),22,9,,N,1,
OCUPACION_RELACIONADA,OCU_ID_BASE,VARCHAR2,VARCHAR2(4),4,,,N,2,
OCUPACION_RELACIONADA,OCU_ID_RELACIONADA,VARCHAR2,VARCHAR2(4),4,,,N,3,
OCUPACION_RELACIONADA,ORE_FECHA_REGISTRO,DATE,DATE,7,,,N,4,
OCUPACION_RELACIONADA,FUN_ID,NUMBER,NUMBER(9),22,9,,Y,5,
OCUPACION_RELACIONADA,ORE_FECHA_ACTUALIZACION,DATE,DATE,7,,,Y,6,
OFERTA,OFT_ID,NUMBER,NUMBER(9),22,9,,N,1,
OFERTA,TDI_ID,NUMBER,NUMBER(1),22,1,,N,2,
OFERTA,OFT_IDENTIFICACION,NUMBER,NUMBER(20),22,20,,N,3,
OFERTA,OFT_NOMBRES,VARCHAR2,VARCHAR2(70),70,,,N,4,
OFERTA,OFT_PRIMER_APELLIDO,VARCHAR2,VARCHAR2(40),40,,,N,5,
OFERTA,OFT_SEGUNDO_APELLIDO,VARCHAR2,VARCHAR2(40),40,,,Y,6,
OFERTA,OFT_GENERO,NUMBER,NUMBER(1),22,1,,N,7,
OFERTA,OFT_FCH_NACIMIENTO,DATE,DATE,7,,,N,8,
OFERTA,ESC_ID,NUMBER,NUMBER(1),22,1,,N,9,
OFERTA,OFT_LIB_MILITAR,NUMBER,NUMBER(1),22,1,,N,10,
OFERTA,ETR_ID,NUMBER,NUMBER(1),22,1,,N,11,
OFERTA,PAI_ID,NUMBER,NUMBER(3),22,3,,N,12,
OFERTA,DPT_ID,NUMBER,NUMBER(7),22,7,,Y,13,
OFERTA,MPO_ID,NUMBER,NUMBER(9),22,9,,Y,14,
OFERTA,ZON_ID,NUMBER,NUMBER(12),22,12,,Y,15,
OFERTA,BAR_ID,NUMBER,NUMBER(6),22,6,,Y,16,
OFERTA,OFT_DIRECCION,VARCHAR2,VARCHAR2(100),100,,,N,17,
OFERTA,OFT_TEL,VARCHAR2,VARCHAR2(20),20,,,Y,18,
OFERTA,OFT_EXT_TEL,NUMBER,NUMBER(6),22,6,,Y,19,
OFERTA,OFT_TEL_ALT,VARCHAR2,VARCHAR2(20),20,,,Y,20,
OFERTA,OFT_EXT_TEL_ALT,NUMBER,NUMBER(6),22,6,,Y,21,
OFERTA,OFT_TEL_CEL,VARCHAR2,VARCHAR2(20),20,,,Y,22,
OFERTA,OFT_BEEPER,VARCHAR2,VARCHAR2(20),20,,,Y,23,
OFERTA,OFT_CORREO_E,VARCHAR2,VARCHAR2(50),50,,,Y,24,
OFERTA,OFT_TIEMPO_BUSQUEDA,NUMBER,NUMBER(4),22,4,,N,25,
OFERTA,OFT_PERSONAS_CARGO,NUMBER,NUMBER(2),22,2,,N,26,
OFERTA,PSF_ID,NUMBER,NUMBER(1),22,1,,Y,27,
OFERTA,OFT_MED_INSCRIPCION,NUMBER,NUMBER(1),22,1,,N,28,
OFERTA,OFT_AUTORIZACION,VARCHAR2,VARCHAR2(1),1,,,N,29,
OFERTA,OFT_CLAVE,NUMBER,NUMBER(10),22,10,,N,30,
OFERTA,OFT_PREGUNTA,VARCHAR2,VARCHAR2(40),40,,,N,31,
OFERTA,OFT_RESPUESTA,VARCHAR2,VARCHAR2(40),40,,,N,32,
OFERTA,OFT_SUELDO_ACEPTARIA,NUMBER,NUMBER(9),22,9,,N,33,
OFERTA,OFT_SISBEN_NIVEL,NUMBER,NUMBER(2),22,2,,Y,34,
OFERTA,OFT_SISBEN_PUNTAJE,NUMBER,NUMBER(3),22,3,,Y,35,
OFERTA,OFT_SISBEN_TIPO,NUMBER,NUMBER(1),22,1,,Y,36,
OFERTA,OFT_SISBEN_FCH_FIN,DATE,DATE,7,,,Y,37,
OFERTA,OFT_SISBEN_MPO,NUMBER,NUMBER(9),22,9,,Y,38,
OFERTA,FUN_ID,NUMBER,NUMBER(5),22,5,,Y,39,
OFERTA,CSPE_ID,NUMBER,NUMBER(7),22,7,,Y,40,
OFERTA,REG_ID,NUMBER,NUMBER(2),22,2,,N,41,
OFERTA,FUN_ID_ACTUALIZA,NUMBER,NUMBER(5),22,5,,Y,42,
OFERTA,CSPE_ID_ACTUALIZA,NUMBER,NUMBER(7),22,7,,Y,43,
OFERTA,OFT_IDENTIFICACION_MPO,NUMBER,NUMBER(9),22,9,,Y,44,
OFERTA,OFT_NACIMIENTO_MPO,NUMBER,NUMBER(9),22,9,,Y,45,
OFERTA,SUE_ID,NUMBER,NUMBER(3),22,3,,Y,46,
OFERTA,OFT_IND_TEL,NUMBER,NUMBER(5),22,5,,Y,47,
OFERTA,OFT_IND_TEL_ALT,NUMBER,NUMBER(5),22,5,,Y,48,
OFERTA,OFT_MIGRANTE,NUMBER,NUMBER(1),22,1,,Y,49,
OFERTA,OFT_ES_RURAL,NUMBER,NUMBER(1),22,1,,Y,50,
OFERTA,OFT_SOPORTE,NUMBER,NUMBER(1),22,1,,Y,51,
OFERTA,OFT_SOPORTE_URL,VARCHAR2,VARCHAR2(100),100,,,Y,52,
OFERTA,OFT_TEL_CEL_ALT,VARCHAR2,VARCHAR2(20),20,,,Y,53,
OFERTA,OFT_TARJETA_IDENTIDAD,NUMBER,NUMBER,22,,,Y,54,
OFERTA,OFT_EVENTO,NUMBER,NUMBER,22,,,Y,55,
OFERTA,OFT_SOPORTE_OCCRE,NUMBER,NUMBER(1),22,1,,Y,56,
OFERTA,OFT_OCCRE_URL,VARCHAR2,VARCHAR2(100),100,,,Y,57,
OFERTA_ANULADA,OFT_ID,NUMBER,NUMBER(9),22,9,,N,1,
OFERTA_ANULADA,TDI_ID,NUMBER,NUMBER(1),22,1,,N,2,
OFERTA_ANULADA,OFT_IDENTIFICACION,NUMBER,NUMBER(12),22,12,,N,3,
OFERTA_ANULADA,OFT_NOMBRES,VARCHAR2,VARCHAR2(70),70,,,N,4,
OFERTA_ANULADA,OFT_PRIMER_APELLIDO,VARCHAR2,VARCHAR2(40),40,,,N,5,
OFERTA_ANULADA,OFT_SEGUNDO_APELLIDO,VARCHAR2,VARCHAR2(40),40,,,Y,6,
OFERTA_ANULADA,OFT_GENERO,NUMBER,NUMBER(1),22,1,,N,7,
OFERTA_ANULADA,OFT_FCH_NACIMIENTO,DATE,DATE,7,,,N,8,
OFERTA_ANULADA,ESC_ID,NUMBER,NUMBER(1),22,1,,N,9,
OFERTA_ANULADA,OFT_LIB_MILITAR,NUMBER,NUMBER(1),22,1,,N,10,
OFERTA_ANULADA,ETR_ID,NUMBER,NUMBER(1),22,1,,N,11,
OFERTA_ANULADA,PAI_ID,NUMBER,NUMBER(3),22,3,,N,12,
OFERTA_ANULADA,DPT_ID,NUMBER,NUMBER(7),22,7,,Y,13,
OFERTA_ANULADA,MPO_ID,NUMBER,NUMBER(9),22,9,,Y,14,
OFERTA_ANULADA,ZON_ID,NUMBER,NUMBER(12),22,12,,Y,15,
OFERTA_ANULADA,BAR_ID,NUMBER,NUMBER(6),22,6,,Y,16,
OFERTA_ANULADA,OFT_DIRECCION,VARCHAR2,VARCHAR2(100),100,,,N,17,
OFERTA_ANULADA,OFT_TEL,VARCHAR2,VARCHAR2(20),20,,,N,18,
OFERTA_ANULADA,OFT_EXT_TEL,NUMBER,NUMBER(6),22,6,,Y,19,
OFERTA_ANULADA,OFT_TEL_ALT,VARCHAR2,VARCHAR2(20),20,,,Y,20,
OFERTA_ANULADA,OFT_EXT_TEL_ALT,NUMBER,NUMBER(6),22,6,,Y,21,
OFERTA_ANULADA,OFT_TEL_CEL,VARCHAR2,VARCHAR2(20),20,,,Y,22,
OFERTA_ANULADA,OFT_BEEPER,VARCHAR2,VARCHAR2(20),20,,,Y,23,
OFERTA_ANULADA,OFT_CORREO_E,VARCHAR2,VARCHAR2(50),50,,,Y,24,
OFERTA_ANULADA,OFT_TIEMPO_BUSQUEDA,NUMBER,NUMBER(4),22,4,,N,25,
OFERTA_ANULADA,OFT_PERSONAS_CARGO,NUMBER,NUMBER(2),22,2,,N,26,
OFERTA_ANULADA,PSF_ID,NUMBER,NUMBER(1),22,1,,N,27,
OFERTA_ANULADA,OFT_MED_INSCRIPCION,NUMBER,NUMBER(1),22,1,,N,28,
OFERTA_ANULADA,OFT_AUTORIZACION,VARCHAR2,VARCHAR2(1),1,,,N,29,
OFERTA_ANULADA,OFT_CLAVE,NUMBER,NUMBER(10),22,10,,N,30,
OFERTA_ANULADA,OFT_PREGUNTA,VARCHAR2,VARCHAR2(40),40,,,N,31,
OFERTA_ANULADA,OFT_RESPUESTA,VARCHAR2,VARCHAR2(40),40,,,N,32,
OFERTA_ANULADA,OFT_SUELDO_ACEPTARIA,NUMBER,NUMBER(9),22,9,,N,33,
OFERTA_ANULADA,OFT_SISBEN_NIVEL,NUMBER,NUMBER(2),22,2,,Y,34,
OFERTA_ANULADA,OFT_SISBEN_PUNTAJE,NUMBER,NUMBER(3),22,3,,Y,35,
OFERTA_ANULADA,OFT_SISBEN_TIPO,NUMBER,NUMBER(1),22,1,,Y,36,
OFERTA_ANULADA,OFT_SISBEN_FCH_FIN,DATE,DATE,7,,,Y,37,
OFERTA_ANULADA,OFT_SISBEN_MPO,NUMBER,NUMBER(9),22,9,,Y,38,
OFERTA_ANULADA,FUN_ID,NUMBER,NUMBER(5),22,5,,N,39,
OFERTA_ANULADA,CSPE_ID,NUMBER,NUMBER(7),22,7,,N,40,
OFERTA_ANULADA,REG_ID,NUMBER,NUMBER(2),22,2,,N,41,
OFERTA_ANULADA,FUN_ID_ACTUALIZA,NUMBER,NUMBER(5),22,5,,Y,42,
OFERTA_ANULADA,CSPE_ID_ACTUALIZA,NUMBER,NUMBER(7),22,7,,Y,43,
OFERTA_ANULADA,OFT_IDENTIFICACION_MPO,NUMBER,NUMBER(9),22,9,,Y,44,
OFERTA_ANULADA,OFT_NACIMIENTO_MPO,NUMBER,NUMBER(9),22,9,,Y,45,
OFERTA_CURSO,OFT_ID,NUMBER,NUMBER,22,,,N,1,
OFERTA_CURSO,OCS_FICHA_ID,NUMBER,NUMBER,22,,,N,2,
OFERTA_CURSO,OCS_FCH_INSCRIPCION,DATE,DATE,7,,,N,3,
OFERTA_CURSO,OSC_NOMBRE_PROGRAMA,VARCHAR2,VARCHAR2(255),255,,,Y,4,
OFERTA_CURSO,OSC_CODIGO_PROGRAMA,NUMBER,NUMBER,22,,,Y,5,
OFERTA_CURSO,FUN_ID,NUMBER,NUMBER(5),22,5,,Y,6,
OFERTA_CURSO,TIPO_PROGRAMA,NUMBER,NUMBER,22,,,Y,7,
OFERTA_CURSO,TIPO_FORMACION,VARCHAR2,VARCHAR2(50),50,,,Y,8,
OFERTA_CURSO,TIPO_OFERTA,VARCHAR2,VARCHAR2(50),50,,,Y,9,
OFERTA_CURSO,REGIONAL,NUMBER,NUMBER,22,,,Y,10,
OFERTA_CURSO,CENTRO,NUMBER,NUMBER,22,,,Y,11,
OFERTA_CURSO,MUNICIPIO,NUMBER,NUMBER,22,,,Y,12,
OFERTA_CURSO,JORNADA,VARCHAR2,VARCHAR2(255),255,,,Y,13,
OFERTA_CURSO,HORARIO_JORNADA,VARCHAR2,VARCHAR2(255),255,,,Y,14,
OFERTA_CURSO,OCS_ID,NUMBER,NUMBER,22,,,N,15,
OFERTA_CURSO,OCS_ESTADO,NUMBER,NUMBER,22,,,Y,16,
OFERTA_CURSO,OCS_FCH_NOVEDAD,DATE,DATE,7,,,Y,17,
OFERTA_SOFIA,OFT_ID,NUMBER,NUMBER,22,,,N,1,
OFERTA_SOFIA,NIS_ID,NUMBER,NUMBER,22,,,N,2,
OFTXMBE,OMB_ID,NUMBER,NUMBER(12),22,12,,N,1,
OFTXMBE,OFT_ID,NUMBER,NUMBER(9),22,9,,N,2,
OFTXMBE,MBE_ID,NUMBER,NUMBER(2),22,2,,N,3,
OFTXMBE,OMB_PRIORIDAD,NUMBER,NUMBER(1),22,1,,N,4,
OFTXPES,OPE_ID,NUMBER,NUMBER(12),22,12,,N,1,
OFTXPES,OFT_ID,NUMBER,NUMBER(9),22,9,,N,2,
OFTXPES,PES_ID,NUMBER,NUMBER(3),22,3,,N,3,
OFTXPES,FUN_ID,NUMBER,NUMBER(5),22,5,,Y,4,
OFTXPES,CSPE_ID,NUMBER,NUMBER(7),22,7,,Y,5,
OFTXPES,OPE_FCH_REGISTRO,DATE,DATE,7,,,N,6,
OFT_COMP_LABORAL,OCL_ID,NUMBER,NUMBER(10),22,10,,N,1,
OFT_COMP_LABORAL,CPL_ID,NUMBER,NUMBER(10),22,10,,N,2,
OFT_COMP_LABORAL,OFT_ID,NUMBER,NUMBER(9),22,9,,N,3,
OFT_COMP_LABORAL,OCL_SOPORTE_URL,VARCHAR2,VARCHAR2(100),100,,,Y,4,
OFT_CORREO_DEM,OFT_ID,NUMBER,NUMBER(9),22,9,,N,1,
OFT_CORREO_DEM,DEM_ID,NUMBER,NUMBER(10),22,10,,N,2,
OFT_CORREO_DEM,OCD_FCH_REGISTRO,DATE,DATE,7,,,N,3,
OFT_CTL_CONSULTA_CUR,OCC_ID,NUMBER,NUMBER(15),22,15,,N,1,
OFT_CTL_CONSULTA_CUR,OFT_ID,NUMBER,NUMBER(9),22,9,,N,2,
OFT_CTL_CONSULTA_CUR,CUR_ID,NUMBER,NUMBER(12),22,12,,N,3,
OFT_CTL_CONSULTA_CUR,OCC_FCH_CONSULTA,DATE,DATE,7,,,N,4,
OFT_CTL_CONSULTA_CUR,OCC_MEDIO,NUMBER,NUMBER(1),22,1,,N,5,
OFT_CTL_CONSULTA_CUR,ECN_ID,NUMBER,NUMBER(4),22,4,,Y,6,
OFT_CTL_CONSULTA_DEM,OCD_ID,NUMBER,NUMBER(15),22,15,,N,1,
OFT_CTL_CONSULTA_DEM,OFT_ID,NUMBER,NUMBER(9),22,9,,N,2,
OFT_CTL_CONSULTA_DEM,DEM_ID,NUMBER,NUMBER(10),22,10,,N,3,
OFT_CTL_CONSULTA_DEM,OCD_FCH_CONSULTA,DATE,DATE,7,,,N,4,
OFT_CTL_CONSULTA_DEM,OCD_MEDIO,NUMBER,NUMBER(1),22,1,,N,5,
OFT_CTL_CONSULTA_DEM,ECN_ID,NUMBER,NUMBER(4),22,4,,Y,6,
OFT_CTL_SOCIAL_QUEJA,OCS_ID,NUMBER,NUMBER(12),22,12,,N,1,
OFT_CTL_SOCIAL_QUEJA,OFT_ID,NUMBER,NUMBER(9),22,9,,N,2,
OFT_CTL_SOCIAL_QUEJA,OCS_IDENTIFICACION,NUMBER,NUMBER(12),22,12,,N,3,
OFT_CTL_SOCIAL_QUEJA,OCS_NOMBRES,VARCHAR2,VARCHAR2(70),70,,,N,4,
OFT_CTL_SOCIAL_QUEJA,OCS_PRI_APELLIDO,VARCHAR2,VARCHAR2(40),40,,,N,5,
OFT_CTL_SOCIAL_QUEJA,OCS_SEG_APELLIDO,VARCHAR2,VARCHAR2(40),40,,,Y,6,
OFT_CTL_SOCIAL_QUEJA,OCS_TELEFONO,VARCHAR2,VARCHAR2(20),20,,,N,7,
OFT_CTL_SOCIAL_QUEJA,OCS_CORREO_E,VARCHAR2,VARCHAR2(50),50,,,Y,8,
OFT_CTL_SOCIAL_QUEJA,DEM_ID,NUMBER,NUMBER(10),22,10,,N,9,
OFT_CTL_SOCIAL_QUEJA,OCS_TEXTO_QUEJA,VARCHAR2,VARCHAR2(2000),2000,,,N,10,
OFT_CTL_SOCIAL_QUEJA,OCS_FCH_SISTEMA,DATE,DATE,7,,,Y,11,(trunc(sysdate))
OFT_ESTUDIOS,OES_ID,NUMBER,NUMBER(12),22,12,,N,1,
OFT_ESTUDIOS,OES_ULT_GRADO,NUMBER,NUMBER(2),22,2,,Y,2,
OFT_ESTUDIOS,OES_GRADUADO,NUMBER,NUMBER(1),22,1,,Y,3,
OFT_ESTUDIOS,OES_FCH_FIN,DATE,DATE,7,,,Y,4,
OFT_ESTUDIOS,OFT_ID,NUMBER,NUMBER(9),22,9,,Y,5,
OFT_ESTUDIOS,INS_NOMBRE,VARCHAR2,VARCHAR2(200),200,,,Y,6,
OFT_ESTUDIOS,TIT_NOMBRE,VARCHAR2,VARCHAR2(200),200,,,Y,7,
OFT_ESTUDIOS,OES_SOPORTE,NUMBER,NUMBER(1),22,1,,Y,8,
OFT_ESTUDIOS,FUN_ID,NUMBER,NUMBER(5),22,5,,Y,9,
OFT_ESTUDIOS,CSPE_ID,NUMBER,NUMBER(7),22,7,,Y,10,
OFT_ESTUDIOS,OES_FCH_REGISTRO,DATE,DATE,7,,,Y,11,
OFT_ESTUDIOS,NIA_ID,NUMBER,NUMBER(2),22,2,,Y,12,
OFT_ESTUDIOS,OES_VALIDADO,NUMBER,NUMBER(1),22,1,,Y,13,
OFT_ETD_FORMAL,OEF_ID,NUMBER,NUMBER(12),22,12,,N,1,
OFT_ETD_FORMAL,OEF_ULT_GRADO,NUMBER,NUMBER(2),22,2,,N,2,
OFT_ETD_FORMAL,OEF_GRADUADO,NUMBER,NUMBER(1),22,1,,N,3,
OFT_ETD_FORMAL,OEF_FCH_FIN,DATE,DATE,7,,,Y,4,
OFT_ETD_FORMAL,OFT_ID,NUMBER,NUMBER(9),22,9,,N,5,
OFT_ETD_FORMAL,ETF_ID,NUMBER,NUMBER(7),22,7,,N,6,
OFT_ETD_FORMAL,OEF_SOPORTE,NUMBER,NUMBER(1),22,1,,N,7,
OFT_ETD_FORMAL,FUN_ID,NUMBER,NUMBER(5),22,5,,Y,8,
OFT_ETD_FORMAL,CSPE_ID,NUMBER,NUMBER(7),22,7,,Y,9,
OFT_ETD_FORMAL,OEF_FCH_REGISTRO,DATE,DATE,7,,,N,10,
OFT_ETD_FORMAL,OEF_SOPORTE_URL,VARCHAR2,VARCHAR2(100),100,,,Y,11,
OFT_ETD_FORMAL,OEF_PROFESION,VARCHAR2,VARCHAR2(100),100,,,Y,12,
OFT_ETD_FORMAL,OEF_PAIS_ID,NUMBER,NUMBER(4),22,4,,Y,13,
OFT_ETD_FORMAL_ALT,OFA_ID,NUMBER,NUMBER(10),22,10,,N,1,
OFT_ETD_FORMAL_ALT,OFA_INSTITUCION,VARCHAR2,VARCHAR2(200),200,,,N,2,
OFT_ETD_FORMAL_ALT,OFA_TITULO,VARCHAR2,VARCHAR2(200),200,,,N,3,
OFT_ETD_FORMAL_ALT,OFA_ULT_GRADO,NUMBER,NUMBER(2),22,2,,N,4,
OFT_ETD_FORMAL_ALT,OFA_GRADUADO,NUMBER,NUMBER(1),22,1,,N,5,
OFT_ETD_FORMAL_ALT,OFA_FCH_FIN,DATE,DATE,7,,,Y,6,
OFT_ETD_FORMAL_ALT,OFT_ID,NUMBER,NUMBER(9),22,9,,N,7,
OFT_ETD_FORMAL_ALT,PAI_ID,NUMBER,NUMBER(3),22,3,,N,8,
OFT_ETD_FORMAL_ALT,DPT_ID,NUMBER,NUMBER(7),22,7,,Y,9,
OFT_ETD_FORMAL_ALT,MPO_ID,NUMBER,NUMBER(9),22,9,,Y,10,
OFT_ETD_FORMAL_ALT,OFA_SOPORTE,NUMBER,NUMBER(1),22,1,,N,11,
OFT_ETD_FORMAL_ALT,FUN_ID,NUMBER,NUMBER(5),22,5,,Y,12,
OFT_ETD_FORMAL_ALT,CSPE_ID,NUMBER,NUMBER(7),22,7,,Y,13,
OFT_ETD_FORMAL_ALT,OFA_FCH_REGISTRO,DATE,DATE,7,,,N,14,
OFT_ETD_FORMAL_ALT,NIA_ID,NUMBER,NUMBER(2),22,2,,N,15,
OFT_ETD_FORMAL_ALT,OFA_SOPORTE_URL,VARCHAR2,VARCHAR2(100),100,,,Y,16,
OFT_ETD_FORMAL_ALT,OFA_PROFESION,VARCHAR2,VARCHAR2(500),500,,,Y,17,
OFT_ETD_FORMAL_ALT,OFA_PAIS_ID,NUMBER,NUMBER(4),22,4,,Y,18,
OFT_ETD_NO_FORMAL,ONF_ID,NUMBER,NUMBER(10),22,10,,N,1,
OFT_ETD_NO_FORMAL,OFT_ID,NUMBER,NUMBER(9),22,9,,N,2,
OFT_ETD_NO_FORMAL,ENF_ID,NUMBER,NUMBER(7),22,7,,N,3,
OFT_ETD_NO_FORMAL,ONF_FORMACION_SENA,NUMBER,NUMBER(1),22,1,,N,4,
OFT_ETD_NO_FORMAL,ONF_INSTITUCION,VARCHAR2,VARCHAR2(200),200,,,N,5,
OFT_ETD_NO_FORMAL,ONF_DURACION,NUMBER,NUMBER(4),22,4,,N,6,
OFT_ETD_NO_FORMAL,DUR_ID,NUMBER,NUMBER(2),22,2,,N,7,
OFT_ETD_NO_FORMAL,ONF_FCH_FIN,DATE,DATE,7,,,Y,8,
OFT_ETD_NO_FORMAL,ONF_SOPORTE,NUMBER,NUMBER(1),22,1,,N,9,
OFT_ETD_NO_FORMAL,FUN_ID,NUMBER,NUMBER(5),22,5,,Y,10,
OFT_ETD_NO_FORMAL,CSPE_ID,NUMBER,NUMBER(7),22,7,,Y,11,
OFT_ETD_NO_FORMAL,ONF_FCH_REGISTRO,DATE,DATE,7,,,N,12,
OFT_ETD_NO_FORMAL,ONF_TERMINO,NUMBER,NUMBER(1),22,1,,N,13,
OFT_ETD_NO_FORMAL,ONF_SOPORTE_URL,VARCHAR2,VARCHAR2(100),100,,,Y,14,
OFT_ETD_NO_FORMAL_ALT,ONA_ID,NUMBER,NUMBER(9),22,9,,N,1,
OFT_ETD_NO_FORMAL_ALT,OFT_ID,NUMBER,NUMBER(9),22,9,,N,2,
OFT_ETD_NO_FORMAL_ALT,ONA_TITULO,VARCHAR2,VARCHAR2(500),500,,,N,3,
OFT_ETD_NO_FORMAL_ALT,TIE_ID,NUMBER,NUMBER(2),22,2,,N,4,
OFT_ETD_NO_FORMAL_ALT,ONA_FORMACION_SENA,NUMBER,NUMBER(1),22,1,,N,5,
OFT_ETD_NO_FORMAL_ALT,ONA_INSTITUCION,VARCHAR2,VARCHAR2(200),200,,,N,6,
OFT_ETD_NO_FORMAL_ALT,ONA_DURACION,NUMBER,NUMBER(4),22,4,,N,7,
OFT_ETD_NO_FORMAL_ALT,DUR_ID,NUMBER,NUMBER(2),22,2,,N,8,
OFT_ETD_NO_FORMAL_ALT,ONA_FCH_FIN,DATE,DATE,7,,,N,9,
OFT_ETD_NO_FORMAL_ALT,ONA_SOPORTE,NUMBER,NUMBER(1),22,1,,N,10,
OFT_ETD_NO_FORMAL_ALT,FUN_ID,NUMBER,NUMBER(5),22,5,,Y,11,
OFT_ETD_NO_FORMAL_ALT,CSPE_ID,NUMBER,NUMBER(7),22,7,,Y,12,
OFT_ETD_NO_FORMAL_ALT,ONA_FCH_REGISTRO,DATE,DATE,7,,,N,13,
OFT_ETD_NO_FORMAL_ALT,ONA_TERMINO,NUMBER,NUMBER(1),22,1,,N,14,
OFT_ETD_NO_FORMAL_ALT,ONA_SOPORTE_URL,VARCHAR2,VARCHAR2(100),100,,,Y,15,
OFT_EXPERIENCIA,OEX_ID,NUMBER,NUMBER(12),22,12,,N,1,
OFT_EXPERIENCIA,OEX_NOMBRE_EMPRESA,VARCHAR2,VARCHAR2(200),200,,,N,2,
OFT_EXPERIENCIA,CIIU_ID,VARCHAR2,VARCHAR2(4),4,,,N,3,
OFT_EXPERIENCIA,OFT_ID,NUMBER,NUMBER(9),22,9,,N,4,
OFT_EXPERIENCIA,IND_ID,NUMBER,NUMBER(9),22,9,,N,5,
OFT_EXPERIENCIA,OEX_FUNCIONES_ALT,VARCHAR2,VARCHAR2(400),400,,,Y,6,
OFT_EXPERIENCIA,OEX_FCH_INI,DATE,DATE,7,,,N,7,
OFT_EXPERIENCIA,OEX_FCH_FIN,DATE,DATE,7,,,Y,8,
OFT_EXPERIENCIA,OEX_SOPORTE,NUMBER,NUMBER(1),22,1,,N,9,
OFT_EXPERIENCIA,OEX_COLOCACION_SENA,NUMBER,NUMBER(1),22,1,,N,10,
OFT_EXPERIENCIA,FUN_ID,NUMBER,NUMBER(5),22,5,,Y,11,
OFT_EXPERIENCIA,CSPE_ID,NUMBER,NUMBER(7),22,7,,Y,12,
OFT_EXPERIENCIA,OEX_FCH_REGISTRO,DATE,DATE,7,,,N,13,
OFT_EXPERIENCIA,OEX_COMPETENCIA,VARCHAR2,VARCHAR2(400),400,,,Y,14,
OFT_EXPERIENCIA,OEX_SOPORTE_URL,VARCHAR2,VARCHAR2(100),100,,,Y,15,
OFT_EXPERIENCIA,OEX_PAI_ID,NUMBER,NUMBER,22,,,Y,16,
OFT_EXPERIENCIA,OEX_DPT_ID,NUMBER,NUMBER,22,,,Y,17,
OFT_EXPERIENCIA,OEX_MPO_ID,NUMBER,NUMBER,22,,,Y,18,
OFT_EXPERIENCIA,OEX_CARGO,VARCHAR2,VARCHAR2(500),500,,,Y,19,
OFT_EXPERIENCIA,OEX_PERFIL,VARCHAR2,VARCHAR2(120),120,,,Y,20,
OFT_IDIOMA,OID_ID,NUMBER,NUMBER(8),22,8,,N,1,
OFT_IDIOMA,OFT_ID,NUMBER,NUMBER(9),22,9,,N,2,
OFT_IDIOMA,IDM_ID,NUMBER,NUMBER(2),22,2,,N,3,
OFT_IDIOMA,OID_LEE,NUMBER,NUMBER(1),22,1,,N,4,
OFT_IDIOMA,OID_HABLA,NUMBER,NUMBER(1),22,1,,N,5,
OFT_IDIOMA,OID_ESCRIBE,NUMBER,NUMBER(1),22,1,,N,6,
OFT_IDIOMA,OID_SOPORTE,NUMBER,NUMBER(1),22,1,,N,7,
OFT_IDIOMA,FUN_ID,NUMBER,NUMBER(5),22,5,,Y,8,
OFT_IDIOMA,CSPE_ID,NUMBER,NUMBER(7),22,7,,Y,9,
OFT_IDIOMA,OID_FCH_REGISTRO,DATE,DATE,7,,,N,10,
OFT_IDIOMA,OID_SOPORTE_URL,VARCHAR2,VARCHAR2(100),100,,,Y,11,
OFT_INTERES_FORMACION,OIF_ID,NUMBER,NUMBER(10),22,10,,N,1,
OFT_INTERES_FORMACION,OFT_ID,NUMBER,NUMBER(9),22,9,,N,2,
OFT_INTERES_FORMACION,ENF_ID,NUMBER,NUMBER(7),22,7,,Y,3,
OFT_INTERES_FORMACION,OIF_NOMBRE,VARCHAR2,VARCHAR2(100),100,,,Y,4,
OFT_INTERES_FORMACION,OIF_HERRAMIENTAS,VARCHAR2,VARCHAR2(500),500,,,Y,5,
OFT_INTERES_FORMACION,OIF_TECNOLOGIAS,VARCHAR2,VARCHAR2(500),500,,,Y,6,
OFT_INTERES_FORMACION,OIF_JORNADA,VARCHAR2,VARCHAR2(10),10,,,N,7,
OFT_INTERES_FORMACION,OIF_MODALIDAD,VARCHAR2,VARCHAR2(15),15,,,N,8,
OFT_INTERES_FORMACION,OIF_FCH_REGISTRO,DATE,DATE,7,,,N,9,
OFT_LICENCIA,OLI_ID,NUMBER,NUMBER(10),22,10,,N,1,
OFT_LICENCIA,OFT_ID,NUMBER,NUMBER(9),22,9,,N,2,
OFT_LICENCIA,LIC_ID,NUMBER,NUMBER(1),22,1,,N,3,
OFT_MIGRACION,OMG_INT_MIGRAR,NUMBER,NUMBER(1),22,1,,Y,1,
OFT_MIGRACION,OMG_DEST_MIGRACION,NUMBER,NUMBER(3),22,3,,Y,2,
OFT_MIGRACION,OMG_MOT_MIGRAR,VARCHAR2,VARCHAR2(1000),1000,,,Y,3,
OFT_MIGRACION,OMG_TIME_MIGRAR,NUMBER,NUMBER(5),22,5,,Y,4,
OFT_MIGRACION,OMG_MIGRAR_DEF,NUMBER,NUMBER(1),22,1,,Y,5,
OFT_MIGRACION,OMG_INT_REG_PAIS,NUMBER,NUMBER(1),22,1,,Y,6,
OFT_MIGRACION,OMG_TIME_REG_PAIS,NUMBER,NUMBER(5),22,5,,Y,7,
OFT_MIGRACION,OMG_PAD_EMI_COL,NUMBER,NUMBER(1),22,1,,Y,8,
OFT_MIGRACION,OMG_VIV_EXT,NUMBER,NUMBER(1),22,1,,Y,9,
OFT_MIGRACION,OMG_MOT_REG_COL,VARCHAR2,VARCHAR2(1000),1000,,,Y,10,
OFT_MIGRACION,OMG_ACT_PRI_EXT,VARCHAR2,VARCHAR2(1000),1000,,,Y,11,
OFT_MIGRACION,OMG_ACT_PRI_COL,VARCHAR2,VARCHAR2(1000),1000,,,Y,12,
OFT_MIGRACION,OMG_INT_EMIGRAR,NUMBER,NUMBER(1),22,1,,Y,13,
OFT_MIGRACION,OMG_MOTP_VIV_EXT,NUMBER,NUMBER(1),22,1,,Y,14,
OFT_MIGRACION,OMG_MOTP_VIV_COL,NUMBER,NUMBER(1),22,1,,Y,15,
OFT_MIGRACION,OMG_MOTP_INM_COL,NUMBER,NUMBER(1),22,1,,Y,16,
OFT_MIGRACION,OMG_ACT_PRINCIPAL,NUMBER,NUMBER(1),22,1,,Y,17,
OFT_MIGRACION,OMG_ACTP_COL_VIV_EXT,NUMBER,NUMBER(1),22,1,,Y,18,
OFT_MIGRACION,OMG_ACTP_EXT_VIV_COL,NUMBER,NUMBER(1),22,1,,Y,19,
OFT_MIGRACION,OFT_ID,NUMBER,NUMBER(9),22,9,,N,20,
OFT_MIGRACION,OMG_PAIS_RES_EXT,NUMBER,NUMBER(3),22,3,,Y,21,
OFT_MIGRACION,OMG_DEPT_RES_EXT,NUMBER,NUMBER(7),22,7,,Y,22,
OFT_MIGRACION,OMG_MUN_RES_EXT,NUMBER,NUMBER(9),22,9,,Y,23,
OFT_MIGRACION,OMG_VIVE_EN_EXT,NUMBER,NUMBER(1),22,1,,Y,24,
OFT_MIGRACION,OMG_ES_COLOMBIANO,NUMBER,NUMBER(1),22,1,,Y,25,
OFT_MIGRACION,OMG_PAIS_NAC_EXT,NUMBER,NUMBER(3),22,3,,Y,26,
OFT_MIGRACION,OMG_DEPT_NAC_EXT,NUMBER,NUMBER(7),22,7,,Y,27,
OFT_MIGRACION,OMG_MUN_NAC_EXT,NUMBER,NUMBER(9),22,9,,Y,28,
OFT_MIGRACION,OMG_PAIS_RET,NUMBER,NUMBER(3),22,3,,Y,29,
OFT_MIGRACION,OMG_DEPT_RET,NUMBER,NUMBER(7),22,7,,Y,30,
OFT_MIGRACION,OMG_MUN_RET,NUMBER,NUMBER(9),22,9,,Y,31,
OFT_MIGRACION,OMG_PAIS_NAC_NO_EMIG,NUMBER,NUMBER(3),22,3,,Y,32,
OFT_MIGRACION,OMG_DEPT_NAC_NO_EMIG,NUMBER,NUMBER(7),22,7,,Y,33,
OFT_MIGRACION,OMG_MUN_NAC_NO_EMIG,NUMBER,NUMBER(9),22,9,,Y,34,
OFT_MIGRACION,OMG_PAIS_RES_BEF,NUMBER,NUMBER(3),22,3,,Y,35,
OFT_MIGRACION,OMG_DEPT_RES_BEF,NUMBER,NUMBER(7),22,7,,Y,36,
OFT_MIGRACION,OMG_MUN_RES_BEF,NUMBER,NUMBER(9),22,9,,Y,37,
OFT_MIGRACION,OMG_PAIS_INT_REG,NUMBER,NUMBER(3),22,3,,Y,38,
OFT_MIGRACION,OMG_DEPT_INT_REG,NUMBER,NUMBER(7),22,7,,Y,39,
OFT_MIGRACION,OMG_MUN_INT_REG,NUMBER,NUMBER(9),22,9,,Y,40,
OFT_MIGRACION,OMG_FCH_SAL_PRIM_VEZ,DATE,DATE,7,,,Y,41,
OFT_MIGRACION,OMG_MOTV_VIVIR_EXT_RET,VARCHAR2,VARCHAR2(1000),1000,,,Y,42,
OFT_MIGRACION,OMG_FCH_REG_COL,DATE,DATE,7,,,Y,43,
OFT_MIGRACION,OMG_PAIS_EMIG_NUEVO,NUMBER,NUMBER(3),22,3,,Y,44,
OFT_MIGRACION,OMG_DEPT_EMIG_NUEVO,NUMBER,NUMBER(7),22,7,,Y,45,
OFT_MIGRACION,OMG_MUN_EMIG_NUEVO,NUMBER,NUMBER(9),22,9,,Y,46,
OFT_MIGRACION,OMG_ACT_PRIN_ACT,NUMBER,NUMBER(3),22,3,,Y,47,
OFT_MIGRACION,OMG_DEST_MIGRACION_DEPT,NUMBER,NUMBER(7),22,7,,Y,48,
OFT_MIGRACION,OMG_DEST_MIGRACION_MUN,NUMBER,NUMBER(9),22,9,,Y,49,
OFT_MIGRACION,OMG_MOT_MIGRAR_OTRO,VARCHAR2,VARCHAR2(1000),1000,,,Y,50,
OFT_MIGRACION,OMG_MOTP_VIV_EXT_OTRO,VARCHAR2,VARCHAR2(1000),1000,,,Y,51,
OFT_MIGRACION,OMG_ACTP_EXT_VIV_COL_OTRO,VARCHAR2,VARCHAR2(1000),1000,,,Y,52,
OFT_MIGRACION,OMG_ACTP_EXT_VIV_COL_TRABAJO,VARCHAR2,VARCHAR2(1000),1000,,,Y,53,
OFT_MIGRACION,OMG_ACT_PRIN_ACT_OTRO,VARCHAR2,VARCHAR2(1000),1000,,,Y,54,
OFT_MIGRACION,OMG_MOTV_VIVIR_EXT_RET_OTRO,VARCHAR2,VARCHAR2(1000),1000,,,Y,55,
OFT_MIGRACION,OMG_DONDE_HA_VIVIDO_PAIS,NUMBER,NUMBER(3),22,3,,Y,56,
OFT_MIGRACION,OMG_DONDE_HA_VIVIDO_DEPT,NUMBER,NUMBER(7),22,7,,Y,57,
OFT_MIGRACION,OMG_DONDE_HA_VIVIDO_MUN,NUMBER,NUMBER(9),22,9,,Y,58,
OFT_MIGRACION,OMG_DONDE_HA_VIVIDO2_PAIS,NUMBER,NUMBER(3),22,3,,Y,59,
OFT_MIGRACION,OMG_DONDE_HA_VIVIDO2_DEPT,NUMBER,NUMBER(7),22,7,,Y,60,
OFT_MIGRACION,OMG_DONDE_HA_VIVIDO2_MUN,NUMBER,NUMBER(9),22,9,,Y,61,
OFT_MIGRACION,OMG_DONDE_HA_VIVIDO_ENTRADA,NUMBER,NUMBER(4),22,4,,Y,62,
OFT_MIGRACION,OMG_DONDE_HA_VIVIDO_SALIDA,NUMBER,NUMBER(4),22,4,,Y,63,
OFT_MIGRACION,OMG_DONDE_HA_VIVIDO2_ENTRADA,NUMBER,NUMBER(4),22,4,,Y,64,
OFT_MIGRACION,OMG_DONDE_HA_VIVIDO2_SALIDA,NUMBER,NUMBER(4),22,4,,Y,65,
OFT_MIGRACION,OMG_MOTP_VIV_COL_OTRO,VARCHAR2,VARCHAR2(1000),1000,,,Y,66,
OFT_MIGRACION,OMG_TIENE_PEP,NUMBER,NUMBER(1),22,1,,Y,67,
OFT_MIGRACION,OMG_PEP,VARCHAR2,VARCHAR2(32),32,,,Y,68,
OFT_NOTAS_PERFIL,OFT_ID,NUMBER,NUMBER(9),22,9,,N,1,
OFT_NOTAS_PERFIL,ONP_DESCRIPCION,VARCHAR2,VARCHAR2(500),500,,,Y,2,
OFT_NOTAS_PERFIL,OFT_LOGROS,VARCHAR2,VARCHAR2(500),500,,,Y,3,
OFT_ORIENTACION,OOR_ID,NUMBER,NUMBER(10),22,10,,N,1,
OFT_ORIENTACION,OFT_ID,NUMBER,NUMBER(9),22,9,,N,2,
OFT_ORIENTACION,OOR_DESCRIPCION,VARCHAR2,VARCHAR2(300),300,,,N,3,
OFT_ORIENTACION,OOR_FCH_EJECUCION,DATE,DATE,7,,,N,4,
OFT_ORIENTACION,OOR_FCH_REGISTRO,DATE,DATE,7,,,N,5,
OFT_ORIENTACION,FUN_ID,NUMBER,NUMBER(5),22,5,,N,6,
OFT_ORIENTACION,CSPE_ID,NUMBER,NUMBER(7),22,7,,N,7,
OFT_PASANTIA,OPA_ID,NUMBER,NUMBER(12),22,12,,N,1,
OFT_PASANTIA,OPA_NOMBRE_EMPRESA,VARCHAR2,VARCHAR2(200),200,,,N,2,
OFT_PASANTIA,CIIU_ID,VARCHAR2,VARCHAR2(4),4,,,N,3,
OFT_PASANTIA,OFT_ID,NUMBER,NUMBER(9),22,9,,N,4,
OFT_PASANTIA,IND_ID,NUMBER,NUMBER(9),22,9,,N,5,
OFT_PASANTIA,OPA_FUNCIONES_ALT,VARCHAR2,VARCHAR2(400),400,,,Y,6,
OFT_PASANTIA,OPA_FCH_INI,DATE,DATE,7,,,N,7,
OFT_PASANTIA,OPA_FCH_FIN,DATE,DATE,7,,,Y,8,
OFT_PASANTIA,OPA_SOPORTE,NUMBER,NUMBER(1),22,1,,N,9,
OFT_PASANTIA,OPA_COLOCACION_SENA,NUMBER,NUMBER(1),22,1,,N,10,
OFT_PASANTIA,FUN_ID,NUMBER,NUMBER(5),22,5,,Y,11,
OFT_PASANTIA,CSPE_ID,NUMBER,NUMBER(7),22,7,,Y,12,
OFT_PASANTIA,OPA_FCH_REGISTRO,DATE,DATE,7,,,N,13,
OFT_PASANTIA,OPA_COMPETENCIA,VARCHAR2,VARCHAR2(400),400,,,Y,14,
OFT_PASANTIA,OPA_SOPORTE_URL,VARCHAR2,VARCHAR2(100),100,,,Y,15,
OFT_PREFERENCIA_OCUP,OPO_ID,NUMBER,NUMBER(15),22,15,,N,1,
OFT_PREFERENCIA_OCUP,OFT_ID,NUMBER,NUMBER(9),22,9,,N,2,
OFT_PREFERENCIA_OCUP,OPO_PRIORIDAD,NUMBER,NUMBER(3),22,3,,N,3,
OFT_PREFERENCIA_OCUP,FUN_ID,NUMBER,NUMBER(5),22,5,,Y,4,
OFT_PREFERENCIA_OCUP,CSPE_ID,NUMBER,NUMBER(7),22,7,,Y,5,
OFT_PREFERENCIA_OCUP,OPO_FCH_REGISTRO,DATE,DATE,7,,,N,6,
OFT_PREFERENCIA_OCUP,IND_ID,NUMBER,NUMBER(9),22,9,,N,7,
OFT_TALLER,OTA_ID,NUMBER,NUMBER(15),22,15,,N,1,
OFT_TALLER,ETA_ID,NUMBER,NUMBER(12),22,12,,N,2,
OFT_TALLER,OFT_ID,NUMBER,NUMBER(9),22,9,,N,3,
OFT_VEHICULO,OVH_ID,NUMBER,NUMBER(12),22,12,,N,1,
OFT_VEHICULO,OFT_ID,NUMBER,NUMBER(9),22,9,,N,2,
OFT_VEHICULO,VEH_ID,NUMBER,NUMBER(2),22,2,,N,3,
ORIENTACION_PROFESIONAL,ORI_ID,NUMBER,NUMBER(9),22,9,,N,1,
ORIENTACION_PROFESIONAL,TORI_ID,NUMBER,NUMBER(2),22,2,,N,2,
ORIENTACION_PROFESIONAL,OFT_ID,NUMBER,NUMBER(9),22,9,,N,3,
ORIENTACION_PROFESIONAL,ORI_DESCRIPCION,VARCHAR2,VARCHAR2(200),200,,,Y,4,
ORIENTACION_PROFESIONAL,ORI_FCH_REGISTRO,DATE,DATE,7,,,N,5,
ORIENTACION_PROFESIONAL,FUN_ID,NUMBER,NUMBER(5),22,5,,N,6,
ORIENTACION_PROFESIONAL,CSPE_ID,NUMBER,NUMBER(7),22,7,,N,7,
ORIENTACION_PROFESIONAL,REG_ID,NUMBER,NUMBER(2),22,2,,N,8,
ORIENTADOS_201901,OFT_ID,NUMBER,NUMBER(10),22,10,,Y,1,
ORIENTADOS_201901,TIPO_IDENTIFICACION,VARCHAR2,VARCHAR2(4),4,,,Y,2,
ORIENTADOS_201901,IDENTIFICACION,VARCHAR2,VARCHAR2(20),20,,,Y,3,
ORIENTADOS_201901,USUARIO,VARCHAR2,VARCHAR2(80),80,,,Y,4,
ORIENTADOS_201901,GENERO,VARCHAR2,VARCHAR2(20),20,,,Y,5,
ORIENTADOS_201901,PAI_ID,NUMBER,NUMBER(4),22,4,,Y,6,
ORIENTADOS_201901,DEPARTAMENTO,VARCHAR2,VARCHAR2(40),40,,,Y,7,
ORIENTADOS_201901,MUNICIPIO,VARCHAR2,VARCHAR2(40),40,,,Y,8,
ORIENTADOS_201901,FECHA_PRIMERA_ORIENTACION,VARCHAR2,VARCHAR2(20),20,,,Y,9,
ORIENTADOS_201902,OFT_ID,NUMBER,NUMBER(10),22,10,,Y,1,
ORIENTADOS_201902,TIPO_IDENTIFICACION,VARCHAR2,VARCHAR2(4),4,,,Y,2,
ORIENTADOS_201902,IDENTIFICACION,VARCHAR2,VARCHAR2(20),20,,,Y,3,
ORIENTADOS_201902,USUARIO,VARCHAR2,VARCHAR2(80),80,,,Y,4,
ORIENTADOS_201902,GENERO,VARCHAR2,VARCHAR2(20),20,,,Y,5,
ORIENTADOS_201902,PAI_ID,NUMBER,NUMBER(4),22,4,,Y,6,
ORIENTADOS_201902,DEPARTAMENTO,VARCHAR2,VARCHAR2(40),40,,,Y,7,
ORIENTADOS_201902,MUNICIPIO,VARCHAR2,VARCHAR2(40),40,,,Y,8,
ORIENTADOS_201902,FECHA_PRIMERA_ORIENTACION,VARCHAR2,VARCHAR2(20),20,,,Y,9,
ORIENTADOS_201903,OFT_ID,NUMBER,NUMBER(10),22,10,,Y,1,
ORIENTADOS_201903,TIPO_IDENTIFICACION,VARCHAR2,VARCHAR2(4),4,,,Y,2,
ORIENTADOS_201903,IDENTIFICACION,VARCHAR2,VARCHAR2(20),20,,,Y,3,
ORIENTADOS_201903,USUARIO,VARCHAR2,VARCHAR2(80),80,,,Y,4,
ORIENTADOS_201903,GENERO,VARCHAR2,VARCHAR2(20),20,,,Y,5,
ORIENTADOS_201903,PAI_ID,NUMBER,NUMBER(4),22,4,,Y,6,
ORIENTADOS_201903,DEPARTAMENTO,VARCHAR2,VARCHAR2(40),40,,,Y,7,
ORIENTADOS_201903,MUNICIPIO,VARCHAR2,VARCHAR2(40),40,,,Y,8,
ORIENTADOS_201903,FECHA_PRIMERA_ORIENTACION,VARCHAR2,VARCHAR2(20),20,,,Y,9,
ORIENTADOS_201904,OFT_ID,NUMBER,NUMBER(10),22,10,,Y,1,
ORIENTADOS_201904,TIPO_IDENTIFICACION,VARCHAR2,VARCHAR2(4),4,,,Y,2,
ORIENTADOS_201904,IDENTIFICACION,VARCHAR2,VARCHAR2(20),20,,,Y,3,
ORIENTADOS_201904,USUARIO,VARCHAR2,VARCHAR2(80),80,,,Y,4,
ORIENTADOS_201904,GENERO,VARCHAR2,VARCHAR2(20),20,,,Y,5,
ORIENTADOS_201904,PAI_ID,NUMBER,NUMBER(4),22,4,,Y,6,
ORIENTADOS_201904,DEPARTAMENTO,VARCHAR2,VARCHAR2(40),40,,,Y,7,
ORIENTADOS_201904,MUNICIPIO,VARCHAR2,VARCHAR2(40),40,,,Y,8,
ORIENTADOS_201904,FECHA_PRIMERA_ORIENTACION,VARCHAR2,VARCHAR2(20),20,,,Y,9,
ORIENTADOS_201905,OFT_ID,NUMBER,NUMBER(10),22,10,,Y,1,
ORIENTADOS_201905,TIPO_IDENTIFICACION,VARCHAR2,VARCHAR2(4),4,,,Y,2,
ORIENTADOS_201905,IDENTIFICACION,VARCHAR2,VARCHAR2(20),20,,,Y,3,
ORIENTADOS_201905,USUARIO,VARCHAR2,VARCHAR2(80),80,,,Y,4,
ORIENTADOS_201905,GENERO,VARCHAR2,VARCHAR2(20),20,,,Y,5,
ORIENTADOS_201905,PAI_ID,NUMBER,NUMBER(4),22,4,,Y,6,
ORIENTADOS_201905,DEPARTAMENTO,VARCHAR2,VARCHAR2(40),40,,,Y,7,
ORIENTADOS_201905,MUNICIPIO,VARCHAR2,VARCHAR2(40),40,,,Y,8,
ORIENTADOS_201905,FECHA_PRIMERA_ORIENTACION,VARCHAR2,VARCHAR2(20),20,,,Y,9,
ORIENTADOS_201906,OFT_ID,NUMBER,NUMBER(10),22,10,,Y,1,
ORIENTADOS_201906,TIPO_IDENTIFICACION,VARCHAR2,VARCHAR2(4),4,,,Y,2,
ORIENTADOS_201906,IDENTIFICACION,VARCHAR2,VARCHAR2(20),20,,,Y,3,
ORIENTADOS_201906,USUARIO,VARCHAR2,VARCHAR2(80),80,,,Y,4,
ORIENTADOS_201906,GENERO,VARCHAR2,VARCHAR2(20),20,,,Y,5,
ORIENTADOS_201906,PAI_ID,NUMBER,NUMBER(4),22,4,,Y,6,
ORIENTADOS_201906,DEPARTAMENTO,VARCHAR2,VARCHAR2(40),40,,,Y,7,
ORIENTADOS_201906,MUNICIPIO,VARCHAR2,VARCHAR2(40),40,,,Y,8,
ORIENTADOS_201906,FECHA_PRIMERA_ORIENTACION,VARCHAR2,VARCHAR2(20),20,,,Y,9,
ORIENTADOS_201907,OFT_ID,NUMBER,NUMBER(10),22,10,,Y,1,
ORIENTADOS_201907,TIPO_IDENTIFICACION,VARCHAR2,VARCHAR2(4),4,,,Y,2,
ORIENTADOS_201907,IDENTIFICACION,VARCHAR2,VARCHAR2(20),20,,,Y,3,
ORIENTADOS_201907,USUARIO,VARCHAR2,VARCHAR2(80),80,,,Y,4,
ORIENTADOS_201907,GENERO,VARCHAR2,VARCHAR2(20),20,,,Y,5,
ORIENTADOS_201907,PAI_ID,NUMBER,NUMBER(4),22,4,,Y,6,
ORIENTADOS_201907,DEPARTAMENTO,VARCHAR2,VARCHAR2(40),40,,,Y,7,
ORIENTADOS_201907,MUNICIPIO,VARCHAR2,VARCHAR2(40),40,,,Y,8,
ORIENTADOS_201907,FECHA_PRIMERA_ORIENTACION,VARCHAR2,VARCHAR2(20),20,,,Y,9,
ORIENTADOS_201908,OFT_ID,NUMBER,NUMBER(10),22,10,,Y,1,
ORIENTADOS_201908,TIPO_IDENTIFICACION,VARCHAR2,VARCHAR2(4),4,,,Y,2,
ORIENTADOS_201908,IDENTIFICACION,VARCHAR2,VARCHAR2(20),20,,,Y,3,
ORIENTADOS_201908,USUARIO,VARCHAR2,VARCHAR2(80),80,,,Y,4,
ORIENTADOS_201908,GENERO,VARCHAR2,VARCHAR2(20),20,,,Y,5,
ORIENTADOS_201908,PAI_ID,NUMBER,NUMBER(4),22,4,,Y,6,
ORIENTADOS_201908,DEPARTAMENTO,VARCHAR2,VARCHAR2(60),60,,,Y,7,
ORIENTADOS_201908,MUNICIPIO,VARCHAR2,VARCHAR2(60),60,,,Y,8,
ORIENTADOS_201908,FECHA_PRIMERA_ORIENTACION,VARCHAR2,VARCHAR2(20),20,,,Y,9,
ORIENTADOS_201909,OFT_ID,NUMBER,NUMBER(10),22,10,,Y,1,
ORIENTADOS_201909,TIPO_IDENTIFICACION,VARCHAR2,VARCHAR2(4),4,,,Y,2,
ORIENTADOS_201909,IDENTIFICACION,VARCHAR2,VARCHAR2(20),20,,,Y,3,
ORIENTADOS_201909,USUARIO,VARCHAR2,VARCHAR2(80),80,,,Y,4,
ORIENTADOS_201909,GENERO,VARCHAR2,VARCHAR2(20),20,,,Y,5,
ORIENTADOS_201909,PAI_ID,NUMBER,NUMBER(4),22,4,,Y,6,
ORIENTADOS_201909,DEPARTAMENTO,VARCHAR2,VARCHAR2(60),60,,,Y,7,
ORIENTADOS_201909,MUNICIPIO,VARCHAR2,VARCHAR2(60),60,,,Y,8,
ORIENTADOS_201909,FECHA_PRIMERA_ORIENTACION,VARCHAR2,VARCHAR2(20),20,,,Y,9,
ORIENTADOS_201910,OFT_ID,NUMBER,NUMBER(10),22,10,,Y,1,
ORIENTADOS_201910,TIPO_IDENTIFICACION,VARCHAR2,VARCHAR2(4),4,,,Y,2,
ORIENTADOS_201910,IDENTIFICACION,VARCHAR2,VARCHAR2(20),20,,,Y,3,
ORIENTADOS_201910,USUARIO,VARCHAR2,VARCHAR2(80),80,,,Y,4,
ORIENTADOS_201910,GENERO,VARCHAR2,VARCHAR2(20),20,,,Y,5,
ORIENTADOS_201910,PAI_ID,NUMBER,NUMBER(4),22,4,,Y,6,
ORIENTADOS_201910,DEPARTAMENTO,VARCHAR2,VARCHAR2(60),60,,,Y,7,
ORIENTADOS_201910,MUNICIPIO,VARCHAR2,VARCHAR2(60),60,,,Y,8,
ORIENTADOS_201910,FECHA_PRIMERA_ORIENTACION,VARCHAR2,VARCHAR2(20),20,,,Y,9,
ORIENTADOS_201911,OFT_ID,NUMBER,NUMBER(10),22,10,,Y,1,
ORIENTADOS_201911,TIPO_IDENTIFICACION,VARCHAR2,VARCHAR2(4),4,,,Y,2,
ORIENTADOS_201911,IDENTIFICACION,VARCHAR2,VARCHAR2(20),20,,,Y,3,
ORIENTADOS_201911,USUARIO,VARCHAR2,VARCHAR2(80),80,,,Y,4,
ORIENTADOS_201911,GENERO,VARCHAR2,VARCHAR2(20),20,,,Y,5,
ORIENTADOS_201911,PAI_ID,NUMBER,NUMBER(4),22,4,,Y,6,
ORIENTADOS_201911,DEPARTAMENTO,VARCHAR2,VARCHAR2(60),60,,,Y,7,
ORIENTADOS_201911,MUNICIPIO,VARCHAR2,VARCHAR2(60),60,,,Y,8,
ORIENTADOS_201911,FECHA_PRIMERA_ORIENTACION,VARCHAR2,VARCHAR2(20),20,,,Y,9,
ORIENTADOS_201912,OFT_ID,NUMBER,NUMBER(10),22,10,,Y,1,
ORIENTADOS_201912,TIPO_IDENTIFICACION,VARCHAR2,VARCHAR2(4),4,,,Y,2,
ORIENTADOS_201912,IDENTIFICACION,VARCHAR2,VARCHAR2(20),20,,,Y,3,
ORIENTADOS_201912,USUARIO,VARCHAR2,VARCHAR2(80),80,,,Y,4,
ORIENTADOS_201912,GENERO,VARCHAR2,VARCHAR2(20),20,,,Y,5,
ORIENTADOS_201912,PAI_ID,NUMBER,NUMBER(4),22,4,,Y,6,
ORIENTADOS_201912,DEPARTAMENTO,VARCHAR2,VARCHAR2(60),60,,,Y,7,
ORIENTADOS_201912,MUNICIPIO,VARCHAR2,VARCHAR2(60),60,,,Y,8,
ORIENTADOS_201912,FECHA_PRIMERA_ORIENTACION,VARCHAR2,VARCHAR2(20),20,,,Y,9,
ORIENTADOS_202001,OFT_ID,NUMBER,NUMBER(10),22,10,,Y,1,
ORIENTADOS_202001,TIPO_IDENTIFICACION,VARCHAR2,VARCHAR2(4),4,,,Y,2,
ORIENTADOS_202001,IDENTIFICACION,VARCHAR2,VARCHAR2(20),20,,,Y,3,
ORIENTADOS_202001,USUARIO,VARCHAR2,VARCHAR2(80),80,,,Y,4,
ORIENTADOS_202001,GENERO,VARCHAR2,VARCHAR2(20),20,,,Y,5,
ORIENTADOS_202001,PAI_ID,NUMBER,NUMBER(4),22,4,,Y,6,
ORIENTADOS_202001,DEPARTAMENTO,VARCHAR2,VARCHAR2(60),60,,,Y,7,
ORIENTADOS_202001,MUNICIPIO,VARCHAR2,VARCHAR2(60),60,,,Y,8,
ORIENTADOS_202001,FECHA_PRIMERA_ORIENTACION,VARCHAR2,VARCHAR2(20),20,,,Y,9,
ORIGEN,ORG_ID,NUMBER,NUMBER(2),22,2,,N,1,
ORIGEN,ORG_NOMBRE,VARCHAR2,VARCHAR2(50),50,,,N,2,
PAIS,PAI_ID,NUMBER,NUMBER(3),22,3,,N,1,
PAIS,PAI_NOMBRE,VARCHAR2,VARCHAR2(50),50,,,N,2,
PAIS,PAI_SIGLA,VARCHAR2,VARCHAR2(2),2,,,N,3,
PARAMETRO,PAR_ID,NUMBER,NUMBER(3),22,3,,N,1,
PARAMETRO,PAR_NOMBRE,VARCHAR2,VARCHAR2(100),100,,,N,2,
PARAMETRO,PAR_VALOR,VARCHAR2,VARCHAR2(3000),3000,,,N,3,
PARAMETROS,PAR_ID,NUMBER,NUMBER(3),22,3,,N,1,
PARAMETROS,PAR_NOMBRE,VARCHAR2,VARCHAR2(100),100,,,N,2,
PARAMETROS,PAR_DESCRIPCION,VARCHAR2,VARCHAR2(200),200,,,N,3,
PARAMETROS,PAR_VALOR,VARCHAR2,VARCHAR2(4000),4000,,,N,4,
PASANTIAXFUNCION,PAF_ID,NUMBER,NUMBER(12),22,12,,N,1,
PASANTIAXFUNCION,OPA_ID,NUMBER,NUMBER(12),22,12,,N,2,
PASANTIAXFUNCION,FNC_ID,NUMBER,NUMBER(5),22,5,,N,3,
PERSONAL_DE_CONVENIO,PDC_ID,NUMBER,NUMBER,22,,,N,1,
PERSONAL_DE_CONVENIO,PDC_CODIGO,NUMBER,NUMBER,22,,,N,2,
PERSONAL_DE_CONVENIO,PDC_NOMBRE,VARCHAR2,VARCHAR2(150),150,,,N,3,
PERSONAL_DE_CONVENIO,PDC_DESCRIPCION,VARCHAR2,VARCHAR2(400),400,,,Y,4,
PERSONAL_DE_CONVENIO,PDC_FECHA_REGISTRO,DATE,DATE,7,,,N,5,
PESXCSPE,PECSPE_ID,NUMBER,NUMBER(5),22,5,,N,1,
PESXCSPE,PES_ID,NUMBER,NUMBER(3),22,3,,N,2,
PESXCSPE,CSPE_ID,NUMBER,NUMBER(7),22,7,,N,3,
PESXREG,PER_ID,NUMBER,NUMBER(5),22,5,,N,1,
PESXREG,PES_ID,NUMBER,NUMBER(3),22,3,,N,2,
PESXREG,REG_ID,NUMBER,NUMBER(2),22,2,,N,3,
PLANILLA_TALLER,PLT_ID,NUMBER,NUMBER(8),22,8,,N,1,
PLANILLA_TALLER,GUT_ID,NUMBER,NUMBER(2),22,2,,N,2,
PLANILLA_TALLER,PLT_FCH_INICIO,DATE,DATE,7,,,N,3,
PLANILLA_TALLER,PLT_TIPO,NUMBER,NUMBER(1),22,1,,N,4,
PLANILLA_TALLER,PLT_HORARIO,VARCHAR2,VARCHAR2(50),50,,,N,5,
PLANILLA_TALLER,PLT_LUGAR,VARCHAR2,VARCHAR2(50),50,,,N,6,
PLANILLA_TALLER,FUN_ORIENTADOR,NUMBER,NUMBER(4),22,4,,N,7,
PLANILLA_TALLER,CSPE_ID,NUMBER,NUMBER(7),22,7,,N,8,
PLANILLA_TALLER,FUN_REGISTRO,NUMBER,NUMBER(4),22,4,,N,9,
PLANILLA_TALLER,PLT_FCH_REGISTRO,DATE,DATE,7,,,N,10,
PLAN_TABLE,STATEMENT_ID,VARCHAR2,VARCHAR2(30),30,,,Y,1,
PLAN_TABLE,TIMESTAMP,DATE,DATE,7,,,Y,2,
PLAN_TABLE,REMARKS,VARCHAR2,VARCHAR2(80),80,,,Y,3,
PLAN_TABLE,OPERATION,VARCHAR2,VARCHAR2(30),30,,,Y,4,
PLAN_TABLE,OPTIONS,VARCHAR2,VARCHAR2(255),255,,,Y,5,
PLAN_TABLE,OBJECT_NODE,VARCHAR2,VARCHAR2(128),128,,,Y,6,
PLAN_TABLE,OBJECT_OWNER,VARCHAR2,VARCHAR2(30),30,,,Y,7,
PLAN_TABLE,OBJECT_NAME,VARCHAR2,VARCHAR2(30),30,,,Y,8,
PLAN_TABLE,OBJECT_INSTANCE,NUMBER,NUMBER,22,,,Y,9,
PLAN_TABLE,OBJECT_TYPE,VARCHAR2,VARCHAR2(30),30,,,Y,10,
PLAN_TABLE,OPTIMIZER,VARCHAR2,VARCHAR2(255),255,,,Y,11,
PLAN_TABLE,SEARCH_COLUMNS,NUMBER,NUMBER,22,,,Y,12,
PLAN_TABLE,ID,NUMBER,NUMBER,22,,,Y,13,
PLAN_TABLE,PARENT_ID,NUMBER,NUMBER,22,,,Y,14,
PLAN_TABLE,POSITION,NUMBER,NUMBER,22,,,Y,15,
PLAN_TABLE,COST,NUMBER,NUMBER,22,,,Y,16,
PLAN_TABLE,CARDINALITY,NUMBER,NUMBER,22,,,Y,17,
PLAN_TABLE,BYTES,NUMBER,NUMBER,22,,,Y,18,
PLAN_TABLE,OTHER_TAG,VARCHAR2,VARCHAR2(255),255,,,Y,19,
PLAN_TABLE,PARTITION_START,VARCHAR2,VARCHAR2(255),255,,,Y,20,
PLAN_TABLE,PARTITION_STOP,VARCHAR2,VARCHAR2(255),255,,,Y,21,
PLAN_TABLE,PARTITION_ID,NUMBER,NUMBER,22,,,Y,22,
PLAN_TABLE,OTHER,LONG,LONG,,,,Y,23,
PLAN_TABLE,DISTRIBUTION,VARCHAR2,VARCHAR2(30),30,,,Y,24,
PLAN_TABLE,CPU_COST,NUMBER,NUMBER,22,,,Y,25,
PLAN_TABLE,IO_COST,NUMBER,NUMBER,22,,,Y,26,
PLAN_TABLE,TEMP_SPACE,NUMBER,NUMBER,22,,,Y,27,
PLAZAS_PROV,ID,NUMBER,NUMBER(38),22,38,,Y,1,
PLAZAS_PROV,DEM_ID,NUMBER,NUMBER(38),22,38,,Y,2,
PLTXPES,PPE_ID,NUMBER,NUMBER(12),22,12,,N,1,
PLTXPES,PLT_ID,NUMBER,NUMBER(8),22,8,,N,2,
PLTXPES,PES_ID,NUMBER,NUMBER(3),22,3,,N,3,
PLTXPES,FUN_ID,NUMBER,NUMBER(5),22,5,,N,4,
PLTXPES,CSPE_ID,NUMBER,NUMBER(7),22,7,,N,5,
PLTXPES,PPE_FCH_REGISTRO,DATE,DATE,7,,,N,6,
POSICION_FAMILIAR,PSF_ID,NUMBER,NUMBER(1),22,1,,N,1,
POSICION_FAMILIAR,PSF_NOMBRE,VARCHAR2,VARCHAR2(50),50,,,N,2,
POSICION_FAMILIAR,PSF_VAL_OFERTA,NUMBER,NUMBER(1),22,1,,N,3,
PROGRAMA_ESPECIAL,PES_ID,NUMBER,NUMBER(3),22,3,,N,1,
PROGRAMA_ESPECIAL,PES_NOMBRE,VARCHAR2,VARCHAR2(90),90,,,N,2,
PROGRAMA_ESPECIAL,PES_DESCRIPCION,VARCHAR2,VARCHAR2(900),900,,,N,3,
PROGRAMA_ESPECIAL,PES_ESTADO,NUMBER,NUMBER(1),22,1,,N,4,
PROGRAMA_ESPECIAL,PES_FCH_CREACION,DATE,DATE,7,,,N,5,
PROGRAMA_ESPECIAL,PES_FCH_INI,DATE,DATE,7,,,N,6,
PROGRAMA_ESPECIAL,PES_FCH_FIN,DATE,DATE,7,,,Y,7,
PROGRAMA_ESPECIAL,PES_HAB_DEMANDA,NUMBER,NUMBER(1),22,1,,N,8,
PROGRAMA_ESPECIAL,TIPES_ID,NUMBER,NUMBER(2),22,2,,N,9,1 
PROGRAMA_ESPECIAL,PES_HAB_INTERNET_DEM,NUMBER,NUMBER(1),22,1,,N,10,0 
PROGRAMA_ESPECIAL,PES_HAB_INTERNET_OFT,NUMBER,NUMBER(1),22,1,,N,11,0 
PROGRAMA_ESPECIAL,PES_HAB_OFERTA,NUMBER,NUMBER(1),22,1,,N,12,0 
PROGRAMA_ESPECIAL,H_VICTIMIZANTES,NUMBER,NUMBER(1),22,1,,Y,13,
PROGRAMA_ESPECIAL,PESO_H_VICTIMIZANTE,NUMBER,NUMBER(2),22,2,,Y,14,
PROSP_SOCIAL_DIANA_20190328,TIPO_DOCUMENTO,VARCHAR2,VARCHAR2(45),45,,,Y,1,NULL
PROSP_SOCIAL_DIANA_20190328,NUM_DOC_IDENTIDAD,NUMBER,NUMBER(16),22,16,,Y,2,NULL
PROSP_SOCIAL_OFT_20190328,OFT_ID,NUMBER,NUMBER(9),22,9,,Y,1,NULL
RANGO_SALARIAL,RSA_ID,NUMBER,NUMBER(2),22,2,,N,1,
RANGO_SALARIAL,RSA_ETIQUETA,VARCHAR2,VARCHAR2(50),50,,,N,2,
RANGO_SALARIAL,RSA_INICIO,NUMBER,NUMBER(10),22,10,,Y,3,
RANGO_SALARIAL,RSA_FIN,NUMBER,NUMBER(10),22,10,,Y,4,
RED_UNIDOS,TIPO_IDENTIFICACION,VARCHAR2,VARCHAR2(10),10,,,Y,1,
RED_UNIDOS,IDENTIFICACION,NUMBER,NUMBER,22,,,Y,2,
RED_UNIDOS,ESTADO,NUMBER,NUMBER(1),22,1,,Y,3,
RED_UNIDOS,DESCRIPCION,VARCHAR2,VARCHAR2(40),40,,,Y,4,
RED_UNIDOS_20201029,TIPO_IDENTIFICACION,VARCHAR2,VARCHAR2(10),10,,,Y,1,
RED_UNIDOS_20201029,IDENTIFICACION,NUMBER,NUMBER,22,,,Y,2,
RED_UNIDOS_20201029,DESCRIPCION,VARCHAR2,VARCHAR2(100),100,,,Y,3,
RED_UNIDOS_DIANA_2018,TIPO_IDENTIFICACION,VARCHAR2,VARCHAR2(10),10,,,Y,1,
RED_UNIDOS_DIANA_2018,IDENTIFICACION,NUMBER,NUMBER,22,,,Y,2,
RED_UNIDOS_GINA_29_06_2018,TIPO_DOCUMENTO,VARCHAR2,VARCHAR2(45),45,,,Y,1,NULL
RED_UNIDOS_GINA_29_06_2018,NUM_DOC_IDENTIDAD,VARCHAR2,VARCHAR2(45),45,,,Y,2,NULL
REGIONAL,REG_ID,NUMBER,NUMBER(2),22,2,,N,1,
REGIONAL,REG_NOMBRE,VARCHAR2,VARCHAR2(50),50,,,N,2,
REGIONAL,REG_DIRECCION,VARCHAR2,VARCHAR2(100),100,,,N,3,
REGIONAL,REG_TEL,VARCHAR2,VARCHAR2(20),20,,,N,4,
REGIONAL,REG_TEL_ALT,VARCHAR2,VARCHAR2(20),20,,,Y,5,
REGIONAL,REG_FAX,VARCHAR2,VARCHAR2(20),20,,,N,6,
REGIONAL,REG_CORREO_E,VARCHAR2,VARCHAR2(50),50,,,N,7,
REGIONAL,REG_CORREO_E_ALT,VARCHAR2,VARCHAR2(50),50,,,Y,8,
REGIONAL,MPO_ID,NUMBER,NUMBER(9),22,9,,N,9,
REGISTRADURIA_CARGA,REGC_ID,NUMBER,NUMBER(10),22,10,,N,1,
REGISTRADURIA_CARGA,OFT_ID,NUMBER,NUMBER(9),22,9,,Y,2,
REGISTRADURIA_CARGA,REGC_PRIMER_APELLIDO,VARCHAR2,VARCHAR2(30),30,,,Y,3,
REGISTRADURIA_CARGA,REGC_EST_CIVIL,VARCHAR2,VARCHAR2(2),2,,,Y,4,
REGISTRADURIA_CARGA,REGC_SEGUNDO_APELLIDO,VARCHAR2,VARCHAR2(30),30,,,Y,5,
REGISTRADURIA_CARGA,REGC_PRIMER_NOMBRE,VARCHAR2,VARCHAR2(30),30,,,Y,6,
REGISTRADURIA_CARGA,REGC_SEGUNDO_NOMBRE,VARCHAR2,VARCHAR2(30),30,,,Y,7,
REGISTRADURIA_CARGA,REGC_LUGAR_EXPEDICION,VARCHAR2,VARCHAR2(15),15,,,Y,8,
REGISTRADURIA_CARGA,REGC_ESPACIO_RESERVADO,VARCHAR2,VARCHAR2(15),15,,,Y,9,
REGISTRADURIA_CARGA,REGC_DPTO_EXPEDICION,VARCHAR2,VARCHAR2(3),3,,,Y,10,
REGISTRADURIA_CARGA,REGC_CONCEPTO_VIGENCIA,NUMBER,NUMBER(1),22,1,,Y,11,
REGISTRADURIA_CARGA,REGC_RECORTE_NOMBRE,NUMBER,NUMBER(1),22,1,,Y,12,
REGISTRADURIA_CARGA,REGC_TIPO_CANCELACION,VARCHAR2,VARCHAR2(2),2,,,Y,13,
REGISTRADURIA_CARGA,REGC_NUM_RESOLUCION,VARCHAR2,VARCHAR2(6),6,,,Y,14,
REGISTRADURIA_CARGA,REGC_ANO_RESOLUCION,VARCHAR2,VARCHAR2(2),2,,,Y,15,
REGISTRADURIA_CARGA,REGC_FECHA_EXPEDICION,VARCHAR2,VARCHAR2(6),6,,,Y,16,
REGISTRADURIA_CARGA,REGC_VALIDATION_CODE,NUMBER,NUMBER(10),22,10,,Y,17,
REGISTRADURIA_CARGA,REGC_VALIDATION_MESSAGE,VARCHAR2,VARCHAR2(500),500,,,Y,18,
REGISTRADURIA_CARGA,REGC_CEDULA,NUMBER,NUMBER(10),22,10,,N,19,
REGISTRADURIA_CARGA,REGC_FCH_CARGA,DATE,DATE,7,,,Y,20,
REGISTRADURIA_CONF,RGC_CONSECUTIVO,NUMBER,NUMBER(10),22,10,,N,1,1 
REGISTRADURIA_DPTO,DPT_ID,NUMBER,NUMBER(7),22,7,,N,1,
REGISTRADURIA_DPTO,REGD_ABREVIATURA,VARCHAR2,VARCHAR2(5),5,,,N,2,
REMISION_CARGUE_HIDROCARBUROS,RCH_ID,NUMBER,NUMBER(9),22,9,,N,1,
REMISION_CARGUE_HIDROCARBUROS,OFT_ID,NUMBER,NUMBER(9),22,9,,N,2,
REMISION_CARGUE_HIDROCARBUROS,DEM_ID,NUMBER,NUMBER(9),22,9,,N,3,
REMISION_CARGUE_HIDROCARBUROS,ENV_ID,NUMBER,NUMBER(9),22,9,,N,4,
REMISION_CARGUE_HIDROCARBUROS,FUN_ID,NUMBER,NUMBER(9),22,9,,N,5,
REMISION_CARGUE_HIDROCARBUROS,RHI_ID,NUMBER,NUMBER(9),22,9,,Y,6,
REMISION_CARGUE_HIDROCARBUROS,FECHA_REGISTRO,DATE,DATE,7,,,N,7,
REMISION_HIDROCARBUROS,RHI_ID,NUMBER,NUMBER(9),22,9,,N,1,
REMISION_HIDROCARBUROS,ARI_ID,NUMBER,NUMBER(9),22,9,,N,2,
REMISION_HIDROCARBUROS,RHI_CANTIDAD_REMITIDOS,NUMBER,NUMBER(9),22,9,,N,3,
REMISION_HIDROCARBUROS,FUN_ID,NUMBER,NUMBER(9),22,9,,N,4,
REMISION_HIDROCARBUROS,ORDEN,NUMBER,NUMBER(9),22,9,,N,5,
REMISION_HIDROCARBUROS,FECHA_REGISTRO,DATE,DATE,7,,,N,6,
REPORTE,REP_ID,VARCHAR2,VARCHAR2(15),15,,,N,1,
REPORTE,REP_NOMBRE,VARCHAR2,VARCHAR2(100),100,,,N,2,
REPORTE,REP_DESCRIPCION,VARCHAR2,VARCHAR2(250),250,,,N,3,
REPORTE,REP_FCH,DATE,DATE,7,,,N,4,
REPORTE,ROL_ID,NUMBER,NUMBER(2),22,2,,N,5,
REPORTE,REP_TIPO,NUMBER,NUMBER(1),22,1,,N,6,
REPORTE,REP_MODULO,NUMBER,NUMBER(1),22,1,,N,7,
REPORTES_XML,REP_XML_CODIGO,VARCHAR2,VARCHAR2(100),100,,,N,1,
REPORTES_XML,REP_XML_NOMBRE,VARCHAR2,VARCHAR2(100),100,,,N,2,
REPORTES_XML,REP_XML_DESCRIPCION,VARCHAR2,VARCHAR2(300),300,,,N,3,
REPORTES_XML,REP_XML_VALOR,CLOB,CLOB,4000,,,N,4,
REPORTES_XML,REP_XML_FECHA_CREACION,DATE,DATE,7,,,N,5,
REPORTES_XML,REP_XML_FECHA_ACTUALIZACION,DATE,DATE,7,,,N,6,
REPORTES_XML,FUN_ID,NUMBER,NUMBER(9),22,9,,N,7,
REPORTES_XML,REP_XML_COD_ABR_PAD,VARCHAR2,VARCHAR2(10),10,,,Y,8,
REPORTE_SEG,RSG_ID,NUMBER,NUMBER(3),22,3,,N,1,
REPORTE_SEG,RSG_NOMBRE,VARCHAR2,VARCHAR2(150),150,,,N,2,
REPORTE_SEG,RSG_SQL,VARCHAR2,VARCHAR2(1000),1000,,,N,3,
REPORTE_SEG,RSG_ENCABEZADO,VARCHAR2,VARCHAR2(200),200,,,N,4,
REPORTE_SEG,RSG_HABILITAR,NUMBER,NUMBER(1),22,1,,N,5,
REP_INSCRITOS,OFT_ID,NUMBER,NUMBER(9),22,9,,N,1,
REP_INSCRITOS,MPO_ID,NUMBER,NUMBER,22,,,Y,2,
REP_INSCRITOS,TIPO_INSCRITO,VARCHAR2,VARCHAR2(8),8,,,Y,3,
REWRITE_TABLE,STATEMENT_ID,VARCHAR2,VARCHAR2(30),30,,,Y,1,
REWRITE_TABLE,MV_OWNER,VARCHAR2,VARCHAR2(30),30,,,Y,2,
REWRITE_TABLE,MV_NAME,VARCHAR2,VARCHAR2(30),30,,,Y,3,
REWRITE_TABLE,SEQUENCE,NUMBER,NUMBER,22,,,Y,4,
REWRITE_TABLE,QUERY,VARCHAR2,VARCHAR2(2000),2000,,,Y,5,
REWRITE_TABLE,QUERY_BLOCK_NO,NUMBER,NUMBER,22,,,Y,6,
REWRITE_TABLE,REWRITTEN_TXT,VARCHAR2,VARCHAR2(2000),2000,,,Y,7,
REWRITE_TABLE,MESSAGE,VARCHAR2,VARCHAR2(512),512,,,Y,8,
REWRITE_TABLE,PASS,VARCHAR2,VARCHAR2(3),3,,,Y,9,
REWRITE_TABLE,MV_IN_MSG,VARCHAR2,VARCHAR2(30),30,,,Y,10,
REWRITE_TABLE,MEASURE_IN_MSG,VARCHAR2,VARCHAR2(30),30,,,Y,11,
REWRITE_TABLE,JOIN_BACK_TBL,VARCHAR2,VARCHAR2(30),30,,,Y,12,
REWRITE_TABLE,JOIN_BACK_COL,VARCHAR2,VARCHAR2(30),30,,,Y,13,
REWRITE_TABLE,ORIGINAL_COST,NUMBER,NUMBER,22,,,Y,14,
REWRITE_TABLE,REWRITTEN_COST,NUMBER,NUMBER,22,,,Y,15,
REWRITE_TABLE,FLAGS,NUMBER,NUMBER,22,,,Y,16,
REWRITE_TABLE,RESERVED1,NUMBER,NUMBER,22,,,Y,17,
REWRITE_TABLE,RESERVED2,VARCHAR2,VARCHAR2(10),10,,,Y,18,
ROL,ROL_ID,NUMBER,NUMBER(2),22,2,,N,1,
ROL,ROL_NOMBRE,VARCHAR2,VARCHAR2(100),100,,,N,2,
ROL,ROL_FCH,DATE,DATE,7,,,N,3,
ROLXGRUPO_MT,ROL_ID,NUMBER,NUMBER(2),22,2,,N,1,
ROLXGRUPO_MT,GMT_ID,NUMBER,NUMBER(2),22,2,,N,2,
ROLXGRUPO_MT,RGT_FCH,DATE,DATE,7,,,N,3,
RUES_02092021,ID,NUMBER,NUMBER,22,,,Y,1,
RUR,TIPO_IDENTIFICACION,VARCHAR2,VARCHAR2(10),10,,,Y,1,
RUR,IDENTIFICACION,NUMBER,NUMBER,22,,,Y,2,
RUR,ESTADO,NUMBER,NUMBER(1),22,1,,Y,3,
RUR,DESCRIPCION,VARCHAR2,VARCHAR2(40),40,,,Y,4,
RUR_20190614,TIPO_DOCUMENTO,VARCHAR2,VARCHAR2(4),4,,,Y,1,
RUR_20190614,IDENTIFICACION,NUMBER,NUMBER,22,,,Y,2,
RUR_20190831,TIPO_DOCUMENTO,VARCHAR2,VARCHAR2(4),4,,,Y,1,
RUR_20190831,IDENTIFICACION,NUMBER,NUMBER,22,,,Y,2,
RUR_20191231-noUsada,TIPO_DOCUMENTO,VARCHAR2,VARCHAR2(4),4,,,Y,1,
RUR_20191231-noUsada,IDENTIFICACION,NUMBER,NUMBER,22,,,Y,2,
RUR_DIC_2018,IDENTIFICACION,NUMBER,NUMBER,22,,,Y,1,
RUV,TIPO_IDENTIFICACION,VARCHAR2,VARCHAR2(4),4,,,Y,1,
RUV,IDENTIFICACION,NUMBER,NUMBER(20),22,20,,Y,2,
RUV,TPB_ID,NUMBER,NUMBER(3),22,3,,Y,3,
RUV,ID_PERSONA,NUMBER,NUMBER(20),22,20,,Y,4,
RUV,ESTADO,NUMBER,NUMBER(1),22,1,,Y,5,
RUV,DESCRIPCION,VARCHAR2,VARCHAR2(40),40,,,Y,6,
RUV_20180420,TIPO_DOCUMENTO,VARCHAR2,VARCHAR2(4),4,,,Y,1,
RUV_20180420,NUM_DOC_IDENTIDAD,VARCHAR2,VARCHAR2(20),20,,,Y,2,
RUV_20180420,TPB_ID,VARCHAR2,VARCHAR2(3),3,,,Y,3,
RUV_20180420,ID_PERSONA,VARCHAR2,VARCHAR2(20),20,,,Y,4,
RUV_20180814,TIPO_DOCUMENTO,VARCHAR2,VARCHAR2(4),4,,,Y,1,
RUV_20180814,NUM_DOC_IDENTIDAD,VARCHAR2,VARCHAR2(20),20,,,Y,2,
RUV_20180814,TPB_ID,VARCHAR2,VARCHAR2(3),3,,,Y,3,
RUV_20180814,ID_PERSONA,VARCHAR2,VARCHAR2(20),20,,,Y,4,
RUV_20181012,TIPO_DOCUMENTO,VARCHAR2,VARCHAR2(4),4,,,Y,1,
RUV_20181012,NUM_DOC_IDENTIDAD,VARCHAR2,VARCHAR2(20),20,,,Y,2,
RUV_20181012,TPB_ID,VARCHAR2,VARCHAR2(3),3,,,Y,3,
RUV_20181012,ID_PERSONA,VARCHAR2,VARCHAR2(20),20,,,Y,4,
RUV_20191017,TIPO_DOCUMENTO,VARCHAR2,VARCHAR2(4),4,,,Y,1,
RUV_20191017,NUM_DOC_IDENTIDAD,VARCHAR2,VARCHAR2(20),20,,,Y,2,
RUV_20191017,TPB_ID,VARCHAR2,VARCHAR2(3),3,,,Y,3,
RUV_20191017,ID_PERSONA,VARCHAR2,VARCHAR2(20),20,,,Y,4,
RUV_AUX,TIPO_DOCUMENTO,VARCHAR2,VARCHAR2(2),2,,,Y,1,
RUV_AUX,NUM_DOC_IDENTIDAD,NUMBER,NUMBER(38),22,38,,Y,2,
RUV_AUX,TPB_ID,NUMBER,NUMBER,22,,,Y,3,
RUV_AUX,ID_PERSONA,NUMBER,NUMBER,22,,,Y,4,
RUV_CARGA,RUC_ID,VARCHAR2,VARCHAR2(32),32,,,N,1,
RUV_CARGA,RUC_ARCHIVO,VARCHAR2,VARCHAR2(255),255,,,N,2,
RUV_CARGA,RUC_USUARIO,VARCHAR2,VARCHAR2(20),20,,,N,3,
RUV_CARGA,RUC_FECHA_INICIO,TIMESTAMP(6),TIMESTAMP(6),11,,6,N,4,
RUV_CARGA,RUC_FECHA_FIN,TIMESTAMP(6),TIMESTAMP(6),11,,6,Y,5,
RUV_CARGA,RUC_STATUS,NUMBER,NUMBER(1),22,1,,N,6,
RUV_INSERT,TIPO_DOCUMENTO,VARCHAR2,VARCHAR2(4),4,,,Y,1,
RUV_INSERT,NUM_DOC_IDENTIDAD,NUMBER,NUMBER(38),22,38,,Y,2,
RUV_INSERT,TPB_ID,NUMBER,NUMBER(38),22,38,,Y,3,
RUV_INSERT,ID_PERSONA,NUMBER,NUMBER(38),22,38,,Y,4,
SECCION_CIIU,SCC_ID,VARCHAR2,VARCHAR2(1),1,,,N,1,
SECCION_CIIU,SCC_NOMBRE,VARCHAR2,VARCHAR2(200),200,,,N,2,
SEC_JASPERTOKEN,USU_ID,VARCHAR2,VARCHAR2(255),255,,,N,1,
SEC_JASPERTOKEN,UTK_TOKEN,VARCHAR2,VARCHAR2(255),255,,,N,2,
SEC_MENU,MEN_ID,VARCHAR2,VARCHAR2(255),255,,,N,1,
SEC_MENU,MEN_SUPER,VARCHAR2,VARCHAR2(255),255,,,Y,2,
SEC_MENU,MEN_ETIQUETA,VARCHAR2,VARCHAR2(255),255,,,N,3,
SEC_MENU,MEN_ORDEN,NUMBER,NUMBER(4),22,4,,N,4,
SEC_MENU,MEN_URL,VARCHAR2,VARCHAR2(255),255,,,Y,5,
SEC_MENU,MEN_ES_PERMISO,NUMBER,NUMBER(1),22,1,,N,6,0 
SEC_MENU_RECURSO,SMR_ID,NUMBER,NUMBER(9),22,9,,N,1,
SEC_MENU_RECURSO,MEN_ID,VARCHAR2,VARCHAR2(255),255,,,N,2,
SEC_MENU_RECURSO,REC_ID,NUMBER,NUMBER(9),22,9,,N,3,
SEC_MENU_ROL,MEN_ID,VARCHAR2,VARCHAR2(255),255,,,N,1,
SEC_MENU_ROL,ROL_ID,VARCHAR2,VARCHAR2(50),50,,,N,2,
SEC_RECURSO,REC_ID,NUMBER,NUMBER(9),22,9,,N,1,
SEC_RECURSO,REC_URL_PATTERN,VARCHAR2,VARCHAR2(255),255,,,N,2,
SEC_RECURSO_ROL,RRE_ID,NUMBER,NUMBER(9),22,9,,N,1,
SEC_RECURSO_ROL,ROL_ID,VARCHAR2,VARCHAR2(50),50,,,N,2,
SEC_RECURSO_ROL,REC_ID,NUMBER,NUMBER(9),22,9,,N,3,
SEC_ROL,ROL_ID,VARCHAR2,VARCHAR2(50),50,,,N,1,
SEC_ROL,ROL_ACTIVO,NUMBER,NUMBER(1),22,1,,N,2,
SEC_ROL,ROL_ASIGNABLE,NUMBER,NUMBER(1),22,1,,N,3,1 
SEC_USUARIO,USU_ID,VARCHAR2,VARCHAR2(255),255,,,N,1,
SEC_USUARIO,TDI_ID,NUMBER,NUMBER(1),22,1,,N,2,
SEC_USUARIO,USU_NUMERO_DOC,NUMBER,NUMBER(20),22,20,,N,3,
SEC_USUARIO,USU_PASSWORD,VARCHAR2,VARCHAR2(50),50,,,N,4,
SEC_USUARIO,USU_ACTIVO,NUMBER,NUMBER(1),22,1,,Y,5,1
SEC_USUARIO,USU_BLOQUEADO,NUMBER,NUMBER(1),22,1,,Y,6,0
SEC_USUARIO,USU_EMAIL,VARCHAR2,VARCHAR2(512),512,,,Y,7,
SEC_USUARIO,USU_FCH_REGISTRO,DATE,DATE,7,,,Y,8,
SEC_USUARIO,USU_TIPO,NUMBER,NUMBER(1),22,1,,N,9,0 
SEC_USUARIO,HABEAS_DATA,NUMBER,NUMBER(1),22,1,,N,10,1 
SEC_USUARIO_ROL,USU_ID,VARCHAR2,VARCHAR2(255),255,,,N,1,
SEC_USUARIO_ROL,ROL_ID,VARCHAR2,VARCHAR2(50),50,,,N,2,
SEC_USU_EVENT,SUEV_ID,NUMBER,NUMBER(10),22,10,,N,1,
SEC_USU_EVENT,USU_ID,VARCHAR2,VARCHAR2(255),255,,,N,2,
SEC_USU_EVENT,SUEV_FECHA,DATE,DATE,7,,,N,3,
SEC_USU_EVENT,SUEV_ACCION,VARCHAR2,VARCHAR2(255),255,,,N,4,
SEC_USU_EVENT,FUN_ID,NUMBER,NUMBER,22,,,Y,5,
SENA_UNIDOS,ID,NUMBER,NUMBER,22,,,Y,1,
SENA_UNIDOS,TIPODOCUMENTO,VARCHAR2,VARCHAR2(12),12,,,Y,2,
SENA_UNIDOS,DOCUMENTO,NUMBER,NUMBER,22,,,Y,3,
SENA_UNIDOS,NOMBRE_ARCHIVO,VARCHAR2,VARCHAR2(205),205,,,Y,4,
SER_201712,IDENTIFICACION,NUMBER,NUMBER,22,,,Y,1,
SER_201806,IDENTIFICACION,NUMBER,NUMBER,22,,,Y,1,
SER_201807,IDENTIFICACION,NUMBER,NUMBER,22,,,Y,1,
SER_201808,IDENTIFICACION,NUMBER,NUMBER,22,,,Y,1,
SER_201809,IDENTIFICACION,NUMBER,NUMBER,22,,,Y,1,
SER_201810,IDENTIFICACION,NUMBER,NUMBER,22,,,Y,1,
SER_201811,IDENTIFICACION,NUMBER,NUMBER,22,,,Y,1,
SER_201812,IDENTIFICACION,NUMBER,NUMBER,22,,,Y,1,
SER_201812_2,IDENTIFICACION,NUMBER,NUMBER,22,,,Y,1,
SITUACION_OCUPACIONAL,SIO_ID,NUMBER,NUMBER(1),22,1,,N,1,
SITUACION_OCUPACIONAL,SIO_NOMBRE,VARCHAR2,VARCHAR2(20),20,,,N,2,
SITUACION_OCUPACIONAL,SIO_DESCRIPCION,VARCHAR2,VARCHAR2(100),100,,,N,3,
SMS_CACHE,OFT_ID,NUMBER,NUMBER(9),22,9,,N,1,
SMS_CACHE,DEM_ID,NUMBER,NUMBER(10),22,10,,Y,2,
SMS_CACHE,OFT_NOMBRES,VARCHAR2,VARCHAR2(70),70,,,N,3,
SMS_CACHE,OFT_PRIMER_APELLIDO,VARCHAR2,VARCHAR2(40),40,,,N,4,
SMS_CACHE,OFT_SEGUNDO_APELLIDO,VARCHAR2,VARCHAR2(40),40,,,Y,5,
SMS_CACHE,PAI_ID,NUMBER,NUMBER(3),22,3,,N,6,
SMS_CACHE,OFT_TEL_CEL,VARCHAR2,VARCHAR2(20),20,,,Y,7,
SMS_CACHE,OFT_CORREO_E,VARCHAR2,VARCHAR2(50),50,,,Y,8,
SMS_CACHE,FECHA,TIMESTAMP(6),TIMESTAMP(6),11,,6,Y,9,CURRENT_TIMESTAMP
SMS_CACHE,REG_ID,NUMBER,NUMBER(2),22,2,,Y,10,
SMS_CACHE,CNO_ID,VARCHAR2,VARCHAR2(6),6,,,Y,11,
SMS_CACHE,ESO_ID,VARCHAR2,VARCHAR2(2),2,,,Y,12,
SMS_CACHE,DPT_ID,NUMBER,NUMBER(7),22,7,,Y,13,
SMS_CACHE,MPO_ID,NUMBER,NUMBER(9),22,9,,Y,14,
SMS_CACHE,ZON_ID,NUMBER,NUMBER(12),22,12,,Y,15,
SMS_CACHE,EDAD_MIN,NUMBER,NUMBER(6),22,6,,Y,16,
SMS_CACHE,EDAD_MAX,NUMBER,NUMBER(6),22,6,,Y,17,
SMS_CACHE,OFT_GENERO,NUMBER,NUMBER(1),22,1,,Y,18,
SMS_CAMPANA,SC_ID,NUMBER,NUMBER(10),22,10,,N,1,
SMS_CAMPANA,SC_USUARIO,VARCHAR2,VARCHAR2(30),30,,,N,2,
SMS_CAMPANA,SC_MENSAJE,VARCHAR2,VARCHAR2(140),140,,,N,3,
SMS_CAMPANA,SC_TIPO_CAMPANA,NUMBER,NUMBER(1),22,1,,N,4,
SMS_CAMPANA,DEM_ID,NUMBER,NUMBER(10),22,10,,Y,5,
SMS_CAMPANA,REG_ID,NUMBER,NUMBER(2),22,2,,Y,6,
SMS_CAMPANA,CNO_ID,VARCHAR2,VARCHAR2(6),6,,,Y,7,
SMS_CAMPANA,ESO_ID,VARCHAR2,VARCHAR2(2),2,,,Y,8,
SMS_CAMPANA,DPT_ID,NUMBER,NUMBER(7),22,7,,Y,9,
SMS_CAMPANA,MPO_ID,NUMBER,NUMBER(9),22,9,,Y,10,
SMS_CAMPANA,ZON_ID,NUMBER,NUMBER(12),22,12,,Y,11,
SMS_CAMPANA,EDAD_MIN,NUMBER,NUMBER(6),22,6,,Y,12,
SMS_CAMPANA,EDAD_MAX,NUMBER,NUMBER(6),22,6,,Y,13,
SMS_CAMPANA,OFT_GENERO,NUMBER,NUMBER(1),22,1,,Y,14,
SMS_CAMPANA,SC_FECHA,TIMESTAMP(6),TIMESTAMP(6),11,,6,Y,15,CURRENT_TIMESTAMP
SMS_CAMPANA,SC_NOMBRE,VARCHAR2,VARCHAR2(50),50,,,N,16,'' 
SMS_CAMPANA,OFT_EGRESADO_SENA,NUMBER,NUMBER(1),22,1,,Y,17,
SMS_CAMPANA_DETALLE,SCD_ID,NUMBER,NUMBER(9),22,9,,N,1,
SMS_CAMPANA_DETALLE,SC_ID,NUMBER,NUMBER(10),22,10,,N,2,
SMS_CAMPANA_DETALLE,ID,NUMBER,NUMBER(9),22,9,,Y,3,
SMS_CAMPANA_DETALLE,SCD_NOMBRE,VARCHAR2,VARCHAR2(250),250,,,Y,4,
SMS_CAMPANA_DETALLE,SCD_PAI_ID,NUMBER,NUMBER(3),22,3,,N,5,
SMS_CAMPANA_DETALLE,SCD_TEL_CEL,VARCHAR2,VARCHAR2(20),20,,,Y,6,
SMS_CAMPANA_DETALLE,SCD_CORREO_E,VARCHAR2,VARCHAR2(50),50,,,Y,7,
SMS_CAMPANA_DETALLE,SCD_ESTADO_ENVIO,CHAR,CHAR(1),1,,,Y,8,'P'
SMS_CAMPANA_DETALLE,SCD_TIPO_ID,NUMBER,NUMBER(4),22,4,,N,9,1 
SMS_CONFIG,MENSAJES_AUTORIZADOS,NUMBER,NUMBER(9),22,9,,Y,1,
SMS_CONFIG,MENSAJES_ENVIADOS,NUMBER,NUMBER(9),22,9,,Y,2,
SOF_CAP_NOVEDAD,SCN_ID,NUMBER,NUMBER(9),22,9,,N,1,
SOF_CAP_NOVEDAD,NIS,NUMBER,NUMBER(9),22,9,,N,2,
SOF_CAP_NOVEDAD,TIPO_DOCUMENTO_IDENTIFICACION,VARCHAR2,VARCHAR2(4),4,,,N,3,
SOF_CAP_NOVEDAD,NUMERO_DOCUMENT_IDENTIFICACION,NUMBER,NUMBER(12),22,12,,N,4,
SOF_CAP_NOVEDAD,CODIGO_FICHA,NUMBER,NUMBER(9),22,9,,N,5,
SOF_CAP_NOVEDAD,PROCESO,VARCHAR2,VARCHAR2(25),25,,,N,6,
SOF_CAP_NOVEDAD,ESTADO_RGA_ID,NUMBER,NUMBER(4),22,4,,N,7,
SOF_CAP_NOVEDAD,ESTADO_RGA,VARCHAR2,VARCHAR2(25),25,,,N,8,
SOF_CAP_NOVEDAD,FECHA_REGISTRO,DATE,DATE,7,,,N,9,
SOF_OFERTA_INSCRIPCION,OFT_ID,NUMBER,NUMBER(9),22,9,,N,1,
SOF_OFERTA_INSCRIPCION,TDI_ABREVIATURA,VARCHAR2,VARCHAR2(2),2,,,N,2,
SOF_OFERTA_INSCRIPCION,OFT_IDENTIFICACION,NUMBER,NUMBER(12),22,12,,N,3,
SOF_OFERTA_INSCRIPCION,OFT_FCH_EXP_IDENT,DATE,DATE,7,,,N,4,
SOF_OFERTA_INSCRIPCION,OFT_IDENTIFICACION_PAI,NUMBER,NUMBER(3),22,3,,Y,5,
SOF_OFERTA_INSCRIPCION,OFT_IDENTIFICACION_DPT,NUMBER,NUMBER(7),22,7,,Y,6,
SOF_OFERTA_INSCRIPCION,OFT_IDENTIFICACION_MPO,NUMBER,NUMBER(9),22,9,,Y,7,
SOF_OFERTA_INSCRIPCION,OFT_NOMBRES,VARCHAR2,VARCHAR2(70),70,,,N,8,
SOF_OFERTA_INSCRIPCION,OFT_PRIMER_APELLIDO,VARCHAR2,VARCHAR2(40),40,,,N,9,
SOF_OFERTA_INSCRIPCION,OFT_SEGUNDO_APELLIDO,VARCHAR2,VARCHAR2(40),40,,,Y,10,
SOF_OFERTA_INSCRIPCION,OFT_FCH_NACIMIENTO,DATE,DATE,7,,,N,11,
SOF_OFERTA_INSCRIPCION,OFT_NACIMIENTO_PAI,NUMBER,NUMBER(3),22,3,,Y,12,
SOF_OFERTA_INSCRIPCION,OFT_NACIMIENTO_DPT,NUMBER,NUMBER(7),22,7,,Y,13,
SOF_OFERTA_INSCRIPCION,OFT_NACIMIENTO_MPO,NUMBER,NUMBER(9),22,9,,Y,14,
SOF_OFERTA_INSCRIPCION,OFT_CORREO_E,VARCHAR2,VARCHAR2(50),50,,,Y,15,
SOF_OFERTA_INSCRIPCION,ETR_ID,NUMBER,NUMBER(1),22,1,,N,16,
SOF_OFERTA_INSCRIPCION,OFT_GENERO,NUMBER,NUMBER(1),22,1,,N,17,
SOF_OFERTA_INSCRIPCION,OFT_RESIDENCIA_PAI,NUMBER,NUMBER(3),22,3,,N,18,
SOF_OFERTA_INSCRIPCION,OFT_RESIDENCIA_DPT,NUMBER,NUMBER(7),22,7,,Y,19,
SOF_OFERTA_INSCRIPCION,OFT_RESIDENCIA_MPO,NUMBER,NUMBER(9),22,9,,Y,20,
SOF_OFERTA_INSCRIPCION,OFT_TEL,VARCHAR2,VARCHAR2(20),20,,,N,21,
SOF_OFERTA_INSCRIPCION,OFT_NOMBRES_CONTACTO,VARCHAR2,VARCHAR2(150),150,,,N,22,
SOF_OFERTA_INSCRIPCION,OFT_TELEFONO_CONTACTO,VARCHAR2,VARCHAR2(20),20,,,N,23,
SOF_OFERTA_INSCRIPCION,NIS_ID,NUMBER,NUMBER,22,,,Y,24,
SOF_OFERTA_INSCRIPCION_FICHA,SOIF_ID,NUMBER,NUMBER(9),22,9,,N,1,
SOF_OFERTA_INSCRIPCION_FICHA,OFT_ID,NUMBER,NUMBER(9),22,9,,N,2,
SOF_OFERTA_INSCRIPCION_FICHA,TDI_ABREVIATURA,VARCHAR2,VARCHAR2(2),2,,,N,3,
SOF_OFERTA_INSCRIPCION_FICHA,OFT_IDENTIFICACION,NUMBER,NUMBER(12),22,12,,N,4,
SOF_OFERTA_INSCRIPCION_FICHA,SOIF_CODIGO_FICHA,NUMBER,NUMBER(9),22,9,,N,5,
SOF_OFERTA_INSCRIPCION_FICHA,SOIF_TIPO_POBLACION,NUMBER,NUMBER(9),22,9,,N,6,
SOF_OFERTA_INSCRIPCION_FICHA,SOIF_CLAVE_EMPRESA,NUMBER,NUMBER(9),22,9,,N,7,
SOF_OFERTA_INSCRIPCION_FICHA,SOIF_FECHA,DATE,DATE,7,,,Y,8,
SOF_OFERTA_INSCRIPCION_FICHA,SOIF_NOMBRE_PROGRAMA,VARCHAR2,VARCHAR2(1024),1024,,,Y,9,
SOF_OFERTA_INSCRIPCION_FICHA,SOIF_CODIGO_PROGRAMA,NUMBER,NUMBER,22,,,Y,10,
SOF_OFERTA_INSCRIPCION_FICHA,FUN_ID,NUMBER,NUMBER(5),22,5,,Y,11,
SOF_OFERTA_INSCRIPCION_FICHA,CSPE_ID,NUMBER,NUMBER,22,,,Y,12,
SOF_OFERTA_INSCRIPCION_FICHA,AES_ID,NUMBER,NUMBER,22,,,Y,13,
SOF_TIPO_FORMACION,STF_ID,VARCHAR2,VARCHAR2(10),10,,,N,1,
SOF_TIPO_FORMACION,STF_NOMBRE,VARCHAR2,VARCHAR2(50),50,,,N,2,
SOF_TIPO_OFERTA,STO_ID,VARCHAR2,VARCHAR2(20),20,,,N,1,
SOF_TIPO_OFERTA,STO_NOMBRE,VARCHAR2,VARCHAR2(50),50,,,N,2,
SOF_TIPO_PROGRAMA,NFS_ID,NUMBER,NUMBER(10),22,10,,N,1,
SOF_TIPO_PROGRAMA,NFS_NOMBRE,VARCHAR2,VARCHAR2(50),50,,,N,2,
SOLICITUDES_BUSQUEDA,SB_DEM_ID,NUMBER,NUMBER,22,,,Y,1,
SOLICITUDES_BUSQUEDA,SB_DEM_NUM_CANDIDATOS,NUMBER,NUMBER,22,,,Y,2,
SOLICITUDES_BUSQUEDA,SB_DEM_NUM_VACANTES,NUMBER,NUMBER,22,,,Y,3,
SOLICITUDES_BUSQUEDA,SB_IND_NOMBRE,VARCHAR2,VARCHAR2(200),200,,,Y,4,
SOLICITUDES_BUSQUEDA,SB_REG_NOMBRE,VARCHAR2,VARCHAR2(200),200,,,Y,5,
SOLICITUDES_BUSQUEDA,SB_CSPE_NOMBRE,VARCHAR2,VARCHAR2(200),200,,,Y,6,
SOLICITUDES_BUSQUEDA,SB_ESD_ID,NUMBER,NUMBER,22,,,Y,7,
SOLICITUDES_BUSQUEDA,SB_ESD_NOMBRE,VARCHAR2,VARCHAR2(100),100,,,Y,8,
SOLICITUDES_BUSQUEDA,SB_MPO_NOMBRE,VARCHAR2,VARCHAR2(100),100,,,Y,9,
SOLICITUDES_BUSQUEDA,SB_DPT_NOMBRE,VARCHAR2,VARCHAR2(100),100,,,Y,10,
SOLICITUDES_BUSQUEDA,SB_CDE_FCH_INSCRIPCION,DATE,DATE,7,,,Y,11,
SOLICITUDES_BUSQUEDA,SB_DEM_FCH_PUBLICACION,DATE,DATE,7,,,Y,12,
SOLICITUDES_BUSQUEDA,SB_DEM_FCH_LIMITE,DATE,DATE,7,,,Y,13,
SOLICITUDES_BUSQUEDA,SB_PRESELECCIONADOS,NUMBER,NUMBER,22,,,Y,14,
SOLICITUDES_BUSQUEDA,SB_SELECCIONADOS,NUMBER,NUMBER,22,,,Y,15,
SOLICITUDES_BUSQUEDA,SB_DEM_PUB_LOGO,NUMBER,NUMBER,22,,,Y,16,
SOLICITUDES_BUSQUEDA,SB_AREA_OCUPACIONAL,VARCHAR2,VARCHAR2(500),500,,,Y,17,
SOLICITUDES_BUSQUEDA,SB_AREA_DESEMPENO,VARCHAR2,VARCHAR2(500),500,,,Y,18,
SOLICITUDES_BUSQUEDA,SB_DEM_ES_TELETRABAJO,NUMBER,NUMBER,22,,,Y,19,
SOLICITUDES_BUSQUEDA,SB_DEM_MESES_EXP,NUMBER,NUMBER,22,,,Y,20,
SOLICITUDES_BUSQUEDA,SB_SUE_DESCRIPCION,VARCHAR2,VARCHAR2(100),100,,,Y,21,
SOLICITUDES_BUSQUEDA,SB_TCO_NOMBRE,VARCHAR2,VARCHAR2(100),100,,,Y,22,
SOLICITUDES_BUSQUEDA,SB_JTR_NOMBRE,VARCHAR2,VARCHAR2(100),100,,,Y,23,
SOLICITUDES_BUSQUEDA,SB_ESTADO_ECO_NAR,NUMBER,NUMBER,22,,,Y,24,
SOLICITUDES_BUSQUEDA,SB_FECHA_INSERTA,DATE,DATE,7,,,Y,25,
SOLICITUDES_BUSQUEDA,SB_SUE_ID,NUMBER,NUMBER,22,,,Y,26,
SOLICITUDES_BUSQUEDA,SB_DEM_ES_EMPLEO_JOVEN,NUMBER,NUMBER,22,,,Y,27,
SOLICITUDES_BUSQUEDA,SB_DEM_ES_HIDROCARBUROS,NUMBER,NUMBER,22,,,Y,28,
SOLICITUDES_BUSQUEDA_PORTAL,SBP_COINCIDENCIA_BUSQ,VARCHAR2,VARCHAR2(500),500,,,Y,1,
SOLICITUDES_BUSQUEDA_PORTAL,SBP_CATEGORIA_ID,NUMBER,NUMBER,22,,,Y,2,
SOLICITUDES_BUSQUEDA_PORTAL,SBP_CATEGORIA,VARCHAR2,VARCHAR2(50),50,,,Y,3,
SOLICITUDES_BUSQUEDA_PORTAL,SBP_VALOR_CATEGORIA,VARCHAR2,VARCHAR2(500),500,,,Y,4,
SOLICITUDES_BUSQUEDA_PORTAL,SBP_ENLACE,VARCHAR2,VARCHAR2(200),200,,,Y,5,
SOLICITUDES_BUSQUEDA_PORTAL,SBP_VACANTES,NUMBER,NUMBER,22,,,Y,6,
SOLICITUDES_BUSQUEDA_PORTAL,SBP_FECHA_INSERTA,DATE,DATE,7,,,Y,7,
SOLICITUDES_BUSQUEDA_PORTAL,SBP_CODIGO_CATEGORIA,NUMBER,NUMBER,22,,,Y,8,
SOLICITUDES_BUSQUEDA_PORTAL,SBP_ESTADO_ELIMINAR,NUMBER,NUMBER,22,,,Y,9,
SOLICITUD_GENERAL_EXP,ID,NUMBER,NUMBER,22,,,Y,1,
SOLICITUD_GENERAL_EXP,Regional,VARCHAR2,VARCHAR2(322),322,,,Y,2,
SOLICITUD_GENERAL_EXP,Solicitud,NUMBER,NUMBER,22,,,Y,3,
SOLICITUD_STAND_EMP,ID,NUMBER,NUMBER,22,,,Y,1,
SOLICITUD_STAND_EMP,Regional,VARCHAR2,VARCHAR2(216),216,,,Y,2,
SOLICITUD_STAND_EMP,Nombre de la empresa,VARCHAR2,VARCHAR2(232),232,,,Y,3,
SOLICITUD_STAND_EMP,NIT ,NUMBER,NUMBER,22,,,Y,4,
SOLICITUD_STAND_EMP,solicitudEMP,NUMBER,NUMBER,22,,,Y,5,
SOLICITUD_STAND_R,SOLICITUDAPE,NUMBER,NUMBER,22,,,Y,1,
SOLICITUD_STAND_R,REGIONAL,VARCHAR2,VARCHAR2(100),100,,,Y,2,
SOLICITUD_STAND_R,No. De solicitud ,NUMBER,NUMBER,22,,,Y,3,
SPE_CARGA_RUV,OFT_ID,NUMBER,NUMBER(9),22,9,,N,1,
SPE_CARGA_RUV,TIPO_DOCUMENTO,NUMBER,NUMBER(1),22,1,,N,2,
SPE_CARGA_RUV,NUMERO_DOCUMENTO,NUMBER,NUMBER(20),22,20,,N,3,
SPE_CARGA_RUV,HECHO_VICTIMIZANTE,NUMBER,NUMBER(3),22,3,,N,4,
SPE_CARGA_RUV,FECHA_VALORACION,DATE,DATE,7,,,N,5,
SPE_CARGA_RUV,FECHA_CARGA,DATE,DATE,7,,,N,6,
SPE_CARGA_RUV,CSPE_ID,NUMBER,NUMBER(7),22,7,,Y,7,
SPE_RUV_TMP,TIPO_DOCUMENTO,NUMBER,NUMBER(1),22,1,,N,1,
SPE_RUV_TMP,NUMERO_DOCUMENTO,NUMBER,NUMBER(20),22,20,,N,2,
SPE_RUV_TMP,HECHO_VICTIMIZANTE,NUMBER,NUMBER(3),22,3,,N,3,
SPE_RUV_TMP,FECHA_VALORACION,DATE,DATE,7,,,N,4,
SPE_RUV_TMP,FECHA_CARGA,DATE,DATE,7,,,N,5,
SUELDO,SUE_ID,NUMBER,NUMBER(3),22,3,,N,1,
SUELDO,SUE_DESCRIPCION,VARCHAR2,VARCHAR2(100),100,,,N,2,
SUELDO,SUE_MINIMO,NUMBER,NUMBER(10),22,10,,N,3,
SUELDO,SUE_MAXIMO,NUMBER,NUMBER(10),22,10,,N,4,
SYS_ARCHIVO,SAR_ID,CHAR,CHAR(32),32,,,N,1,
SYS_ARCHIVO,SAR_NOMBRE,VARCHAR2,VARCHAR2(255),255,,,N,2,
SYS_ARCHIVO,SAR_HASH,CHAR,CHAR(32),32,,,N,3,
SYS_ARCHIVO,SAR_FAMILIA,CHAR,CHAR(16),16,,,N,4,
SYS_ARCHIVO,SAR_TIPO,CHAR,CHAR(16),16,,,N,5,
SYS_ARCHIVO,SAR_AUTOR,VARCHAR2,VARCHAR2(16),16,,,N,6,
SYS_ARCHIVO,SAR_FECHA,DATE,DATE,7,,,N,7,
SYS_ARCHIVO,SAR_MIME,VARCHAR2,VARCHAR2(255),255,,,N,8,
SYS_ARCHIVO,SAR_PATH,VARCHAR2,VARCHAR2(40),40,,,N,9,
SYS_ARCHIVO_DESCARGA,SAD_ID,CHAR,CHAR(32),32,,,N,1,
SYS_ARCHIVO_DESCARGA,SAR_ID,CHAR,CHAR(32),32,,,N,2,
SYS_ARCHIVO_DESCARGA,SAD_USUARIO,VARCHAR2,VARCHAR2(16),16,,,N,3,
SYS_ARCHIVO_DESCARGA,SAD_FECHA,DATE,DATE,7,,,N,4,
SYS_ARCHIVO_PERMISO,SAP_ID,CHAR,CHAR(32),32,,,N,1,
SYS_ARCHIVO_PERMISO,SAP_PRINCIPAL,VARCHAR2,VARCHAR2(255),255,,,Y,2,
SYS_ARCHIVO_PERMISO,SAP_FAMILIA,VARCHAR2,VARCHAR2(255),255,,,Y,3,
SYS_ARCHIVO_PERMISO,SAP_TIPO,VARCHAR2,VARCHAR2(255),255,,,Y,4,
SYS_ARCHIVO_PERMISO,SAP_AUTOR,VARCHAR2,VARCHAR2(255),255,,,Y,5,
SYS_ARCHIVO_PERMISO,SAP_PERMISOS,NUMBER,NUMBER,22,,,N,6,
TALLER,TAL_ID,NUMBER,NUMBER,22,,,N,1,
TALLER,TAL_NOMBRE,VARCHAR2,VARCHAR2(255),255,,,N,2,
TALLER,TAL_PERIODO,NUMBER,NUMBER,22,,,N,3,
TALLER,TAL_HORARIO,VARCHAR2,VARCHAR2(255),255,,,N,4,
TALLER,TAL_LUGAR,VARCHAR2,VARCHAR2(255),255,,,N,5,
TALLER,FUN_ID,NUMBER,NUMBER(5),22,5,,N,6,
TALLER,TAL_ESTADO,NUMBER,NUMBER,22,,,N,7,
TAMANIO_REGIONAL,TAR_ID,NUMBER,NUMBER,22,,,N,1,
TAMANIO_REGIONAL,TAR_DESC,VARCHAR2,VARCHAR2(50),50,,,Y,2,
TAMANIO_REGIONAL,DPT_ID,NUMBER,NUMBER(7),22,7,,Y,3,
TEAM_AWS,REGIONAL,VARCHAR2,VARCHAR2(427),427,,,Y,1,
TEAM_AWS,CENTRO DE FORMACIÓN ,VARCHAR2,VARCHAR2(472),472,,,Y,2,
TEAM_AWS,NIVEL,VARCHAR2,VARCHAR2(427),427,,,Y,3,
TEAM_AWS,PRG_FORMACIÓN,VARCHAR2,VARCHAR2(488),488,,,Y,4,
TEAM_AWS,TIPO_DOC,VARCHAR2,VARCHAR2(42),42,,,Y,5,
TEAM_AWS,NUM_DOC,NUMBER,NUMBER,22,,,Y,6,
TEAM_AWS,NOMBRE,VARCHAR2,VARCHAR2(420),420,,,Y,7,
TEAM_AWS,PRIMER APELLIDO,VARCHAR2,VARCHAR2(412),412,,,Y,8,
TEAM_AWS,SEGUNDO APELLIDO,VARCHAR2,VARCHAR2(414),414,,,Y,9,
TEAM_AWS,CORREO_MISENA,VARCHAR2,VARCHAR2(429),429,,,Y,10,
TEAM_AWS,Numero de contacto,VARCHAR2,VARCHAR2(411),411,,,Y,11,
TEAM_AWS,GENERO,VARCHAR2,VARCHAR2(41),41,,,Y,12,
TEAM_AWS, Type,VARCHAR2,VARCHAR2(47),47,,,Y,13,
TEAM_AWS,RUTA FORMATIVA,VARCHAR2,VARCHAR2(442),442,,,Y,14,
TEAM_AWS,Fecha de Certificación,VARCHAR2,VARCHAR2(410),410,,,Y,15,
TEMA_CAPACITACION,TCA_ID,NUMBER,NUMBER(10),22,10,,N,1,
TEMA_CAPACITACION,TCA_NOMBRE,VARCHAR2,VARCHAR2(80),80,,,N,2,
TEMA_CAPACITACION,TCA_DESCRIPCION,VARCHAR2,VARCHAR2(300),300,,,N,3,
TEMA_CAPACITACION,ENF_ID,NUMBER,NUMBER(7),22,7,,Y,4,
TEMA_CAPACITACION,EMP_ID,NUMBER,NUMBER(8),22,8,,Y,5,
TEMA_CAPACITACION,TCA_COMPETENCIA,VARCHAR2,VARCHAR2(150),150,,,Y,6,
TEMA_CAPACITACION,TCA_MODALIDAD,NUMBER,NUMBER(1),22,1,,Y,7,
TEMA_CAPACITACION,TCA_NUM_CUPOS,NUMBER,NUMBER(3),22,3,,N,8,
TEMA_CAPACITACION,TCA_FCH_REGISTRO,DATE,DATE,7,,,N,9,
TEMA_CAPACITACION,FUN_ID,NUMBER,NUMBER(5),22,5,,N,10,
TEMA_CAPACITACION,CSPE_ID,NUMBER,NUMBER(7),22,7,,N,11,
TEMA_CAPACITACION,TCA_NSOLICITUD_SOFIA,NUMBER,NUMBER(10),22,10,,Y,12,
TEMA_CAPACITACION,TCA_FCH_NSOLICITUD,DATE,DATE,7,,,Y,13,
TEMA_CAPACITACION_OFERENTE,TCOF_ID,NUMBER,NUMBER(10),22,10,,N,1,
TEMA_CAPACITACION_OFERENTE,TCA_ID,NUMBER,NUMBER(10),22,10,,N,2,
TEMA_CAPACITACION_OFERENTE,OFT_ID,NUMBER,NUMBER(9),22,9,,N,3,
TEMA_CAPACITACION_OFERENTE,TCO_FCH_REGISTRO,DATE,DATE,7,,,N,4,
TEMA_CAPACITACION_OFERENTE,FUN_ID,NUMBER,NUMBER(5),22,5,,N,5,
TEMA_CAPACITACION_OFERENTE,CSPE_ID,NUMBER,NUMBER(7),22,7,,N,6,
TEM_OFT_PREFERENCIA_OCUP,OPO_ID,NUMBER,NUMBER(15),22,15,,N,1,
TEM_OFT_PREFERENCIA_OCUP,OFT_ID,NUMBER,NUMBER(9),22,9,,N,2,
TEM_OFT_PREFERENCIA_OCUP,OPO_PRIORIDAD,NUMBER,NUMBER(1),22,1,,N,3,
TEM_OFT_PREFERENCIA_OCUP,FUN_ID,NUMBER,NUMBER(5),22,5,,Y,4,
TEM_OFT_PREFERENCIA_OCUP,CSPE_ID,NUMBER,NUMBER(7),22,7,,Y,5,
TEM_OFT_PREFERENCIA_OCUP,OPO_FCH_REGISTRO,DATE,DATE,7,,,N,6,
TEM_OFT_PREFERENCIA_OCUP,IND_ID,NUMBER,NUMBER(4),22,4,,N,7,
TIPO_CARACTERIZACION,TCT_ID,NUMBER,NUMBER(2),22,2,,N,1,
TIPO_CARACTERIZACION,TCT_DESCRIPCION,VARCHAR2,VARCHAR2(100),100,,,N,2,
TIPO_CARACTERIZACION,TCT_HAB_CRUCE,NUMBER,NUMBER(1),22,1,,N,3,
TIPO_CONTRATO,TCO_ID,NUMBER,NUMBER(1),22,1,,N,1,
TIPO_CONTRATO,TCO_NOMBRE,VARCHAR2,VARCHAR2(40),40,,,N,2,
TIPO_CONTRATO,TCO_DESCRIPCION,VARCHAR2,VARCHAR2(100),100,,,N,3,
TIPO_CORREO,TIC_ID,NUMBER,NUMBER(2),22,2,,N,1,
TIPO_CORREO,TIC_DESCRIPCION,VARCHAR2,VARCHAR2(200),200,,,N,2,
TIPO_CSPE,TICSPE_ID,NUMBER,NUMBER(1),22,1,,N,1,
TIPO_CSPE,TICSPE_NOMBRE,VARCHAR2,VARCHAR2(100),100,,,N,2,
TIPO_DOC_IDENT,TDI_ID,NUMBER,NUMBER(1),22,1,,N,1,
TIPO_DOC_IDENT,TDI_ABREVIATURA,VARCHAR2,VARCHAR2(4),4,,,N,2,
TIPO_DOC_IDENT,TDI_NOMBRE,VARCHAR2,VARCHAR2(50),50,,,N,3,
TIPO_DOC_IDENT,TDI_VAL_OFERTA,NUMBER,NUMBER(1),22,1,,N,4,
TIPO_DOC_IDENT,TDI_VAL_EMPRESA,NUMBER,NUMBER(1),22,1,,N,5,
TIPO_DOC_IDENT,TDI_OFT_INTERNET,NUMBER,NUMBER(1),22,1,,N,6,
TIPO_DOC_IDENT,TDI_EMP_INTERNET,NUMBER,NUMBER(1),22,1,,N,7,
TIPO_EMPRESA,TEM_ID,NUMBER,NUMBER(2),22,2,,N,1,
TIPO_EMPRESA,TEM_NOMBRE,VARCHAR2,VARCHAR2(40),40,,,N,2,
TIPO_EMPRESA,TEM_DESCRIPCION,VARCHAR2,VARCHAR2(150),150,,,N,3,
TIPO_ESTUDIO,TIE_ID,NUMBER,NUMBER(2),22,2,,N,1,
TIPO_ESTUDIO,TIE_NOMBRE,VARCHAR2,VARCHAR2(40),40,,,N,2,
TIPO_EVENTO,TEV_ID,NUMBER,NUMBER(2),22,2,,N,1,
TIPO_EVENTO,TEV_DESCRIPCION,VARCHAR2,VARCHAR2(100),100,,,N,2,
TIPO_EVENTO,TEV_TIPO,VARCHAR2,VARCHAR2(1),1,,,N,3,
TIPO_EVENTO_APE,TEA_ID,NUMBER,NUMBER,22,,,N,1,
TIPO_EVENTO_APE,TEA_NOMBRE,VARCHAR2,VARCHAR2(50),50,,,Y,2,
TIPO_EVENTO_APE,FECHA_INICIO,DATE,DATE,7,,,Y,3,
TIPO_EVENTO_APE,FECHA_FIN,DATE,DATE,7,,,Y,4,
TIPO_ORIENTACION,TORI_ID,NUMBER,NUMBER(2),22,2,,N,1,
TIPO_ORIENTACION,TORI_NOMBRE,VARCHAR2,VARCHAR2(70),70,,,N,2,
TIPO_ORIENTACION,TORI_SELECCIONABLE,NUMBER,NUMBER(1),22,1,,N,3,0 
TIPO_ORIENTACION,TORI_ORI_OFT,NUMBER,NUMBER(1),22,1,,N,4,0 
TIPO_ORIENTACION,TORI_ORI_EMP,NUMBER,NUMBER(1),22,1,,N,5,0 
TIPO_ORIENTACION_DET,TORID_ID,NUMBER,NUMBER(10),22,10,,N,1,
TIPO_ORIENTACION_DET,TORI_ID,NUMBER,NUMBER(10),22,10,,N,2,
TIPO_ORIENTACION_DET,TORID_NOMBRE,VARCHAR2,VARCHAR2(255),255,,,Y,3,
TIPO_ORIENTACION_DET,TORID_TABLA,VARCHAR2,VARCHAR2(100),100,,,Y,4,
TIPO_ORIENTACION_DET,TORID_TABLA_PK,VARCHAR2,VARCHAR2(50),50,,,Y,5,
TIPO_ORIENTACION_DET,TORID_TABLA_COLS,VARCHAR2,VARCHAR2(255),255,,,Y,6,
TIPO_ORIENTACION_EMIENTO,TOE_ID,NUMBER,NUMBER(6),22,6,,N,1,
TIPO_ORIENTACION_EMIENTO,TOE_REG_NOMBRE,VARCHAR2,VARCHAR2(100),100,,,N,2,
TIPO_ORIENTACION_EMIENTO,TOE_LIDER,VARCHAR2,VARCHAR2(150),150,,,N,3,
TIPO_ORIENTACION_EMIENTO,TOE_DIRECCION,VARCHAR2,VARCHAR2(512),512,,,N,4,
TIPO_PES,TIPES_ID,NUMBER,NUMBER(2),22,2,,N,1,
TIPO_PES,TIPES_NOMBRE,VARCHAR2,VARCHAR2(100),100,,,N,2,
TIPO_PES,TIPES_HAB_HIS,NUMBER,NUMBER(1),22,1,,N,3,
TIPO_POBLACION_SOFIA_RUV,TPB_ID,VARCHAR2,VARCHAR2(3),3,,,Y,1,
TIPO_POBLACION_SOFIA_RUV,TIPO_POBLACION_SOFIA,VARCHAR2,VARCHAR2(90),90,,,Y,2,
TIPO_SUELDO,TSU_ID,NUMBER,NUMBER(1),22,1,,N,1,
TIPO_SUELDO,TSU_NOMBRE,VARCHAR2,VARCHAR2(40),40,,,N,2,
TIPO_SUELDO,TSU_DESCRIPCION,VARCHAR2,VARCHAR2(100),100,,,N,3,
TITULO,TIT_ID,NUMBER,NUMBER(5),22,5,,N,1,
TITULO,TIT_NOMBRE,VARCHAR2,VARCHAR2(1024),1024,,,N,2,
TITULO,NIA_ORDEN,NUMBER,NUMBER(2),22,2,,N,3,
TITULO,ARC_ID,VARCHAR2,VARCHAR2(1),1,,,Y,4,
TITULO,TIT_ORIGEN,NUMBER,NUMBER(1),22,1,,N,5,0 
TITULO,TIT_SNIES,VARCHAR2,VARCHAR2(20),20,,,Y,6,
TITULO_AGRUPACION,TIA_ID,NUMBER,NUMBER(10),22,10,,N,1,
TITULO_AGRUPACION,TIT_ID,NUMBER,NUMBER(5),22,5,,N,2,
TITULO_AGRUPACION,TIG_ID,NUMBER,NUMBER(6),22,6,,N,3,
TITULO_GRUPO,TIG_ID,NUMBER,NUMBER(6),22,6,,N,1,
TITULO_GRUPO,TIG_DESCRIPCION,VARCHAR2,VARCHAR2(250),250,,,N,2,
TITULO_GRUPO,NIA_ID,NUMBER,NUMBER(2),22,2,,N,3,
TITULO_RELACIONADO,TIR_ID,NUMBER,NUMBER(5),22,5,,Y,1,
TITULO_RELACIONADO,TIT_ID,NUMBER,NUMBER(5),22,5,,Y,2,
TITULO_RELACIONADO,NIA_ORDEN,NUMBER,NUMBER(2),22,2,,Y,3,
TITULO_RELACIONADO,ARC_ID,NUMBER,NUMBER(1),22,1,,Y,4,
TITULO_RELACIONADO_BACK,TRB_ID,NUMBER,NUMBER(5),22,5,,N,1,
TITULO_RELACIONADO_BACK,TTB_ID,NUMBER,NUMBER(5),22,5,,N,2,
TMP_SEQ_LIST,TABLE_NAME,VARCHAR2,VARCHAR2(28),28,,,Y,1,
TMP_SEQ_LIST,COLUMN_NAME,VARCHAR2,VARCHAR2(10),10,,,Y,2,
TMP_SEQ_LIST,SEQUENCE_NAME,VARCHAR2,VARCHAR2(14),14,,,Y,3,
TMP_SEQ_LIST,OWNER,VARCHAR2,VARCHAR2(3),3,,,Y,4,
URL_ROL,URL_INI,VARCHAR2,VARCHAR2(200),200,,,N,1,
URL_ROL,URL_FIN,VARCHAR2,VARCHAR2(200),200,,,N,2,
URL_ROL,ROL_ID,NUMBER,NUMBER(2),22,2,,N,3,
URL_ROL_BAC,URL_INI,VARCHAR2,VARCHAR2(200),200,,,N,1,
URL_ROL_BAC,URL_FIN,VARCHAR2,VARCHAR2(200),200,,,N,2,
URL_ROL_BAC,ROL_ID,NUMBER,NUMBER(2),22,2,,N,3,
USU_CARACTERIZACION,TCT_ID,NUMBER,NUMBER(2),22,2,,N,1,
USU_CARACTERIZACION,USU_ID,VARCHAR2,VARCHAR2(255),255,,,N,2,
USU_CARACTERIZACION,OCT_FECHA,TIMESTAMP(6),TIMESTAMP(6),11,,6,Y,3,CURRENT_TIMESTAMP
VACANTE,VTE_ID,NUMBER,NUMBER(12),22,12,,N,1,
VACANTE,DEM_ID,NUMBER,NUMBER(10),22,10,,N,2,
VACANTE,VTE_NUM,NUMBER,NUMBER(3),22,3,,N,3,
VACANTE,VTE_FCH_REGISTRO,DATE,DATE,7,,,N,4,
VACANTE,VTE_TIPO,NUMBER,NUMBER(1),22,1,,N,5,
VARIABLE_CRUCE,VAC_CODIGO,VARCHAR2,VARCHAR2(3),3,,,N,1,
VARIABLE_CRUCE,VAC_VARIABLE,VARCHAR2,VARCHAR2(20),20,,,N,2,
VARIABLE_CRUCE,VAC_HAB_DEM,VARCHAR2,VARCHAR2(8),8,,,N,3,
VARIABLE_CRUCE,VAC_HAB_CUR,VARCHAR2,VARCHAR2(8),8,,,N,4,
VARIABLE_CRUCE,VAC_DESCRIPCION,VARCHAR2,VARCHAR2(200),200,,,N,5,
VARIABLE_CRUCE,VAC_ORDEN,NUMBER,NUMBER(2),22,2,,Y,6,
VARIABLE_CRUCE,VAC_HAB_FUN,VARCHAR2,VARCHAR2(8),8,,,N,7,'ENABLED' 
VARIABLE_CRUCE,VAC_SELECCION,VARCHAR2,VARCHAR2(8),8,,,N,8,'DISABLED' 
VARIABLE_CRUCE,VAC_PORCENTAJE,NUMBER,"NUMBER(5,2)",22,5,2,N,9,0 
VEHICULO,VEH_ID,NUMBER,NUMBER(2),22,2,,N,1,
VEHICULO,VEH_NOMBRE,VARCHAR2,VARCHAR2(40),40,,,N,2,
VEHICULO,VEH_DESCRIPCION,VARCHAR2,VARCHAR2(200),200,,,N,3,
VERIFICAR_EMPRESA_ORI,VEO_ID,NUMBER,NUMBER,22,,,N,1,
VERIFICAR_EMPRESA_ORI,VEO_EMP,NUMBER,NUMBER,22,,,N,2,
VERIFICAR_EMPRESA_ORI,VEO_FUN_ID,NUMBER,NUMBER,22,,,N,3,
VERIFICAR_EMPRESA_ORI,VEO_OBSERVACION,VARCHAR2,VARCHAR2(400),400,,,Y,4,
VERIFICAR_EMPRESA_ORI,ASD_FECHA_REGISTRO,DATE,DATE,7,,,N,5,
WL_SERVLET_SESSIONS,WL_ID,VARCHAR2,VARCHAR2(100),100,,,N,1,
WL_SERVLET_SESSIONS,WL_CONTEXT_PATH,VARCHAR2,VARCHAR2(100),100,,,N,2,
WL_SERVLET_SESSIONS,WL_IS_NEW,CHAR,CHAR(1),1,,,Y,3,
WL_SERVLET_SESSIONS,WL_CREATE_TIME,NUMBER,NUMBER(20),22,20,,Y,4,
WL_SERVLET_SESSIONS,WL_IS_VALID,CHAR,CHAR(1),1,,,Y,5,
WL_SERVLET_SESSIONS,WL_SESSION_VALUES,LONG RAW,LONG RAW,,,,Y,6,
WL_SERVLET_SESSIONS,WL_ACCESS_TIME,NUMBER,NUMBER(20),22,20,,Y,7,
WL_SERVLET_SESSIONS,WL_MAX_INACTIVE_INTERVAL,NUMBER,NUMBER,22,,,Y,8,
WS_LOG,IDMENSAJE,NUMBER,NUMBER,22,,,N,1,
WS_LOG,TIPO_MENSAJE,VARCHAR2,VARCHAR2(50),50,,,N,2,
WS_LOG,ERROR_MSG,VARCHAR2,VARCHAR2(500),500,,,N,3,
WS_LOG,ERR_NUM,NUMBER,NUMBER,22,,,Y,4,
WS_OFERTA,IDMENSAJE,NUMBER,NUMBER,22,,,N,1,
WS_OFERTA,TIPO_DOCUMENTO,VARCHAR2,VARCHAR2(2),2,,,N,2,
WS_OFERTA,NUMERO_DOCUMENTO,VARCHAR2,VARCHAR2(20),20,,,Y,3,
WS_OFERTA,NOMBRES,VARCHAR2,VARCHAR2(70),70,,,Y,4,
WS_OFERTA,PRIMER_APELLIDO,VARCHAR2,VARCHAR2(50),50,,,Y,5,
WS_OFERTA,SEGUNDO_APELLIDO,VARCHAR2,VARCHAR2(50),50,,,Y,6,
WS_OFERTA,GENERO,NUMBER,NUMBER(1),22,1,,Y,7,
WS_OFERTA,FECHA_NACIMIENTO,DATE,DATE,7,,,Y,8,
WS_OFERTA,ESTADO_CIVIL,VARCHAR2,VARCHAR2(1),1,,,Y,9,
WS_OFERTA,LIBRETA_MILITAR,NUMBER,NUMBER(1),22,1,,Y,10,
WS_OFERTA,ESTRATO,NUMBER,NUMBER(1),22,1,,Y,11,
WS_OFERTA,PAIS,NUMBER,NUMBER(11),22,11,,Y,12,
WS_OFERTA,DEPARTAMENTO,NUMBER,NUMBER(11),22,11,,Y,13,
WS_OFERTA,MUNICIPIO,NUMBER,NUMBER(11),22,11,,Y,14,
WS_OFERTA,DIRECCION,VARCHAR2,VARCHAR2(200),200,,,Y,15,
WS_OFERTA,TELEFONO,VARCHAR2,VARCHAR2(20),20,,,Y,16,
WS_OFERTA,CELULAR,VARCHAR2,VARCHAR2(20),20,,,Y,17,
WS_OFERTA,CORREO_ELECTRONICO,VARCHAR2,VARCHAR2(50),50,,,Y,18,
WS_OFERTA,POSICION_FAMILIAR,NUMBER,NUMBER(1),22,1,,Y,19,4
WS_OFERTA,NIVEL_SISBEN,NUMBER,NUMBER(1),22,1,,Y,20,
WS_OFERTA,PUNTAJE_SISBEN,NUMBER,NUMBER(3),22,3,,Y,21,
WS_OFERTA,FECHA_EXPIRACION,DATE,DATE,7,,,Y,22,
WS_OFERTA,MUNICIPIO_SISBEN,NUMBER,NUMBER(11),22,11,,Y,23,
WS_OFERTA,REGIONAL,NUMBER,NUMBER(11),22,11,,Y,24,
WS_OFERTA,PROCESADO,NUMBER,NUMBER(2),22,2,,N,25,0 
WS_OFERTA,FECHA_REGISTRO,DATE,DATE,7,,,N,26,SYSDATE 
WS_OFERTA,FECHA_MODIFICACION,DATE,DATE,7,,,Y,27,
WS_OFERTA_ESTUDIOS,IDMENSAJE,NUMBER,NUMBER,22,,,N,1,
WS_OFERTA_ESTUDIOS,TIPO_DOCUMENTO,VARCHAR2,VARCHAR2(2),2,,,Y,2,
WS_OFERTA_ESTUDIOS,NUMERO_DOCUMENTO,VARCHAR2,VARCHAR2(20),20,,,Y,3,
WS_OFERTA_ESTUDIOS,CODIGO_PROGRAMA,NUMBER,NUMBER(11),22,11,,Y,4,
WS_OFERTA_ESTUDIOS,TIPO_FORMACION,NUMBER,NUMBER(1),22,1,,Y,5,
WS_OFERTA_ESTUDIOS,CODIGO_CENTRO_FORMACION,NUMBER,NUMBER,22,,,Y,6,
WS_OFERTA_ESTUDIOS,FECHA_EXPEDICION,DATE,DATE,7,,,Y,7,
WS_OFERTA_ESTUDIOS,OCUPACIONES,VARCHAR2,VARCHAR2(100),100,,,Y,8,
WS_OFERTA_ESTUDIOS,PROCESADO,NUMBER,NUMBER(2),22,2,,N,9,0 
WS_OFERTA_ESTUDIOS,FECHA_REGISTRO,DATE,DATE,7,,,N,10,SYSDATE 
WS_OFERTA_ESTUDIOS,FECHA_MODIFICACION,DATE,DATE,7,,,Y,11,
WS_PROGRAMAS_FORMACION,IDMENSAJE,NUMBER,NUMBER,22,,,N,1,
WS_PROGRAMAS_FORMACION,CODIGO_PROGRAMA,NUMBER,NUMBER,22,,,Y,2,
WS_PROGRAMAS_FORMACION,TIPO_FORMACION,NUMBER,NUMBER(1),22,1,,Y,3,
WS_PROGRAMAS_FORMACION,TITULACION,VARCHAR2,VARCHAR2(200),200,,,Y,4,
WS_PROGRAMAS_FORMACION,METODOLOGIA,NUMBER,NUMBER,22,,,Y,5,
WS_PROGRAMAS_FORMACION,NIVEL_ACADEMICO,NUMBER,NUMBER,22,,,Y,6,
WS_PROGRAMAS_FORMACION,DURACION,NUMBER,NUMBER,22,,,Y,7,
WS_PROGRAMAS_FORMACION,PROCESADO,NUMBER,NUMBER(2),22,2,,N,8,0 
WS_PROGRAMAS_FORMACION,FECHA_REGISTRO,DATE,DATE,7,,,N,9,SYSDATE 
WS_PROGRAMAS_FORMACION,FECHA_MODIFICACION,DATE,DATE,7,,,Y,10,
WS_PROGRAMAS_FORMACION,TITULO_ID_SPE,NUMBER,NUMBER(7),22,7,,Y,11,
ZONA,ZON_ID,NUMBER,NUMBER(12),22,12,,N,1,
ZONA,ZON_NOMBRE,VARCHAR2,VARCHAR2(50),50,,,N,2,
ZONA,MPO_ID,NUMBER,NUMBER(9),22,9,,N,3,
