TABLA,NOMBRE_RESTRICCION,TIPO,TIPO_DESCRIPCION,ESTADO,DIFERIBLE,DIFERIDO,REFERENCIA,COLUMNAS
AAA_CRUCE_ARN_2018,SYS_C0023634,C,CHECK,ENABLED,NOT DEFERRABLE,IMMEDIATE,,NUM
AAA_CRUCE_ARN_201904,SYS_C0023320,C,CHECK,ENABLED,NOT DEFERRABLE,IMMEDIATE,,NUM
AAA_CRUCE_EMPRESAS,SYS_C0021809,C,CHECK,ENABLED,NOT DEFERRABLE,IMMEDIATE,,NUM
ACCION_SEGUIMIENTO_DEM,SYS_C0021829,C,CHECK,ENABLED,NOT DEFERRABLE,IMMEDIATE,,ASD_ID
ACCION_SEGUIMIENTO_DEM,SYS_C0021830,C,CHECK,ENABLED,NOT DEFERRABLE,IMMEDIATE,,ASD_DEM
ACCION_SEGUIMIENTO_DEM,SYS_C0021831,C,CHECK,ENABLED,NOT DEFERRABLE,IMMEDIATE,,ASD_FUN_ID
ACCION_SEGUIMIENTO_DEM,SYS_C0021832,C,CHECK,ENABLED,NOT DEFERRABLE,IMMEDIATE,,ASD_FECHA_REGISTRO
ACCION_SEGUIMIENTO_DEM,SYS_C0021833,C,CHECK,ENABLED,NOT DEFERRABLE,IMMEDIATE,,ASD_FECHA_SEGUIMIENTO
ACCION_SEGUIMIENTO_DEM,ASD_ID_PK,P,PRIMARY KEY,ENABLED,NOT DEFERRABLE,IMMEDIATE,,ASD_ID
ACCION_SEGUIMIENTO_DEM,ASD_DEM_FK,R,FOREIGN KEY,ENABLED,NOT DEFERRABLE,IMMEDIATE,DEM_PK,ASD_DEM
ACCION_SEGUIMIENTO_DEM,ASD_FUN_ID_FK,R,FOREIGN KEY,ENABLED,NOT DEFERRABLE,IMMEDIATE,FUN_PK,ASD_FUN_ID
ANEXO_HIDRO_2616,SYS_C0022819,C,CHECK,ENABLED,NOT DEFERRABLE,IMMEDIATE,,ANE_ID
ANEXO_HIDRO_2616,SYS_C0022820,C,CHECK,ENABLED,NOT DEFERRABLE,IMMEDIATE,,IND_ID
ANEXO_HIDRO_2616,SYS_C0022821,C,CHECK,ENABLED,NOT DEFERRABLE,IMMEDIATE,,DESCRIPCION
ANEXO_HIDRO_2616,SYS_C0022822,C,CHECK,ENABLED,NOT DEFERRABLE,IMMEDIATE,,ESTADO
ANEXO_HIDRO_2616,SYS_C0022823,C,CHECK,ENABLED,NOT DEFERRABLE,IMMEDIATE,,FECHA_INICIO
ANEXO_HIDRO_2616,ANEXO_HIDRO_2616_PK,P,PRIMARY KEY,ENABLED,NOT DEFERRABLE,IMMEDIATE,,ANE_ID
ANEXO_HIDRO_2616,ANEXO_HIDRO_2616_INDICE_FK,R,FOREIGN KEY,ENABLED,NOT DEFERRABLE,IMMEDIATE,IND_PK,IND_ID
APRENDICES_ESTADO,SYS_C0022384,C,CHECK,ENABLED,NOT DEFERRABLE,IMMEDIATE,,AES_ID
APRENDICES_ESTADO,SYS_C0022385,C,CHECK,ENABLED,NOT DEFERRABLE,IMMEDIATE,,AES_NOMBRE
APRENDICES_ESTADO,APRENDICES_ESTADO_PK,P,PRIMARY KEY,ENABLED,NOT DEFERRABLE,IMMEDIATE,,AES_ID
APRENDICES_ESTADO_APE,SYS_C0021767,C,CHECK,ENABLED,NOT DEFERRABLE,IMMEDIATE,,AEA_ID
APRENDICES_ESTADO_APE,SYS_C0021768,C,CHECK,ENABLED,NOT DEFERRABLE,IMMEDIATE,,AEA_NOMBRE
APRENDICES_ESTADO_APE,APRENDICES_ESTADO_SPE_PK,P,PRIMARY KEY,ENABLED,NOT DEFERRABLE,IMMEDIATE,,AEA_ID
APRENDICES_MIG,SYS_C0023583,C,CHECK,ENABLED,NOT DEFERRABLE,IMMEDIATE,,AMI_NIS
APRENDICES_MIG,SYS_C0023584,C,CHECK,ENABLED,NOT DEFERRABLE,IMMEDIATE,,OFT_ID
APRENDICES_MIG,APRENDICES_MIG_PK,P,PRIMARY KEY,ENABLED,NOT DEFERRABLE,IMMEDIATE,,AMI_NIS
APRENDICES_MIG_CERTIFICADOS,SYS_C0021477,C,CHECK,ENABLED,NOT DEFERRABLE,IMMEDIATE,,ACE_ID
APRENDICES_MIG_CERTIFICADOS,SYS_C0021478,C,CHECK,ENABLED,NOT DEFERRABLE,IMMEDIATE,,NIS
APRENDICES_MIG_CERTIFICADOS,SYS_C0021479,C,CHECK,ENABLED,NOT DEFERRABLE,IMMEDIATE,,OFT_ID
APRENDICES_MIG_CERTIFICADOS,SYS_C0021480,C,CHECK,ENABLED,NOT DEFERRABLE,IMMEDIATE,,PROGRAMA
APRENDICES_MIG_CERTIFICADOS,APRENDICES_MIG_CERTIFICADO_PK,P,PRIMARY KEY,ENABLED,NOT DEFERRABLE,IMMEDIATE,,ACE_ID
APRENDICES_MIG_CONF,SYS_C0022061,C,CHECK,ENABLED,NOT DEFERRABLE,IMMEDIATE,,AMC_ID
APRENDICES_MIG_CONF,APRENDICES_MIG_CONF_PK,P,PRIMARY KEY,ENABLED,NOT DEFERRABLE,IMMEDIATE,,AMC_ID
APRENDICES_MIG_ORI,SYS_C0021473,C,CHECK,ENABLED,NOT DEFERRABLE,IMMEDIATE,,AMO_ID
APRENDICES_MIG_ORI,SYS_C0021474,C,CHECK,ENABLED,NOT DEFERRABLE,IMMEDIATE,,AMI_NIS
APRENDICES_MIG_ORI,SYS_C0021475,C,CHECK,ENABLED,NOT DEFERRABLE,IMMEDIATE,,AES_ID
APRENDICES_MIG_ORI,SYS_C0021476,C,CHECK,ENABLED,NOT DEFERRABLE,IMMEDIATE,,AMO_ORIENTADO
APRENDICES_MIG_ORI,APRENDICES_MIG_ORI_PK,P,PRIMARY KEY,ENABLED,NOT DEFERRABLE,IMMEDIATE,,AMO_ID
AREA_CONOCIMIENTO,ARC_ID_NULL,C,CHECK,ENABLED,NOT DEFERRABLE,IMMEDIATE,,ARC_ID
AREA_CONOCIMIENTO,ARC_NOMBRE_NULL,C,CHECK,ENABLED,NOT DEFERRABLE,IMMEDIATE,,ARC_NOMBRE
AREA_CONOCIMIENTO,ARC_PK,P,PRIMARY KEY,ENABLED,NOT DEFERRABLE,IMMEDIATE,,ARC_ID
AREA_DESEMPENO,ARD_DESCRIPCION_NULL,C,CHECK,ENABLED,NOT DEFERRABLE,IMMEDIATE,,ARD_DESCRIPCION
AREA_DESEMPENO,ARD_ID_NULL,C,CHECK,ENABLED,NOT DEFERRABLE,IMMEDIATE,,ARD_ID
AREA_DESEMPENO,ARD_NOMBRE_NULL,C,CHECK,ENABLED,NOT DEFERRABLE,IMMEDIATE,,ARD_NOMBRE
AREA_DESEMPENO,ARD_PK,P,PRIMARY KEY,ENABLED,NOT DEFERRABLE,IMMEDIATE,,ARD_ID
AREA_INFLUENCIA,SYS_C0022162,C,CHECK,ENABLED,NOT DEFERRABLE,IMMEDIATE,,ARI_ID
AREA_INFLUENCIA,SYS_C0022163,C,CHECK,ENABLED,NOT DEFERRABLE,IMMEDIATE,,ARI_DESCRIPCION
AREA_INFLUENCIA,ARI_PK,P,PRIMARY KEY,ENABLED,NOT DEFERRABLE,IMMEDIATE,,ARI_ID
AREA_OCUPACIONAL,ARD_ARO_NULL,C,CHECK,ENABLED,NOT DEFERRABLE,IMMEDIATE,,ARD_ID
AREA_OCUPACIONAL,ARO_ID_NULL,C,CHECK,ENABLED,NOT DEFERRABLE,IMMEDIATE,,ARO_ID
AREA_OCUPACIONAL,ARO_NOMBRE_NULL,C,CHECK,ENABLED,NOT DEFERRABLE,IMMEDIATE,,ARO_NOMBRE
AREA_OCUPACIONAL,NIM_ARO_NULL,C,CHECK,ENABLED,NOT DEFERRABLE,IMMEDIATE,,NIM_ID
AREA_OCUPACIONAL,ARO_PK,P,PRIMARY KEY,ENABLED,NOT DEFERRABLE,IMMEDIATE,,ARO_ID
AREA_OCUPACIONAL,ARD_ARO_FK,R,FOREIGN KEY,ENABLED,NOT DEFERRABLE,IMMEDIATE,ARD_PK,ARD_ID
AREA_OCUPACIONAL,NIM_ARO_FK,R,FOREIGN KEY,ENABLED,NOT DEFERRABLE,IMMEDIATE,NIM_PK,NIM_ID
BARRIO,BAR_ID_NULL,C,CHECK,ENABLED,NOT DEFERRABLE,IMMEDIATE,,BAR_ID
BARRIO,BAR_NOMBRE_NULL,C,CHECK,ENABLED,NOT DEFERRABLE,IMMEDIATE,,BAR_NOMBRE
BARRIO,ZON_BAR_NULL,C,CHECK,ENABLED,NOT DEFERRABLE,IMMEDIATE,,ZON_ID
BARRIO,BAR_PK,P,PRIMARY KEY,ENABLED,NOT DEFERRABLE,IMMEDIATE,,BAR_ID
BARRIO,ZON_BAR_FK,R,FOREIGN KEY,ENABLED,NOT DEFERRABLE,IMMEDIATE,ZON_PK,ZON_ID
CAMBIOS_REGISTRO_ORO,ROWID_CAMREGORO_PK,P,PRIMARY KEY,ENABLED,NOT DEFERRABLE,IMMEDIATE,,"ROWID_OBJECT,FECHI_INICIO_PROCESO,FECHI_FIN_PROCESO"
CAMPE_SENA_CNO,SYS_C0023635,C,CHECK,ENABLED,NOT DEFERRABLE,IMMEDIATE,,OCU_ID
CAMPE_SENA_CNO,SYS_C0023636,C,CHECK,ENABLED,NOT DEFERRABLE,IMMEDIATE,,OCUPACION
CAMPO_OCUPACIONAL,ARO_CAO_NULL,C,CHECK,ENABLED,NOT DEFERRABLE,IMMEDIATE,,ARO_ID
CAMPO_OCUPACIONAL,CAO_ID_NULL,C,CHECK,ENABLED,NOT DEFERRABLE,IMMEDIATE,,CAO_ID
CAMPO_OCUPACIONAL,CAO_NOMBRE_NULL,C,CHECK,ENABLED,NOT DEFERRABLE,IMMEDIATE,,CAO_NOMBRE
CAMPO_OCUPACIONAL,CAO_PK,P,PRIMARY KEY,ENABLED,NOT DEFERRABLE,IMMEDIATE,,CAO_ID
CAMPO_OCUPACIONAL,ARO_CAO_FK,R,FOREIGN KEY,ENABLED,NOT DEFERRABLE,IMMEDIATE,ARO_PK,ARO_ID
CAP_CAPACITACIONES,SYS_C0022064,C,CHECK,ENABLED,NOT DEFERRABLE,IMMEDIATE,,CCA_ID
CAP_CAPACITACIONES,SYS_C0022065,C,CHECK,ENABLED,NOT DEFERRABLE,IMMEDIATE,,OFT_ID
CAP_CAPACITACIONES,CAP_ORIENTADOS_PK,P,PRIMARY KEY,ENABLED,NOT DEFERRABLE,IMMEDIATE,,CCA_ID
CAP_PROGRAMAS,SYS_C0021765,C,CHECK,ENABLED,NOT DEFERRABLE,IMMEDIATE,,CPR_ID
CAP_PROGRAMAS,SYS_C0021766,C,CHECK,ENABLED,NOT DEFERRABLE,IMMEDIATE,,CPR_NOMBRE
CAP_PROGRAMAS,CAP_PROGRAMAS_PK,P,PRIMARY KEY,ENABLED,NOT DEFERRABLE,IMMEDIATE,,CPR_ID
CARACTER,CAR_ID_NULL,C,CHECK,ENABLED,NOT DEFERRABLE,IMMEDIATE,,CAR_ID
CARACTER,CAR_NOMBRE_NULL,C,CHECK,ENABLED,NOT DEFERRABLE,IMMEDIATE,,CAR_NOMBRE
CARACTER,CAR_PK,P,PRIMARY KEY,ENABLED,NOT DEFERRABLE,IMMEDIATE,,CAR_ID
CENTRO_SPE,CSPE_DIRECCION_NULL,C,CHECK,ENABLED,NOT DEFERRABLE,IMMEDIATE,,CSPE_DIRECCION
CENTRO_SPE,CSPE_ESTADO_CHK,C,CHECK,ENABLED,NOT DEFERRABLE,IMMEDIATE,,CSPE_ESTADO
CENTRO_SPE,CSPE_ESTADO_NULL,C,CHECK,ENABLED,NOT DEFERRABLE,IMMEDIATE,,CSPE_ESTADO
CENTRO_SPE,CSPE_ID_NULL,C,CHECK,ENABLED,NOT DEFERRABLE,IMMEDIATE,,CSPE_ID
CENTRO_SPE,CSPE_NOMBRE_NULL,C,CHECK,ENABLED,NOT DEFERRABLE,IMMEDIATE,,CSPE_NOMBRE
CENTRO_SPE,CSPE_TEL_NULL,C,CHECK,ENABLED,NOT DEFERRABLE,IMMEDIATE,,CSPE_TEL
CENTRO_SPE,CSPE_TIPO_NULL,C,CHECK,ENABLED,NOT DEFERRABLE,IMMEDIATE,,TIPO_CSPE
CENTRO_SPE,MPO_CSPE_NULL,C,CHECK,ENABLED,NOT DEFERRABLE,IMMEDIATE,,MPO_ID
CENTRO_SPE,REG_CSPE_NULL,C,CHECK,ENABLED,NOT DEFERRABLE,IMMEDIATE,,REG_ID
CENTRO_SPE,CSPE_PK,P,PRIMARY KEY,ENABLED,NOT DEFERRABLE,IMMEDIATE,,CSPE_ID
CENTRO_SPE,MPO_CSPE_FK,R,FOREIGN KEY,ENABLED,NOT DEFERRABLE,IMMEDIATE,MPO_PK,MPO_ID
CENTRO_SPE,REG_CSPE_FK,R,FOREIGN KEY,ENABLED,NOT DEFERRABLE,IMMEDIATE,REG_PK,REG_ID
CENTRO_SPE_07122012,SYS_C0021711,C,CHECK,ENABLED,NOT DEFERRABLE,IMMEDIATE,,CSPE_ID
CENTRO_SPE_07122012,SYS_C0021712,C,CHECK,ENABLED,NOT DEFERRABLE,IMMEDIATE,,CSPE_NOMBRE
CENTRO_SPE_07122012,SYS_C0021713,C,CHECK,ENABLED,NOT DEFERRABLE,IMMEDIATE,,CSPE_DIRECCION
CENTRO_SPE_07122012,SYS_C0021714,C,CHECK,ENABLED,NOT DEFERRABLE,IMMEDIATE,,CSPE_TEL
CENTRO_SPE_07122012,SYS_C0021715,C,CHECK,ENABLED,NOT DEFERRABLE,IMMEDIATE,,CSPE_ESTADO
CENTRO_SPE_07122012,SYS_C0021716,C,CHECK,ENABLED,NOT DEFERRABLE,IMMEDIATE,,REG_ID
CENTRO_SPE_07122012,SYS_C0021717,C,CHECK,ENABLED,NOT DEFERRABLE,IMMEDIATE,,MPO_ID
CENTRO_SPE_07122012,SYS_C0021718,C,CHECK,ENABLED,NOT DEFERRABLE,IMMEDIATE,,TIPO_CSPE
CENTRO_SPE_10062012,SYS_C0021675,C,CHECK,ENABLED,NOT DEFERRABLE,IMMEDIATE,,CSPE_ID
CENTRO_SPE_10062012,SYS_C0021676,C,CHECK,ENABLED,NOT DEFERRABLE,IMMEDIATE,,CSPE_NOMBRE
CENTRO_SPE_10062012,SYS_C0021677,C,CHECK,ENABLED,NOT DEFERRABLE,IMMEDIATE,,CSPE_DIRECCION
CENTRO_SPE_10062012,SYS_C0021678,C,CHECK,ENABLED,NOT DEFERRABLE,IMMEDIATE,,CSPE_TEL
CENTRO_SPE_10062012,SYS_C0021679,C,CHECK,ENABLED,NOT DEFERRABLE,IMMEDIATE,,CSPE_ESTADO
CENTRO_SPE_10062012,SYS_C0021680,C,CHECK,ENABLED,NOT DEFERRABLE,IMMEDIATE,,REG_ID
CENTRO_SPE_10062012,SYS_C0021681,C,CHECK,ENABLED,NOT DEFERRABLE,IMMEDIATE,,MPO_ID
CENTRO_SPE_10062012,SYS_C0021682,C,CHECK,ENABLED,NOT DEFERRABLE,IMMEDIATE,,TIPO_CSPE
CENTRO_SPE_12102012,SYS_C0021996,C,CHECK,ENABLED,NOT DEFERRABLE,IMMEDIATE,,CSPE_ID
CENTRO_SPE_12102012,SYS_C0021997,C,CHECK,ENABLED,NOT DEFERRABLE,IMMEDIATE,,CSPE_NOMBRE
CENTRO_SPE_12102012,SYS_C0021998,C,CHECK,ENABLED,NOT DEFERRABLE,IMMEDIATE,,CSPE_DIRECCION
CENTRO_SPE_12102012,SYS_C0021999,C,CHECK,ENABLED,NOT DEFERRABLE,IMMEDIATE,,CSPE_TEL
CENTRO_SPE_12102012,SYS_C0022000,C,CHECK,ENABLED,NOT DEFERRABLE,IMMEDIATE,,CSPE_ESTADO
CENTRO_SPE_12102012,SYS_C0022001,C,CHECK,ENABLED,NOT DEFERRABLE,IMMEDIATE,,REG_ID
CENTRO_SPE_12102012,SYS_C0022002,C,CHECK,ENABLED,NOT DEFERRABLE,IMMEDIATE,,MPO_ID
CENTRO_SPE_12102012,SYS_C0022003,C,CHECK,ENABLED,NOT DEFERRABLE,IMMEDIATE,,TIPO_CSPE
CENTRO_SPE_17052013,SYS_C0022973,C,CHECK,ENABLED,NOT DEFERRABLE,IMMEDIATE,,CSPE_ID
CENTRO_SPE_17052013,SYS_C0022974,C,CHECK,ENABLED,NOT DEFERRABLE,IMMEDIATE,,CSPE_NOMBRE
CENTRO_SPE_17052013,SYS_C0022975,C,CHECK,ENABLED,NOT DEFERRABLE,IMMEDIATE,,CSPE_DIRECCION
CENTRO_SPE_17052013,SYS_C0022976,C,CHECK,ENABLED,NOT DEFERRABLE,IMMEDIATE,,CSPE_TEL
CENTRO_SPE_17052013,SYS_C0022977,C,CHECK,ENABLED,NOT DEFERRABLE,IMMEDIATE,,CSPE_ESTADO
CENTRO_SPE_17052013,SYS_C0022978,C,CHECK,ENABLED,NOT DEFERRABLE,IMMEDIATE,,REG_ID
CENTRO_SPE_17052013,SYS_C0022979,C,CHECK,ENABLED,NOT DEFERRABLE,IMMEDIATE,,MPO_ID
CENTRO_SPE_17052013,SYS_C0022980,C,CHECK,ENABLED,NOT DEFERRABLE,IMMEDIATE,,TIPO_CSPE
CENTRO_SPE_17072012,SYS_C0021683,C,CHECK,ENABLED,NOT DEFERRABLE,IMMEDIATE,,CSPE_ID
CENTRO_SPE_17072012,SYS_C0021684,C,CHECK,ENABLED,NOT DEFERRABLE,IMMEDIATE,,CSPE_NOMBRE
CENTRO_SPE_17072012,SYS_C0021685,C,CHECK,ENABLED,NOT DEFERRABLE,IMMEDIATE,,CSPE_DIRECCION
CENTRO_SPE_17072012,SYS_C0021686,C,CHECK,ENABLED,NOT DEFERRABLE,IMMEDIATE,,CSPE_TEL
CENTRO_SPE_17072012,SYS_C0021687,C,CHECK,ENABLED,NOT DEFERRABLE,IMMEDIATE,,CSPE_ESTADO
CENTRO_SPE_17072012,SYS_C0021688,C,CHECK,ENABLED,NOT DEFERRABLE,IMMEDIATE,,REG_ID
CENTRO_SPE_17072012,SYS_C0021689,C,CHECK,ENABLED,NOT DEFERRABLE,IMMEDIATE,,MPO_ID
CENTRO_SPE_17072012,SYS_C0021690,C,CHECK,ENABLED,NOT DEFERRABLE,IMMEDIATE,,TIPO_CSPE
CENTRO_SPE_19102012,SYS_C0022365,C,CHECK,ENABLED,NOT DEFERRABLE,IMMEDIATE,,CSPE_ID
CENTRO_SPE_19102012,SYS_C0022366,C,CHECK,ENABLED,NOT DEFERRABLE,IMMEDIATE,,CSPE_NOMBRE
CENTRO_SPE_19102012,SYS_C0022367,C,CHECK,ENABLED,NOT DEFERRABLE,IMMEDIATE,,CSPE_DIRECCION
CENTRO_SPE_19102012,SYS_C0022368,C,CHECK,ENABLED,NOT DEFERRABLE,IMMEDIATE,,CSPE_TEL
CENTRO_SPE_19102012,SYS_C0022369,C,CHECK,ENABLED,NOT DEFERRABLE,IMMEDIATE,,CSPE_ESTADO
CENTRO_SPE_19102012,SYS_C0022370,C,CHECK,ENABLED,NOT DEFERRABLE,IMMEDIATE,,REG_ID
CENTRO_SPE_19102012,SYS_C0022371,C,CHECK,ENABLED,NOT DEFERRABLE,IMMEDIATE,,MPO_ID
CENTRO_SPE_19102012,SYS_C0022372,C,CHECK,ENABLED,NOT DEFERRABLE,IMMEDIATE,,TIPO_CSPE
CENTRO_SPE_21122012,SYS_C0023264,C,CHECK,ENABLED,NOT DEFERRABLE,IMMEDIATE,,CSPE_ID
CENTRO_SPE_21122012,SYS_C0023265,C,CHECK,ENABLED,NOT DEFERRABLE,IMMEDIATE,,CSPE_NOMBRE
CENTRO_SPE_21122012,SYS_C0023266,C,CHECK,ENABLED,NOT DEFERRABLE,IMMEDIATE,,CSPE_DIRECCION
CENTRO_SPE_21122012,SYS_C0023267,C,CHECK,ENABLED,NOT DEFERRABLE,IMMEDIATE,,CSPE_TEL
CENTRO_SPE_21122012,SYS_C0023268,C,CHECK,ENABLED,NOT DEFERRABLE,IMMEDIATE,,CSPE_ESTADO
CENTRO_SPE_21122012,SYS_C0023269,C,CHECK,ENABLED,NOT DEFERRABLE,IMMEDIATE,,REG_ID
CENTRO_SPE_21122012,SYS_C0023270,C,CHECK,ENABLED,NOT DEFERRABLE,IMMEDIATE,,MPO_ID
CENTRO_SPE_21122012,SYS_C0023271,C,CHECK,ENABLED,NOT DEFERRABLE,IMMEDIATE,,TIPO_CSPE
CENTRO_SPE_23112012,SYS_C0021445,C,CHECK,ENABLED,NOT DEFERRABLE,IMMEDIATE,,CSPE_ID
CENTRO_SPE_23112012,SYS_C0021446,C,CHECK,ENABLED,NOT DEFERRABLE,IMMEDIATE,,CSPE_NOMBRE
CENTRO_SPE_23112012,SYS_C0021447,C,CHECK,ENABLED,NOT DEFERRABLE,IMMEDIATE,,CSPE_DIRECCION
CENTRO_SPE_23112012,SYS_C0021448,C,CHECK,ENABLED,NOT DEFERRABLE,IMMEDIATE,,CSPE_TEL
CENTRO_SPE_23112012,SYS_C0021449,C,CHECK,ENABLED,NOT DEFERRABLE,IMMEDIATE,,CSPE_ESTADO
CENTRO_SPE_23112012,SYS_C0021450,C,CHECK,ENABLED,NOT DEFERRABLE,IMMEDIATE,,REG_ID
CENTRO_SPE_23112012,SYS_C0021451,C,CHECK,ENABLED,NOT DEFERRABLE,IMMEDIATE,,MPO_ID
CENTRO_SPE_23112012,SYS_C0021452,C,CHECK,ENABLED,NOT DEFERRABLE,IMMEDIATE,,TIPO_CSPE
CIIU,CIIU_ID_NULL,C,CHECK,ENABLED,NOT DEFERRABLE,IMMEDIATE,,CIIU_ID
CIIU,CIIU_NOMBRE_NULL,C,CHECK,ENABLED,NOT DEFERRABLE,IMMEDIATE,,CIIU_NOMBRE
CIIU,GRC_CIIU_NULL,C,CHECK,ENABLED,NOT DEFERRABLE,IMMEDIATE,,GRC_ID
CIIU,CIIU_PK,P,PRIMARY KEY,ENABLED,NOT DEFERRABLE,IMMEDIATE,,CIIU_ID
CIIU,GRC_CIIU_FK,R,FOREIGN KEY,ENABLED,NOT DEFERRABLE,IMMEDIATE,GRC_PK,GRC_ID
CNO,CNO_ID_NULL,C,CHECK,ENABLED,NOT DEFERRABLE,IMMEDIATE,,CNO_ID
CNO,CNO_OCU_NULL,C,CHECK,ENABLED,NOT DEFERRABLE,IMMEDIATE,,OCU_ID
CNO,CNO_PK,P,PRIMARY KEY,ENABLED,NOT DEFERRABLE,IMMEDIATE,,CNO_ID
CNO,CNO_OCU_FK,R,FOREIGN KEY,ENABLED,NOT DEFERRABLE,IMMEDIATE,OCU_PK,OCU_ID
CNO_CARGA,SYS_C0022069,C,CHECK,ENABLED,NOT DEFERRABLE,IMMEDIATE,,CNC_ID
CNO_CARGA,SYS_C0022070,C,CHECK,ENABLED,NOT DEFERRABLE,IMMEDIATE,,CNC_ARCHIVO
CNO_CARGA,SYS_C0022071,C,CHECK,ENABLED,NOT DEFERRABLE,IMMEDIATE,,CNC_USUARIO
CNO_CARGA,SYS_C0022072,C,CHECK,ENABLED,NOT DEFERRABLE,IMMEDIATE,,CNC_FECHA_INICIO
CNO_CARGA,SYS_C0022073,C,CHECK,ENABLED,NOT DEFERRABLE,IMMEDIATE,,CNC_STATUS
CNO_CARGA,CNOC_PK,P,PRIMARY KEY,ENABLED,NOT DEFERRABLE,IMMEDIATE,,CNC_ID
CNO_CARGA_LOG,SYS_C0023659,C,CHECK,ENABLED,NOT DEFERRABLE,IMMEDIATE,,CNC_ID
CNO_CARGA_LOG,SYS_C0023660,C,CHECK,ENABLED,NOT DEFERRABLE,IMMEDIATE,,CCL_MENSAJE
CNO_CARGA_LOG,SYS_C0023661,C,CHECK,ENABLED,NOT DEFERRABLE,IMMEDIATE,,CCL_ID
CNO_CARGA_LOG,CNO_CARGA_LOG_PK,P,PRIMARY KEY,ENABLED,NOT DEFERRABLE,IMMEDIATE,,CCL_ID
CNO_CARGA_LOG,CNC_CCL_FK,R,FOREIGN KEY,ENABLED,NOT DEFERRABLE,IMMEDIATE,CNOC_PK,CNC_ID
COMPETENCIA_LABORAL,SYS_C0021779,C,CHECK,ENABLED,NOT DEFERRABLE,IMMEDIATE,,CPL_ID
COMPETENCIA_LABORAL,CPL_PK,P,PRIMARY KEY,ENABLED,NOT DEFERRABLE,IMMEDIATE,,CPL_ID
COMPETENCIA_LABORAL_1,SYS_C0021810,C,CHECK,ENABLED,NOT DEFERRABLE,IMMEDIATE,,CPL_ID
CONTROL_CURSO,CCU_FCH_INSCRIPCION_NULL,C,CHECK,ENABLED,NOT DEFERRABLE,IMMEDIATE,,CCU_FCH_INSCRIPCION
CONTROL_CURSO,CCU_FCH_ULT_EST_NULL,C,CHECK,ENABLED,NOT DEFERRABLE,IMMEDIATE,,CCU_FCH_ULT_EST
CONTROL_CURSO,CCU_TOT_DESERTO_NULL,C,CHECK,ENABLED,NOT DEFERRABLE,IMMEDIATE,,CCU_TOT_DESERTO
CONTROL_CURSO,CCU_TOT_INS_CSPE_NULL,C,CHECK,ENABLED,NOT DEFERRABLE,IMMEDIATE,,CCU_TOT_INS_CSPE
CONTROL_CURSO,CCU_TOT_INS_IVR_NULL,C,CHECK,ENABLED,NOT DEFERRABLE,IMMEDIATE,,CCU_TOT_INS_IVR
CONTROL_CURSO,CCU_TOT_INS_WEB_NULL,C,CHECK,ENABLED,NOT DEFERRABLE,IMMEDIATE,,CCU_TOT_INS_WEB
CONTROL_CURSO,CCU_TOT_NO_PRESENTO_NULL,C,CHECK,ENABLED,NOT DEFERRABLE,IMMEDIATE,,CCU_TOT_NO_PRESENTO
CONTROL_CURSO,CCU_TOT_TERMINO_NULL,C,CHECK,ENABLED,NOT DEFERRABLE,IMMEDIATE,,CCU_TOT_TERMINO
CONTROL_CURSO,CUR_CCU_NULL,C,CHECK,ENABLED,NOT DEFERRABLE,IMMEDIATE,,CUR_ID
CONTROL_CURSO,ECR_CCU_NULL,C,CHECK,ENABLED,NOT DEFERRABLE,IMMEDIATE,,ECR_ID
CONTROL_CURSO,CCU_PK,P,PRIMARY KEY,ENABLED,NOT DEFERRABLE,IMMEDIATE,,CUR_ID
CONTROL_CURSO,CUR_CCU_FK,R,FOREIGN KEY,ENABLED,NOT DEFERRABLE,IMMEDIATE,CUR_PK,CUR_ID
CONTROL_CURSO,ECR_CCU_FK,R,FOREIGN KEY,ENABLED,NOT DEFERRABLE,IMMEDIATE,ECR_PK,ECR_ID
CONTROL_CURSO_05102012,SYS_C0023547,C,CHECK,ENABLED,NOT DEFERRABLE,IMMEDIATE,,CUR_ID
CONTROL_CURSO_05102012,SYS_C0023548,C,CHECK,ENABLED,NOT DEFERRABLE,IMMEDIATE,,CCU_FCH_INSCRIPCION
CONTROL_CURSO_05102012,SYS_C0023549,C,CHECK,ENABLED,NOT DEFERRABLE,IMMEDIATE,,ECR_ID
CONTROL_CURSO_05102012,SYS_C0023550,C,CHECK,ENABLED,NOT DEFERRABLE,IMMEDIATE,,CCU_TOT_INS_CSPE
CONTROL_CURSO_05102012,SYS_C0023551,C,CHECK,ENABLED,NOT DEFERRABLE,IMMEDIATE,,CCU_TOT_INS_WEB
CONTROL_CURSO_05102012,SYS_C0023552,C,CHECK,ENABLED,NOT DEFERRABLE,IMMEDIATE,,CCU_TOT_INS_IVR
CONTROL_CURSO_05102012,SYS_C0023553,C,CHECK,ENABLED,NOT DEFERRABLE,IMMEDIATE,,CCU_TOT_TERMINO
CONTROL_CURSO_05102012,SYS_C0023554,C,CHECK,ENABLED,NOT DEFERRABLE,IMMEDIATE,,CCU_TOT_NO_PRESENTO
CONTROL_CURSO_05102012,SYS_C0023555,C,CHECK,ENABLED,NOT DEFERRABLE,IMMEDIATE,,CCU_TOT_DESERTO
CONTROL_CURSO_05102012,SYS_C0023556,C,CHECK,ENABLED,NOT DEFERRABLE,IMMEDIATE,,CCU_FCH_ULT_EST
CONTROL_CURSO_07122012,SYS_C0022708,C,CHECK,ENABLED,NOT DEFERRABLE,IMMEDIATE,,CUR_ID
CONTROL_CURSO_07122012,SYS_C0022709,C,CHECK,ENABLED,NOT DEFERRABLE,IMMEDIATE,,CCU_FCH_INSCRIPCION
CONTROL_CURSO_07122012,SYS_C0022710,C,CHECK,ENABLED,NOT DEFERRABLE,IMMEDIATE,,ECR_ID
CONTROL_CURSO_07122012,SYS_C0022711,C,CHECK,ENABLED,NOT DEFERRABLE,IMMEDIATE,,CCU_TOT_INS_CSPE
CONTROL_CURSO_07122012,SYS_C0022712,C,CHECK,ENABLED,NOT DEFERRABLE,IMMEDIATE,,CCU_TOT_INS_WEB
CONTROL_CURSO_07122012,SYS_C0022713,C,CHECK,ENABLED,NOT DEFERRABLE,IMMEDIATE,,CCU_TOT_INS_IVR
CONTROL_CURSO_07122012,SYS_C0022714,C,CHECK,ENABLED,NOT DEFERRABLE,IMMEDIATE,,CCU_TOT_TERMINO
CONTROL_CURSO_07122012,SYS_C0022715,C,CHECK,ENABLED,NOT DEFERRABLE,IMMEDIATE,,CCU_TOT_NO_PRESENTO
CONTROL_CURSO_07122012,SYS_C0022716,C,CHECK,ENABLED,NOT DEFERRABLE,IMMEDIATE,,CCU_TOT_DESERTO
CONTROL_CURSO_07122012,SYS_C0022717,C,CHECK,ENABLED,NOT DEFERRABLE,IMMEDIATE,,CCU_FCH_ULT_EST
CONTROL_CURSO_12102012,SYS_C0021691,C,CHECK,ENABLED,NOT DEFERRABLE,IMMEDIATE,,CUR_ID
CONTROL_CURSO_12102012,SYS_C0021692,C,CHECK,ENABLED,NOT DEFERRABLE,IMMEDIATE,,CCU_FCH_INSCRIPCION
CONTROL_CURSO_12102012,SYS_C0021693,C,CHECK,ENABLED,NOT DEFERRABLE,IMMEDIATE,,ECR_ID
CONTROL_CURSO_12102012,SYS_C0021694,C,CHECK,ENABLED,NOT DEFERRABLE,IMMEDIATE,,CCU_TOT_INS_CSPE
CONTROL_CURSO_12102012,SYS_C0021695,C,CHECK,ENABLED,NOT DEFERRABLE,IMMEDIATE,,CCU_TOT_INS_WEB
CONTROL_CURSO_12102012,SYS_C0021696,C,CHECK,ENABLED,NOT DEFERRABLE,IMMEDIATE,,CCU_TOT_INS_IVR
CONTROL_CURSO_12102012,SYS_C0021697,C,CHECK,ENABLED,NOT DEFERRABLE,IMMEDIATE,,CCU_TOT_TERMINO
CONTROL_CURSO_12102012,SYS_C0021698,C,CHECK,ENABLED,NOT DEFERRABLE,IMMEDIATE,,CCU_TOT_NO_PRESENTO
CONTROL_CURSO_12102012,SYS_C0021699,C,CHECK,ENABLED,NOT DEFERRABLE,IMMEDIATE,,CCU_TOT_DESERTO
CONTROL_CURSO_12102012,SYS_C0021700,C,CHECK,ENABLED,NOT DEFERRABLE,IMMEDIATE,,CCU_FCH_ULT_EST
CONTROL_CURSO_17052013,SYS_C0022981,C,CHECK,ENABLED,NOT DEFERRABLE,IMMEDIATE,,CUR_ID
CONTROL_CURSO_17052013,SYS_C0022982,C,CHECK,ENABLED,NOT DEFERRABLE,IMMEDIATE,,CCU_FCH_INSCRIPCION
CONTROL_CURSO_17052013,SYS_C0022983,C,CHECK,ENABLED,NOT DEFERRABLE,IMMEDIATE,,ECR_ID
CONTROL_CURSO_17052013,SYS_C0022984,C,CHECK,ENABLED,NOT DEFERRABLE,IMMEDIATE,,CCU_TOT_INS_CSPE
CONTROL_CURSO_17052013,SYS_C0022985,C,CHECK,ENABLED,NOT DEFERRABLE,IMMEDIATE,,CCU_TOT_INS_WEB
CONTROL_CURSO_17052013,SYS_C0022986,C,CHECK,ENABLED,NOT DEFERRABLE,IMMEDIATE,,CCU_TOT_INS_IVR
CONTROL_CURSO_17052013,SYS_C0022987,C,CHECK,ENABLED,NOT DEFERRABLE,IMMEDIATE,,CCU_TOT_TERMINO
CONTROL_CURSO_17052013,SYS_C0022988,C,CHECK,ENABLED,NOT DEFERRABLE,IMMEDIATE,,CCU_TOT_NO_PRESENTO
CONTROL_CURSO_17052013,SYS_C0022989,C,CHECK,ENABLED,NOT DEFERRABLE,IMMEDIATE,,CCU_TOT_DESERTO
CONTROL_CURSO_17052013,SYS_C0022990,C,CHECK,ENABLED,NOT DEFERRABLE,IMMEDIATE,,CCU_FCH_ULT_EST
CONTROL_CURSO_17072012,SYS_C0022671,C,CHECK,ENABLED,NOT DEFERRABLE,IMMEDIATE,,CUR_ID
CONTROL_CURSO_17072012,SYS_C0022672,C,CHECK,ENABLED,NOT DEFERRABLE,IMMEDIATE,,CCU_FCH_INSCRIPCION
CONTROL_CURSO_17072012,SYS_C0022673,C,CHECK,ENABLED,NOT DEFERRABLE,IMMEDIATE,,ECR_ID
CONTROL_CURSO_17072012,SYS_C0022674,C,CHECK,ENABLED,NOT DEFERRABLE,IMMEDIATE,,CCU_TOT_INS_CSPE
CONTROL_CURSO_17072012,SYS_C0022675,C,CHECK,ENABLED,NOT DEFERRABLE,IMMEDIATE,,CCU_TOT_INS_WEB
CONTROL_CURSO_17072012,SYS_C0022676,C,CHECK,ENABLED,NOT DEFERRABLE,IMMEDIATE,,CCU_TOT_INS_IVR
CONTROL_CURSO_17072012,SYS_C0022677,C,CHECK,ENABLED,NOT DEFERRABLE,IMMEDIATE,,CCU_TOT_TERMINO
CONTROL_CURSO_17072012,SYS_C0022678,C,CHECK,ENABLED,NOT DEFERRABLE,IMMEDIATE,,CCU_TOT_NO_PRESENTO
CONTROL_CURSO_17072012,SYS_C0022679,C,CHECK,ENABLED,NOT DEFERRABLE,IMMEDIATE,,CCU_TOT_DESERTO
CONTROL_CURSO_17072012,SYS_C0022680,C,CHECK,ENABLED,NOT DEFERRABLE,IMMEDIATE,,CCU_FCH_ULT_EST
CONTROL_CURSO_19102012,SYS_C0023557,C,CHECK,ENABLED,NOT DEFERRABLE,IMMEDIATE,,CUR_ID
CONTROL_CURSO_19102012,SYS_C0023558,C,CHECK,ENABLED,NOT DEFERRABLE,IMMEDIATE,,CCU_FCH_INSCRIPCION
CONTROL_CURSO_19102012,SYS_C0023559,C,CHECK,ENABLED,NOT DEFERRABLE,IMMEDIATE,,ECR_ID
CONTROL_CURSO_19102012,SYS_C0023560,C,CHECK,ENABLED,NOT DEFERRABLE,IMMEDIATE,,CCU_TOT_INS_CSPE
CONTROL_CURSO_19102012,SYS_C0023561,C,CHECK,ENABLED,NOT DEFERRABLE,IMMEDIATE,,CCU_TOT_INS_WEB
CONTROL_CURSO_19102012,SYS_C0023562,C,CHECK,ENABLED,NOT DEFERRABLE,IMMEDIATE,,CCU_TOT_INS_IVR
CONTROL_CURSO_19102012,SYS_C0023563,C,CHECK,ENABLED,NOT DEFERRABLE,IMMEDIATE,,CCU_TOT_TERMINO
CONTROL_CURSO_19102012,SYS_C0023564,C,CHECK,ENABLED,NOT DEFERRABLE,IMMEDIATE,,CCU_TOT_NO_PRESENTO
CONTROL_CURSO_19102012,SYS_C0023565,C,CHECK,ENABLED,NOT DEFERRABLE,IMMEDIATE,,CCU_TOT_DESERTO
CONTROL_CURSO_19102012,SYS_C0023566,C,CHECK,ENABLED,NOT DEFERRABLE,IMMEDIATE,,CCU_FCH_ULT_EST
CONTROL_CURSO_21122012,SYS_C0021453,C,CHECK,ENABLED,NOT DEFERRABLE,IMMEDIATE,,CUR_ID
CONTROL_CURSO_21122012,SYS_C0021454,C,CHECK,ENABLED,NOT DEFERRABLE,IMMEDIATE,,CCU_FCH_INSCRIPCION
CONTROL_CURSO_21122012,SYS_C0021455,C,CHECK,ENABLED,NOT DEFERRABLE,IMMEDIATE,,ECR_ID
CONTROL_CURSO_21122012,SYS_C0021456,C,CHECK,ENABLED,NOT DEFERRABLE,IMMEDIATE,,CCU_TOT_INS_CSPE
CONTROL_CURSO_21122012,SYS_C0021457,C,CHECK,ENABLED,NOT DEFERRABLE,IMMEDIATE,,CCU_TOT_INS_WEB
CONTROL_CURSO_21122012,SYS_C0021458,C,CHECK,ENABLED,NOT DEFERRABLE,IMMEDIATE,,CCU_TOT_INS_IVR
CONTROL_CURSO_21122012,SYS_C0021459,C,CHECK,ENABLED,NOT DEFERRABLE,IMMEDIATE,,CCU_TOT_TERMINO
CONTROL_CURSO_21122012,SYS_C0021460,C,CHECK,ENABLED,NOT DEFERRABLE,IMMEDIATE,,CCU_TOT_NO_PRESENTO
CONTROL_CURSO_21122012,SYS_C0021461,C,CHECK,ENABLED,NOT DEFERRABLE,IMMEDIATE,,CCU_TOT_DESERTO
CONTROL_CURSO_21122012,SYS_C0021462,C,CHECK,ENABLED,NOT DEFERRABLE,IMMEDIATE,,CCU_FCH_ULT_EST
CONTROL_CURSO_23112012,SYS_C0023567,C,CHECK,ENABLED,NOT DEFERRABLE,IMMEDIATE,,CUR_ID
CONTROL_CURSO_23112012,SYS_C0023568,C,CHECK,ENABLED,NOT DEFERRABLE,IMMEDIATE,,CCU_FCH_INSCRIPCION
CONTROL_CURSO_23112012,SYS_C0023569,C,CHECK,ENABLED,NOT DEFERRABLE,IMMEDIATE,,ECR_ID
CONTROL_CURSO_23112012,SYS_C0023570,C,CHECK,ENABLED,NOT DEFERRABLE,IMMEDIATE,,CCU_TOT_INS_CSPE
CONTROL_CURSO_23112012,SYS_C0023571,C,CHECK,ENABLED,NOT DEFERRABLE,IMMEDIATE,,CCU_TOT_INS_WEB
CONTROL_CURSO_23112012,SYS_C0023572,C,CHECK,ENABLED,NOT DEFERRABLE,IMMEDIATE,,CCU_TOT_INS_IVR
CONTROL_CURSO_23112012,SYS_C0023573,C,CHECK,ENABLED,NOT DEFERRABLE,IMMEDIATE,,CCU_TOT_TERMINO
CONTROL_CURSO_23112012,SYS_C0023574,C,CHECK,ENABLED,NOT DEFERRABLE,IMMEDIATE,,CCU_TOT_NO_PRESENTO
CONTROL_CURSO_23112012,SYS_C0023575,C,CHECK,ENABLED,NOT DEFERRABLE,IMMEDIATE,,CCU_TOT_DESERTO
CONTROL_CURSO_23112012,SYS_C0023576,C,CHECK,ENABLED,NOT DEFERRABLE,IMMEDIATE,,CCU_FCH_ULT_EST
CONTROL_CURSO_26102012,SYS_C0021701,C,CHECK,ENABLED,NOT DEFERRABLE,IMMEDIATE,,CUR_ID
CONTROL_CURSO_26102012,SYS_C0021702,C,CHECK,ENABLED,NOT DEFERRABLE,IMMEDIATE,,CCU_FCH_INSCRIPCION
CONTROL_CURSO_26102012,SYS_C0021703,C,CHECK,ENABLED,NOT DEFERRABLE,IMMEDIATE,,ECR_ID
CONTROL_CURSO_26102012,SYS_C0021704,C,CHECK,ENABLED,NOT DEFERRABLE,IMMEDIATE,,CCU_TOT_INS_CSPE
CONTROL_CURSO_26102012,SYS_C0021705,C,CHECK,ENABLED,NOT DEFERRABLE,IMMEDIATE,,CCU_TOT_INS_WEB
CONTROL_CURSO_26102012,SYS_C0021706,C,CHECK,ENABLED,NOT DEFERRABLE,IMMEDIATE,,CCU_TOT_INS_IVR
CONTROL_CURSO_26102012,SYS_C0021707,C,CHECK,ENABLED,NOT DEFERRABLE,IMMEDIATE,,CCU_TOT_TERMINO
CONTROL_CURSO_26102012,SYS_C0021708,C,CHECK,ENABLED,NOT DEFERRABLE,IMMEDIATE,,CCU_TOT_NO_PRESENTO
CONTROL_CURSO_26102012,SYS_C0021709,C,CHECK,ENABLED,NOT DEFERRABLE,IMMEDIATE,,CCU_TOT_DESERTO
CONTROL_CURSO_26102012,SYS_C0021710,C,CHECK,ENABLED,NOT DEFERRABLE,IMMEDIATE,,CCU_FCH_ULT_EST
CONTROL_CURSO_BCK,SYS_C0021463,C,CHECK,ENABLED,NOT DEFERRABLE,IMMEDIATE,,CUR_ID
CONTROL_CURSO_BCK,SYS_C0021464,C,CHECK,ENABLED,NOT DEFERRABLE,IMMEDIATE,,CCU_FCH_INSCRIPCION
CONTROL_CURSO_BCK,SYS_C0021465,C,CHECK,ENABLED,NOT DEFERRABLE,IMMEDIATE,,ECR_ID
CONTROL_CURSO_BCK,SYS_C0021466,C,CHECK,ENABLED,NOT DEFERRABLE,IMMEDIATE,,CCU_TOT_INS_CSPE
CONTROL_CURSO_BCK,SYS_C0021467,C,CHECK,ENABLED,NOT DEFERRABLE,IMMEDIATE,,CCU_TOT_INS_WEB
CONTROL_CURSO_BCK,SYS_C0021468,C,CHECK,ENABLED,NOT DEFERRABLE,IMMEDIATE,,CCU_TOT_INS_IVR
CONTROL_CURSO_BCK,SYS_C0021469,C,CHECK,ENABLED,NOT DEFERRABLE,IMMEDIATE,,CCU_TOT_TERMINO
CONTROL_CURSO_BCK,SYS_C0021470,C,CHECK,ENABLED,NOT DEFERRABLE,IMMEDIATE,,CCU_TOT_NO_PRESENTO
CONTROL_CURSO_BCK,SYS_C0021471,C,CHECK,ENABLED,NOT DEFERRABLE,IMMEDIATE,,CCU_TOT_DESERTO
CONTROL_CURSO_BCK,SYS_C0021472,C,CHECK,ENABLED,NOT DEFERRABLE,IMMEDIATE,,CCU_FCH_ULT_EST
CONTROL_CURSO_BCK2,SYS_C0022745,C,CHECK,ENABLED,NOT DEFERRABLE,IMMEDIATE,,CUR_ID
CONTROL_CURSO_BCK2,SYS_C0022746,C,CHECK,ENABLED,NOT DEFERRABLE,IMMEDIATE,,CCU_FCH_INSCRIPCION
CONTROL_CURSO_BCK2,SYS_C0022747,C,CHECK,ENABLED,NOT DEFERRABLE,IMMEDIATE,,ECR_ID
CONTROL_CURSO_BCK2,SYS_C0022748,C,CHECK,ENABLED,NOT DEFERRABLE,IMMEDIATE,,CCU_TOT_INS_CSPE
CONTROL_CURSO_BCK2,SYS_C0022749,C,CHECK,ENABLED,NOT DEFERRABLE,IMMEDIATE,,CCU_TOT_INS_WEB
CONTROL_CURSO_BCK2,SYS_C0022750,C,CHECK,ENABLED,NOT DEFERRABLE,IMMEDIATE,,CCU_TOT_INS_IVR
CONTROL_CURSO_BCK2,SYS_C0022751,C,CHECK,ENABLED,NOT DEFERRABLE,IMMEDIATE,,CCU_TOT_TERMINO
CONTROL_CURSO_BCK2,SYS_C0022752,C,CHECK,ENABLED,NOT DEFERRABLE,IMMEDIATE,,CCU_TOT_NO_PRESENTO
CONTROL_CURSO_BCK2,SYS_C0022753,C,CHECK,ENABLED,NOT DEFERRABLE,IMMEDIATE,,CCU_TOT_DESERTO
CONTROL_CURSO_BCK2,SYS_C0022754,C,CHECK,ENABLED,NOT DEFERRABLE,IMMEDIATE,,CCU_FCH_ULT_EST
CONTROL_CURSO_BCK_1,SYS_C0022755,C,CHECK,ENABLED,NOT DEFERRABLE,IMMEDIATE,,CUR_ID
CONTROL_CURSO_BCK_1,SYS_C0022756,C,CHECK,ENABLED,NOT DEFERRABLE,IMMEDIATE,,CCU_FCH_INSCRIPCION
CONTROL_CURSO_BCK_1,SYS_C0022757,C,CHECK,ENABLED,NOT DEFERRABLE,IMMEDIATE,,ECR_ID
CONTROL_CURSO_BCK_1,SYS_C0022758,C,CHECK,ENABLED,NOT DEFERRABLE,IMMEDIATE,,CCU_TOT_INS_CSPE
CONTROL_CURSO_BCK_1,SYS_C0022759,C,CHECK,ENABLED,NOT DEFERRABLE,IMMEDIATE,,CCU_TOT_INS_WEB
CONTROL_CURSO_BCK_1,SYS_C0022760,C,CHECK,ENABLED,NOT DEFERRABLE,IMMEDIATE,,CCU_TOT_INS_IVR
CONTROL_CURSO_BCK_1,SYS_C0022761,C,CHECK,ENABLED,NOT DEFERRABLE,IMMEDIATE,,CCU_TOT_TERMINO
CONTROL_CURSO_BCK_1,SYS_C0022762,C,CHECK,ENABLED,NOT DEFERRABLE,IMMEDIATE,,CCU_TOT_NO_PRESENTO
CONTROL_CURSO_BCK_1,SYS_C0022763,C,CHECK,ENABLED,NOT DEFERRABLE,IMMEDIATE,,CCU_TOT_DESERTO
CONTROL_CURSO_BCK_1,SYS_C0022764,C,CHECK,ENABLED,NOT DEFERRABLE,IMMEDIATE,,CCU_FCH_ULT_EST
CONTROL_DEMANDA,CDE_FCH_INSCRIPCION_NULL,C,CHECK,ENABLED,NOT DEFERRABLE,IMMEDIATE,,CDE_FCH_INSCRIPCION
CONTROL_DEMANDA,CDE_FCH_ULT_EST_NULL,C,CHECK,ENABLED,NOT DEFERRABLE,IMMEDIATE,,CDE_FCH_ULT_EST
CONTROL_DEMANDA,CDE_TOT_ENV_CSPE_NULL,C,CHECK,ENABLED,NOT DEFERRABLE,IMMEDIATE,,CDE_TOT_ENV_CSPE
CONTROL_DEMANDA,CDE_TOT_ENV_IVR_NULL,C,CHECK,ENABLED,NOT DEFERRABLE,IMMEDIATE,,CDE_TOT_ENV_IVR
CONTROL_DEMANDA,CDE_TOT_ENV_WEB_NULL,C,CHECK,ENABLED,NOT DEFERRABLE,IMMEDIATE,,CDE_TOT_ENV_WEB
CONTROL_DEMANDA,CDE_TOT_VTE_CAN_EMP_NULL,C,CHECK,ENABLED,NOT DEFERRABLE,IMMEDIATE,,CDE_TOT_VTE_CAN_EMP
CONTROL_DEMANDA,CDE_TOT_VTE_CUB_EMP_NULL,C,CHECK,ENABLED,NOT DEFERRABLE,IMMEDIATE,,CDE_TOT_VTE_CUB_EMP
CONTROL_DEMANDA,CDE_TOT_VTE_CUB_SPE_NULL,C,CHECK,ENABLED,NOT DEFERRABLE,IMMEDIATE,,CDE_TOT_VTE_CUB_SPE
CONTROL_DEMANDA,DEM_CDE_NULL,C,CHECK,ENABLED,NOT DEFERRABLE,IMMEDIATE,,DEM_ID
CONTROL_DEMANDA,ESD_CDE_NULL,C,CHECK,ENABLED,NOT DEFERRABLE,IMMEDIATE,,ESD_ID
CONTROL_DEMANDA,CDE_PK,P,PRIMARY KEY,ENABLED,NOT DEFERRABLE,IMMEDIATE,,DEM_ID
CONTROL_DEMANDA,DEM_CDE_FK,R,FOREIGN KEY,ENABLED,NOT DEFERRABLE,IMMEDIATE,DEM_PK,DEM_ID
CONTROL_DEMANDA,ESD_CDE_FK,R,FOREIGN KEY,ENABLED,NOT DEFERRABLE,IMMEDIATE,ESD_PK,ESD_ID
CONTROL_EMPRESA,CEM_ACU_SUSPENSION_NULL,C,CHECK,ENABLED,NOT DEFERRABLE,IMMEDIATE,,CEM_ACU_SUSPENSION
CONTROL_EMPRESA,CEM_FCH_INSCRIPCION_NULL,C,CHECK,ENABLED,NOT DEFERRABLE,IMMEDIATE,,CEM_FCH_INSCRIPCION
CONTROL_EMPRESA,CEM_FCH_ULT_CONTACTO_NULL,C,CHECK,ENABLED,NOT DEFERRABLE,IMMEDIATE,,CEM_FCH_ULT_CONTACTO
CONTROL_EMPRESA,CEM_FCH_ULT_ESTADO_NULL,C,CHECK,ENABLED,NOT DEFERRABLE,IMMEDIATE,,CEM_FCH_ULT_ESTADO
CONTROL_EMPRESA,CEM_TOT_COL_EMP_NULL,C,CHECK,ENABLED,NOT DEFERRABLE,IMMEDIATE,,CEM_TOT_COL_EMP
CONTROL_EMPRESA,CEM_TOT_COL_SPE_NULL,C,CHECK,ENABLED,NOT DEFERRABLE,IMMEDIATE,,CEM_TOT_COL_SPE
CONTROL_EMPRESA,CEM_TOT_DEMANDAS_NULL,C,CHECK,ENABLED,NOT DEFERRABLE,IMMEDIATE,,CEM_TOT_DEMANDAS
CONTROL_EMPRESA,CEM_TOT_DEM_ACT_NULL,C,CHECK,ENABLED,NOT DEFERRABLE,IMMEDIATE,,CEM_TOT_DEM_ACT
CONTROL_EMPRESA,CEM_TOT_VACANTES_NULL,C,CHECK,ENABLED,NOT DEFERRABLE,IMMEDIATE,,CEM_TOT_VACANTES
CONTROL_EMPRESA,CEM_TOT_VAC_ACT_NULL,C,CHECK,ENABLED,NOT DEFERRABLE,IMMEDIATE,,CEM_TOT_VAC_ACT
CONTROL_EMPRESA,CEM_TOT_VAC_CAN_EMP_NULL,C,CHECK,ENABLED,NOT DEFERRABLE,IMMEDIATE,,CEM_TOT_VAC_CAN_EMP
CONTROL_EMPRESA,EMP_CEM_NULL,C,CHECK,ENABLED,NOT DEFERRABLE,IMMEDIATE,,EMP_ID
CONTROL_EMPRESA,ESE_CEM_NULL,C,CHECK,ENABLED,NOT DEFERRABLE,IMMEDIATE,,ESE_ID
CONTROL_EMPRESA,CEM_PK,P,PRIMARY KEY,ENABLED,NOT DEFERRABLE,IMMEDIATE,,EMP_ID
CONTROL_EMPRESA,EMP_CEM_FK,R,FOREIGN KEY,ENABLED,NOT DEFERRABLE,IMMEDIATE,EMP_PK,EMP_ID
CONTROL_EMPRESA,ESE_CEM_FK,R,FOREIGN KEY,ENABLED,NOT DEFERRABLE,IMMEDIATE,ESE_PK,ESE_ID
CONTROL_OFERTA,COF_ACU_SUSPENSION_NULL,C,CHECK,ENABLED,NOT DEFERRABLE,IMMEDIATE,,COF_ACU_SUSPENSION
CONTROL_OFERTA,COF_CONSULT_DIA_CSPE_NULL,C,CHECK,ENABLED,NOT DEFERRABLE,IMMEDIATE,,COF_CONSULT_DIA_CSPE
CONTROL_OFERTA,COF_CONSULT_DIA_IVR_NULL,C,CHECK,ENABLED,NOT DEFERRABLE,IMMEDIATE,,COF_CONSULT_DIA_IVR
CONTROL_OFERTA,COF_CONSULT_DIA_WEB_NULL,C,CHECK,ENABLED,NOT DEFERRABLE,IMMEDIATE,,COF_CONSULT_DIA_WEB
CONTROL_OFERTA,COF_CON_DIA_CSPE_CUR_NULL,C,CHECK,ENABLED,NOT DEFERRABLE,IMMEDIATE,,COF_CON_DIA_CSPE_CUR
CONTROL_OFERTA,COF_CON_DIA_IVR_CUR_NULL,C,CHECK,ENABLED,NOT DEFERRABLE,IMMEDIATE,,COF_CON_DIA_IVR_CUR
CONTROL_OFERTA,COF_CON_DIA_WEB_CUR_NULL,C,CHECK,ENABLED,NOT DEFERRABLE,IMMEDIATE,,COF_CON_DIA_WEB_CUR
CONTROL_OFERTA,COF_ENVIO_DIA_CSPE_NULL,C,CHECK,ENABLED,NOT DEFERRABLE,IMMEDIATE,,COF_ENVIO_DIA_CSPE
CONTROL_OFERTA,COF_ENVIO_DIA_IVR_NULL,C,CHECK,ENABLED,NOT DEFERRABLE,IMMEDIATE,,COF_ENVIO_DIA_IVR
CONTROL_OFERTA,COF_ENVIO_DIA_WEB_NULL,C,CHECK,ENABLED,NOT DEFERRABLE,IMMEDIATE,,COF_ENVIO_DIA_WEB
CONTROL_OFERTA,COF_FCH_INI_BUSQUEDA_NULL,C,CHECK,ENABLED,NOT DEFERRABLE,IMMEDIATE,,COF_FCH_INI_BUSQUEDA
CONTROL_OFERTA,COF_FCH_INSCRIPCION_NULL,C,CHECK,ENABLED,NOT DEFERRABLE,IMMEDIATE,,COF_FCH_INSCRIPCION
CONTROL_OFERTA,COF_FCH_ULT_ACTUALIZA_NULL,C,CHECK,ENABLED,NOT DEFERRABLE,IMMEDIATE,,COF_FCH_ULT_ACTUALIZA
CONTROL_OFERTA,COF_FCH_ULT_CONTACTO_NULL,C,CHECK,ENABLED,NOT DEFERRABLE,IMMEDIATE,,COF_FCH_ULT_CONTACTO
CONTROL_OFERTA,COF_FCH_ULT_ESTADO_NULL,C,CHECK,ENABLED,NOT DEFERRABLE,IMMEDIATE,,COF_FCH_ULT_ESTADO
CONTROL_OFERTA,COF_INS_DIA_CSPE_CUR_NULL,C,CHECK,ENABLED,NOT DEFERRABLE,IMMEDIATE,,COF_INS_DIA_CSPE_CUR
CONTROL_OFERTA,COF_INS_DIA_IVR_CUR_NULL,C,CHECK,ENABLED,NOT DEFERRABLE,IMMEDIATE,,COF_INS_DIA_IVR_CUR
CONTROL_OFERTA,COF_INS_DIA_WEB_CUR_NULL,C,CHECK,ENABLED,NOT DEFERRABLE,IMMEDIATE,,COF_INS_DIA_WEB_CUR
CONTROL_OFERTA,COF_SAL_MIN_NULL,C,CHECK,ENABLED,NOT DEFERRABLE,IMMEDIATE,,COF_SAL_MIN
CONTROL_OFERTA,COF_SPT_EXPERIENCIA_CHK,C,CHECK,ENABLED,NOT DEFERRABLE,IMMEDIATE,,COF_SPT_EXPERIENCIA
CONTROL_OFERTA,COF_SPT_EXPERIENCIA_NULL,C,CHECK,ENABLED,NOT DEFERRABLE,IMMEDIATE,,COF_SPT_EXPERIENCIA
CONTROL_OFERTA,COF_SPT_E_FORMAL_CHK,C,CHECK,ENABLED,NOT DEFERRABLE,IMMEDIATE,,COF_SPT_E_FORMAL
CONTROL_OFERTA,COF_SPT_E_FORMAL_NULL,C,CHECK,ENABLED,NOT DEFERRABLE,IMMEDIATE,,COF_SPT_E_FORMAL
CONTROL_OFERTA,COF_SPT_E_NO_FORMAL_CHK,C,CHECK,ENABLED,NOT DEFERRABLE,IMMEDIATE,,COF_SPT_E_NO_FORMAL
CONTROL_OFERTA,COF_SPT_E_NO_FORMAL_NULL,C,CHECK,ENABLED,NOT DEFERRABLE,IMMEDIATE,,COF_SPT_E_NO_FORMAL
CONTROL_OFERTA,COF_SPT_GENERAL_CHK,C,CHECK,ENABLED,NOT DEFERRABLE,IMMEDIATE,,COF_SPT_GENERAL
CONTROL_OFERTA,COF_SPT_GENERAL_NULL,C,CHECK,ENABLED,NOT DEFERRABLE,IMMEDIATE,,COF_SPT_GENERAL
CONTROL_OFERTA,COF_SPT_IDIOMA_CHK,C,CHECK,ENABLED,NOT DEFERRABLE,IMMEDIATE,,COF_SPT_IDIOMA
CONTROL_OFERTA,COF_SPT_IDIOMA_NULL,C,CHECK,ENABLED,NOT DEFERRABLE,IMMEDIATE,,COF_SPT_IDIOMA
CONTROL_OFERTA,COF_TOT_COLOCACIONES_NULL,C,CHECK,ENABLED,NOT DEFERRABLE,IMMEDIATE,,COF_TOT_COLOCACIONES
CONTROL_OFERTA,COF_TOT_CONSULT_CSPE_NULL,C,CHECK,ENABLED,NOT DEFERRABLE,IMMEDIATE,,COF_TOT_CONSULT_CSPE
CONTROL_OFERTA,COF_TOT_CONSULT_IVR_NULL,C,CHECK,ENABLED,NOT DEFERRABLE,IMMEDIATE,,COF_TOT_CONSULT_IVR
CONTROL_OFERTA,COF_TOT_CONSULT_WEB_NULL,C,CHECK,ENABLED,NOT DEFERRABLE,IMMEDIATE,,COF_TOT_CONSULT_WEB
CONTROL_OFERTA,COF_TOT_CON_CSPE_CUR_NULL,C,CHECK,ENABLED,NOT DEFERRABLE,IMMEDIATE,,COF_TOT_CON_CSPE_CUR
CONTROL_OFERTA,COF_TOT_CON_IVR_CUR_NULL,C,CHECK,ENABLED,NOT DEFERRABLE,IMMEDIATE,,COF_TOT_CON_IVR_CUR
CONTROL_OFERTA,COF_TOT_CON_WEB_CUR_NULL,C,CHECK,ENABLED,NOT DEFERRABLE,IMMEDIATE,,COF_TOT_CON_WEB_CUR
CONTROL_OFERTA,COF_TOT_ENVIO_CSPE_NULL,C,CHECK,ENABLED,NOT DEFERRABLE,IMMEDIATE,,COF_TOT_ENVIO_CSPE
CONTROL_OFERTA,COF_TOT_ENVIO_IVR_NULL,C,CHECK,ENABLED,NOT DEFERRABLE,IMMEDIATE,,COF_TOT_ENVIO_IVR
CONTROL_OFERTA,COF_TOT_ENVIO_WEB_NULL,C,CHECK,ENABLED,NOT DEFERRABLE,IMMEDIATE,,COF_TOT_ENVIO_WEB
CONTROL_OFERTA,COF_TOT_INS_CSPE_CUR_NULL,C,CHECK,ENABLED,NOT DEFERRABLE,IMMEDIATE,,COF_TOT_INS_CSPE_CUR
CONTROL_OFERTA,COF_TOT_INS_IVR_CUR_NULL,C,CHECK,ENABLED,NOT DEFERRABLE,IMMEDIATE,,COF_TOT_INS_IVR_CUR
CONTROL_OFERTA,COF_TOT_INS_WEB_CUR_NULL,C,CHECK,ENABLED,NOT DEFERRABLE,IMMEDIATE,,COF_TOT_INS_WEB_CUR
CONTROL_OFERTA,ESO_COF_NULL,C,CHECK,ENABLED,NOT DEFERRABLE,IMMEDIATE,,ESO_ID
CONTROL_OFERTA,OFT_COF_NULL,C,CHECK,ENABLED,NOT DEFERRABLE,IMMEDIATE,,OFT_ID
CONTROL_OFERTA,SIO_COF_NULL,C,CHECK,ENABLED,NOT DEFERRABLE,IMMEDIATE,,SIO_ID
CONTROL_OFERTA,CONTROL_OFERTA_PK,P,PRIMARY KEY,ENABLED,NOT DEFERRABLE,IMMEDIATE,,OFT_ID
CONTROL_OFERTA,ESO_COF_FK,R,FOREIGN KEY,ENABLED,NOT DEFERRABLE,IMMEDIATE,ESO_PK,ESO_ID
CONTROL_OFERTA,OFT_COF_FK,R,FOREIGN KEY,ENABLED,NOT DEFERRABLE,IMMEDIATE,OFT_PK,OFT_ID
CONTROL_OFERTA,SIO_COF_FK,R,FOREIGN KEY,ENABLED,NOT DEFERRABLE,IMMEDIATE,SIO_PK,SIO_ID
CONVENIO_ACCION,CAC_CEN_NULL,C,CHECK,ENABLED,NOT DEFERRABLE,IMMEDIATE,,CEN_ID
CONVENIO_ACCION,CAC_DEMANDA_CHK,C,CHECK,ENABLED,NOT DEFERRABLE,IMMEDIATE,,CAC_DEMANDA
CONVENIO_ACCION,CAC_DEMANDA_NULL,C,CHECK,ENABLED,NOT DEFERRABLE,IMMEDIATE,,CAC_DEMANDA
CONVENIO_ACCION,CAC_EMPRESA_CHK,C,CHECK,ENABLED,NOT DEFERRABLE,IMMEDIATE,,CAC_EMPRESA
CONVENIO_ACCION,CAC_EMPRESA_NULL,C,CHECK,ENABLED,NOT DEFERRABLE,IMMEDIATE,,CAC_EMPRESA
CONVENIO_ACCION,CAC_ENVIO_CHK,C,CHECK,ENABLED,NOT DEFERRABLE,IMMEDIATE,,CAC_ENVIO
CONVENIO_ACCION,CAC_ENVIO_NULL,C,CHECK,ENABLED,NOT DEFERRABLE,IMMEDIATE,,CAC_ENVIO
CONVENIO_ACCION,CAC_ID_NULL,C,CHECK,ENABLED,NOT DEFERRABLE,IMMEDIATE,,CAC_ID
CONVENIO_ACCION,CAC_METODO_NULL,C,CHECK,ENABLED,NOT DEFERRABLE,IMMEDIATE,,CAC_METODO
CONVENIO_ACCION,CAC_NOMBRE_NULL,C,CHECK,ENABLED,NOT DEFERRABLE,IMMEDIATE,,CAC_NOMBRE
CONVENIO_ACCION,CAC_OFERTA_CHK,C,CHECK,ENABLED,NOT DEFERRABLE,IMMEDIATE,,CAC_OFERTA
CONVENIO_ACCION,CAC_OFERTA_NULL,C,CHECK,ENABLED,NOT DEFERRABLE,IMMEDIATE,,CAC_OFERTA
CONVENIO_ACCION,CAC_PK,P,PRIMARY KEY,ENABLED,NOT DEFERRABLE,IMMEDIATE,,CAC_ID
CONVENIO_ACCION,CEN_CAC_FK,R,FOREIGN KEY,ENABLED,NOT DEFERRABLE,IMMEDIATE,CCF_PK,CEN_ID
CONVENIO_ACCION,CAC_NOM_CON_UK,U,UNIQUE,ENABLED,NOT DEFERRABLE,IMMEDIATE,,"CEN_ID,CAC_NOMBRE"
CONVENIO_ENTIDAD,CEN_ESTADO_CHK,C,CHECK,ENABLED,NOT DEFERRABLE,IMMEDIATE,,CEN_ESTADO
CONVENIO_ENTIDAD,CEN_ESTADO_NULL,C,CHECK,ENABLED,NOT DEFERRABLE,IMMEDIATE,,CEN_ESTADO
CONVENIO_ENTIDAD,CEN_ID_NULL,C,CHECK,ENABLED,NOT DEFERRABLE,IMMEDIATE,,CEN_ID
CONVENIO_ENTIDAD,CEN_NOMBRE_NULL,C,CHECK,ENABLED,NOT DEFERRABLE,IMMEDIATE,,CEN_NOMBRE
CONVENIO_ENTIDAD,CCF_PK,P,PRIMARY KEY,ENABLED,NOT DEFERRABLE,IMMEDIATE,,CEN_ID
CONVENIO_ENTIDAD,DPT_CCF_FK,R,FOREIGN KEY,ENABLED,NOT DEFERRABLE,IMMEDIATE,DPT_PK,DPT_ID
CONVENIO_GESTION,CAC_CGE_NULL,C,CHECK,ENABLED,NOT DEFERRABLE,IMMEDIATE,,CAC_ID
CONVENIO_GESTION,CEN_CGE_NULL,C,CHECK,ENABLED,NOT DEFERRABLE,IMMEDIATE,,CEN_ID
CONVENIO_GESTION,CGE_FCH_REGISTRO_NULL,C,CHECK,ENABLED,NOT DEFERRABLE,IMMEDIATE,,CGE_FCH_REGISTRO
CONVENIO_GESTION,CGE_ID_NULL,C,CHECK,ENABLED,NOT DEFERRABLE,IMMEDIATE,,CGE_ID
CONVENIO_GESTION,CGE_PK,P,PRIMARY KEY,ENABLED,NOT DEFERRABLE,IMMEDIATE,,CGE_ID
CONVENIO_GESTION,CAC_CGE_FK,R,FOREIGN KEY,ENABLED,NOT DEFERRABLE,IMMEDIATE,CAC_PK,CAC_ID
CONVENIO_GESTION,CEN_CGE_FK,R,FOREIGN KEY,ENABLED,NOT DEFERRABLE,IMMEDIATE,CCF_PK,CEN_ID
CONVENIO_GESTION,DEM_CGE_FK,R,FOREIGN KEY,ENABLED,NOT DEFERRABLE,IMMEDIATE,DEM_PK,DEM_ID
CONVENIO_GESTION,EMP_CGE_FK,R,FOREIGN KEY,ENABLED,NOT DEFERRABLE,IMMEDIATE,EMP_PK,EMP_ID
CONVENIO_GESTION,ENV_CGE_FK,R,FOREIGN KEY,ENABLED,NOT DEFERRABLE,IMMEDIATE,ENV_PK,ENV_ID
CONVENIO_GESTION,OFT_CGE_FK,R,FOREIGN KEY,ENABLED,NOT DEFERRABLE,IMMEDIATE,OFT_PK,OFT_ID
CONVOCATORIA_2011,SYS_C0022359,C,CHECK,ENABLED,NOT DEFERRABLE,IMMEDIATE,,REG_ID
CONVOCATORIA_2011,SYS_C0022360,C,CHECK,ENABLED,NOT DEFERRABLE,IMMEDIATE,,CENTRO_ID
CONVOCATORIA_2011,SYS_C0022361,C,CHECK,ENABLED,NOT DEFERRABLE,IMMEDIATE,,CONSECUTIVO
CONVOCATORIA_2011,SYS_C0022362,C,CHECK,ENABLED,NOT DEFERRABLE,IMMEDIATE,,CEDULA
CONVOCATORIA_2011,SYS_C0022363,C,CHECK,ENABLED,NOT DEFERRABLE,IMMEDIATE,,CONVOCATORIA
CONVOCATORIA_2011,SYS_C0022364,C,CHECK,ENABLED,NOT DEFERRABLE,IMMEDIATE,,FECHA_REGISTRO
CORREO_OFT_EMP,COE_FCH_REGISTRO_NULL,C,CHECK,ENABLED,NOT DEFERRABLE,IMMEDIATE,,COE_FCH_REGISTRO
CORREO_OFT_EMP,COE_ID_NULL,C,CHECK,ENABLED,NOT DEFERRABLE,IMMEDIATE,,COE_ID
CORREO_OFT_EMP,TIC_COE_NULL,C,CHECK,ENABLED,NOT DEFERRABLE,IMMEDIATE,,TIC_ID
CORREO_OFT_EMP,COE_PK,P,PRIMARY KEY,ENABLED,NOT DEFERRABLE,IMMEDIATE,,COE_ID
CORREO_OFT_EMP,CUR_COE_FK,R,FOREIGN KEY,ENABLED,NOT DEFERRABLE,IMMEDIATE,CUR_PK,CUR_ID
CORREO_OFT_EMP,DEM_COE_FK,R,FOREIGN KEY,ENABLED,NOT DEFERRABLE,IMMEDIATE,DEM_PK,DEM_ID
CORREO_OFT_EMP,EMP_COE_FK,R,FOREIGN KEY,ENABLED,NOT DEFERRABLE,IMMEDIATE,EMP_PK,EMP_ID
CORREO_OFT_EMP,OFT_CEO_FK,R,FOREIGN KEY,ENABLED,NOT DEFERRABLE,IMMEDIATE,OFT_PK,OFT_ID
CORREO_OFT_EMP,TIC_COE_FK,R,FOREIGN KEY,ENABLED,NOT DEFERRABLE,IMMEDIATE,TIC_PK,TIC_ID
CRU_CONF_VARIABLE,SYS_C0022788,C,CHECK,ENABLED,NOT DEFERRABLE,IMMEDIATE,,CCV_ID
CRU_CONF_VARIABLE,SYS_C0022789,C,CHECK,ENABLED,NOT DEFERRABLE,IMMEDIATE,,CCV_NOMBRE
CRU_CONF_VARIABLE,SYS_C0022790,C,CHECK,ENABLED,NOT DEFERRABLE,IMMEDIATE,,CCV_ACTIVA
CRU_CONF_VARIABLE,SYS_C0022791,C,CHECK,ENABLED,NOT DEFERRABLE,IMMEDIATE,,CCV_PESO
CRU_CONF_VARIABLE,SYS_C0022792,C,CHECK,ENABLED,NOT DEFERRABLE,IMMEDIATE,,CCV_TOLERANCIA
CRU_CONF_VARIABLE,CRU_CONF_VARIABLE_PK,P,PRIMARY KEY,ENABLED,NOT DEFERRABLE,IMMEDIATE,,CCV_ID
CRU_EVENTO_CAMBIO,SYS_C0022074,C,CHECK,ENABLED,NOT DEFERRABLE,IMMEDIATE,,CEC_ID
CRU_EVENTO_CAMBIO,SYS_C0022075,C,CHECK,ENABLED,NOT DEFERRABLE,IMMEDIATE,,CEC_FCH
CRU_EVENTO_CAMBIO,SYS_C0022076,C,CHECK,ENABLED,NOT DEFERRABLE,IMMEDIATE,,CEC_TIPO
CRU_EVENTO_CAMBIO,CRU_EVENTO_CAMBIO_PK,P,PRIMARY KEY,ENABLED,NOT DEFERRABLE,IMMEDIATE,,CEC_ID
CRU_SERVER_LOCK,SYS_C0022031,C,CHECK,ENABLED,NOT DEFERRABLE,IMMEDIATE,,SERVER_ID
CRU_SERVER_LOCK,SYS_C0022032,C,CHECK,ENABLED,NOT DEFERRABLE,IMMEDIATE,,BEAT_DATE
CRU_SERVER_LOCK,SYS_C0022033,C,CHECK,ENABLED,NOT DEFERRABLE,IMMEDIATE,,CLUSTER_ID
CRU_SERVER_LOCK,SYS_C0022034,C,CHECK,ENABLED,NOT DEFERRABLE,IMMEDIATE,,PROCESS_ID
CRU_SERVER_LOCK,SYS_C0022035,C,CHECK,ENABLED,NOT DEFERRABLE,IMMEDIATE,,URL
CRU_SERVER_LOCK,CRU_SERVER_LOCK_PK,P,PRIMARY KEY,ENABLED,NOT DEFERRABLE,IMMEDIATE,,SERVER_ID
CUESTIONARIO_TALLER,CSPE_CUT_NULL,C,CHECK,ENABLED,NOT DEFERRABLE,IMMEDIATE,,CSPE_ID
CUESTIONARIO_TALLER,CUT_FCH_REGISTRO_NULL,C,CHECK,ENABLED,NOT DEFERRABLE,IMMEDIATE,,CUT_FCH_REGISTRO
CUESTIONARIO_TALLER,CUT_ID_NULL,C,CHECK,ENABLED,NOT DEFERRABLE,IMMEDIATE,,CUT_ID
CUESTIONARIO_TALLER,CUT_OPCION_A_NULL,C,CHECK,ENABLED,NOT DEFERRABLE,IMMEDIATE,,CUT_OPCION_A
CUESTIONARIO_TALLER,CUT_OPCION_B_NULL,C,CHECK,ENABLED,NOT DEFERRABLE,IMMEDIATE,,CUT_OPCION_B
CUESTIONARIO_TALLER,CUT_OPCION_C_NULL,C,CHECK,ENABLED,NOT DEFERRABLE,IMMEDIATE,,CUT_OPCION_C
CUESTIONARIO_TALLER,CUT_OPCION_D_NULL,C,CHECK,ENABLED,NOT DEFERRABLE,IMMEDIATE,,CUT_OPCION_D
CUESTIONARIO_TALLER,CUT_PREGUNTA_NULL,C,CHECK,ENABLED,NOT DEFERRABLE,IMMEDIATE,,CUT_PREGUNTA
CUESTIONARIO_TALLER,CUT_RESPUESTA_CHK,C,CHECK,ENABLED,NOT DEFERRABLE,IMMEDIATE,,CUT_RESPUESTA
CUESTIONARIO_TALLER,CUT_RESPUESTA_NULL,C,CHECK,ENABLED,NOT DEFERRABLE,IMMEDIATE,,CUT_RESPUESTA
CUESTIONARIO_TALLER,FUN_CUT_NULL,C,CHECK,ENABLED,NOT DEFERRABLE,IMMEDIATE,,FUN_ID
CUESTIONARIO_TALLER,CUT_PK,P,PRIMARY KEY,ENABLED,NOT DEFERRABLE,IMMEDIATE,,CUT_ID
CUESTIONARIO_TALLER,CSPE_CUT_FK,R,FOREIGN KEY,ENABLED,NOT DEFERRABLE,IMMEDIATE,CSPE_PK,CSPE_ID
CUESTIONARIO_TALLER,FUN_CUT_FK,R,FOREIGN KEY,ENABLED,NOT DEFERRABLE,IMMEDIATE,FUN_PK,FUN_ID
CURSO,CSPE_CUR_NULL,C,CHECK,ENABLED,NOT DEFERRABLE,IMMEDIATE,,CSPE_ID
CURSO,CUR_AULA_NULL,C,CHECK,ENABLED,NOT DEFERRABLE,IMMEDIATE,,CUR_AULA
CURSO,CUR_CONTACTO_NULL,C,CHECK,ENABLED,NOT DEFERRABLE,IMMEDIATE,,CUR_CONTACTO
CURSO,CUR_DESCRIPCION_NULL,C,CHECK,ENABLED,NOT DEFERRABLE,IMMEDIATE,,CUR_DESCRIPCION
CURSO,CUR_DIRECCION_NULL,C,CHECK,ENABLED,NOT DEFERRABLE,IMMEDIATE,,CUR_DIRECCION
CURSO,CUR_DURACION_NULL,C,CHECK,ENABLED,NOT DEFERRABLE,IMMEDIATE,,CUR_DURACION
CURSO,CUR_EDAD_MAX_CHK,C,CHECK,ENABLED,NOT DEFERRABLE,IMMEDIATE,,CUR_EDAD_MAX
CURSO,CUR_EDAD_MAX_NULL,C,CHECK,ENABLED,NOT DEFERRABLE,IMMEDIATE,,CUR_EDAD_MAX
CURSO,CUR_EDAD_MIN_CHK,C,CHECK,ENABLED,NOT DEFERRABLE,IMMEDIATE,,CUR_EDAD_MIN
CURSO,CUR_EDAD_MIN_NULL,C,CHECK,ENABLED,NOT DEFERRABLE,IMMEDIATE,,CUR_EDAD_MIN
CURSO,CUR_FCH_FIN_INSC_NULL,C,CHECK,ENABLED,NOT DEFERRABLE,IMMEDIATE,,CUR_FCH_FIN_INSC
CURSO,CUR_FCH_FIN_NULL,C,CHECK,ENABLED,NOT DEFERRABLE,IMMEDIATE,,CUR_FCH_FIN
CURSO,CUR_FCH_INICIO_NULL,C,CHECK,ENABLED,NOT DEFERRABLE,IMMEDIATE,,CUR_FCH_INICIO
CURSO,CUR_FCH_INI_INSC_NULL,C,CHECK,ENABLED,NOT DEFERRABLE,IMMEDIATE,,CUR_FCH_INI_INSC
CURSO,CUR_GENERO_CHK,C,CHECK,ENABLED,NOT DEFERRABLE,IMMEDIATE,,CUR_GENERO
CURSO,CUR_GENERO_NULL,C,CHECK,ENABLED,NOT DEFERRABLE,IMMEDIATE,,CUR_GENERO
CURSO,CUR_HORARIO_NULL,C,CHECK,ENABLED,NOT DEFERRABLE,IMMEDIATE,,CUR_HORARIO
CURSO,CUR_ID_NULL,C,CHECK,ENABLED,NOT DEFERRABLE,IMMEDIATE,,CUR_ID
CURSO,CUR_LIB_MILITAR_CHK,C,CHECK,ENABLED,NOT DEFERRABLE,IMMEDIATE,,CUR_LIB_MILITAR
CURSO,CUR_LIB_MILITAR_NULL,C,CHECK,ENABLED,NOT DEFERRABLE,IMMEDIATE,,CUR_LIB_MILITAR
CURSO,CUR_MODALIDAD_CHK,C,CHECK,ENABLED,NOT DEFERRABLE,IMMEDIATE,,CUR_MODALIDAD
CURSO,CUR_MODALIDAD_NULL,C,CHECK,ENABLED,NOT DEFERRABLE,IMMEDIATE,,CUR_MODALIDAD
CURSO,CUR_NUM_CUPOS_NULL,C,CHECK,ENABLED,NOT DEFERRABLE,IMMEDIATE,,CUR_NUM_CUPOS
CURSO,CUR_SISBEN_NIV_FIN_CHK,C,CHECK,ENABLED,NOT DEFERRABLE,IMMEDIATE,,CUR_SISBEN_NIV_FIN
CURSO,CUR_SISBEN_NIV_INI_CHK,C,CHECK,ENABLED,NOT DEFERRABLE,IMMEDIATE,,CUR_SISBEN_NIV_INI
CURSO,CUR_SISBEN_TIPO_CHK,C,CHECK,ENABLED,NOT DEFERRABLE,IMMEDIATE,,CUR_SISBEN_TIPO
CURSO,CUR_TEL_CONTACTO_NULL,C,CHECK,ENABLED,NOT DEFERRABLE,IMMEDIATE,,CUR_TEL_CONTACTO
CURSO,DUR_CUR_NULL,C,CHECK,ENABLED,NOT DEFERRABLE,IMMEDIATE,,DUR_ID
CURSO,EMP_CUR_NULL,C,CHECK,ENABLED,NOT DEFERRABLE,IMMEDIATE,,EMP_ID
CURSO,ENF_CUR_NULL,C,CHECK,ENABLED,NOT DEFERRABLE,IMMEDIATE,,ENF_ID
CURSO,ESC_CUR_NULL,C,CHECK,ENABLED,NOT DEFERRABLE,IMMEDIATE,,ESC_ID
CURSO,FUN_CUR_NULL,C,CHECK,ENABLED,NOT DEFERRABLE,IMMEDIATE,,FUN_ID
CURSO,OFT_CUR_NULL,C,CHECK,ENABLED,NOT DEFERRABLE,IMMEDIATE,,OFT_ID
CURSO,PAI_CUR_NULL,C,CHECK,ENABLED,NOT DEFERRABLE,IMMEDIATE,,PAI_ID
CURSO,REG_CUR_NULL,C,CHECK,ENABLED,NOT DEFERRABLE,IMMEDIATE,,REG_ID
CURSO,CUR_PK,P,PRIMARY KEY,ENABLED,NOT DEFERRABLE,IMMEDIATE,,CUR_ID
CURSO,BAR_CUR_FK,R,FOREIGN KEY,ENABLED,NOT DEFERRABLE,IMMEDIATE,BAR_PK,BAR_ID
CURSO,CSPE_CUR_FK,R,FOREIGN KEY,ENABLED,NOT DEFERRABLE,IMMEDIATE,CSPE_PK,CSPE_ID
CURSO,DPT_CUR_FK,R,FOREIGN KEY,ENABLED,NOT DEFERRABLE,IMMEDIATE,DPT_PK,DPT_ID
CURSO,DUR_CUR_FK,R,FOREIGN KEY,ENABLED,NOT DEFERRABLE,IMMEDIATE,DUR_PK,DUR_ID
CURSO,EMP_CUR_FK,R,FOREIGN KEY,ENABLED,NOT DEFERRABLE,IMMEDIATE,EMP_PK,EMP_ID
CURSO,ENF_CUR_FK,R,FOREIGN KEY,ENABLED,NOT DEFERRABLE,IMMEDIATE,ENF_PK,ENF_ID
CURSO,ESC_CUR_FK,R,FOREIGN KEY,ENABLED,NOT DEFERRABLE,IMMEDIATE,ESC_PK,ESC_ID
CURSO,ETR_FIN_CUR_FK,R,FOREIGN KEY,ENABLED,NOT DEFERRABLE,IMMEDIATE,ETR_PK,ETR_FIN
CURSO,ETR_INI_CUR_FK,R,FOREIGN KEY,ENABLED,NOT DEFERRABLE,IMMEDIATE,ETR_PK,ETR_INI
CURSO,FUN_CUR_FK,R,FOREIGN KEY,ENABLED,NOT DEFERRABLE,IMMEDIATE,FUN_PK,FUN_ID
CURSO,MPO_CUR_FK,R,FOREIGN KEY,ENABLED,NOT DEFERRABLE,IMMEDIATE,MPO_PK,MPO_ID
CURSO,OFT_CUR_FK,R,FOREIGN KEY,ENABLED,NOT DEFERRABLE,IMMEDIATE,OFT_PK,OFT_ID
CURSO,PAI_CUR_FK,R,FOREIGN KEY,ENABLED,NOT DEFERRABLE,IMMEDIATE,PAI_PK,PAI_ID
CURSO,PSF_CUR_FK,R,FOREIGN KEY,ENABLED,NOT DEFERRABLE,IMMEDIATE,PSF_PK,PSF_ID
CURSO,REG_CUR_FK,R,FOREIGN KEY,ENABLED,NOT DEFERRABLE,IMMEDIATE,REG_PK,REG_ID
CURSO,ZON_CUR_FK,R,FOREIGN KEY,ENABLED,NOT DEFERRABLE,IMMEDIATE,ZON_PK,ZON_ID
CURSO_05102012,SYS_C0021969,C,CHECK,ENABLED,NOT DEFERRABLE,IMMEDIATE,,CUR_ID
CURSO_05102012,SYS_C0021970,C,CHECK,ENABLED,NOT DEFERRABLE,IMMEDIATE,,ENF_ID
CURSO_05102012,SYS_C0021971,C,CHECK,ENABLED,NOT DEFERRABLE,IMMEDIATE,,CUR_DESCRIPCION
CURSO_05102012,SYS_C0021972,C,CHECK,ENABLED,NOT DEFERRABLE,IMMEDIATE,,EMP_ID
CURSO_05102012,SYS_C0021973,C,CHECK,ENABLED,NOT DEFERRABLE,IMMEDIATE,,OFT_ID
CURSO_05102012,SYS_C0021974,C,CHECK,ENABLED,NOT DEFERRABLE,IMMEDIATE,,CUR_NUM_CUPOS
CURSO_05102012,SYS_C0021975,C,CHECK,ENABLED,NOT DEFERRABLE,IMMEDIATE,,CUR_MODALIDAD
CURSO_05102012,SYS_C0021976,C,CHECK,ENABLED,NOT DEFERRABLE,IMMEDIATE,,CUR_HORARIO
CURSO_05102012,SYS_C0021977,C,CHECK,ENABLED,NOT DEFERRABLE,IMMEDIATE,,CUR_DURACION
CURSO_05102012,SYS_C0021978,C,CHECK,ENABLED,NOT DEFERRABLE,IMMEDIATE,,DUR_ID
CURSO_05102012,SYS_C0021979,C,CHECK,ENABLED,NOT DEFERRABLE,IMMEDIATE,,CUR_AULA
CURSO_05102012,SYS_C0021980,C,CHECK,ENABLED,NOT DEFERRABLE,IMMEDIATE,,CUR_FCH_INI_INSC
CURSO_05102012,SYS_C0021981,C,CHECK,ENABLED,NOT DEFERRABLE,IMMEDIATE,,CUR_FCH_FIN_INSC
CURSO_05102012,SYS_C0021982,C,CHECK,ENABLED,NOT DEFERRABLE,IMMEDIATE,,CUR_FCH_INICIO
CURSO_05102012,SYS_C0021983,C,CHECK,ENABLED,NOT DEFERRABLE,IMMEDIATE,,CUR_FCH_FIN
CURSO_05102012,SYS_C0021984,C,CHECK,ENABLED,NOT DEFERRABLE,IMMEDIATE,,PAI_ID
CURSO_05102012,SYS_C0021985,C,CHECK,ENABLED,NOT DEFERRABLE,IMMEDIATE,,CUR_DIRECCION
CURSO_05102012,SYS_C0021986,C,CHECK,ENABLED,NOT DEFERRABLE,IMMEDIATE,,CUR_CONTACTO
CURSO_05102012,SYS_C0021987,C,CHECK,ENABLED,NOT DEFERRABLE,IMMEDIATE,,CUR_TEL_CONTACTO
CURSO_05102012,SYS_C0021988,C,CHECK,ENABLED,NOT DEFERRABLE,IMMEDIATE,,CUR_GENERO
CURSO_05102012,SYS_C0021989,C,CHECK,ENABLED,NOT DEFERRABLE,IMMEDIATE,,CUR_EDAD_MAX
CURSO_05102012,SYS_C0021990,C,CHECK,ENABLED,NOT DEFERRABLE,IMMEDIATE,,CUR_EDAD_MIN
CURSO_05102012,SYS_C0021991,C,CHECK,ENABLED,NOT DEFERRABLE,IMMEDIATE,,ESC_ID
CURSO_05102012,SYS_C0021992,C,CHECK,ENABLED,NOT DEFERRABLE,IMMEDIATE,,CUR_LIB_MILITAR
CURSO_05102012,SYS_C0021993,C,CHECK,ENABLED,NOT DEFERRABLE,IMMEDIATE,,FUN_ID
CURSO_05102012,SYS_C0021994,C,CHECK,ENABLED,NOT DEFERRABLE,IMMEDIATE,,CSPE_ID
CURSO_05102012,SYS_C0021995,C,CHECK,ENABLED,NOT DEFERRABLE,IMMEDIATE,,REG_ID
CURSO_07122012,SYS_C0022718,C,CHECK,ENABLED,NOT DEFERRABLE,IMMEDIATE,,CUR_ID
CURSO_07122012,SYS_C0022719,C,CHECK,ENABLED,NOT DEFERRABLE,IMMEDIATE,,ENF_ID
CURSO_07122012,SYS_C0022720,C,CHECK,ENABLED,NOT DEFERRABLE,IMMEDIATE,,CUR_DESCRIPCION
CURSO_07122012,SYS_C0022721,C,CHECK,ENABLED,NOT DEFERRABLE,IMMEDIATE,,EMP_ID
CURSO_07122012,SYS_C0022722,C,CHECK,ENABLED,NOT DEFERRABLE,IMMEDIATE,,OFT_ID
CURSO_07122012,SYS_C0022723,C,CHECK,ENABLED,NOT DEFERRABLE,IMMEDIATE,,CUR_NUM_CUPOS
CURSO_07122012,SYS_C0022724,C,CHECK,ENABLED,NOT DEFERRABLE,IMMEDIATE,,CUR_MODALIDAD
CURSO_07122012,SYS_C0022725,C,CHECK,ENABLED,NOT DEFERRABLE,IMMEDIATE,,CUR_HORARIO
CURSO_07122012,SYS_C0022726,C,CHECK,ENABLED,NOT DEFERRABLE,IMMEDIATE,,CUR_DURACION
CURSO_07122012,SYS_C0022727,C,CHECK,ENABLED,NOT DEFERRABLE,IMMEDIATE,,DUR_ID
CURSO_07122012,SYS_C0022728,C,CHECK,ENABLED,NOT DEFERRABLE,IMMEDIATE,,CUR_AULA
CURSO_07122012,SYS_C0022729,C,CHECK,ENABLED,NOT DEFERRABLE,IMMEDIATE,,CUR_FCH_INI_INSC
CURSO_07122012,SYS_C0022730,C,CHECK,ENABLED,NOT DEFERRABLE,IMMEDIATE,,CUR_FCH_FIN_INSC
CURSO_07122012,SYS_C0022731,C,CHECK,ENABLED,NOT DEFERRABLE,IMMEDIATE,,CUR_FCH_INICIO
CURSO_07122012,SYS_C0022732,C,CHECK,ENABLED,NOT DEFERRABLE,IMMEDIATE,,CUR_FCH_FIN
CURSO_07122012,SYS_C0022733,C,CHECK,ENABLED,NOT DEFERRABLE,IMMEDIATE,,PAI_ID
CURSO_07122012,SYS_C0022734,C,CHECK,ENABLED,NOT DEFERRABLE,IMMEDIATE,,CUR_DIRECCION
CURSO_07122012,SYS_C0022735,C,CHECK,ENABLED,NOT DEFERRABLE,IMMEDIATE,,CUR_CONTACTO
CURSO_07122012,SYS_C0022736,C,CHECK,ENABLED,NOT DEFERRABLE,IMMEDIATE,,CUR_TEL_CONTACTO
CURSO_07122012,SYS_C0022737,C,CHECK,ENABLED,NOT DEFERRABLE,IMMEDIATE,,CUR_GENERO
CURSO_07122012,SYS_C0022738,C,CHECK,ENABLED,NOT DEFERRABLE,IMMEDIATE,,CUR_EDAD_MAX
CURSO_07122012,SYS_C0022739,C,CHECK,ENABLED,NOT DEFERRABLE,IMMEDIATE,,CUR_EDAD_MIN
CURSO_07122012,SYS_C0022740,C,CHECK,ENABLED,NOT DEFERRABLE,IMMEDIATE,,ESC_ID
CURSO_07122012,SYS_C0022741,C,CHECK,ENABLED,NOT DEFERRABLE,IMMEDIATE,,CUR_LIB_MILITAR
CURSO_07122012,SYS_C0022742,C,CHECK,ENABLED,NOT DEFERRABLE,IMMEDIATE,,FUN_ID
CURSO_07122012,SYS_C0022743,C,CHECK,ENABLED,NOT DEFERRABLE,IMMEDIATE,,CSPE_ID
CURSO_07122012,SYS_C0022744,C,CHECK,ENABLED,NOT DEFERRABLE,IMMEDIATE,,REG_ID
CURSO_12102012,SYS_C0022946,C,CHECK,ENABLED,NOT DEFERRABLE,IMMEDIATE,,CUR_ID
CURSO_12102012,SYS_C0022947,C,CHECK,ENABLED,NOT DEFERRABLE,IMMEDIATE,,ENF_ID
CURSO_12102012,SYS_C0022948,C,CHECK,ENABLED,NOT DEFERRABLE,IMMEDIATE,,CUR_DESCRIPCION
CURSO_12102012,SYS_C0022949,C,CHECK,ENABLED,NOT DEFERRABLE,IMMEDIATE,,EMP_ID
CURSO_12102012,SYS_C0022950,C,CHECK,ENABLED,NOT DEFERRABLE,IMMEDIATE,,OFT_ID
CURSO_12102012,SYS_C0022951,C,CHECK,ENABLED,NOT DEFERRABLE,IMMEDIATE,,CUR_NUM_CUPOS
CURSO_12102012,SYS_C0022952,C,CHECK,ENABLED,NOT DEFERRABLE,IMMEDIATE,,CUR_MODALIDAD
CURSO_12102012,SYS_C0022953,C,CHECK,ENABLED,NOT DEFERRABLE,IMMEDIATE,,CUR_HORARIO
CURSO_12102012,SYS_C0022954,C,CHECK,ENABLED,NOT DEFERRABLE,IMMEDIATE,,CUR_DURACION
CURSO_12102012,SYS_C0022955,C,CHECK,ENABLED,NOT DEFERRABLE,IMMEDIATE,,DUR_ID
CURSO_12102012,SYS_C0022956,C,CHECK,ENABLED,NOT DEFERRABLE,IMMEDIATE,,CUR_AULA
CURSO_12102012,SYS_C0022957,C,CHECK,ENABLED,NOT DEFERRABLE,IMMEDIATE,,CUR_FCH_INI_INSC
CURSO_12102012,SYS_C0022958,C,CHECK,ENABLED,NOT DEFERRABLE,IMMEDIATE,,CUR_FCH_FIN_INSC
CURSO_12102012,SYS_C0022959,C,CHECK,ENABLED,NOT DEFERRABLE,IMMEDIATE,,CUR_FCH_INICIO
CURSO_12102012,SYS_C0022960,C,CHECK,ENABLED,NOT DEFERRABLE,IMMEDIATE,,CUR_FCH_FIN
CURSO_12102012,SYS_C0022961,C,CHECK,ENABLED,NOT DEFERRABLE,IMMEDIATE,,PAI_ID
CURSO_12102012,SYS_C0022962,C,CHECK,ENABLED,NOT DEFERRABLE,IMMEDIATE,,CUR_DIRECCION
CURSO_12102012,SYS_C0022963,C,CHECK,ENABLED,NOT DEFERRABLE,IMMEDIATE,,CUR_CONTACTO
CURSO_12102012,SYS_C0022964,C,CHECK,ENABLED,NOT DEFERRABLE,IMMEDIATE,,CUR_TEL_CONTACTO
CURSO_12102012,SYS_C0022965,C,CHECK,ENABLED,NOT DEFERRABLE,IMMEDIATE,,CUR_GENERO
CURSO_12102012,SYS_C0022966,C,CHECK,ENABLED,NOT DEFERRABLE,IMMEDIATE,,CUR_EDAD_MAX
CURSO_12102012,SYS_C0022967,C,CHECK,ENABLED,NOT DEFERRABLE,IMMEDIATE,,CUR_EDAD_MIN
CURSO_12102012,SYS_C0022968,C,CHECK,ENABLED,NOT DEFERRABLE,IMMEDIATE,,ESC_ID
CURSO_12102012,SYS_C0022969,C,CHECK,ENABLED,NOT DEFERRABLE,IMMEDIATE,,CUR_LIB_MILITAR
CURSO_12102012,SYS_C0022970,C,CHECK,ENABLED,NOT DEFERRABLE,IMMEDIATE,,FUN_ID
CURSO_12102012,SYS_C0022971,C,CHECK,ENABLED,NOT DEFERRABLE,IMMEDIATE,,CSPE_ID
CURSO_12102012,SYS_C0022972,C,CHECK,ENABLED,NOT DEFERRABLE,IMMEDIATE,,REG_ID
CURSO_19102012,SYS_C0022681,C,CHECK,ENABLED,NOT DEFERRABLE,IMMEDIATE,,CUR_ID
CURSO_19102012,SYS_C0022682,C,CHECK,ENABLED,NOT DEFERRABLE,IMMEDIATE,,ENF_ID
CURSO_19102012,SYS_C0022683,C,CHECK,ENABLED,NOT DEFERRABLE,IMMEDIATE,,CUR_DESCRIPCION
CURSO_19102012,SYS_C0022684,C,CHECK,ENABLED,NOT DEFERRABLE,IMMEDIATE,,EMP_ID
CURSO_19102012,SYS_C0022685,C,CHECK,ENABLED,NOT DEFERRABLE,IMMEDIATE,,OFT_ID
CURSO_19102012,SYS_C0022686,C,CHECK,ENABLED,NOT DEFERRABLE,IMMEDIATE,,CUR_NUM_CUPOS
CURSO_19102012,SYS_C0022687,C,CHECK,ENABLED,NOT DEFERRABLE,IMMEDIATE,,CUR_MODALIDAD
CURSO_19102012,SYS_C0022688,C,CHECK,ENABLED,NOT DEFERRABLE,IMMEDIATE,,CUR_HORARIO
CURSO_19102012,SYS_C0022689,C,CHECK,ENABLED,NOT DEFERRABLE,IMMEDIATE,,CUR_DURACION
CURSO_19102012,SYS_C0022690,C,CHECK,ENABLED,NOT DEFERRABLE,IMMEDIATE,,DUR_ID
CURSO_19102012,SYS_C0022691,C,CHECK,ENABLED,NOT DEFERRABLE,IMMEDIATE,,CUR_AULA
CURSO_19102012,SYS_C0022692,C,CHECK,ENABLED,NOT DEFERRABLE,IMMEDIATE,,CUR_FCH_INI_INSC
CURSO_19102012,SYS_C0022693,C,CHECK,ENABLED,NOT DEFERRABLE,IMMEDIATE,,CUR_FCH_FIN_INSC
CURSO_19102012,SYS_C0022694,C,CHECK,ENABLED,NOT DEFERRABLE,IMMEDIATE,,CUR_FCH_INICIO
CURSO_19102012,SYS_C0022695,C,CHECK,ENABLED,NOT DEFERRABLE,IMMEDIATE,,CUR_FCH_FIN
CURSO_19102012,SYS_C0022696,C,CHECK,ENABLED,NOT DEFERRABLE,IMMEDIATE,,PAI_ID
CURSO_19102012,SYS_C0022697,C,CHECK,ENABLED,NOT DEFERRABLE,IMMEDIATE,,CUR_DIRECCION
CURSO_19102012,SYS_C0022698,C,CHECK,ENABLED,NOT DEFERRABLE,IMMEDIATE,,CUR_CONTACTO
CURSO_19102012,SYS_C0022699,C,CHECK,ENABLED,NOT DEFERRABLE,IMMEDIATE,,CUR_TEL_CONTACTO
CURSO_19102012,SYS_C0022700,C,CHECK,ENABLED,NOT DEFERRABLE,IMMEDIATE,,CUR_GENERO
CURSO_19102012,SYS_C0022701,C,CHECK,ENABLED,NOT DEFERRABLE,IMMEDIATE,,CUR_EDAD_MAX
CURSO_19102012,SYS_C0022702,C,CHECK,ENABLED,NOT DEFERRABLE,IMMEDIATE,,CUR_EDAD_MIN
CURSO_19102012,SYS_C0022703,C,CHECK,ENABLED,NOT DEFERRABLE,IMMEDIATE,,ESC_ID
CURSO_19102012,SYS_C0022704,C,CHECK,ENABLED,NOT DEFERRABLE,IMMEDIATE,,CUR_LIB_MILITAR
CURSO_19102012,SYS_C0022705,C,CHECK,ENABLED,NOT DEFERRABLE,IMMEDIATE,,FUN_ID
CURSO_19102012,SYS_C0022706,C,CHECK,ENABLED,NOT DEFERRABLE,IMMEDIATE,,CSPE_ID
CURSO_19102012,SYS_C0022707,C,CHECK,ENABLED,NOT DEFERRABLE,IMMEDIATE,,REG_ID
CURSO_21122012,SYS_C0021719,C,CHECK,ENABLED,NOT DEFERRABLE,IMMEDIATE,,CUR_ID
CURSO_21122012,SYS_C0021720,C,CHECK,ENABLED,NOT DEFERRABLE,IMMEDIATE,,ENF_ID
CURSO_21122012,SYS_C0021721,C,CHECK,ENABLED,NOT DEFERRABLE,IMMEDIATE,,CUR_DESCRIPCION
CURSO_21122012,SYS_C0021722,C,CHECK,ENABLED,NOT DEFERRABLE,IMMEDIATE,,EMP_ID
CURSO_21122012,SYS_C0021723,C,CHECK,ENABLED,NOT DEFERRABLE,IMMEDIATE,,OFT_ID
CURSO_21122012,SYS_C0021724,C,CHECK,ENABLED,NOT DEFERRABLE,IMMEDIATE,,CUR_NUM_CUPOS
CURSO_21122012,SYS_C0021725,C,CHECK,ENABLED,NOT DEFERRABLE,IMMEDIATE,,CUR_MODALIDAD
CURSO_21122012,SYS_C0021726,C,CHECK,ENABLED,NOT DEFERRABLE,IMMEDIATE,,CUR_HORARIO
CURSO_21122012,SYS_C0021727,C,CHECK,ENABLED,NOT DEFERRABLE,IMMEDIATE,,CUR_DURACION
CURSO_21122012,SYS_C0021728,C,CHECK,ENABLED,NOT DEFERRABLE,IMMEDIATE,,DUR_ID
CURSO_21122012,SYS_C0021729,C,CHECK,ENABLED,NOT DEFERRABLE,IMMEDIATE,,CUR_AULA
CURSO_21122012,SYS_C0021730,C,CHECK,ENABLED,NOT DEFERRABLE,IMMEDIATE,,CUR_FCH_INI_INSC
CURSO_21122012,SYS_C0021731,C,CHECK,ENABLED,NOT DEFERRABLE,IMMEDIATE,,CUR_FCH_FIN_INSC
CURSO_21122012,SYS_C0021732,C,CHECK,ENABLED,NOT DEFERRABLE,IMMEDIATE,,CUR_FCH_INICIO
CURSO_21122012,SYS_C0021733,C,CHECK,ENABLED,NOT DEFERRABLE,IMMEDIATE,,CUR_FCH_FIN
CURSO_21122012,SYS_C0021734,C,CHECK,ENABLED,NOT DEFERRABLE,IMMEDIATE,,PAI_ID
CURSO_21122012,SYS_C0021735,C,CHECK,ENABLED,NOT DEFERRABLE,IMMEDIATE,,CUR_DIRECCION
CURSO_21122012,SYS_C0021736,C,CHECK,ENABLED,NOT DEFERRABLE,IMMEDIATE,,CUR_CONTACTO
CURSO_21122012,SYS_C0021737,C,CHECK,ENABLED,NOT DEFERRABLE,IMMEDIATE,,CUR_TEL_CONTACTO
CURSO_21122012,SYS_C0021738,C,CHECK,ENABLED,NOT DEFERRABLE,IMMEDIATE,,CUR_GENERO
CURSO_21122012,SYS_C0021739,C,CHECK,ENABLED,NOT DEFERRABLE,IMMEDIATE,,CUR_EDAD_MAX
CURSO_21122012,SYS_C0021740,C,CHECK,ENABLED,NOT DEFERRABLE,IMMEDIATE,,CUR_EDAD_MIN
CURSO_21122012,SYS_C0021741,C,CHECK,ENABLED,NOT DEFERRABLE,IMMEDIATE,,ESC_ID
CURSO_21122012,SYS_C0021742,C,CHECK,ENABLED,NOT DEFERRABLE,IMMEDIATE,,CUR_LIB_MILITAR
CURSO_21122012,SYS_C0021743,C,CHECK,ENABLED,NOT DEFERRABLE,IMMEDIATE,,FUN_ID
CURSO_21122012,SYS_C0021744,C,CHECK,ENABLED,NOT DEFERRABLE,IMMEDIATE,,CSPE_ID
CURSO_21122012,SYS_C0021745,C,CHECK,ENABLED,NOT DEFERRABLE,IMMEDIATE,,REG_ID
CURSO_23112012,SYS_C0022004,C,CHECK,ENABLED,NOT DEFERRABLE,IMMEDIATE,,CUR_ID
CURSO_23112012,SYS_C0022005,C,CHECK,ENABLED,NOT DEFERRABLE,IMMEDIATE,,ENF_ID
CURSO_23112012,SYS_C0022006,C,CHECK,ENABLED,NOT DEFERRABLE,IMMEDIATE,,CUR_DESCRIPCION
CURSO_23112012,SYS_C0022007,C,CHECK,ENABLED,NOT DEFERRABLE,IMMEDIATE,,EMP_ID
CURSO_23112012,SYS_C0022008,C,CHECK,ENABLED,NOT DEFERRABLE,IMMEDIATE,,OFT_ID
CURSO_23112012,SYS_C0022009,C,CHECK,ENABLED,NOT DEFERRABLE,IMMEDIATE,,CUR_NUM_CUPOS
CURSO_23112012,SYS_C0022010,C,CHECK,ENABLED,NOT DEFERRABLE,IMMEDIATE,,CUR_MODALIDAD
CURSO_23112012,SYS_C0022011,C,CHECK,ENABLED,NOT DEFERRABLE,IMMEDIATE,,CUR_HORARIO
CURSO_23112012,SYS_C0022012,C,CHECK,ENABLED,NOT DEFERRABLE,IMMEDIATE,,CUR_DURACION
CURSO_23112012,SYS_C0022013,C,CHECK,ENABLED,NOT DEFERRABLE,IMMEDIATE,,DUR_ID
CURSO_23112012,SYS_C0022014,C,CHECK,ENABLED,NOT DEFERRABLE,IMMEDIATE,,CUR_AULA
CURSO_23112012,SYS_C0022015,C,CHECK,ENABLED,NOT DEFERRABLE,IMMEDIATE,,CUR_FCH_INI_INSC
CURSO_23112012,SYS_C0022016,C,CHECK,ENABLED,NOT DEFERRABLE,IMMEDIATE,,CUR_FCH_FIN_INSC
CURSO_23112012,SYS_C0022017,C,CHECK,ENABLED,NOT DEFERRABLE,IMMEDIATE,,CUR_FCH_INICIO
CURSO_23112012,SYS_C0022018,C,CHECK,ENABLED,NOT DEFERRABLE,IMMEDIATE,,CUR_FCH_FIN
CURSO_23112012,SYS_C0022019,C,CHECK,ENABLED,NOT DEFERRABLE,IMMEDIATE,,PAI_ID
CURSO_23112012,SYS_C0022020,C,CHECK,ENABLED,NOT DEFERRABLE,IMMEDIATE,,CUR_DIRECCION
CURSO_23112012,SYS_C0022021,C,CHECK,ENABLED,NOT DEFERRABLE,IMMEDIATE,,CUR_CONTACTO
CURSO_23112012,SYS_C0022022,C,CHECK,ENABLED,NOT DEFERRABLE,IMMEDIATE,,CUR_TEL_CONTACTO
CURSO_23112012,SYS_C0022023,C,CHECK,ENABLED,NOT DEFERRABLE,IMMEDIATE,,CUR_GENERO
CURSO_23112012,SYS_C0022024,C,CHECK,ENABLED,NOT DEFERRABLE,IMMEDIATE,,CUR_EDAD_MAX
CURSO_23112012,SYS_C0022025,C,CHECK,ENABLED,NOT DEFERRABLE,IMMEDIATE,,CUR_EDAD_MIN
CURSO_23112012,SYS_C0022026,C,CHECK,ENABLED,NOT DEFERRABLE,IMMEDIATE,,ESC_ID
CURSO_23112012,SYS_C0022027,C,CHECK,ENABLED,NOT DEFERRABLE,IMMEDIATE,,CUR_LIB_MILITAR
CURSO_23112012,SYS_C0022028,C,CHECK,ENABLED,NOT DEFERRABLE,IMMEDIATE,,FUN_ID
CURSO_23112012,SYS_C0022029,C,CHECK,ENABLED,NOT DEFERRABLE,IMMEDIATE,,CSPE_ID
CURSO_23112012,SYS_C0022030,C,CHECK,ENABLED,NOT DEFERRABLE,IMMEDIATE,,REG_ID
CURSO_26102012,SYS_C0021418,C,CHECK,ENABLED,NOT DEFERRABLE,IMMEDIATE,,CUR_ID
CURSO_26102012,SYS_C0021419,C,CHECK,ENABLED,NOT DEFERRABLE,IMMEDIATE,,ENF_ID
CURSO_26102012,SYS_C0021420,C,CHECK,ENABLED,NOT DEFERRABLE,IMMEDIATE,,CUR_DESCRIPCION
CURSO_26102012,SYS_C0021421,C,CHECK,ENABLED,NOT DEFERRABLE,IMMEDIATE,,EMP_ID
CURSO_26102012,SYS_C0021422,C,CHECK,ENABLED,NOT DEFERRABLE,IMMEDIATE,,OFT_ID
CURSO_26102012,SYS_C0021423,C,CHECK,ENABLED,NOT DEFERRABLE,IMMEDIATE,,CUR_NUM_CUPOS
CURSO_26102012,SYS_C0021424,C,CHECK,ENABLED,NOT DEFERRABLE,IMMEDIATE,,CUR_MODALIDAD
CURSO_26102012,SYS_C0021425,C,CHECK,ENABLED,NOT DEFERRABLE,IMMEDIATE,,CUR_HORARIO
CURSO_26102012,SYS_C0021426,C,CHECK,ENABLED,NOT DEFERRABLE,IMMEDIATE,,CUR_DURACION
CURSO_26102012,SYS_C0021427,C,CHECK,ENABLED,NOT DEFERRABLE,IMMEDIATE,,DUR_ID
CURSO_26102012,SYS_C0021428,C,CHECK,ENABLED,NOT DEFERRABLE,IMMEDIATE,,CUR_AULA
CURSO_26102012,SYS_C0021429,C,CHECK,ENABLED,NOT DEFERRABLE,IMMEDIATE,,CUR_FCH_INI_INSC
CURSO_26102012,SYS_C0021430,C,CHECK,ENABLED,NOT DEFERRABLE,IMMEDIATE,,CUR_FCH_FIN_INSC
CURSO_26102012,SYS_C0021431,C,CHECK,ENABLED,NOT DEFERRABLE,IMMEDIATE,,CUR_FCH_INICIO
CURSO_26102012,SYS_C0021432,C,CHECK,ENABLED,NOT DEFERRABLE,IMMEDIATE,,CUR_FCH_FIN
CURSO_26102012,SYS_C0021433,C,CHECK,ENABLED,NOT DEFERRABLE,IMMEDIATE,,PAI_ID
CURSO_26102012,SYS_C0021434,C,CHECK,ENABLED,NOT DEFERRABLE,IMMEDIATE,,CUR_DIRECCION
CURSO_26102012,SYS_C0021435,C,CHECK,ENABLED,NOT DEFERRABLE,IMMEDIATE,,CUR_CONTACTO
CURSO_26102012,SYS_C0021436,C,CHECK,ENABLED,NOT DEFERRABLE,IMMEDIATE,,CUR_TEL_CONTACTO
CURSO_26102012,SYS_C0021437,C,CHECK,ENABLED,NOT DEFERRABLE,IMMEDIATE,,CUR_GENERO
CURSO_26102012,SYS_C0021438,C,CHECK,ENABLED,NOT DEFERRABLE,IMMEDIATE,,CUR_EDAD_MAX
CURSO_26102012,SYS_C0021439,C,CHECK,ENABLED,NOT DEFERRABLE,IMMEDIATE,,CUR_EDAD_MIN
CURSO_26102012,SYS_C0021440,C,CHECK,ENABLED,NOT DEFERRABLE,IMMEDIATE,,ESC_ID
CURSO_26102012,SYS_C0021441,C,CHECK,ENABLED,NOT DEFERRABLE,IMMEDIATE,,CUR_LIB_MILITAR
CURSO_26102012,SYS_C0021442,C,CHECK,ENABLED,NOT DEFERRABLE,IMMEDIATE,,FUN_ID
CURSO_26102012,SYS_C0021443,C,CHECK,ENABLED,NOT DEFERRABLE,IMMEDIATE,,CSPE_ID
CURSO_26102012,SYS_C0021444,C,CHECK,ENABLED,NOT DEFERRABLE,IMMEDIATE,,REG_ID
CURXCNO,CNC_FCH_REGISTRO_NULL,C,CHECK,ENABLED,NOT DEFERRABLE,IMMEDIATE,,CNC_FCH_REGISTRO
CURXCNO,CNC_ID_NULL,C,CHECK,ENABLED,NOT DEFERRABLE,IMMEDIATE,,CNC_ID
CURXCNO,CNC_MESES_EXP_NULL,C,CHECK,ENABLED,NOT DEFERRABLE,IMMEDIATE,,CNC_MESES_EXP
CURXCNO,CSPE_CNC_NULL,C,CHECK,ENABLED,NOT DEFERRABLE,IMMEDIATE,,CSPE_ID
CURXCNO,CUR_CNC_NULL,C,CHECK,ENABLED,NOT DEFERRABLE,IMMEDIATE,,CUR_ID
CURXCNO,FUN_CNC_NULL,C,CHECK,ENABLED,NOT DEFERRABLE,IMMEDIATE,,FUN_ID
CURXCNO,IND_CNC_NULL,C,CHECK,ENABLED,NOT DEFERRABLE,IMMEDIATE,,IND_ID
CURXCNO,CNC_PK,P,PRIMARY KEY,ENABLED,NOT DEFERRABLE,IMMEDIATE,,CNC_ID
CURXCNO,CSPE_CNC_FK,R,FOREIGN KEY,ENABLED,NOT DEFERRABLE,IMMEDIATE,CSPE_PK,CSPE_ID
CURXCNO,CUR_CNC_FK,R,FOREIGN KEY,ENABLED,NOT DEFERRABLE,IMMEDIATE,CUR_PK,CUR_ID
CURXCNO,FUN_CNC_FK,R,FOREIGN KEY,ENABLED,NOT DEFERRABLE,IMMEDIATE,FUN_PK,FUN_ID
CURXCNO,IND_CNC_FK,R,FOREIGN KEY,ENABLED,NOT DEFERRABLE,IMMEDIATE,IND_PK,IND_ID
CURXCNO,CURXIND_UK_UC,U,UNIQUE,ENABLED,NOT DEFERRABLE,IMMEDIATE,,"CUR_ID,IND_ID"
CURXPES,CPE_FCH_REGISTRO_NULL,C,CHECK,ENABLED,NOT DEFERRABLE,IMMEDIATE,,CPE_FCH_REGISTRO
CURXPES,CPE_ID_NULL,C,CHECK,ENABLED,NOT DEFERRABLE,IMMEDIATE,,CPE_ID
CURXPES,CSPE_CPE_NULL,C,CHECK,ENABLED,NOT DEFERRABLE,IMMEDIATE,,CSPE_ID
CURXPES,CUR_CPE_NULL,C,CHECK,ENABLED,NOT DEFERRABLE,IMMEDIATE,,CUR_ID
CURXPES,FUN_CPE_NULL,C,CHECK,ENABLED,NOT DEFERRABLE,IMMEDIATE,,FUN_ID
CURXPES,PES_CPE_NULL,C,CHECK,ENABLED,NOT DEFERRABLE,IMMEDIATE,,PES_ID
CURXPES,CPE_PK,P,PRIMARY KEY,ENABLED,NOT DEFERRABLE,IMMEDIATE,,CPE_ID
CURXPES,CSPE_CPE_FK,R,FOREIGN KEY,ENABLED,NOT DEFERRABLE,IMMEDIATE,CSPE_PK,CSPE_ID
CURXPES,CUR_CPE_FK,R,FOREIGN KEY,ENABLED,NOT DEFERRABLE,IMMEDIATE,CUR_PK,CUR_ID
CURXPES,FUN_CPE_FK,R,FOREIGN KEY,ENABLED,NOT DEFERRABLE,IMMEDIATE,FUN_PK,FUN_ID
CURXPES,PES_CPE_FK,R,FOREIGN KEY,ENABLED,NOT DEFERRABLE,IMMEDIATE,PES_PK,PES_ID
CURXPES,CURXPES_UK_UC,U,UNIQUE,ENABLED,NOT DEFERRABLE,IMMEDIATE,,"CUR_ID,PES_ID"
CUR_ETD_FORMAL,CEF_FCH_REGISTRO_NULL,C,CHECK,ENABLED,NOT DEFERRABLE,IMMEDIATE,,CEF_FCH_REGISTRO
CUR_ETD_FORMAL,CEF_FORMACION_SENA_CHK,C,CHECK,ENABLED,NOT DEFERRABLE,IMMEDIATE,,CEF_FORMACION_SENA
CUR_ETD_FORMAL,CEF_FORMACION_SENA_NULL,C,CHECK,ENABLED,NOT DEFERRABLE,IMMEDIATE,,CEF_FORMACION_SENA
CUR_ETD_FORMAL,CEF_GRADUADO_CHK,C,CHECK,ENABLED,NOT DEFERRABLE,IMMEDIATE,,CEF_GRADUADO
CUR_ETD_FORMAL,CEF_GRADUADO_NULL,C,CHECK,ENABLED,NOT DEFERRABLE,IMMEDIATE,,CEF_GRADUADO
CUR_ETD_FORMAL,CEF_ID_NULL,C,CHECK,ENABLED,NOT DEFERRABLE,IMMEDIATE,,CEF_ID
CUR_ETD_FORMAL,CEF_NUM_GRADOS_NULL,C,CHECK,ENABLED,NOT DEFERRABLE,IMMEDIATE,,CEF_NUM_GRADOS
CUR_ETD_FORMAL,CSPE_CEF_NULL,C,CHECK,ENABLED,NOT DEFERRABLE,IMMEDIATE,,CSPE_ID
CUR_ETD_FORMAL,CUR_CEF_NULL,C,CHECK,ENABLED,NOT DEFERRABLE,IMMEDIATE,,CUR_ID
CUR_ETD_FORMAL,FUN_CEF_NULL,C,CHECK,ENABLED,NOT DEFERRABLE,IMMEDIATE,,FUN_ID
CUR_ETD_FORMAL,NIA_CEF_NULL,C,CHECK,ENABLED,NOT DEFERRABLE,IMMEDIATE,,NIA_ID
CUR_ETD_FORMAL,TIT_CEF_NULL,C,CHECK,ENABLED,NOT DEFERRABLE,IMMEDIATE,,TIT_ID
CUR_ETD_FORMAL,CEF_PK,P,PRIMARY KEY,ENABLED,NOT DEFERRABLE,IMMEDIATE,,CEF_ID
CUR_ETD_FORMAL,CUR_CEF_FK,R,FOREIGN KEY,ENABLED,NOT DEFERRABLE,IMMEDIATE,CUR_PK,CUR_ID
CUR_ETD_FORMAL,FUN_CEF_FK,R,FOREIGN KEY,ENABLED,NOT DEFERRABLE,IMMEDIATE,FUN_PK,FUN_ID
CUR_ETD_FORMAL,INS_CEF_FK,R,FOREIGN KEY,ENABLED,NOT DEFERRABLE,IMMEDIATE,INS_PK,INS_ID
CUR_ETD_FORMAL,NIA_CEF_FK,R,FOREIGN KEY,ENABLED,NOT DEFERRABLE,IMMEDIATE,NIA_PK,NIA_ID
CUR_ETD_FORMAL,TIT_CEF_FK,R,FOREIGN KEY,ENABLED,NOT DEFERRABLE,IMMEDIATE,TIT_PK,TIT_ID
CUR_ETD_FORMAL,CUR_TIT_UK_UC,U,UNIQUE,DISABLED,NOT DEFERRABLE,IMMEDIATE,,"CUR_ID,TIT_ID"
CUR_ETD_NO_FORMAL,CNF_FCH_REGISTRO_NULL,C,CHECK,ENABLED,NOT DEFERRABLE,IMMEDIATE,,CNF_FCH_REGISTRO
CUR_ETD_NO_FORMAL,CNF_FORMACION_SENA_CHK,C,CHECK,ENABLED,NOT DEFERRABLE,IMMEDIATE,,CNF_FORMACION_SENA
CUR_ETD_NO_FORMAL,CNF_FORMACION_SENA_NULL,C,CHECK,ENABLED,NOT DEFERRABLE,IMMEDIATE,,CNF_FORMACION_SENA
CUR_ETD_NO_FORMAL,CNF_ID_NULL,C,CHECK,ENABLED,NOT DEFERRABLE,IMMEDIATE,,CNF_ID
CUR_ETD_NO_FORMAL,CNF_TERMINADO_CHK,C,CHECK,ENABLED,NOT DEFERRABLE,IMMEDIATE,,CNF_TERMINADO
CUR_ETD_NO_FORMAL,CNF_TERMINADO_NULL,C,CHECK,ENABLED,NOT DEFERRABLE,IMMEDIATE,,CNF_TERMINADO
CUR_ETD_NO_FORMAL,CSPE_CNF_NULL,C,CHECK,ENABLED,NOT DEFERRABLE,IMMEDIATE,,CSPE_ID
CUR_ETD_NO_FORMAL,CUR_CNF_NULL,C,CHECK,ENABLED,NOT DEFERRABLE,IMMEDIATE,,CUR_ID
CUR_ETD_NO_FORMAL,ENF_CNF_NULL,C,CHECK,ENABLED,NOT DEFERRABLE,IMMEDIATE,,ENF_ID
CUR_ETD_NO_FORMAL,FUN_CNF_NULL,C,CHECK,ENABLED,NOT DEFERRABLE,IMMEDIATE,,FUN_ID
CUR_ETD_NO_FORMAL,CNF_PK,P,PRIMARY KEY,ENABLED,NOT DEFERRABLE,IMMEDIATE,,CNF_ID
CUR_ETD_NO_FORMAL,CSPE_CNF_FK,R,FOREIGN KEY,ENABLED,NOT DEFERRABLE,IMMEDIATE,CSPE_PK,CSPE_ID
CUR_ETD_NO_FORMAL,CUR_CNF_FK,R,FOREIGN KEY,ENABLED,NOT DEFERRABLE,IMMEDIATE,CUR_PK,CUR_ID
CUR_ETD_NO_FORMAL,ENF_CNF_FK,R,FOREIGN KEY,ENABLED,NOT DEFERRABLE,IMMEDIATE,ENF_PK,ENF_ID
CUR_ETD_NO_FORMAL,FUN_CNF_FK,R,FOREIGN KEY,ENABLED,NOT DEFERRABLE,IMMEDIATE,FUN_PK,FUN_ID
CUR_ETD_NO_FORMAL,CUR_ENF_UK_UC,U,UNIQUE,ENABLED,NOT DEFERRABLE,IMMEDIATE,,"CUR_ID,ENF_ID"
CUR_IDIOMA,CSPE_CUI_NULL,C,CHECK,ENABLED,NOT DEFERRABLE,IMMEDIATE,,CSPE_ID
CUR_IDIOMA,CUI_ESCRIBE_CHK,C,CHECK,ENABLED,NOT DEFERRABLE,IMMEDIATE,,CUI_ESCRIBE
CUR_IDIOMA,CUI_ESCRIBE_NULL,C,CHECK,ENABLED,NOT DEFERRABLE,IMMEDIATE,,CUI_ESCRIBE
CUR_IDIOMA,CUI_FCH_REGISTRO_NULL,C,CHECK,ENABLED,NOT DEFERRABLE,IMMEDIATE,,CUI_FCH_REGISTRO
CUR_IDIOMA,CUI_HABLA_CHK,C,CHECK,ENABLED,NOT DEFERRABLE,IMMEDIATE,,CUI_HABLA
CUR_IDIOMA,CUI_HABLA_NULL,C,CHECK,ENABLED,NOT DEFERRABLE,IMMEDIATE,,CUI_HABLA
CUR_IDIOMA,CUI_ID_NULL,C,CHECK,ENABLED,NOT DEFERRABLE,IMMEDIATE,,CUI_ID
CUR_IDIOMA,CUI_LEE_CHK,C,CHECK,ENABLED,NOT DEFERRABLE,IMMEDIATE,,CUI_LEE
CUR_IDIOMA,CUI_LEE_NULL,C,CHECK,ENABLED,NOT DEFERRABLE,IMMEDIATE,,CUI_LEE
CUR_IDIOMA,CUR_CUI_NULL,C,CHECK,ENABLED,NOT DEFERRABLE,IMMEDIATE,,CUR_ID
CUR_IDIOMA,FUN_CUI_NULL,C,CHECK,ENABLED,NOT DEFERRABLE,IMMEDIATE,,FUN_ID
CUR_IDIOMA,IDM_CUI_NULL,C,CHECK,ENABLED,NOT DEFERRABLE,IMMEDIATE,,IDM_ID
CUR_IDIOMA,CUI_PK,P,PRIMARY KEY,ENABLED,NOT DEFERRABLE,IMMEDIATE,,CUI_ID
CUR_IDIOMA,CSPE_CUI_FK,R,FOREIGN KEY,ENABLED,NOT DEFERRABLE,IMMEDIATE,CSPE_PK,CSPE_ID
CUR_IDIOMA,CUR_IDM_UK,R,FOREIGN KEY,ENABLED,NOT DEFERRABLE,IMMEDIATE,CUR_PK,CUR_ID
CUR_IDIOMA,FUN_CUI_FK,R,FOREIGN KEY,ENABLED,NOT DEFERRABLE,IMMEDIATE,FUN_PK,FUN_ID
CUR_IDIOMA,IDM_CUI_FK,R,FOREIGN KEY,ENABLED,NOT DEFERRABLE,IMMEDIATE,IDM_PK,IDM_ID
CUR_IDIOMA,CUR_IDM_UK_UC,U,UNIQUE,ENABLED,NOT DEFERRABLE,IMMEDIATE,,"CUR_ID,IDM_ID"
CUR_INSTRUCTOR_CORREO,CIC_CLAVE_NULL,C,CHECK,ENABLED,NOT DEFERRABLE,IMMEDIATE,,CIC_CLAVE
CUR_INSTRUCTOR_CORREO,CIC_ID_NULL,C,CHECK,ENABLED,NOT DEFERRABLE,IMMEDIATE,,CIC_ID
CUR_INSTRUCTOR_CORREO,CUR_CIC_NULL,C,CHECK,ENABLED,NOT DEFERRABLE,IMMEDIATE,,CUR_ID
CUR_INSTRUCTOR_CORREO,OFT_CIC_NULL,C,CHECK,ENABLED,NOT DEFERRABLE,IMMEDIATE,,OFT_ID
CUR_INSTRUCTOR_CORREO,CIC_PK,P,PRIMARY KEY,ENABLED,NOT DEFERRABLE,IMMEDIATE,,CIC_ID
CUR_INSTRUCTOR_CORREO,CUR_CIC_FK,R,FOREIGN KEY,ENABLED,NOT DEFERRABLE,IMMEDIATE,CUR_PK,CUR_ID
CUR_INSTRUCTOR_CORREO,OFT_CIC_FK,R,FOREIGN KEY,ENABLED,NOT DEFERRABLE,IMMEDIATE,OFT_PK,OFT_ID
CUR_INSTRUCTOR_CORREO,CUR_CIC_UK_UC,U,UNIQUE,ENABLED,NOT DEFERRABLE,IMMEDIATE,,CUR_ID
CUR_LICENCIA,CUL_ID_NULL,C,CHECK,ENABLED,NOT DEFERRABLE,IMMEDIATE,,CUL_ID
CUR_LICENCIA,CUR_CUL_NULL,C,CHECK,ENABLED,NOT DEFERRABLE,IMMEDIATE,,CUR_ID
CUR_LICENCIA,LIC_CUL_NULL,C,CHECK,ENABLED,NOT DEFERRABLE,IMMEDIATE,,LIC_ID
CUR_LICENCIA,CUL_PK,P,PRIMARY KEY,ENABLED,NOT DEFERRABLE,IMMEDIATE,,CUL_ID
CUR_LICENCIA,CUR_CUL_FK,R,FOREIGN KEY,ENABLED,NOT DEFERRABLE,IMMEDIATE,CUR_PK,CUR_ID
CUR_LICENCIA,LIC_CUL_FK,R,FOREIGN KEY,ENABLED,NOT DEFERRABLE,IMMEDIATE,LIC_PK,LIC_ID
CUR_LICENCIA,CUR_LIC_UK_UC,U,UNIQUE,ENABLED,NOT DEFERRABLE,IMMEDIATE,,"CUR_ID,LIC_ID"
CUR_SISBEN_MPO,CSM_ID_NULL,C,CHECK,ENABLED,NOT DEFERRABLE,IMMEDIATE,,CSM_ID
CUR_SISBEN_MPO,CUR_CSM_NULL,C,CHECK,ENABLED,NOT DEFERRABLE,IMMEDIATE,,CUR_ID
CUR_SISBEN_MPO,MPO_CSM_NULL,C,CHECK,ENABLED,NOT DEFERRABLE,IMMEDIATE,,MPO_ID
CUR_SISBEN_MPO,CSM_PK,P,PRIMARY KEY,ENABLED,NOT DEFERRABLE,IMMEDIATE,,CSM_ID
CUR_SISBEN_MPO,CUR_CSM_FK,R,FOREIGN KEY,ENABLED,NOT DEFERRABLE,IMMEDIATE,CUR_PK,CUR_ID
CUR_SISBEN_MPO,MPO_CSM_FK,R,FOREIGN KEY,ENABLED,NOT DEFERRABLE,IMMEDIATE,MPO_PK,MPO_ID
CUR_SISBEN_MPO,CUR_MPO_UK_UC,U,UNIQUE,ENABLED,NOT DEFERRABLE,IMMEDIATE,,"CUR_ID,MPO_ID"
CUR_TALLER,CTA_ID_NULL,C,CHECK,ENABLED,NOT DEFERRABLE,IMMEDIATE,,CTA_ID
CUR_TALLER,CUR_CTA_NULL,C,CHECK,ENABLED,NOT DEFERRABLE,IMMEDIATE,,CUR_ID
CUR_TALLER,GUT_CTA_NULL,C,CHECK,ENABLED,NOT DEFERRABLE,IMMEDIATE,,GUT_ID
CUR_TALLER,CTA_PK,P,PRIMARY KEY,ENABLED,NOT DEFERRABLE,IMMEDIATE,,CTA_ID
CUR_TALLER,CUR_CTA_FK,R,FOREIGN KEY,ENABLED,NOT DEFERRABLE,IMMEDIATE,CUR_PK,CUR_ID
CUR_TALLER,GUT_CTA_FK,R,FOREIGN KEY,ENABLED,NOT DEFERRABLE,IMMEDIATE,GUT_PK,GUT_ID
CUR_TALLER,CUR_GUT_UK_UC,U,UNIQUE,ENABLED,NOT DEFERRABLE,IMMEDIATE,,"CUR_ID,GUT_ID"
CZ_CURSO,CUR_CZC_NULL,C,CHECK,ENABLED,NOT DEFERRABLE,IMMEDIATE,,CUR_ID
CZ_CURSO,CZC_EDAD_MAX_CHK,C,CHECK,ENABLED,NOT DEFERRABLE,IMMEDIATE,,CZC_EDAD_MAX
CZ_CURSO,CZC_EDAD_MAX_NULL,C,CHECK,ENABLED,NOT DEFERRABLE,IMMEDIATE,,CZC_EDAD_MAX
CZ_CURSO,CZC_EDAD_MIN_CHK,C,CHECK,ENABLED,NOT DEFERRABLE,IMMEDIATE,,CZC_EDAD_MIN
CZ_CURSO,CZC_EDAD_MIN_NULL,C,CHECK,ENABLED,NOT DEFERRABLE,IMMEDIATE,,CZC_EDAD_MIN
CZ_CURSO,CZC_GENERO_CHK,C,CHECK,ENABLED,NOT DEFERRABLE,IMMEDIATE,,CZC_GENERO
CZ_CURSO,CZC_GENERO_NULL,C,CHECK,ENABLED,NOT DEFERRABLE,IMMEDIATE,,CZC_GENERO
CZ_CURSO,CZC_LIB_MILITAR_CHK,C,CHECK,ENABLED,NOT DEFERRABLE,IMMEDIATE,,CZC_LIB_MILITAR
CZ_CURSO,CZC_LIB_MILITAR_NULL,C,CHECK,ENABLED,NOT DEFERRABLE,IMMEDIATE,,CZC_LIB_MILITAR
CZ_CURSO,CZC_SISBEN_NIV_FIN_CHK,C,CHECK,ENABLED,NOT DEFERRABLE,IMMEDIATE,,CZC_SISBEN_NIV_FIN
CZ_CURSO,CZC_SISBEN_NIV_INI_CHK,C,CHECK,ENABLED,NOT DEFERRABLE,IMMEDIATE,,CZC_SISBEN_NIV_INI
CZ_CURSO,CZC_SISBEN_TIPO_CHK,C,CHECK,ENABLED,NOT DEFERRABLE,IMMEDIATE,,CZC_SISBEN_TIPO
CZ_CURSO,ESC_CZC_NULL,C,CHECK,ENABLED,NOT DEFERRABLE,IMMEDIATE,,ESC_ID
CZ_CURSO,REG_CZC_NULL,C,CHECK,ENABLED,NOT DEFERRABLE,IMMEDIATE,,REG_ID
CZ_CURSO,CZC_PK,P,PRIMARY KEY,ENABLED,NOT DEFERRABLE,IMMEDIATE,,CUR_ID
CZ_CURSO,CUR_CZC_FK,R,FOREIGN KEY,ENABLED,NOT DEFERRABLE,IMMEDIATE,CUR_PK,CUR_ID
CZ_CURSO,ESC_CZC_FK,R,FOREIGN KEY,ENABLED,NOT DEFERRABLE,IMMEDIATE,ESC_PK,ESC_ID
CZ_CURSO,ETR_FIN_CZC_FK,R,FOREIGN KEY,ENABLED,NOT DEFERRABLE,IMMEDIATE,ETR_PK,ETR_FIN
CZ_CURSO,ETR_INI_CZC_FK,R,FOREIGN KEY,ENABLED,NOT DEFERRABLE,IMMEDIATE,ETR_PK,ETR_INI
CZ_CURSO,PSF_CZC_FK,R,FOREIGN KEY,ENABLED,NOT DEFERRABLE,IMMEDIATE,PSF_PK,PSF_ID
CZ_CURSO,REG_CZC_FK,R,FOREIGN KEY,ENABLED,NOT DEFERRABLE,IMMEDIATE,REG_PK,REG_ID
CZ_CURXCNO,CCC_MESES_EXP_NULL,C,CHECK,ENABLED,NOT DEFERRABLE,IMMEDIATE,,CCC_MESES_EXP
CZ_CURXCNO,CNO_CCC_NULL,C,CHECK,ENABLED,NOT DEFERRABLE,IMMEDIATE,,CNO_ID
CZ_CURXCNO,CUR_CCC_NULL,C,CHECK,ENABLED,NOT DEFERRABLE,IMMEDIATE,,CUR_ID
CZ_CURXCNO,CUR_CCC_FK,R,FOREIGN KEY,ENABLED,NOT DEFERRABLE,IMMEDIATE,CUR_PK,CUR_ID
CZ_CURXCNO,CZ_CURXCNO_UK_UC,U,UNIQUE,ENABLED,NOT DEFERRABLE,IMMEDIATE,,"CUR_ID,CNO_ID"
CZ_CURXPES,CUR_CCP_NULL,C,CHECK,ENABLED,NOT DEFERRABLE,IMMEDIATE,,CUR_ID
CZ_CURXPES,PES_CCP_NULL,C,CHECK,ENABLED,NOT DEFERRABLE,IMMEDIATE,,PES_ID
CZ_CURXPES,CUR_CCP_FK,R,FOREIGN KEY,ENABLED,NOT DEFERRABLE,IMMEDIATE,CUR_PK,CUR_ID
CZ_CURXPES,PES_CCP_FK,R,FOREIGN KEY,ENABLED,NOT DEFERRABLE,IMMEDIATE,PES_PK,PES_ID
CZ_CURXPES,CZ_CURXPES_UK_UC,U,UNIQUE,ENABLED,NOT DEFERRABLE,IMMEDIATE,,"CUR_ID,PES_ID"
CZ_CUR_ETD_FORM,CCF_FORMACION_SENA_CHK,C,CHECK,ENABLED,NOT DEFERRABLE,IMMEDIATE,,CCF_FORMACION_SENA
CZ_CUR_ETD_FORM,CCF_FORMACION_SENA_NULL,C,CHECK,ENABLED,NOT DEFERRABLE,IMMEDIATE,,CCF_FORMACION_SENA
CZ_CUR_ETD_FORM,CCF_GRADUADO_CHK,C,CHECK,ENABLED,NOT DEFERRABLE,IMMEDIATE,,CCF_GRADUADO
CZ_CUR_ETD_FORM,CCF_GRADUADO_NULL,C,CHECK,ENABLED,NOT DEFERRABLE,IMMEDIATE,,CCF_GRADUADO
CZ_CUR_ETD_FORM,CCF_NUM_GRADOS_NULL,C,CHECK,ENABLED,NOT DEFERRABLE,IMMEDIATE,,CCF_NUM_GRADOS
CZ_CUR_ETD_FORM,CUR_CCF_NULL,C,CHECK,ENABLED,NOT DEFERRABLE,IMMEDIATE,,CUR_ID
CZ_CUR_ETD_FORM,NIO_CCF_NULL,C,CHECK,ENABLED,NOT DEFERRABLE,IMMEDIATE,,NIA_ORDEN
CZ_CUR_ETD_FORM,TIT_CCF_NULL,C,CHECK,ENABLED,NOT DEFERRABLE,IMMEDIATE,,TIT_ID
CZ_CUR_ETD_FORM,CUR_CCF_FK,R,FOREIGN KEY,ENABLED,NOT DEFERRABLE,IMMEDIATE,CUR_PK,CUR_ID
CZ_CUR_ETD_FORM,INS_CCF_FK,R,FOREIGN KEY,ENABLED,NOT DEFERRABLE,IMMEDIATE,INS_PK,INS_ID
CZ_CUR_ETD_FORM,NIO_CCF_FK,R,FOREIGN KEY,ENABLED,NOT DEFERRABLE,IMMEDIATE,NIA_ORDEN_UK_UC,NIA_ORDEN
CZ_CUR_ETD_FORM,TIT_CCF_FK,R,FOREIGN KEY,ENABLED,NOT DEFERRABLE,IMMEDIATE,TIT_PK,TIT_ID
CZ_CUR_ETD_FORM,CZ_CURXTIT_UK_UC,U,UNIQUE,ENABLED,NOT DEFERRABLE,IMMEDIATE,,"CUR_ID,TIT_ID"
CZ_CUR_ETD_NFORM,CCN_FORMACION_SENA_CHK,C,CHECK,ENABLED,NOT DEFERRABLE,IMMEDIATE,,CCN_FORMACION_SENA
CZ_CUR_ETD_NFORM,CCN_FORMACION_SENA_NULL,C,CHECK,ENABLED,NOT DEFERRABLE,IMMEDIATE,,CCN_FORMACION_SENA
CZ_CUR_ETD_NFORM,CCN_TERMINADO_CHK,C,CHECK,ENABLED,NOT DEFERRABLE,IMMEDIATE,,CCN_TERMINADO
CZ_CUR_ETD_NFORM,CCN_TERMINADO_NULL,C,CHECK,ENABLED,NOT DEFERRABLE,IMMEDIATE,,CCN_TERMINADO
CZ_CUR_ETD_NFORM,CUR_CCN_NULL,C,CHECK,ENABLED,NOT DEFERRABLE,IMMEDIATE,,CUR_ID
CZ_CUR_ETD_NFORM,ENF_CCN_NULL,C,CHECK,ENABLED,NOT DEFERRABLE,IMMEDIATE,,ENF_ID
CZ_CUR_ETD_NFORM,CUR_CCN_FK,R,FOREIGN KEY,ENABLED,NOT DEFERRABLE,IMMEDIATE,CUR_PK,CUR_ID
CZ_CUR_ETD_NFORM,ENF_CCN_FK,R,FOREIGN KEY,ENABLED,NOT DEFERRABLE,IMMEDIATE,ENF_PK,ENF_ID
CZ_CUR_ETD_NFORM,CZ_CURXENF_UK_UC,U,UNIQUE,ENABLED,NOT DEFERRABLE,IMMEDIATE,,"CUR_ID,ENF_ID"
CZ_CUR_IDIOMA,CCI_ESCRIBE_CHK,C,CHECK,ENABLED,NOT DEFERRABLE,IMMEDIATE,,CCI_ESCRIBE
CZ_CUR_IDIOMA,CCI_ESCRIBE_NULL,C,CHECK,ENABLED,NOT DEFERRABLE,IMMEDIATE,,CCI_ESCRIBE
CZ_CUR_IDIOMA,CCI_HABLA_CHK,C,CHECK,ENABLED,NOT DEFERRABLE,IMMEDIATE,,CCI_HABLA
CZ_CUR_IDIOMA,CCI_HABLA_NULL,C,CHECK,ENABLED,NOT DEFERRABLE,IMMEDIATE,,CCI_HABLA
CZ_CUR_IDIOMA,CCI_LEE_CHK,C,CHECK,ENABLED,NOT DEFERRABLE,IMMEDIATE,,CCI_LEE
CZ_CUR_IDIOMA,CCI_LEE_NULL,C,CHECK,ENABLED,NOT DEFERRABLE,IMMEDIATE,,CCI_LEE
CZ_CUR_IDIOMA,CUR_CCI_NULL,C,CHECK,ENABLED,NOT DEFERRABLE,IMMEDIATE,,CUR_ID
CZ_CUR_IDIOMA,IDM_CCI_NULL,C,CHECK,ENABLED,NOT DEFERRABLE,IMMEDIATE,,IDM_ID
CZ_CUR_IDIOMA,CUR_CCI_FK,R,FOREIGN KEY,ENABLED,NOT DEFERRABLE,IMMEDIATE,CUR_PK,CUR_ID
CZ_CUR_IDIOMA,IDM_CCI_FK,R,FOREIGN KEY,ENABLED,NOT DEFERRABLE,IMMEDIATE,IDM_PK,IDM_ID
CZ_CUR_IDIOMA,CZ_CURXIDM_UK_UC,U,UNIQUE,ENABLED,NOT DEFERRABLE,IMMEDIATE,,"CUR_ID,IDM_ID"
CZ_CUR_LICENCIA,CUR_CCL_NULL,C,CHECK,ENABLED,NOT DEFERRABLE,IMMEDIATE,,CUR_ID
CZ_CUR_LICENCIA,LIC_CCL_NULL,C,CHECK,ENABLED,NOT DEFERRABLE,IMMEDIATE,,LIC_ID
CZ_CUR_LICENCIA,CUR_CCL_FK,R,FOREIGN KEY,ENABLED,NOT DEFERRABLE,IMMEDIATE,CUR_PK,CUR_ID
CZ_CUR_LICENCIA,LIC_CCL_FK,R,FOREIGN KEY,ENABLED,NOT DEFERRABLE,IMMEDIATE,LIC_PK,LIC_ID
CZ_CUR_LICENCIA,CZ_CURXLIC_UK_UC,U,UNIQUE,ENABLED,NOT DEFERRABLE,IMMEDIATE,,"CUR_ID,LIC_ID"
CZ_CUR_SISBEN_MPO,CUR_CCM_NULL,C,CHECK,ENABLED,NOT DEFERRABLE,IMMEDIATE,,CUR_ID
CZ_CUR_SISBEN_MPO,MPO_CCM_NULL,C,CHECK,ENABLED,NOT DEFERRABLE,IMMEDIATE,,MPO_ID
CZ_CUR_SISBEN_MPO,CUR_CCM_FK,R,FOREIGN KEY,ENABLED,NOT DEFERRABLE,IMMEDIATE,CUR_PK,CUR_ID
CZ_CUR_SISBEN_MPO,MPO_CCM_FK,R,FOREIGN KEY,ENABLED,NOT DEFERRABLE,IMMEDIATE,MPO_PK,MPO_ID
CZ_CUR_SISBEN_MPO,CZ_CURXMPO_UK_UC,U,UNIQUE,ENABLED,NOT DEFERRABLE,IMMEDIATE,,"CUR_ID,MPO_ID"
CZ_CUR_TALLER,CUR_CCT_NULL,C,CHECK,ENABLED,NOT DEFERRABLE,IMMEDIATE,,CUR_ID
CZ_CUR_TALLER,GUT_CCT_NULL,C,CHECK,ENABLED,NOT DEFERRABLE,IMMEDIATE,,GUT_ID
CZ_CUR_TALLER,CUR_CCT_FK,R,FOREIGN KEY,ENABLED,NOT DEFERRABLE,IMMEDIATE,CUR_PK,CUR_ID
CZ_CUR_TALLER,GUT_CCT_FK,R,FOREIGN KEY,ENABLED,NOT DEFERRABLE,IMMEDIATE,GUT_PK,GUT_ID
CZ_CUR_TALLER,CUR_GUT_CCT_UK_UC,U,UNIQUE,ENABLED,NOT DEFERRABLE,IMMEDIATE,,"CUR_ID,GUT_ID"
CZ_DEMANDA,CNO_CZD_NULL,C,CHECK,ENABLED,NOT DEFERRABLE,IMMEDIATE,,CNO_ID
CZ_DEMANDA,CZD_DATOS_SOPORTADOS_CHK,C,CHECK,ENABLED,NOT DEFERRABLE,IMMEDIATE,,CDE_DATOS_SOPORTADOS
CZ_DEMANDA,CZD_DATOS_SOPORTADOS_NULL,C,CHECK,ENABLED,NOT DEFERRABLE,IMMEDIATE,,CDE_DATOS_SOPORTADOS
CZ_DEMANDA,CZD_LIB_MILITAR_CHK,C,CHECK,ENABLED,NOT DEFERRABLE,IMMEDIATE,,CDE_LIB_MILITAR
CZ_DEMANDA,CZD_LIB_MILITAR_NULL,C,CHECK,ENABLED,NOT DEFERRABLE,IMMEDIATE,,CDE_LIB_MILITAR
CZ_DEMANDA,CZD_MESES_EXP_NULL,C,CHECK,ENABLED,NOT DEFERRABLE,IMMEDIATE,,CDE_MESES_EXP
CZ_DEMANDA,CZ_DEM_ADMITE_POSTULACION_CHK,C,CHECK,ENABLED,NOT DEFERRABLE,IMMEDIATE,,ADMITE_POSTULACION
CZ_DEMANDA,DEM_CZD_NULL,C,CHECK,ENABLED,NOT DEFERRABLE,IMMEDIATE,,DEM_ID
CZ_DEMANDA,ESC_CZD_NULL,C,CHECK,ENABLED,NOT DEFERRABLE,IMMEDIATE,,ESC_ID
CZ_DEMANDA,IND_CZD_NULL,C,CHECK,ENABLED,NOT DEFERRABLE,IMMEDIATE,,IND_ID
CZ_DEMANDA,REG_CZD_NULL,C,CHECK,ENABLED,NOT DEFERRABLE,IMMEDIATE,,REG_ID
CZ_DEMANDA,SYS_C0023535,C,CHECK,ENABLED,NOT DEFERRABLE,IMMEDIATE,,IND_ID
CZ_DEMANDA,SYS_C0023536,C,CHECK,ENABLED,NOT DEFERRABLE,IMMEDIATE,,ADMITE_POSTULACION
CZ_DEMANDA,CZD_PK,P,PRIMARY KEY,ENABLED,NOT DEFERRABLE,IMMEDIATE,,DEM_ID
CZ_DEMANDA,BAR_RESIDENCIA_CZD_FK,R,FOREIGN KEY,ENABLED,NOT DEFERRABLE,IMMEDIATE,BAR_PK,BAR_ID_RESIDENCIA
CZ_DEMANDA,DEM_CZD_FK,R,FOREIGN KEY,ENABLED,NOT DEFERRABLE,IMMEDIATE,DEM_PK,DEM_ID
CZ_DEMANDA,DPT_RESIDENCIA_CZD_FK,R,FOREIGN KEY,ENABLED,NOT DEFERRABLE,IMMEDIATE,DPT_PK,DPT_ID_RESIDENCIA
CZ_DEMANDA,ESC_CZD_FK,R,FOREIGN KEY,ENABLED,NOT DEFERRABLE,IMMEDIATE,ESC_PK,ESC_ID
CZ_DEMANDA,IND_CZD_FK,R,FOREIGN KEY,ENABLED,NOT DEFERRABLE,IMMEDIATE,IND_PK,IND_ID
CZ_DEMANDA,MPO_RESIDENCIA_CZD_FK,R,FOREIGN KEY,ENABLED,NOT DEFERRABLE,IMMEDIATE,MPO_PK,MPO_ID_RESIDENCIA
CZ_DEMANDA,PAI_RESIDENCIA_CZD_FK,R,FOREIGN KEY,ENABLED,NOT DEFERRABLE,IMMEDIATE,PAI_PK,PAI_ID_RESIDENCIA
CZ_DEMANDA,REG_CZD_FK,R,FOREIGN KEY,ENABLED,NOT DEFERRABLE,IMMEDIATE,REG_PK,REG_ID
CZ_DEMANDA,ZON_RESIDENCIA_CZD_FK,R,FOREIGN KEY,ENABLED,NOT DEFERRABLE,IMMEDIATE,ZON_PK,ZON_ID_RESIDENCIA
CZ_DEMANDA$REORG,CNO_CZD_NULL$REORG0,C,CHECK,ENABLED,NOT DEFERRABLE,IMMEDIATE,,CNO_ID
CZ_DEMANDA$REORG,CZD_DATOS_SOPORTADOS_CH$REORG0,C,CHECK,ENABLED,NOT DEFERRABLE,IMMEDIATE,,CDE_DATOS_SOPORTADOS
CZ_DEMANDA$REORG,CZD_DATOS_SOPORTADOS_NU$REORG0,C,CHECK,ENABLED,NOT DEFERRABLE,IMMEDIATE,,CDE_DATOS_SOPORTADOS
CZ_DEMANDA$REORG,CZD_LIB_MILITAR_CHK$REORG0,C,CHECK,ENABLED,NOT DEFERRABLE,IMMEDIATE,,CDE_LIB_MILITAR
CZ_DEMANDA$REORG,CZD_LIB_MILITAR_NULL$REORG0,C,CHECK,ENABLED,NOT DEFERRABLE,IMMEDIATE,,CDE_LIB_MILITAR
CZ_DEMANDA$REORG,CZD_MESES_EXP_NULL$REORG0,C,CHECK,ENABLED,NOT DEFERRABLE,IMMEDIATE,,CDE_MESES_EXP
CZ_DEMANDA$REORG,ESC_CZD_NULL$REORG0,C,CHECK,ENABLED,NOT DEFERRABLE,IMMEDIATE,,ESC_ID
CZ_DEMANDA$REORG,REG_CZD_NULL$REORG0,C,CHECK,ENABLED,NOT DEFERRABLE,IMMEDIATE,,REG_ID
CZ_DEMANDA$REORG,CZD_PK$REORG0,P,PRIMARY KEY,ENABLED,NOT DEFERRABLE,IMMEDIATE,,DEM_ID
CZ_DEMANDA$REORG,CNO_CZD_FK$REORG0,R,FOREIGN KEY,DISABLED,NOT DEFERRABLE,IMMEDIATE,CNO_PK,CNO_ID
CZ_DEMANDA$REORG,DEM_CZD_FK$REORG0,R,FOREIGN KEY,DISABLED,NOT DEFERRABLE,IMMEDIATE,DEM_PK,DEM_ID
CZ_DEMANDA$REORG,DPT_RESIDENCIA_CZD_FK$REORG0,R,FOREIGN KEY,DISABLED,NOT DEFERRABLE,IMMEDIATE,DPT_PK,DPT_ID_RESIDENCIA
CZ_DEMANDA$REORG,ESC_CZD_FK$REORG0,R,FOREIGN KEY,DISABLED,NOT DEFERRABLE,IMMEDIATE,ESC_PK,ESC_ID
CZ_DEMANDA$REORG,MPO_RESIDENCIA_CZD_FK$REORG0,R,FOREIGN KEY,DISABLED,NOT DEFERRABLE,IMMEDIATE,MPO_PK,MPO_ID_RESIDENCIA
CZ_DEMANDA$REORG,PAI_RESIDENCIA_CZD_FK$REORG0,R,FOREIGN KEY,DISABLED,NOT DEFERRABLE,IMMEDIATE,PAI_PK,PAI_ID_RESIDENCIA
CZ_DEMANDA$REORG,REG_CZD_FK$REORG0,R,FOREIGN KEY,DISABLED,NOT DEFERRABLE,IMMEDIATE,REG_PK,REG_ID
CZ_DEMXPES,DEM_CDP_NULL,C,CHECK,ENABLED,NOT DEFERRABLE,IMMEDIATE,,DEM_ID
CZ_DEMXPES,PES_CDP_NULL,C,CHECK,ENABLED,NOT DEFERRABLE,IMMEDIATE,,PES_ID
CZ_DEMXPES,DEM_CDP_FK,R,FOREIGN KEY,ENABLED,NOT DEFERRABLE,IMMEDIATE,DEM_PK,DEM_ID
CZ_DEMXPES,PES_CDP_FK,R,FOREIGN KEY,ENABLED,NOT DEFERRABLE,IMMEDIATE,PES_PK,PES_ID
CZ_DEMXPES,CZ_DEMXPES_UK_UC,U,UNIQUE,ENABLED,NOT DEFERRABLE,IMMEDIATE,,"DEM_ID,PES_ID"
CZ_DEM_ETD_FORM,CDF_FORMACION_SENA_CHK,C,CHECK,ENABLED,NOT DEFERRABLE,IMMEDIATE,,CDF_FORMACION_SENA
CZ_DEM_ETD_FORM,CDF_FORMACION_SENA_NULL,C,CHECK,ENABLED,NOT DEFERRABLE,IMMEDIATE,,CDF_FORMACION_SENA
CZ_DEM_ETD_FORM,CDF_GRADUADO_CHK,C,CHECK,ENABLED,NOT DEFERRABLE,IMMEDIATE,,CDF_GRADUADO
CZ_DEM_ETD_FORM,CDF_GRADUADO_NULL,C,CHECK,ENABLED,NOT DEFERRABLE,IMMEDIATE,,CDF_GRADUADO
CZ_DEM_ETD_FORM,CDF_NUM_GRADOS_NULL,C,CHECK,ENABLED,NOT DEFERRABLE,IMMEDIATE,,CDF_NUM_GRADOS
CZ_DEM_ETD_FORM,DEM_CDF_NULL,C,CHECK,ENABLED,NOT DEFERRABLE,IMMEDIATE,,DEM_ID
CZ_DEM_ETD_FORM,NIO_CDF_NULL,C,CHECK,ENABLED,NOT DEFERRABLE,IMMEDIATE,,NIA_ORDEN
CZ_DEM_ETD_FORM,TIT_CDF_NULL,C,CHECK,ENABLED,NOT DEFERRABLE,IMMEDIATE,,TIT_ID
CZ_DEM_ETD_FORM,DEM_CDF_FK,R,FOREIGN KEY,ENABLED,NOT DEFERRABLE,IMMEDIATE,DEM_PK,DEM_ID
CZ_DEM_ETD_FORM,INS_CDF_FK,R,FOREIGN KEY,ENABLED,NOT DEFERRABLE,IMMEDIATE,INS_PK,INS_ID
CZ_DEM_ETD_FORM,NIO_CDF_FK,R,FOREIGN KEY,ENABLED,NOT DEFERRABLE,IMMEDIATE,NIA_ORDEN_UK_UC,NIA_ORDEN
CZ_DEM_ETD_FORM,TIT_CDF_FK,R,FOREIGN KEY,ENABLED,NOT DEFERRABLE,IMMEDIATE,TIT_PK,TIT_ID
CZ_DEM_ETD_FORM,CZ_DEMXTIT_UK_UC,U,UNIQUE,DISABLED,NOT DEFERRABLE,IMMEDIATE,,"DEM_ID,TIT_ID,INS_ID"
CZ_DEM_ETD_NFORM,CDN_FORMACION_SENA_CHK,C,CHECK,ENABLED,NOT DEFERRABLE,IMMEDIATE,,CDN_FORMACION_SENA
CZ_DEM_ETD_NFORM,CDN_FORMACION_SENA_NULL,C,CHECK,ENABLED,NOT DEFERRABLE,IMMEDIATE,,CDN_FORMACION_SENA
CZ_DEM_ETD_NFORM,CDN_TERMINADO_CHK,C,CHECK,ENABLED,NOT DEFERRABLE,IMMEDIATE,,CDN_TERMINADO
CZ_DEM_ETD_NFORM,CDN_TERMINADO_NULL,C,CHECK,ENABLED,NOT DEFERRABLE,IMMEDIATE,,CDN_TERMINADO
CZ_DEM_ETD_NFORM,DEM_CDN_NULL,C,CHECK,ENABLED,NOT DEFERRABLE,IMMEDIATE,,DEM_ID
CZ_DEM_ETD_NFORM,ENF_CDN_NULL,C,CHECK,ENABLED,NOT DEFERRABLE,IMMEDIATE,,ENF_ID
CZ_DEM_ETD_NFORM,DEM_CDN_FK,R,FOREIGN KEY,ENABLED,NOT DEFERRABLE,IMMEDIATE,DEM_PK,DEM_ID
CZ_DEM_ETD_NFORM,ENF_CDN_FK,R,FOREIGN KEY,ENABLED,NOT DEFERRABLE,IMMEDIATE,ENF_PK,ENF_ID
CZ_DEM_ETD_NFORM,CZ_DEMXENF_UK_UC,U,UNIQUE,ENABLED,NOT DEFERRABLE,IMMEDIATE,,"DEM_ID,ENF_ID"
CZ_DEM_IDIOMA,CDI_ESCRIBE_NULL,C,CHECK,ENABLED,NOT DEFERRABLE,IMMEDIATE,,CDI_ESCRIBE
CZ_DEM_IDIOMA,CDI_HABLA_NULL,C,CHECK,ENABLED,NOT DEFERRABLE,IMMEDIATE,,CDI_HABLA
CZ_DEM_IDIOMA,CDI_LEE_NULL,C,CHECK,ENABLED,NOT DEFERRABLE,IMMEDIATE,,CDI_LEE
CZ_DEM_IDIOMA,DEM_CDI_NULL,C,CHECK,ENABLED,NOT DEFERRABLE,IMMEDIATE,,DEM_ID
CZ_DEM_IDIOMA,IDM_CDI_NULL,C,CHECK,ENABLED,NOT DEFERRABLE,IMMEDIATE,,IDM_ID
CZ_DEM_IDIOMA,DEM_CDI_FK,R,FOREIGN KEY,ENABLED,NOT DEFERRABLE,IMMEDIATE,DEM_PK,DEM_ID
CZ_DEM_IDIOMA,IDM_CDI_FK,R,FOREIGN KEY,ENABLED,NOT DEFERRABLE,IMMEDIATE,IDM_PK,IDM_ID
CZ_DEM_IDIOMA,CZ_DEMXIDM_UK_UC,U,UNIQUE,ENABLED,NOT DEFERRABLE,IMMEDIATE,,"DEM_ID,IDM_ID"
CZ_DEM_LICENCIA,DEM_CDL_NULL,C,CHECK,ENABLED,NOT DEFERRABLE,IMMEDIATE,,DEM_ID
CZ_DEM_LICENCIA,LIC_CDL_NULL,C,CHECK,ENABLED,NOT DEFERRABLE,IMMEDIATE,,LIC_ID
CZ_DEM_LICENCIA,DEM_CDL_FK,R,FOREIGN KEY,ENABLED,NOT DEFERRABLE,IMMEDIATE,DEM_PK,DEM_ID
CZ_DEM_LICENCIA,LIC_CDL_FK,R,FOREIGN KEY,ENABLED,NOT DEFERRABLE,IMMEDIATE,LIC_PK,LIC_ID
CZ_DEM_LICENCIA,CZ_DEMXLIC_UK_UC,U,UNIQUE,ENABLED,NOT DEFERRABLE,IMMEDIATE,,"DEM_ID,LIC_ID"
CZ_DEM_VARIABLE,DEM_CDVA_NULL,C,CHECK,ENABLED,NOT DEFERRABLE,IMMEDIATE,,DEM_ID
CZ_DEM_VARIABLE,VAC_CDVA_NULL,C,CHECK,ENABLED,NOT DEFERRABLE,IMMEDIATE,,VAC_CODIGO
CZ_DEM_VARIABLE,DEM_CDVA_FK,R,FOREIGN KEY,ENABLED,NOT DEFERRABLE,IMMEDIATE,DEM_PK,DEM_ID
CZ_DEM_VARIABLE,VAR_CDVA_FK,R,FOREIGN KEY,ENABLED,NOT DEFERRABLE,IMMEDIATE,VAC_PK,VAC_CODIGO
CZ_DEM_VARIABLE,CZ_DEMXVAC_UK_UC,U,UNIQUE,ENABLED,NOT DEFERRABLE,IMMEDIATE,,"DEM_ID,VAC_CODIGO"
CZ_DEM_VEHICULO,DEM_CDV_NULL,C,CHECK,ENABLED,NOT DEFERRABLE,IMMEDIATE,,DEM_ID
CZ_DEM_VEHICULO,VEH_CDV_NULL,C,CHECK,ENABLED,NOT DEFERRABLE,IMMEDIATE,,VEH_ID
CZ_DEM_VEHICULO,DEM_CDV_FK,R,FOREIGN KEY,ENABLED,NOT DEFERRABLE,IMMEDIATE,DEM_PK,DEM_ID
CZ_DEM_VEHICULO,VEH_CDV_FK,R,FOREIGN KEY,ENABLED,NOT DEFERRABLE,IMMEDIATE,VEH_PK,VEH_ID
CZ_DEM_VEHICULO,CZ_DEMXVEH_UK_UC,U,UNIQUE,ENABLED,NOT DEFERRABLE,IMMEDIATE,,"DEM_ID,VEH_ID"
CZ_OFERTA,COF_SISBEN_NIVEL_CHK,C,CHECK,ENABLED,NOT DEFERRABLE,IMMEDIATE,,COF_SISBEN_NIVEL
CZ_OFERTA,COF_SISBEN_TIPO_CHK,C,CHECK,ENABLED,NOT DEFERRABLE,IMMEDIATE,,COF_SISBEN_TIPO
CZ_OFERTA,CZO_AUTORIZA_CHK,C,CHECK,ENABLED,NOT DEFERRABLE,IMMEDIATE,,OFT_AUTORIZA
CZ_OFERTA,CZO_FCH_NACIMIENTO_NULL,C,CHECK,ENABLED,NOT DEFERRABLE,IMMEDIATE,,COF_FCH_NACIMIENTO
CZ_OFERTA,CZO_GENERO_CHK,C,CHECK,ENABLED,NOT DEFERRABLE,IMMEDIATE,,COF_GENERO
CZ_OFERTA,CZO_GENERO_NULL,C,CHECK,ENABLED,NOT DEFERRABLE,IMMEDIATE,,COF_GENERO
CZ_OFERTA,CZO_LIB_MILITAR_CHK,C,CHECK,ENABLED,NOT DEFERRABLE,IMMEDIATE,,COF_LIB_MILITAR
CZ_OFERTA,CZO_LIB_MILITAR_NULL,C,CHECK,ENABLED,NOT DEFERRABLE,IMMEDIATE,,COF_LIB_MILITAR
CZ_OFERTA,ESC_CZO_NULL,C,CHECK,ENABLED,NOT DEFERRABLE,IMMEDIATE,,ESC_ID
CZ_OFERTA,ETR_CZO_NULL,C,CHECK,ENABLED,NOT DEFERRABLE,IMMEDIATE,,ETR_ID
CZ_OFERTA,OFT_CZO_NULL,C,CHECK,ENABLED,NOT DEFERRABLE,IMMEDIATE,,OFT_ID
CZ_OFERTA,PSF_CZO_NULL,C,CHECK,ENABLED,NOT DEFERRABLE,IMMEDIATE,,PSF_ID
CZ_OFERTA,REG_CZO_NULL,C,CHECK,ENABLED,NOT DEFERRABLE,IMMEDIATE,,REG_ID
CZ_OFERTA,CZO_PK,P,PRIMARY KEY,ENABLED,NOT DEFERRABLE,IMMEDIATE,,OFT_ID
CZ_OFERTA,BAR_RESIDENCIA_OFT_FK,R,FOREIGN KEY,ENABLED,NOT DEFERRABLE,IMMEDIATE,BAR_PK,BAR_ID_RESIDENCIA
CZ_OFERTA,DPT_RESIDENCIA_OFT_FK,R,FOREIGN KEY,ENABLED,NOT DEFERRABLE,IMMEDIATE,DPT_PK,DPT_ID_RESIDENCIA
CZ_OFERTA,ESC_CZO_FK,R,FOREIGN KEY,ENABLED,NOT DEFERRABLE,IMMEDIATE,ESC_PK,ESC_ID
CZ_OFERTA,ETR_CZO_FK,R,FOREIGN KEY,ENABLED,NOT DEFERRABLE,IMMEDIATE,ETR_PK,ETR_ID
CZ_OFERTA,MPO_RESIDENCIA_OFT_FK,R,FOREIGN KEY,ENABLED,NOT DEFERRABLE,IMMEDIATE,MPO_PK,MPO_ID_RESIDENCIA
CZ_OFERTA,MPO_SISBEN_CZO_FK,R,FOREIGN KEY,ENABLED,NOT DEFERRABLE,IMMEDIATE,MPO_PK,COF_SISBEN_MPO
CZ_OFERTA,OFT_CZO_FK,R,FOREIGN KEY,ENABLED,NOT DEFERRABLE,IMMEDIATE,OFT_PK,OFT_ID
CZ_OFERTA,PAI_RESIDENCIA_OFT_FK,R,FOREIGN KEY,ENABLED,NOT DEFERRABLE,IMMEDIATE,PAI_PK,PAI_ID_RESIDENCIA
CZ_OFERTA,PSF_CZO_FK,R,FOREIGN KEY,ENABLED,NOT DEFERRABLE,IMMEDIATE,PSF_PK,PSF_ID
CZ_OFERTA,REG_CZO_FK,R,FOREIGN KEY,ENABLED,NOT DEFERRABLE,IMMEDIATE,REG_PK,REG_ID
CZ_OFERTA,ZON_RESIDENCIA_OFT_FK,R,FOREIGN KEY,ENABLED,NOT DEFERRABLE,IMMEDIATE,ZON_PK,ZON_ID_RESIDENCIA
CZ_OFTXPES,OFT_COP_NULL,C,CHECK,ENABLED,NOT DEFERRABLE,IMMEDIATE,,OFT_ID
CZ_OFTXPES,PES_COP_NULL,C,CHECK,ENABLED,NOT DEFERRABLE,IMMEDIATE,,PES_ID
CZ_OFTXPES,OFT_COP_FK,R,FOREIGN KEY,ENABLED,NOT DEFERRABLE,IMMEDIATE,OFT_PK,OFT_ID
CZ_OFTXPES,PES_COP_FK,R,FOREIGN KEY,ENABLED,NOT DEFERRABLE,IMMEDIATE,PES_PK,PES_ID
CZ_OFTXPES,CZ_OFTXPES_UK_UC,U,UNIQUE,ENABLED,NOT DEFERRABLE,IMMEDIATE,,"OFT_ID,PES_ID"
CZ_OFT_ETD_FORM,CZF_FORMACION_SENA_CHK,C,CHECK,ENABLED,NOT DEFERRABLE,IMMEDIATE,,COF_FORMACION_SENA
CZ_OFT_ETD_FORM,CZF_FORMACION_SENA_NULL,C,CHECK,ENABLED,NOT DEFERRABLE,IMMEDIATE,,COF_FORMACION_SENA
CZ_OFT_ETD_FORM,CZF_GRADUADO_CHK,C,CHECK,ENABLED,NOT DEFERRABLE,IMMEDIATE,,COF_GRADUADO
CZ_OFT_ETD_FORM,CZF_GRADUADO_NULL,C,CHECK,ENABLED,NOT DEFERRABLE,IMMEDIATE,,COF_GRADUADO
CZ_OFT_ETD_FORM,CZF_SOPORTE_CHK,C,CHECK,ENABLED,NOT DEFERRABLE,IMMEDIATE,,COF_SOPORTE
CZ_OFT_ETD_FORM,CZF_SOPORTE_NULL,C,CHECK,ENABLED,NOT DEFERRABLE,IMMEDIATE,,COF_SOPORTE
CZ_OFT_ETD_FORM,CZF_ULT_GRADO_NULL,C,CHECK,ENABLED,NOT DEFERRABLE,IMMEDIATE,,COF_ULT_GRADO
CZ_OFT_ETD_FORM,INS_CZF_NULL,C,CHECK,ENABLED,NOT DEFERRABLE,IMMEDIATE,,INS_ID
CZ_OFT_ETD_FORM,NIO_CZF_NULL,C,CHECK,ENABLED,NOT DEFERRABLE,IMMEDIATE,,NIA_ORDEN
CZ_OFT_ETD_FORM,OFT_CZF_NULL,C,CHECK,ENABLED,NOT DEFERRABLE,IMMEDIATE,,OFT_ID
CZ_OFT_ETD_FORM,TIT_CZF_NULL,C,CHECK,ENABLED,NOT DEFERRABLE,IMMEDIATE,,TIT_ID
CZ_OFT_ETD_FORM,INS_CZF_FK,R,FOREIGN KEY,ENABLED,NOT DEFERRABLE,IMMEDIATE,INS_PK,INS_ID
CZ_OFT_ETD_FORM,NIO_CZF_FK,R,FOREIGN KEY,ENABLED,NOT DEFERRABLE,IMMEDIATE,NIA_ORDEN_UK_UC,NIA_ORDEN
CZ_OFT_ETD_FORM,OFT_CZF_FK,R,FOREIGN KEY,ENABLED,NOT DEFERRABLE,IMMEDIATE,OFT_PK,OFT_ID
CZ_OFT_ETD_FORM,TIT_CZF_FK,R,FOREIGN KEY,ENABLED,NOT DEFERRABLE,IMMEDIATE,TIT_PK,TIT_ID
CZ_OFT_ETD_NFORM,CON_FORMACION_SENA_CHK,C,CHECK,ENABLED,NOT DEFERRABLE,IMMEDIATE,,CON_FORMACION_SENA
CZ_OFT_ETD_NFORM,CON_FORMACION_SENA_NULL,C,CHECK,ENABLED,NOT DEFERRABLE,IMMEDIATE,,CON_FORMACION_SENA
CZ_OFT_ETD_NFORM,CON_SOPORTE_CHK,C,CHECK,ENABLED,NOT DEFERRABLE,IMMEDIATE,,CON_SOPORTE
CZ_OFT_ETD_NFORM,CON_SOPORTE_NULL,C,CHECK,ENABLED,NOT DEFERRABLE,IMMEDIATE,,CON_SOPORTE
CZ_OFT_ETD_NFORM,CON_TERMINO_CHK,C,CHECK,ENABLED,NOT DEFERRABLE,IMMEDIATE,,CON_TERMINO
CZ_OFT_ETD_NFORM,CON_TERMINO_NULL,C,CHECK,ENABLED,NOT DEFERRABLE,IMMEDIATE,,CON_TERMINO
CZ_OFT_ETD_NFORM,ENF_CON_NULL,C,CHECK,ENABLED,NOT DEFERRABLE,IMMEDIATE,,ENF_ID
CZ_OFT_ETD_NFORM,OFT_CON_NULL,C,CHECK,ENABLED,NOT DEFERRABLE,IMMEDIATE,,OFT_ID
CZ_OFT_ETD_NFORM,ENF_CON_FK,R,FOREIGN KEY,ENABLED,NOT DEFERRABLE,IMMEDIATE,ENF_PK,ENF_ID
CZ_OFT_ETD_NFORM,OFT_CON_FK,R,FOREIGN KEY,ENABLED,NOT DEFERRABLE,IMMEDIATE,OFT_PK,OFT_ID
CZ_OFT_ETD_NFORM,CZ_OFTXENF_UK_UC,U,UNIQUE,ENABLED,NOT DEFERRABLE,IMMEDIATE,,"OFT_ID,ENF_ID"
CZ_OFT_EXP,CNO_COE_NULL,C,CHECK,ENABLED,NOT DEFERRABLE,IMMEDIATE,,CNO_ID
CZ_OFT_EXP,COE_MESES_NULL,C,CHECK,ENABLED,NOT DEFERRABLE,IMMEDIATE,,COE_MESES
CZ_OFT_EXP,COE_MESES_SOP_NULL,C,CHECK,ENABLED,NOT DEFERRABLE,IMMEDIATE,,COE_MESES_SOP
CZ_OFT_EXP,OFT_COE_NULL,C,CHECK,ENABLED,NOT DEFERRABLE,IMMEDIATE,,OFT_ID
CZ_OFT_EXP,OFT_COE_FK,R,FOREIGN KEY,ENABLED,NOT DEFERRABLE,IMMEDIATE,OFT_PK,OFT_ID
CZ_OFT_EXP,CZ_OFTXCNO_UK_UC,U,UNIQUE,ENABLED,NOT DEFERRABLE,IMMEDIATE,,"OFT_ID,CNO_ID"
CZ_OFT_EXP_IND,CNO_COEI_NULL,C,CHECK,ENABLED,NOT DEFERRABLE,IMMEDIATE,,IND_ID
CZ_OFT_EXP_IND,COEI_MESES_NULL,C,CHECK,ENABLED,NOT DEFERRABLE,IMMEDIATE,,COE_MESES
CZ_OFT_EXP_IND,COEI_MES_SOP_NULL,C,CHECK,ENABLED,NOT DEFERRABLE,IMMEDIATE,,COE_MESES_SOP
CZ_OFT_EXP_IND,OFT_COEI_NULL,C,CHECK,ENABLED,NOT DEFERRABLE,IMMEDIATE,,OFT_ID
CZ_OFT_EXP_IND,OFT_COEI_FK,R,FOREIGN KEY,ENABLED,NOT DEFERRABLE,IMMEDIATE,OFT_PK,OFT_ID
CZ_OFT_EXP_IND,CZ_OFTXIND_UK_UC,U,UNIQUE,ENABLED,NOT DEFERRABLE,IMMEDIATE,,"OFT_ID,IND_ID"
CZ_OFT_IDIOMA,COI_ESCRIBE_NULL,C,CHECK,ENABLED,NOT DEFERRABLE,IMMEDIATE,,COI_ESCRIBE
CZ_OFT_IDIOMA,COI_HABLA_NULL,C,CHECK,ENABLED,NOT DEFERRABLE,IMMEDIATE,,COI_HABLA
CZ_OFT_IDIOMA,COI_LEE_NULL,C,CHECK,ENABLED,NOT DEFERRABLE,IMMEDIATE,,COI_LEE
CZ_OFT_IDIOMA,COI_SOPORTE_CHK,C,CHECK,ENABLED,NOT DEFERRABLE,IMMEDIATE,,COI_SOPORTE
CZ_OFT_IDIOMA,COI_SOPORTE_NULL,C,CHECK,ENABLED,NOT DEFERRABLE,IMMEDIATE,,COI_SOPORTE
CZ_OFT_IDIOMA,IDM_COI_NULL,C,CHECK,ENABLED,NOT DEFERRABLE,IMMEDIATE,,IDM_ID
CZ_OFT_IDIOMA,OFT_COI_NULL,C,CHECK,ENABLED,NOT DEFERRABLE,IMMEDIATE,,OFT_ID
CZ_OFT_IDIOMA,IDM_COI_FK,R,FOREIGN KEY,ENABLED,NOT DEFERRABLE,IMMEDIATE,IDM_PK,IDM_ID
CZ_OFT_IDIOMA,OFT_COI_FK,R,FOREIGN KEY,ENABLED,NOT DEFERRABLE,IMMEDIATE,OFT_PK,OFT_ID
CZ_OFT_IDIOMA,CZ_OFTXIDM_UK_UC,U,UNIQUE,ENABLED,NOT DEFERRABLE,IMMEDIATE,,"OFT_ID,IDM_ID"
CZ_OFT_LICENCIA,LIC_COL_NULL,C,CHECK,ENABLED,NOT DEFERRABLE,IMMEDIATE,,LIC_ID
CZ_OFT_LICENCIA,OFT_COL_NULL,C,CHECK,ENABLED,NOT DEFERRABLE,IMMEDIATE,,OFT_ID
CZ_OFT_LICENCIA,LIC_COL_FK,R,FOREIGN KEY,ENABLED,NOT DEFERRABLE,IMMEDIATE,LIC_PK,LIC_ID
CZ_OFT_LICENCIA,OFT_COL_FK,R,FOREIGN KEY,ENABLED,NOT DEFERRABLE,IMMEDIATE,OFT_PK,OFT_ID
CZ_OFT_LICENCIA,CZ_OFTXLIC_UK_UC,U,UNIQUE,ENABLED,NOT DEFERRABLE,IMMEDIATE,,"OFT_ID,LIC_ID"
CZ_OFT_TALLER,GUT_COT_NULL,C,CHECK,ENABLED,NOT DEFERRABLE,IMMEDIATE,,GUT_ID
CZ_OFT_TALLER,OFT_COT_NULL,C,CHECK,ENABLED,NOT DEFERRABLE,IMMEDIATE,,OFT_ID
CZ_OFT_TALLER,GUT_COT_FK,R,FOREIGN KEY,ENABLED,NOT DEFERRABLE,IMMEDIATE,GUT_PK,GUT_ID
CZ_OFT_TALLER,OFT_COT_FK,R,FOREIGN KEY,ENABLED,NOT DEFERRABLE,IMMEDIATE,OFT_PK,OFT_ID
CZ_OFT_TALLER,OFT_GUT_COT_UK_UC,U,UNIQUE,ENABLED,NOT DEFERRABLE,IMMEDIATE,,"OFT_ID,GUT_ID"
CZ_OFT_VEHICULO,OFT_COH_NULL,C,CHECK,ENABLED,NOT DEFERRABLE,IMMEDIATE,,OFT_ID
CZ_OFT_VEHICULO,VEH_COH_NULL,C,CHECK,ENABLED,NOT DEFERRABLE,IMMEDIATE,,VEH_ID
CZ_OFT_VEHICULO,OFT_COH_FK,R,FOREIGN KEY,ENABLED,NOT DEFERRABLE,IMMEDIATE,OFT_PK,OFT_ID
CZ_OFT_VEHICULO,VEH_COH_FK,R,FOREIGN KEY,ENABLED,NOT DEFERRABLE,IMMEDIATE,VEH_PK,VEH_ID
CZ_OFT_VEHICULO,CZ_OFTXVEH_UK_UC,U,UNIQUE,ENABLED,NOT DEFERRABLE,IMMEDIATE,,"OFT_ID,VEH_ID"
DEMANDA,CSPE_DEM_NULL,C,CHECK,ENABLED,NOT DEFERRABLE,IMMEDIATE,,CSPE_ID
DEMANDA,DEM_CARGO_NUEVO_CHK,C,CHECK,ENABLED,NOT DEFERRABLE,IMMEDIATE,,DEM_CARGO_NUEVO
DEMANDA,DEM_CARGO_NUEVO_NULL,C,CHECK,ENABLED,NOT DEFERRABLE,IMMEDIATE,,DEM_CARGO_NUEVO
DEMANDA,DEM_CONTACTO_NULL,C,CHECK,ENABLED,NOT DEFERRABLE,IMMEDIATE,,DEM_CONTACTO
DEMANDA,DEM_DATOS_SOPORTADOS_CHK,C,CHECK,ENABLED,NOT DEFERRABLE,IMMEDIATE,,DEM_DATOS_SOPORTADOS
DEMANDA,DEM_DATOS_SOPORTADOS_NULL,C,CHECK,ENABLED,NOT DEFERRABLE,IMMEDIATE,,DEM_DATOS_SOPORTADOS
DEMANDA,DEM_DIRECCION_NULL,C,CHECK,ENABLED,NOT DEFERRABLE,IMMEDIATE,,DEM_DIRECCION
DEMANDA,DEM_FCH_LIMITE_NULL,C,CHECK,ENABLED,NOT DEFERRABLE,IMMEDIATE,,DEM_FCH_LIMITE
DEMANDA,DEM_FORMA_ENVIO_CHK,C,CHECK,ENABLED,NOT DEFERRABLE,IMMEDIATE,,DEM_FORMA_ENVIO
DEMANDA,DEM_FORMA_ENVIO_NULL,C,CHECK,ENABLED,NOT DEFERRABLE,IMMEDIATE,,DEM_FORMA_ENVIO
DEMANDA,DEM_HORARIO_NULL,C,CHECK,ENABLED,NOT DEFERRABLE,IMMEDIATE,,DEM_HORARIO
DEMANDA,DEM_ID_NULL,C,CHECK,ENABLED,NOT DEFERRABLE,IMMEDIATE,,DEM_ID
DEMANDA,DEM_LIB_MILITAR_CHK,C,CHECK,ENABLED,NOT DEFERRABLE,IMMEDIATE,,DEM_LIB_MILITAR
DEMANDA,DEM_LIB_MILITAR_NULL,C,CHECK,ENABLED,NOT DEFERRABLE,IMMEDIATE,,DEM_LIB_MILITAR
DEMANDA,DEM_MANEJO_DINERO_CHK,C,CHECK,ENABLED,NOT DEFERRABLE,IMMEDIATE,,DEM_MANEJO_DINERO
DEMANDA,DEM_MANEJO_DINERO_NULL,C,CHECK,ENABLED,NOT DEFERRABLE,IMMEDIATE,,DEM_MANEJO_DINERO
DEMANDA,DEM_MANEJO_PERSONAL_CHK,C,CHECK,ENABLED,NOT DEFERRABLE,IMMEDIATE,,DEM_MANEJO_PERSONAL
DEMANDA,DEM_MANEJO_PERSONAL_NULL,C,CHECK,ENABLED,NOT DEFERRABLE,IMMEDIATE,,DEM_MANEJO_PERSONAL
DEMANDA,DEM_MED_INSCRIPCION_CHK,C,CHECK,ENABLED,NOT DEFERRABLE,IMMEDIATE,,DEM_MED_INSCRIPCION
DEMANDA,DEM_MED_INSCRIPCION_NULL,C,CHECK,ENABLED,NOT DEFERRABLE,IMMEDIATE,,DEM_MED_INSCRIPCION
DEMANDA,DEM_MESES_EXP_NULL,C,CHECK,ENABLED,NOT DEFERRABLE,IMMEDIATE,,DEM_MESES_EXP
DEMANDA,DEM_NUM_CANDIDATOS_NULL,C,CHECK,ENABLED,NOT DEFERRABLE,IMMEDIATE,,DEM_NUM_CANDIDATOS
DEMANDA,DEM_NUM_VACANTES_NULL,C,CHECK,ENABLED,NOT DEFERRABLE,IMMEDIATE,,DEM_NUM_VACANTES
DEMANDA,DEM_SUELDO_MES_NULL,C,CHECK,ENABLED,NOT DEFERRABLE,IMMEDIATE,,DEM_SUELDO_MES
DEMANDA,DEM_TEL_CONTACTO_NULL,C,CHECK,ENABLED,NOT DEFERRABLE,IMMEDIATE,,DEM_TEL_CONTACTO
DEMANDA,EMP_DEM_NULL,C,CHECK,ENABLED,NOT DEFERRABLE,IMMEDIATE,,EMP_ID
DEMANDA,ESC_DEM_NULL,C,CHECK,ENABLED,NOT DEFERRABLE,IMMEDIATE,,ESC_ID
DEMANDA,IND_DEM_NULL,C,CHECK,ENABLED,NOT DEFERRABLE,IMMEDIATE,,IND_ID
DEMANDA,JTR_DEM_NULL,C,CHECK,ENABLED,NOT DEFERRABLE,IMMEDIATE,,JTR_ID
DEMANDA,PAI_DEM_NULL,C,CHECK,ENABLED,NOT DEFERRABLE,IMMEDIATE,,PAI_ID
DEMANDA,REG_DEM_NULL,C,CHECK,ENABLED,NOT DEFERRABLE,IMMEDIATE,,REG_ID
DEMANDA,TCO_DEM_NULL,C,CHECK,ENABLED,NOT DEFERRABLE,IMMEDIATE,,TCO_ID
DEMANDA,TSU_DEM_NULL,C,CHECK,ENABLED,NOT DEFERRABLE,IMMEDIATE,,TSU_ID
DEMANDA,DEM_PK,P,PRIMARY KEY,ENABLED,NOT DEFERRABLE,IMMEDIATE,,DEM_ID
DEMANDA,BAR_DEM_FK,R,FOREIGN KEY,ENABLED,NOT DEFERRABLE,IMMEDIATE,BAR_PK,BAR_ID
DEMANDA,BAR_RESIDENCIA_DEM_FK,R,FOREIGN KEY,ENABLED,NOT DEFERRABLE,IMMEDIATE,BAR_PK,BAR_ID_RESIDENCIA
DEMANDA,CIIU_DEM_FK,R,FOREIGN KEY,ENABLED,NOT DEFERRABLE,IMMEDIATE,CIIU_PK,CIIU_DEM_ORG_TMP
DEMANDA,CSPE_ACTUALIZA_DEM_FK,R,FOREIGN KEY,ENABLED,NOT DEFERRABLE,IMMEDIATE,CSPE_PK,CSPE_ID_ACTUALIZA
DEMANDA,CSPE_DEM_FK,R,FOREIGN KEY,ENABLED,NOT DEFERRABLE,IMMEDIATE,CSPE_PK,CSPE_ID
DEMANDA,DEM_ARI_ID,R,FOREIGN KEY,ENABLED,NOT DEFERRABLE,IMMEDIATE,ARI_PK,ARI_ID
DEMANDA,DPT_DEM_FK,R,FOREIGN KEY,ENABLED,NOT DEFERRABLE,IMMEDIATE,DPT_PK,DPT_ID
DEMANDA,DPT_RESIDENCIA_DEM_FK,R,FOREIGN KEY,ENABLED,NOT DEFERRABLE,IMMEDIATE,DPT_PK,DPT_ID_RESIDENCIA
DEMANDA,EMP_DEM_FK,R,FOREIGN KEY,ENABLED,NOT DEFERRABLE,IMMEDIATE,EMP_PK,EMP_ID
DEMANDA,ESC_DEM_FK,R,FOREIGN KEY,ENABLED,NOT DEFERRABLE,IMMEDIATE,ESC_PK,ESC_ID
DEMANDA,FUN_ACTUALIZA_DEM_FK,R,FOREIGN KEY,ENABLED,NOT DEFERRABLE,IMMEDIATE,FUN_PK,FUN_ID_ACTUALIZA
DEMANDA,FUN_DEM_FK,R,FOREIGN KEY,ENABLED,NOT DEFERRABLE,IMMEDIATE,FUN_PK,FUN_ID
DEMANDA,FUN_VALIDA_DEM_FK,R,FOREIGN KEY,ENABLED,NOT DEFERRABLE,IMMEDIATE,FUN_PK,FUN_ID_VALIDA_DEM
DEMANDA,IND_2_DEM_FK,R,FOREIGN KEY,ENABLED,NOT DEFERRABLE,IMMEDIATE,IND_PK,IND_ID_2
DEMANDA,IND_3_DEM_FK,R,FOREIGN KEY,ENABLED,NOT DEFERRABLE,IMMEDIATE,IND_PK,IND_ID_3
DEMANDA,IND_DEM_FK,R,FOREIGN KEY,ENABLED,NOT DEFERRABLE,IMMEDIATE,IND_PK,IND_ID
DEMANDA,JTR_DEM_FK,R,FOREIGN KEY,ENABLED,NOT DEFERRABLE,IMMEDIATE,JTR_PK,JTR_ID
DEMANDA,MPO_DEM_FK,R,FOREIGN KEY,ENABLED,NOT DEFERRABLE,IMMEDIATE,MPO_PK,MPO_ID
DEMANDA,MPO_RESIDENCIA_DEM_FK,R,FOREIGN KEY,ENABLED,NOT DEFERRABLE,IMMEDIATE,MPO_PK,MPO_ID_RESIDENCIA
DEMANDA,PAI_DEM_FK,R,FOREIGN KEY,ENABLED,NOT DEFERRABLE,IMMEDIATE,PAI_PK,PAI_ID
DEMANDA,PAI_RESIDENCIA_DEM_FK,R,FOREIGN KEY,ENABLED,NOT DEFERRABLE,IMMEDIATE,PAI_PK,PAI_ID_RESIDENCIA
DEMANDA,REG_DEM_FK,R,FOREIGN KEY,ENABLED,NOT DEFERRABLE,IMMEDIATE,REG_PK,REG_ID
DEMANDA,TCO_DEM_FK,R,FOREIGN KEY,ENABLED,NOT DEFERRABLE,IMMEDIATE,TCO_PK,TCO_ID
DEMANDA,TSU_DEM_FK,R,FOREIGN KEY,ENABLED,NOT DEFERRABLE,IMMEDIATE,TSU_PK,TSU_ID
DEMANDA,ZON_DEM_FK,R,FOREIGN KEY,ENABLED,NOT DEFERRABLE,IMMEDIATE,ZON_PK,ZON_ID
DEMANDA,ZON_RESIDENCIA_DEM_FK,R,FOREIGN KEY,ENABLED,NOT DEFERRABLE,IMMEDIATE,ZON_PK,ZON_ID_RESIDENCIA
DEMANDAS_CONVOCATORIA_PT_2017,SYS_C0021553,C,CHECK,ENABLED,NOT DEFERRABLE,IMMEDIATE,,DEM_ID
DEMANDA_FUNCION_CPL,SYS_C0023078,C,CHECK,ENABLED,NOT DEFERRABLE,IMMEDIATE,,ID_DEM_FNC_CPL
DEMANDA_FUNCION_CPL,SYS_C0023079,C,CHECK,ENABLED,NOT DEFERRABLE,IMMEDIATE,,DEM_FNC_CPL_ID
DEMANDA_FUNCION_CPL,SYS_C0023080,C,CHECK,ENABLED,NOT DEFERRABLE,IMMEDIATE,,FNC_CPL_ID
DEMANDA_FUNCION_CPL,DEM_FNC_CPL_PK,P,PRIMARY KEY,ENABLED,NOT DEFERRABLE,IMMEDIATE,,ID_DEM_FNC_CPL
DEMANDA_FUNCION_CPL,FK_DEM_FNC_CPL_ID,R,FOREIGN KEY,ENABLED,NOT DEFERRABLE,IMMEDIATE,DEM_PK,DEM_FNC_CPL_ID
DEMANDA_FUNCION_CPL,FK_FNC_CPL_ID,R,FOREIGN KEY,ENABLED,NOT DEFERRABLE,IMMEDIATE,FNC_CCPL_ID_PK,FNC_CPL_ID
DEMANDA_INDICE,SYS_C0022151,C,CHECK,ENABLED,NOT DEFERRABLE,IMMEDIATE,,DEI_ID
DEMANDA_INDICE,SYS_C0022152,C,CHECK,ENABLED,NOT DEFERRABLE,IMMEDIATE,,DEM_ID
DEMANDA_INDICE,SYS_C0022153,C,CHECK,ENABLED,NOT DEFERRABLE,IMMEDIATE,,IND_ID
DEMANDA_INDICE,SYS_C0022154,C,CHECK,ENABLED,NOT DEFERRABLE,IMMEDIATE,,FECHA_REGISTRO
DEMANDA_INDICE,PK_DEI_ID,P,PRIMARY KEY,ENABLED,NOT DEFERRABLE,IMMEDIATE,,DEI_ID
DEMANDA_INDICE,FK_DEM_ID_DEI,R,FOREIGN KEY,ENABLED,NOT DEFERRABLE,IMMEDIATE,DEM_PK,DEM_ID
DEMANDA_INDICE,FK_FUN_ID_DEI,R,FOREIGN KEY,ENABLED,NOT DEFERRABLE,IMMEDIATE,FUN_PK,FUN_ID
DEMANDA_INDICE,FK_IND_ID_DEI,R,FOREIGN KEY,ENABLED,NOT DEFERRABLE,IMMEDIATE,IND_PK,IND_ID
DEMANDA_INDICE,UQ_FK__ID_DEM_IND,U,UNIQUE,ENABLED,NOT DEFERRABLE,IMMEDIATE,,"DEM_ID,IND_ID"
DEMANDA_OCUPACION,SYS_C0022155,C,CHECK,ENABLED,NOT DEFERRABLE,IMMEDIATE,,DEO_ID
DEMANDA_OCUPACION,SYS_C0022156,C,CHECK,ENABLED,NOT DEFERRABLE,IMMEDIATE,,DEM_ID
DEMANDA_OCUPACION,SYS_C0022157,C,CHECK,ENABLED,NOT DEFERRABLE,IMMEDIATE,,OCU_ID
DEMANDA_OCUPACION,SYS_C0022158,C,CHECK,ENABLED,NOT DEFERRABLE,IMMEDIATE,,DEO_FECHA_REGISTRO
DEMANDA_OCUPACION,PK_DEO_ID,P,PRIMARY KEY,ENABLED,NOT DEFERRABLE,IMMEDIATE,,DEO_ID
DEMANDA_OCUPACION,FK_DEM_ID_DEO,R,FOREIGN KEY,ENABLED,NOT DEFERRABLE,IMMEDIATE,DEM_PK,DEM_ID
DEMANDA_OCUPACION,FK_FUN_ID_DEO,R,FOREIGN KEY,ENABLED,NOT DEFERRABLE,IMMEDIATE,FUN_PK,FUN_ID
DEMANDA_OCUPACION,FK_OCU_ID_DEO,R,FOREIGN KEY,ENABLED,NOT DEFERRABLE,IMMEDIATE,OCU_PK,OCU_ID
DEMANDA_OCUPACION,UQ_FK_DEM_OCU,U,UNIQUE,ENABLED,NOT DEFERRABLE,IMMEDIATE,,"DEM_ID,OCU_ID"
DEMANDA_SENA,SYS_C0024116,P,PRIMARY KEY,ENABLED,NOT DEFERRABLE,IMMEDIATE,,"COS_ID,DEMS_ID"
DEMXFUNCION,DEM_DFN_NULL,C,CHECK,ENABLED,NOT DEFERRABLE,IMMEDIATE,,DEM_ID
DEMXFUNCION,DFN_ID_NULL,C,CHECK,ENABLED,NOT DEFERRABLE,IMMEDIATE,,DFN_ID
DEMXFUNCION,FNC_DFN_NULL,C,CHECK,ENABLED,NOT DEFERRABLE,IMMEDIATE,,FNC_ID
DEMXFUNCION,DFN_PK,P,PRIMARY KEY,ENABLED,NOT DEFERRABLE,IMMEDIATE,,DFN_ID
DEMXFUNCION,DEM_DFN_FK,R,FOREIGN KEY,ENABLED,NOT DEFERRABLE,IMMEDIATE,DEM_PK,DEM_ID
DEMXFUNCION,FNC_DFN_FK,R,FOREIGN KEY,ENABLED,NOT DEFERRABLE,IMMEDIATE,FNC_PK,FNC_ID
DEMXFUNCION,DEMXFNC_UK_UC,U,UNIQUE,ENABLED,NOT DEFERRABLE,IMMEDIATE,,"DEM_ID,FNC_ID"
DEMXFUNCIONREL1,SYS_C0022058,C,CHECK,ENABLED,NOT DEFERRABLE,IMMEDIATE,,DFNR_1_ID
DEMXFUNCIONREL1,SYS_C0022059,C,CHECK,ENABLED,NOT DEFERRABLE,IMMEDIATE,,DEM_ID
DEMXFUNCIONREL1,SYS_C0022060,C,CHECK,ENABLED,NOT DEFERRABLE,IMMEDIATE,,FNC_ID
DEMXFUNCIONREL1,SYS_C0023855,P,PRIMARY KEY,ENABLED,NOT DEFERRABLE,IMMEDIATE,,DFNR_1_ID
DEMXFUNCIONREL1,DEM_DFNR_1_FK,R,FOREIGN KEY,ENABLED,NOT DEFERRABLE,IMMEDIATE,DEM_PK,DEM_ID
DEMXFUNCIONREL1,FNC_DFNR_1_FK,R,FOREIGN KEY,ENABLED,NOT DEFERRABLE,IMMEDIATE,FNC_PK,FNC_ID
DEMXFUNCIONREL2,SYS_C0023278,C,CHECK,ENABLED,NOT DEFERRABLE,IMMEDIATE,,DFNR_2_ID
DEMXFUNCIONREL2,SYS_C0023279,C,CHECK,ENABLED,NOT DEFERRABLE,IMMEDIATE,,DEM_ID
DEMXFUNCIONREL2,SYS_C0023280,C,CHECK,ENABLED,NOT DEFERRABLE,IMMEDIATE,,FNC_ID
DEMXFUNCIONREL2,SYS_C0024203,P,PRIMARY KEY,ENABLED,NOT DEFERRABLE,IMMEDIATE,,DFNR_2_ID
DEMXFUNCIONREL2,DEM_DFNR_2_FK,R,FOREIGN KEY,ENABLED,NOT DEFERRABLE,IMMEDIATE,DEM_PK,DEM_ID
DEMXFUNCIONREL2,FNC_DFNR_2_FK,R,FOREIGN KEY,ENABLED,NOT DEFERRABLE,IMMEDIATE,FNC_PK,FNC_ID
DEMXPES,DEM_PES_NULL,C,CHECK,ENABLED,NOT DEFERRABLE,IMMEDIATE,,DEM_ID
DEMXPES,DPE_FCH_REGISTRO_NULL,C,CHECK,ENABLED,NOT DEFERRABLE,IMMEDIATE,,DPE_FCH_REGISTRO
DEMXPES,DPE_ID_NULL,C,CHECK,ENABLED,NOT DEFERRABLE,IMMEDIATE,,DPE_ID
DEMXPES,PES_DEM_NULL,C,CHECK,ENABLED,NOT DEFERRABLE,IMMEDIATE,,PES_ID
DEMXPES,DPE_PK,P,PRIMARY KEY,ENABLED,NOT DEFERRABLE,IMMEDIATE,,DPE_ID
DEMXPES,CSPE_DPE_FK,R,FOREIGN KEY,ENABLED,NOT DEFERRABLE,IMMEDIATE,CSPE_PK,CSPE_ID
DEMXPES,DEM_DPE_FK,R,FOREIGN KEY,ENABLED,NOT DEFERRABLE,IMMEDIATE,DEM_PK,DEM_ID
DEMXPES,FUN_DPE_FK,R,FOREIGN KEY,ENABLED,NOT DEFERRABLE,IMMEDIATE,FUN_PK,FUN_ID
DEMXPES,PES_DPE_FK,R,FOREIGN KEY,ENABLED,NOT DEFERRABLE,IMMEDIATE,PES_PK,PES_ID
DEMXPES,DEMXPES_UK_UC,U,UNIQUE,ENABLED,NOT DEFERRABLE,IMMEDIATE,,"DEM_ID,PES_ID"
DEM_COMP_LABORAL,SYS_C0022776,C,CHECK,ENABLED,NOT DEFERRABLE,IMMEDIATE,,DCL_ID
DEM_COMP_LABORAL,SYS_C0022777,C,CHECK,ENABLED,NOT DEFERRABLE,IMMEDIATE,,DEM_ID
DEM_COMP_LABORAL,SYS_C0022778,C,CHECK,ENABLED,NOT DEFERRABLE,IMMEDIATE,,CPL_ID
DEM_COMP_LABORAL,DEM_COMP_LABORAL_PK,P,PRIMARY KEY,ENABLED,NOT DEFERRABLE,IMMEDIATE,,DCL_ID
DEM_COMP_LABORAL,DEM_COMP_LABORAL_CPL_ID,R,FOREIGN KEY,ENABLED,NOT DEFERRABLE,IMMEDIATE,CPL_PK,CPL_ID
DEM_COMP_LABORAL,DEM_COMP_LABORAL_DEM_ID,R,FOREIGN KEY,ENABLED,NOT DEFERRABLE,IMMEDIATE,DEM_PK,DEM_ID
DEM_ESTUDIOS,SYS_C0024201,P,PRIMARY KEY,ENABLED,NOT DEFERRABLE,IMMEDIATE,,DES_ID
DEM_ETD_FORMAL,CSPE_DEF_NULL,C,CHECK,ENABLED,NOT DEFERRABLE,IMMEDIATE,,CSPE_ID
DEM_ETD_FORMAL,DEF_FCH_REGISTRO_NULL,C,CHECK,ENABLED,NOT DEFERRABLE,IMMEDIATE,,DEF_FCH_REGISTRO
DEM_ETD_FORMAL,DEF_FORMACION_SENA_CHK,C,CHECK,ENABLED,NOT DEFERRABLE,IMMEDIATE,,DEF_FORMACION_SENA
DEM_ETD_FORMAL,DEF_FORMACION_SENA_NULL,C,CHECK,ENABLED,NOT DEFERRABLE,IMMEDIATE,,DEF_FORMACION_SENA
DEM_ETD_FORMAL,DEF_GRADUADO_CHK,C,CHECK,ENABLED,NOT DEFERRABLE,IMMEDIATE,,DEF_GRADUADO
DEM_ETD_FORMAL,DEF_GRADUADO_NULL,C,CHECK,ENABLED,NOT DEFERRABLE,IMMEDIATE,,DEF_GRADUADO
DEM_ETD_FORMAL,DEF_ID_NULL,C,CHECK,ENABLED,NOT DEFERRABLE,IMMEDIATE,,DEF_ID
DEM_ETD_FORMAL,DEF_NUM_GRADOS_NULL,C,CHECK,ENABLED,NOT DEFERRABLE,IMMEDIATE,,DEF_NUM_GRADOS
DEM_ETD_FORMAL,DEM_DEF_NULL,C,CHECK,ENABLED,NOT DEFERRABLE,IMMEDIATE,,DEM_ID
DEM_ETD_FORMAL,NIA_DEF_NULL,C,CHECK,ENABLED,NOT DEFERRABLE,IMMEDIATE,,NIA_ID
DEM_ETD_FORMAL,TIT_DEF_NULL,C,CHECK,ENABLED,NOT DEFERRABLE,IMMEDIATE,,TIT_ID
DEM_ETD_FORMAL,DEF_PK,P,PRIMARY KEY,ENABLED,NOT DEFERRABLE,IMMEDIATE,,DEF_ID
DEM_ETD_FORMAL,CSPE_DEF_FK,R,FOREIGN KEY,ENABLED,NOT DEFERRABLE,IMMEDIATE,CSPE_PK,CSPE_ID
DEM_ETD_FORMAL,DEM_DEF_FK,R,FOREIGN KEY,ENABLED,NOT DEFERRABLE,IMMEDIATE,DEM_PK,DEM_ID
DEM_ETD_FORMAL,FUN_DEF_FK,R,FOREIGN KEY,ENABLED,NOT DEFERRABLE,IMMEDIATE,FUN_PK,FUN_ID
DEM_ETD_FORMAL,INS_DEF_FK,R,FOREIGN KEY,ENABLED,NOT DEFERRABLE,IMMEDIATE,INS_PK,INS_ID
DEM_ETD_FORMAL,NIA_DEF_FK,R,FOREIGN KEY,ENABLED,NOT DEFERRABLE,IMMEDIATE,NIA_PK,NIA_ID
DEM_ETD_FORMAL,TIT_DEF_FK,R,FOREIGN KEY,ENABLED,NOT DEFERRABLE,IMMEDIATE,TIT_PK,TIT_ID
DEM_ETD_FORMAL,DEMXTIT_UK_UC,U,UNIQUE,DISABLED,NOT DEFERRABLE,IMMEDIATE,,"DEM_ID,TIT_ID"
DEM_ETD_NO_FORMAL,CSPE_DNF_NULL,C,CHECK,ENABLED,NOT DEFERRABLE,IMMEDIATE,,CSPE_ID
DEM_ETD_NO_FORMAL,DEM_DNF_NULL,C,CHECK,ENABLED,NOT DEFERRABLE,IMMEDIATE,,DEM_ID
DEM_ETD_NO_FORMAL,DNF_FCH_REGISTRO_NULL,C,CHECK,ENABLED,NOT DEFERRABLE,IMMEDIATE,,DNF_FCH_REGISTRO
DEM_ETD_NO_FORMAL,DNF_FORMACION_SENA_CHK,C,CHECK,ENABLED,NOT DEFERRABLE,IMMEDIATE,,DNF_FORMACION_SENA
DEM_ETD_NO_FORMAL,DNF_FORMACION_SENA_NULL,C,CHECK,ENABLED,NOT DEFERRABLE,IMMEDIATE,,DNF_FORMACION_SENA
DEM_ETD_NO_FORMAL,DNF_ID_NULL,C,CHECK,ENABLED,NOT DEFERRABLE,IMMEDIATE,,DNF_ID
DEM_ETD_NO_FORMAL,DNF_TERMINADO_CHK,C,CHECK,ENABLED,NOT DEFERRABLE,IMMEDIATE,,DNF_TERMINADO
DEM_ETD_NO_FORMAL,DNF_TERMINADO_NULL,C,CHECK,ENABLED,NOT DEFERRABLE,IMMEDIATE,,DNF_TERMINADO
DEM_ETD_NO_FORMAL,ENF_DNF_NULL,C,CHECK,ENABLED,NOT DEFERRABLE,IMMEDIATE,,ENF_ID
DEM_ETD_NO_FORMAL,DNF_PK,P,PRIMARY KEY,ENABLED,NOT DEFERRABLE,IMMEDIATE,,DNF_ID
DEM_ETD_NO_FORMAL,CSPE_DNF_FK,R,FOREIGN KEY,ENABLED,NOT DEFERRABLE,IMMEDIATE,CSPE_PK,CSPE_ID
DEM_ETD_NO_FORMAL,DEM_DNF_FK,R,FOREIGN KEY,ENABLED,NOT DEFERRABLE,IMMEDIATE,DEM_PK,DEM_ID
DEM_ETD_NO_FORMAL,ENF_DNF_FK,R,FOREIGN KEY,ENABLED,NOT DEFERRABLE,IMMEDIATE,ENF_PK,ENF_ID
DEM_ETD_NO_FORMAL,FUN_DNF_FK,R,FOREIGN KEY,ENABLED,NOT DEFERRABLE,IMMEDIATE,FUN_PK,FUN_ID
DEM_ETD_NO_FORMAL,DEM_ENF_UK_UC,U,UNIQUE,ENABLED,NOT DEFERRABLE,IMMEDIATE,,"DEM_ID,ENF_ID"
DEM_EVENTO,SYS_C0022818,C,CHECK,ENABLED,NOT DEFERRABLE,IMMEDIATE,,DEE_ID
DEM_EVENTO,DEM_EVENTO_PK,P,PRIMARY KEY,ENABLED,NOT DEFERRABLE,IMMEDIATE,,DEE_ID
DEM_EVENTO,DEMANDA,R,FOREIGN KEY,ENABLED,NOT DEFERRABLE,IMMEDIATE,DEM_PK,DEM_ID
DEM_EVENTO,EVENTOS,R,FOREIGN KEY,ENABLED,NOT DEFERRABLE,IMMEDIATE,EVENTOS_PK,EVENTO_ID
DEM_IDIOMA,CSPE_DEI_NULL,C,CHECK,ENABLED,NOT DEFERRABLE,IMMEDIATE,,CSPE_ID
DEM_IDIOMA,DEI_ESCRIBE_NULL,C,CHECK,ENABLED,NOT DEFERRABLE,IMMEDIATE,,DEI_ESCRIBE
DEM_IDIOMA,DEI_FCH_REGISTRO_NULL,C,CHECK,ENABLED,NOT DEFERRABLE,IMMEDIATE,,DEI_FCH_REGISTRO
DEM_IDIOMA,DEI_HABLA_NULL,C,CHECK,ENABLED,NOT DEFERRABLE,IMMEDIATE,,DEI_HABLA
DEM_IDIOMA,DEI_ID_NULL,C,CHECK,ENABLED,NOT DEFERRABLE,IMMEDIATE,,DEI_ID
DEM_IDIOMA,DEI_LEE_NULL,C,CHECK,ENABLED,NOT DEFERRABLE,IMMEDIATE,,DEI_LEE
DEM_IDIOMA,DEM_DEI_NULL,C,CHECK,ENABLED,NOT DEFERRABLE,IMMEDIATE,,DEM_ID
DEM_IDIOMA,IDM_DEI_NULL,C,CHECK,ENABLED,NOT DEFERRABLE,IMMEDIATE,,IDM_ID
DEM_IDIOMA,DEI_PK,P,PRIMARY KEY,ENABLED,NOT DEFERRABLE,IMMEDIATE,,DEI_ID
DEM_IDIOMA,CSPE_DEI_FK,R,FOREIGN KEY,ENABLED,NOT DEFERRABLE,IMMEDIATE,CSPE_PK,CSPE_ID
DEM_IDIOMA,DEM_DEI_FK,R,FOREIGN KEY,ENABLED,NOT DEFERRABLE,IMMEDIATE,DEM_PK,DEM_ID
DEM_IDIOMA,FUN_DEI_FK,R,FOREIGN KEY,ENABLED,NOT DEFERRABLE,IMMEDIATE,FUN_PK,FUN_ID
DEM_IDIOMA,IDM_DEI_FK,R,FOREIGN KEY,ENABLED,NOT DEFERRABLE,IMMEDIATE,IDM_PK,IDM_ID
DEM_IDIOMA,DEMXIDM_UK_UC,U,UNIQUE,ENABLED,NOT DEFERRABLE,IMMEDIATE,,"DEM_ID,IDM_ID"
DEM_LICENCIA,DEL_ID_NULL,C,CHECK,ENABLED,NOT DEFERRABLE,IMMEDIATE,,DEL_ID
DEM_LICENCIA,DEM_DEL_NULL,C,CHECK,ENABLED,NOT DEFERRABLE,IMMEDIATE,,DEM_ID
DEM_LICENCIA,LIC_DEL_NULL,C,CHECK,ENABLED,NOT DEFERRABLE,IMMEDIATE,,LIC_ID
DEM_LICENCIA,DEL_PK,P,PRIMARY KEY,ENABLED,NOT DEFERRABLE,IMMEDIATE,,DEL_ID
DEM_LICENCIA,DEM_DEL_FK,R,FOREIGN KEY,ENABLED,NOT DEFERRABLE,IMMEDIATE,DEM_PK,DEM_ID
DEM_LICENCIA,LIC_DEL_FK,R,FOREIGN KEY,ENABLED,NOT DEFERRABLE,IMMEDIATE,LIC_PK,LIC_ID
DEM_MUN_HID,SYS_C0023100,C,CHECK,ENABLED,NOT DEFERRABLE,IMMEDIATE,,DMH_ID
DEM_MUN_HID,SYS_C0023101,C,CHECK,ENABLED,NOT DEFERRABLE,IMMEDIATE,,DEM_ID
DEM_MUN_HID,SYS_C0023102,C,CHECK,ENABLED,NOT DEFERRABLE,IMMEDIATE,,ARI_ID
DEM_MUN_HID,SYS_C0023103,C,CHECK,ENABLED,NOT DEFERRABLE,IMMEDIATE,,PAI_ID
DEM_MUN_HID,DMH_PK,P,PRIMARY KEY,ENABLED,NOT DEFERRABLE,IMMEDIATE,,DMH_ID
DEM_MUN_HID,ARI_DMH_FK,R,FOREIGN KEY,ENABLED,NOT DEFERRABLE,IMMEDIATE,ARI_PK,ARI_ID
DEM_MUN_HID,DEM_DMH_FK,R,FOREIGN KEY,ENABLED,NOT DEFERRABLE,IMMEDIATE,DEM_PK,DEM_ID
DEM_MUN_HID,DPT_DMH_FK,R,FOREIGN KEY,ENABLED,NOT DEFERRABLE,IMMEDIATE,DPT_PK,DPT_ID
DEM_MUN_HID,MPO_DMH_FK,R,FOREIGN KEY,ENABLED,NOT DEFERRABLE,IMMEDIATE,MPO_PK,MPO_ID
DEM_MUN_HID,PAI_DMH_FK,R,FOREIGN KEY,ENABLED,NOT DEFERRABLE,IMMEDIATE,PAI_PK,PAI_ID
DEM_MUN_HID,DMH_DEM_PAI_DPT_MUN_UK_UC,U,UNIQUE,ENABLED,NOT DEFERRABLE,IMMEDIATE,,"DEM_ID,PAI_ID,DPT_ID,MPO_ID"
DEM_PRESELECCION,SYS_C0021754,C,CHECK,ENABLED,NOT DEFERRABLE,IMMEDIATE,,DPS_ID
DEM_PRESELECCION,SYS_C0021755,C,CHECK,ENABLED,NOT DEFERRABLE,IMMEDIATE,,DEM_ID
DEM_PRESELECCION,SYS_C0021756,C,CHECK,ENABLED,NOT DEFERRABLE,IMMEDIATE,,DPS_FECHA
DEM_PRESELECCION,SYS_C0021757,C,CHECK,ENABLED,NOT DEFERRABLE,IMMEDIATE,,DPS_ESTADO
DEM_PRESELECCION,DEM_PRESELECCION_PK,P,PRIMARY KEY,ENABLED,NOT DEFERRABLE,IMMEDIATE,,DPS_ID
DEM_VARIABLE_CRUCE,DEM_DVC_NULL,C,CHECK,ENABLED,NOT DEFERRABLE,IMMEDIATE,,DEM_ID
DEM_VARIABLE_CRUCE,DVC_ID_NULL,C,CHECK,ENABLED,NOT DEFERRABLE,IMMEDIATE,,DVC_ID
DEM_VARIABLE_CRUCE,VAC_DVC_NULL,C,CHECK,ENABLED,NOT DEFERRABLE,IMMEDIATE,,VAC_CODIGO
DEM_VARIABLE_CRUCE,DVC_PK,P,PRIMARY KEY,ENABLED,NOT DEFERRABLE,IMMEDIATE,,DVC_ID
DEM_VARIABLE_CRUCE,DEM_DVC_FK,R,FOREIGN KEY,ENABLED,NOT DEFERRABLE,IMMEDIATE,DEM_PK,DEM_ID
DEM_VARIABLE_CRUCE,VAC_DVC_FK,R,FOREIGN KEY,ENABLED,NOT DEFERRABLE,IMMEDIATE,VAC_PK,VAC_CODIGO
DEM_VEHICULO,DEM_DEV_NULL,C,CHECK,ENABLED,NOT DEFERRABLE,IMMEDIATE,,DEM_ID
DEM_VEHICULO,DEV_ID_NULL,C,CHECK,ENABLED,NOT DEFERRABLE,IMMEDIATE,,DEV_ID
DEM_VEHICULO,VEH_DEV_NULL,C,CHECK,ENABLED,NOT DEFERRABLE,IMMEDIATE,,VEH_ID
DEM_VEHICULO,DEV_PK,P,PRIMARY KEY,ENABLED,NOT DEFERRABLE,IMMEDIATE,,DEV_ID
DEM_VEHICULO,DEM_DEV_FK,R,FOREIGN KEY,ENABLED,NOT DEFERRABLE,IMMEDIATE,DEM_PK,DEM_ID
DEM_VEHICULO,VEH_DEV_FK,R,FOREIGN KEY,ENABLED,NOT DEFERRABLE,IMMEDIATE,VEH_PK,VEH_ID
DENOMINACIONES_ECO_NAR,IND_DEN_ECONAR_FK,R,FOREIGN KEY,ENABLED,NOT DEFERRABLE,IMMEDIATE,IND_PK,IND_ID
DENOMINACIONES_EPL_CULT,IND_DEN_EMPLEO_FK,R,FOREIGN KEY,ENABLED,NOT DEFERRABLE,IMMEDIATE,IND_PK,IND_ID
DEPARTAMENTO,DPT_ID_NULL,C,CHECK,ENABLED,NOT DEFERRABLE,IMMEDIATE,,DPT_ID
DEPARTAMENTO,DPT_NOMBRE_NULL,C,CHECK,ENABLED,NOT DEFERRABLE,IMMEDIATE,,DPT_NOMBRE
DEPARTAMENTO,PAI_DPT_NULL,C,CHECK,ENABLED,NOT DEFERRABLE,IMMEDIATE,,PAI_ID
DEPARTAMENTO,DPT_PK,P,PRIMARY KEY,ENABLED,NOT DEFERRABLE,IMMEDIATE,,DPT_ID
DEPARTAMENTO,PAI_DPT_FK,R,FOREIGN KEY,ENABLED,NOT DEFERRABLE,IMMEDIATE,PAI_PK,PAI_ID
DIA_NO_LABORABLE,DNL_FCH_NULL,C,CHECK,ENABLED,NOT DEFERRABLE,IMMEDIATE,,DNL_FCH
DIA_NO_LABORABLE,DNL_ID_NULL,C,CHECK,ENABLED,NOT DEFERRABLE,IMMEDIATE,,DNL_ID
DIA_NO_LABORABLE,DNL_PK,P,PRIMARY KEY,ENABLED,NOT DEFERRABLE,IMMEDIATE,,DNL_ID
DIA_NO_LABORABLE,CSPE_DNL_FK,R,FOREIGN KEY,ENABLED,NOT DEFERRABLE,IMMEDIATE,CSPE_PK,CSPE_ID
DIA_NO_LABORABLE,DNL_FCH_CSPE_UK_UC,U,UNIQUE,ENABLED,NOT DEFERRABLE,IMMEDIATE,,"DNL_FCH,CSPE_ID"
DICCIONARIO,DICC_ID_NULL,C,CHECK,ENABLED,NOT DEFERRABLE,IMMEDIATE,,DIC_ID
DICCIONARIO,DIC_PAL_CORRECTA_NULL,C,CHECK,ENABLED,NOT DEFERRABLE,IMMEDIATE,,DIC_PAL_CORRECTA
DICCIONARIO,DIC_PAL_ERRONEA_NULL,C,CHECK,ENABLED,NOT DEFERRABLE,IMMEDIATE,,DIC_PAL_ERRONEA
DICCIONARIO,DICCIONARIO_PK,P,PRIMARY KEY,ENABLED,NOT DEFERRABLE,IMMEDIATE,,DIC_ID
DICCIONARIO,DIC_PAL_ERR_UK_UC,U,UNIQUE,ENABLED,NOT DEFERRABLE,IMMEDIATE,,DIC_PAL_ERRONEA
DIVISION_CIIU,DIC_ID_NULL,C,CHECK,ENABLED,NOT DEFERRABLE,IMMEDIATE,,DIC_ID
DIVISION_CIIU,DIC_NOMBRE_NULL,C,CHECK,ENABLED,NOT DEFERRABLE,IMMEDIATE,,DIC_NOMBRE
DIVISION_CIIU,SCC_DIC_NULL,C,CHECK,ENABLED,NOT DEFERRABLE,IMMEDIATE,,SCC_ID
DIVISION_CIIU,DIC_PK,P,PRIMARY KEY,ENABLED,NOT DEFERRABLE,IMMEDIATE,,DIC_ID
DIVISION_CIIU,SCC_DIC_FK,R,FOREIGN KEY,ENABLED,NOT DEFERRABLE,IMMEDIATE,SCC_PK,SCC_ID
DURACION,DUR_ID_NULL,C,CHECK,ENABLED,NOT DEFERRABLE,IMMEDIATE,,DUR_ID
DURACION,DUR_NOMBRE_NULL,C,CHECK,ENABLED,NOT DEFERRABLE,IMMEDIATE,,DUR_NOMBRE
DURACION,DUR_ORDEN_NULL,C,CHECK,ENABLED,NOT DEFERRABLE,IMMEDIATE,,DUR_ORDEN
DURACION,DUR_VAL_OFT_CHK,C,CHECK,ENABLED,NOT DEFERRABLE,IMMEDIATE,,DUR_VAL_OFT
DURACION,DUR_VAL_OFT_MAX_NULL,C,CHECK,ENABLED,NOT DEFERRABLE,IMMEDIATE,,DUR_VAL_OFT_MAX
DURACION,DUR_VAL_OFT_NULL,C,CHECK,ENABLED,NOT DEFERRABLE,IMMEDIATE,,DUR_VAL_OFT
DURACION,DUR_VAL_ONF_CHK,C,CHECK,ENABLED,NOT DEFERRABLE,IMMEDIATE,,DUR_VAL_ONF
DURACION,DUR_VAL_ONF_MAX_NULL,C,CHECK,ENABLED,NOT DEFERRABLE,IMMEDIATE,,DUR_VAL_ONF_MAX
DURACION,DUR_VAL_ONF_NULL,C,CHECK,ENABLED,NOT DEFERRABLE,IMMEDIATE,,DUR_VAL_ONF
DURACION,DUR_PK,P,PRIMARY KEY,ENABLED,NOT DEFERRABLE,IMMEDIATE,,DUR_ID
DWH_COLO_FUN,SYS_C0022077,C,CHECK,ENABLED,NOT DEFERRABLE,IMMEDIATE,,PERIODO
DWH_COLO_FUN,SYS_C0022078,C,CHECK,ENABLED,NOT DEFERRABLE,IMMEDIATE,,CONTEO
DWH_COLO_MUN,SYS_C0022081,C,CHECK,ENABLED,NOT DEFERRABLE,IMMEDIATE,,PERIODO
DWH_COLO_MUN,SYS_C0022082,C,CHECK,ENABLED,NOT DEFERRABLE,IMMEDIATE,,CONTEO
DWH_CURS_FUN,SYS_C0023608,C,CHECK,ENABLED,NOT DEFERRABLE,IMMEDIATE,,PERIODO
DWH_CURS_FUN,SYS_C0023609,C,CHECK,ENABLED,NOT DEFERRABLE,IMMEDIATE,,CONTEO
DWH_CURS_MUN,SYS_C0022083,C,CHECK,ENABLED,NOT DEFERRABLE,IMMEDIATE,,PERIODO
DWH_CURS_MUN,SYS_C0022084,C,CHECK,ENABLED,NOT DEFERRABLE,IMMEDIATE,,CONTEO
DWH_DEMA_FUN,SYS_C0022799,C,CHECK,ENABLED,NOT DEFERRABLE,IMMEDIATE,,PERIODO
DWH_DEMA_FUN,SYS_C0022800,C,CHECK,ENABLED,NOT DEFERRABLE,IMMEDIATE,,CONTEO
DWH_DEMA_MUN,SYS_C0022803,C,CHECK,ENABLED,NOT DEFERRABLE,IMMEDIATE,,PERIODO
DWH_DEMA_MUN,SYS_C0022804,C,CHECK,ENABLED,NOT DEFERRABLE,IMMEDIATE,,CONTEO
DWH_EMPR_FUN,SYS_C0022797,C,CHECK,ENABLED,NOT DEFERRABLE,IMMEDIATE,,PERIODO
DWH_EMPR_FUN,SYS_C0022798,C,CHECK,ENABLED,NOT DEFERRABLE,IMMEDIATE,,CONTEO
DWH_EMPR_MUN,SYS_C0022403,C,CHECK,ENABLED,NOT DEFERRABLE,IMMEDIATE,,PERIODO
DWH_EMPR_MUN,SYS_C0022404,C,CHECK,ENABLED,NOT DEFERRABLE,IMMEDIATE,,CONTEO
DWH_INSC,SYS_C0021515,C,CHECK,ENABLED,NOT DEFERRABLE,IMMEDIATE,,TRIMESTRE
DWH_INSC,SYS_C0021516,C,CHECK,ENABLED,NOT DEFERRABLE,IMMEDIATE,,MUNICIPIO
DWH_INSC,SYS_C0021517,C,CHECK,ENABLED,NOT DEFERRABLE,IMMEDIATE,,CONTEO
DWH_INSC,SYS_C0021518,C,CHECK,ENABLED,NOT DEFERRABLE,IMMEDIATE,,DEPARTAMENTO
DWH_INSC,SYS_C0021519,C,CHECK,ENABLED,NOT DEFERRABLE,IMMEDIATE,,OCUPACION
DWH_INSC,SYS_C0021520,C,CHECK,ENABLED,NOT DEFERRABLE,IMMEDIATE,,SEXO
DWH_INSC,SYS_C0021521,C,CHECK,ENABLED,NOT DEFERRABLE,IMMEDIATE,,EDAD
DWH_INSC,SYS_C0021522,C,CHECK,ENABLED,NOT DEFERRABLE,IMMEDIATE,,ASPIRACION
DWH_INSC,SYS_C0021523,C,CHECK,ENABLED,NOT DEFERRABLE,IMMEDIATE,,ESTRATO
DWH_INSC,SYS_C0021524,C,CHECK,ENABLED,NOT DEFERRABLE,IMMEDIATE,,SITUACION
DWH_INSC_FUN,SYS_C0021527,C,CHECK,ENABLED,NOT DEFERRABLE,IMMEDIATE,,PERIODO
DWH_INSC_FUN,SYS_C0021528,C,CHECK,ENABLED,NOT DEFERRABLE,IMMEDIATE,,CONTEO
DWH_INSC_MUN,SYS_C0022405,C,CHECK,ENABLED,NOT DEFERRABLE,IMMEDIATE,,PERIODO
DWH_INSC_MUN,SYS_C0022406,C,CHECK,ENABLED,NOT DEFERRABLE,IMMEDIATE,,CONTEO
DWH_ORIE_FUN,SYS_C0021525,C,CHECK,ENABLED,NOT DEFERRABLE,IMMEDIATE,,PERIODO
DWH_ORIE_FUN,SYS_C0021526,C,CHECK,ENABLED,NOT DEFERRABLE,IMMEDIATE,,CONTEO
DWH_ORIE_MUN,SYS_C0023007,C,CHECK,ENABLED,NOT DEFERRABLE,IMMEDIATE,,PERIODO
DWH_ORIE_MUN,SYS_C0023008,C,CHECK,ENABLED,NOT DEFERRABLE,IMMEDIATE,,CONTEO
DWH_POST_FUN,SYS_C0022079,C,CHECK,ENABLED,NOT DEFERRABLE,IMMEDIATE,,PERIODO
DWH_POST_FUN,SYS_C0022080,C,CHECK,ENABLED,NOT DEFERRABLE,IMMEDIATE,,CONTEO
DWH_POST_MUN,SYS_C0023289,C,CHECK,ENABLED,NOT DEFERRABLE,IMMEDIATE,,PERIODO
DWH_POST_MUN,SYS_C0023290,C,CHECK,ENABLED,NOT DEFERRABLE,IMMEDIATE,,CONTEO
DWH_SEGU_FUN,SYS_C0023287,C,CHECK,ENABLED,NOT DEFERRABLE,IMMEDIATE,,PERIODO
DWH_SEGU_FUN,SYS_C0023288,C,CHECK,ENABLED,NOT DEFERRABLE,IMMEDIATE,,CONTEO
DWH_SEGU_MUN,SYS_C0023009,C,CHECK,ENABLED,NOT DEFERRABLE,IMMEDIATE,,PERIODO
DWH_SEGU_MUN,SYS_C0023010,C,CHECK,ENABLED,NOT DEFERRABLE,IMMEDIATE,,CONTEO
DWH_VACA_FUN,SYS_C0021780,C,CHECK,ENABLED,NOT DEFERRABLE,IMMEDIATE,,PERIODO
DWH_VACA_FUN,SYS_C0021781,C,CHECK,ENABLED,NOT DEFERRABLE,IMMEDIATE,,CONTEO
DWH_VACA_MUN,SYS_C0021787,C,CHECK,ENABLED,NOT DEFERRABLE,IMMEDIATE,,PERIODO
DWH_VACA_MUN,SYS_C0021788,C,CHECK,ENABLED,NOT DEFERRABLE,IMMEDIATE,,CONTEO
EESXPES,EEP_ID_NULL,C,CHECK,ENABLED,NOT DEFERRABLE,IMMEDIATE,,EEP_ID
EESXPES,EES_EEP_NULL,C,CHECK,ENABLED,NOT DEFERRABLE,IMMEDIATE,,EES_ID
EESXPES,PES_EEP_NULL,C,CHECK,ENABLED,NOT DEFERRABLE,IMMEDIATE,,PES_ID
EESXPES,EEP_PK,P,PRIMARY KEY,ENABLED,NOT DEFERRABLE,IMMEDIATE,,EEP_ID
EESXPES,EEP_EES_FK,R,FOREIGN KEY,ENABLED,NOT DEFERRABLE,IMMEDIATE,EES_PK,EES_ID
EESXPES,EEP_PES_FK,R,FOREIGN KEY,ENABLED,NOT DEFERRABLE,IMMEDIATE,PES_PK,PES_ID
EJECUCION_TALLER,CSPE_ETA_NULL,C,CHECK,ENABLED,NOT DEFERRABLE,IMMEDIATE,,CSPE_ID
EJECUCION_TALLER,ETA_FCH_EJECUCION_NULL,C,CHECK,ENABLED,NOT DEFERRABLE,IMMEDIATE,,ETA_FCH_EJECUCION
EJECUCION_TALLER,ETA_FCH_REGISTRO_NULL,C,CHECK,ENABLED,NOT DEFERRABLE,IMMEDIATE,,ETA_FCH_REGISTRO
EJECUCION_TALLER,ETA_ID_NULL,C,CHECK,ENABLED,NOT DEFERRABLE,IMMEDIATE,,ETA_ID
EJECUCION_TALLER,ETA_LUGAR_NULL,C,CHECK,ENABLED,NOT DEFERRABLE,IMMEDIATE,,ETA_LUGAR
EJECUCION_TALLER,FUN_ETA_NULL,C,CHECK,ENABLED,NOT DEFERRABLE,IMMEDIATE,,FUN_ID
EJECUCION_TALLER,GUT_ETA_NULL,C,CHECK,ENABLED,NOT DEFERRABLE,IMMEDIATE,,GUT_ID
EJECUCION_TALLER,SYS_C0021494,C,CHECK,ENABLED,NOT DEFERRABLE,IMMEDIATE,,ETA_ID
EJECUCION_TALLER,SYS_C0021495,C,CHECK,ENABLED,NOT DEFERRABLE,IMMEDIATE,,GUT_ID
EJECUCION_TALLER,SYS_C0021496,C,CHECK,ENABLED,NOT DEFERRABLE,IMMEDIATE,,ETA_FCH_EJECUCION
EJECUCION_TALLER,SYS_C0021497,C,CHECK,ENABLED,NOT DEFERRABLE,IMMEDIATE,,ETA_LUGAR
EJECUCION_TALLER,SYS_C0021498,C,CHECK,ENABLED,NOT DEFERRABLE,IMMEDIATE,,ETA_FCH_REGISTRO
EJECUCION_TALLER,SYS_C0021499,C,CHECK,ENABLED,NOT DEFERRABLE,IMMEDIATE,,FUN_ID
EJECUCION_TALLER,SYS_C0021500,C,CHECK,ENABLED,NOT DEFERRABLE,IMMEDIATE,,CSPE_ID
EJECUCION_TALLER,ETA_PK,P,PRIMARY KEY,ENABLED,NOT DEFERRABLE,IMMEDIATE,,ETA_ID
EJECUCION_TALLER,CSPE_ETA_FK,R,FOREIGN KEY,ENABLED,NOT DEFERRABLE,IMMEDIATE,CSPE_PK,CSPE_ID
EJECUCION_TALLER,FUN_ETA_FK,R,FOREIGN KEY,ENABLED,NOT DEFERRABLE,IMMEDIATE,FUN_PK,FUN_ID
EJECUCION_TALLER,GUT_ETA_FK,R,FOREIGN KEY,ENABLED,NOT DEFERRABLE,IMMEDIATE,GUT_PK,GUT_ID
EMPRESA,CIIU_EMP_NULL,C,CHECK,ENABLED,NOT DEFERRABLE,IMMEDIATE,,CIIU_ID
EMPRESA,EMP_CLAVE_NULL,C,CHECK,ENABLED,NOT DEFERRABLE,IMMEDIATE,,EMP_CLAVE
EMPRESA,EMP_DIRECCION_NULL,C,CHECK,ENABLED,NOT DEFERRABLE,IMMEDIATE,,EMP_DIRECCION
EMPRESA,EMP_IDENTIFICACION_NULL,C,CHECK,ENABLED,NOT DEFERRABLE,IMMEDIATE,,EMP_IDENTIFICACION
EMPRESA,EMP_ID_NULL,C,CHECK,ENABLED,NOT DEFERRABLE,IMMEDIATE,,EMP_ID
EMPRESA,EMP_MED_INSCRIPCION_CHK,C,CHECK,ENABLED,NOT DEFERRABLE,IMMEDIATE,,EMP_MED_INSCRIPCION
EMPRESA,EMP_MED_INSCRIPCION_NULL,C,CHECK,ENABLED,NOT DEFERRABLE,IMMEDIATE,,EMP_MED_INSCRIPCION
EMPRESA,EMP_NATURALEZA_CHK,C,CHECK,ENABLED,NOT DEFERRABLE,IMMEDIATE,,EMP_NATURALEZA
EMPRESA,EMP_NATURALEZA_NULL,C,CHECK,ENABLED,NOT DEFERRABLE,IMMEDIATE,,EMP_NATURALEZA
EMPRESA,EMP_NUM_TRABAJADORES_NULL,C,CHECK,ENABLED,NOT DEFERRABLE,IMMEDIATE,,EMP_NUM_TRABAJADORES
EMPRESA,EMP_PREGUNTA_NULL,C,CHECK,ENABLED,NOT DEFERRABLE,IMMEDIATE,,EMP_PREGUNTA
EMPRESA,EMP_RAZON_SOCIAL_NULL,C,CHECK,ENABLED,NOT DEFERRABLE,IMMEDIATE,,EMP_RAZON_SOCIAL
EMPRESA,EMP_RECURSOS_HUMANOS_NULL,C,CHECK,ENABLED,NOT DEFERRABLE,IMMEDIATE,,EMP_RECURSOS_HUMANOS
EMPRESA,EMP_REP_LEGAL_NULL,C,CHECK,ENABLED,NOT DEFERRABLE,IMMEDIATE,,EMP_REP_LEGAL
EMPRESA,EMP_RESPUESTA_NULL,C,CHECK,ENABLED,NOT DEFERRABLE,IMMEDIATE,,EMP_RESPUESTA
EMPRESA,EMP_SEDE_CHK,C,CHECK,ENABLED,NOT DEFERRABLE,IMMEDIATE,,EMP_SEDE
EMPRESA,EMP_SEDE_NULL,C,CHECK,ENABLED,NOT DEFERRABLE,IMMEDIATE,,EMP_SEDE
EMPRESA,EMP_TEL_NULL,C,CHECK,ENABLED,NOT DEFERRABLE,IMMEDIATE,,EMP_TEL
EMPRESA,EMP_TEL_RECURSOS_NULL,C,CHECK,ENABLED,NOT DEFERRABLE,IMMEDIATE,,EMP_TEL_RECURSOS
EMPRESA,PAI_EMP_NULL,C,CHECK,ENABLED,NOT DEFERRABLE,IMMEDIATE,,PAI_ID
EMPRESA,REG_EMP_NULL,C,CHECK,ENABLED,NOT DEFERRABLE,IMMEDIATE,,REG_ID
EMPRESA,TDI_EMP_NULL,C,CHECK,ENABLED,NOT DEFERRABLE,IMMEDIATE,,TDI_ID
EMPRESA,TEM_EMP_NULL,C,CHECK,ENABLED,NOT DEFERRABLE,IMMEDIATE,,TEM_ID
EMPRESA,EMP_PK,P,PRIMARY KEY,ENABLED,NOT DEFERRABLE,IMMEDIATE,,EMP_ID
EMPRESA,BAR_EMP_FK,R,FOREIGN KEY,ENABLED,NOT DEFERRABLE,IMMEDIATE,BAR_PK,BAR_ID
EMPRESA,CIIU_EMP_FK,R,FOREIGN KEY,ENABLED,NOT DEFERRABLE,IMMEDIATE,CIIU_PK,CIIU_ID
EMPRESA,CSPE_EMP_FK,R,FOREIGN KEY,ENABLED,NOT DEFERRABLE,IMMEDIATE,CSPE_PK,CSPE_ID
EMPRESA,DPT_EMP_FK,R,FOREIGN KEY,ENABLED,NOT DEFERRABLE,IMMEDIATE,DPT_PK,DPT_ID
EMPRESA,FUN_EMP_FK,R,FOREIGN KEY,ENABLED,NOT DEFERRABLE,IMMEDIATE,FUN_PK,FUN_ID
EMPRESA,MPO_EMP_FK,R,FOREIGN KEY,ENABLED,NOT DEFERRABLE,IMMEDIATE,MPO_PK,MPO_ID
EMPRESA,PAI_EMP_FK,R,FOREIGN KEY,ENABLED,NOT DEFERRABLE,IMMEDIATE,PAI_PK,PAI_ID
EMPRESA,REG_EMP_FK,R,FOREIGN KEY,ENABLED,NOT DEFERRABLE,IMMEDIATE,REG_PK,REG_ID
EMPRESA,TDI_EMP_FK,R,FOREIGN KEY,ENABLED,NOT DEFERRABLE,IMMEDIATE,TDI_PK,TDI_ID
EMPRESA,TEM_EMP_FK,R,FOREIGN KEY,ENABLED,NOT DEFERRABLE,IMMEDIATE,TEM_PK,TEM_ID
EMPRESA,ZON_EMP_FK,R,FOREIGN KEY,ENABLED,NOT DEFERRABLE,IMMEDIATE,ZON_PK,ZON_ID
EMPRESA,EMP_IDENTIFICACION_UK_UC,U,UNIQUE,ENABLED,NOT DEFERRABLE,IMMEDIATE,,EMP_IDENTIFICACION
EMPRESA_ANULADA,CIIU_EMA_NULL,C,CHECK,ENABLED,NOT DEFERRABLE,IMMEDIATE,,CIIU_ID
EMPRESA_ANULADA,EMA_CLAVE_NULL,C,CHECK,ENABLED,NOT DEFERRABLE,IMMEDIATE,,EMP_CLAVE
EMPRESA_ANULADA,EMA_DIRECCION_NULL,C,CHECK,ENABLED,NOT DEFERRABLE,IMMEDIATE,,EMP_DIRECCION
EMPRESA_ANULADA,EMA_IDENTIFICACION_NULL,C,CHECK,ENABLED,NOT DEFERRABLE,IMMEDIATE,,EMP_IDENTIFICACION
EMPRESA_ANULADA,EMA_ID_NULL,C,CHECK,ENABLED,NOT DEFERRABLE,IMMEDIATE,,EMP_ID
EMPRESA_ANULADA,EMA_MED_INSCRIPCION_CHK,C,CHECK,ENABLED,NOT DEFERRABLE,IMMEDIATE,,EMP_MED_INSCRIPCION
EMPRESA_ANULADA,EMA_MED_INSCRIPCION_NULL,C,CHECK,ENABLED,NOT DEFERRABLE,IMMEDIATE,,EMP_MED_INSCRIPCION
EMPRESA_ANULADA,EMA_NATURALEZA_CHK,C,CHECK,ENABLED,NOT DEFERRABLE,IMMEDIATE,,EMP_NATURALEZA
EMPRESA_ANULADA,EMA_NATURALEZA_NULL,C,CHECK,ENABLED,NOT DEFERRABLE,IMMEDIATE,,EMP_NATURALEZA
EMPRESA_ANULADA,EMA_NUM_TRABAJADORES_NULL,C,CHECK,ENABLED,NOT DEFERRABLE,IMMEDIATE,,EMP_NUM_TRABAJADORES
EMPRESA_ANULADA,EMA_PREGUNTA_NULL,C,CHECK,ENABLED,NOT DEFERRABLE,IMMEDIATE,,EMP_PREGUNTA
EMPRESA_ANULADA,EMA_RAZON_SOCIAL_NULL,C,CHECK,ENABLED,NOT DEFERRABLE,IMMEDIATE,,EMP_RAZON_SOCIAL
EMPRESA_ANULADA,EMA_RECURSOS_HUMANOS_NULL,C,CHECK,ENABLED,NOT DEFERRABLE,IMMEDIATE,,EMP_RECURSOS_HUMANOS
EMPRESA_ANULADA,EMA_REP_LEGAL_NULL,C,CHECK,ENABLED,NOT DEFERRABLE,IMMEDIATE,,EMP_REP_LEGAL
EMPRESA_ANULADA,EMA_RESPUESTA_NULL,C,CHECK,ENABLED,NOT DEFERRABLE,IMMEDIATE,,EMP_RESPUESTA
EMPRESA_ANULADA,EMA_SEDE_CHK,C,CHECK,ENABLED,NOT DEFERRABLE,IMMEDIATE,,EMP_SEDE
EMPRESA_ANULADA,EMA_SEDE_NULL,C,CHECK,ENABLED,NOT DEFERRABLE,IMMEDIATE,,EMP_SEDE
EMPRESA_ANULADA,EMA_TEL_NULL,C,CHECK,ENABLED,NOT DEFERRABLE,IMMEDIATE,,EMP_TEL
EMPRESA_ANULADA,EMA_TEL_RECURSOS_NULL,C,CHECK,ENABLED,NOT DEFERRABLE,IMMEDIATE,,EMP_TEL_RECURSOS
EMPRESA_ANULADA,PAI_EMA_NULL,C,CHECK,ENABLED,NOT DEFERRABLE,IMMEDIATE,,PAI_ID
EMPRESA_ANULADA,REG_EMA_NULL,C,CHECK,ENABLED,NOT DEFERRABLE,IMMEDIATE,,REG_ID
EMPRESA_ANULADA,TDI_EMA_NULL,C,CHECK,ENABLED,NOT DEFERRABLE,IMMEDIATE,,TDI_ID
EMPRESA_ANULADA,TEM_EMA_NULL,C,CHECK,ENABLED,NOT DEFERRABLE,IMMEDIATE,,TEM_ID
EMPRESA_ANULADA,EMA_PK,P,PRIMARY KEY,ENABLED,NOT DEFERRABLE,IMMEDIATE,,EMP_ID
EMPRESA_ANULADA,BAR_EMA_FK,R,FOREIGN KEY,ENABLED,NOT DEFERRABLE,IMMEDIATE,BAR_PK,BAR_ID
EMPRESA_ANULADA,CIIU_EMA_FK,R,FOREIGN KEY,ENABLED,NOT DEFERRABLE,IMMEDIATE,CIIU_PK,CIIU_ID
EMPRESA_ANULADA,CSPE_EMA_FK,R,FOREIGN KEY,ENABLED,NOT DEFERRABLE,IMMEDIATE,CSPE_PK,CSPE_ID
EMPRESA_ANULADA,DPT_EMA_FK,R,FOREIGN KEY,ENABLED,NOT DEFERRABLE,IMMEDIATE,DPT_PK,DPT_ID
EMPRESA_ANULADA,FUN_EMA_FK,R,FOREIGN KEY,ENABLED,NOT DEFERRABLE,IMMEDIATE,FUN_PK,FUN_ID
EMPRESA_ANULADA,MPO_EMA_FK,R,FOREIGN KEY,ENABLED,NOT DEFERRABLE,IMMEDIATE,MPO_PK,MPO_ID
EMPRESA_ANULADA,PAI_EMA_FK,R,FOREIGN KEY,ENABLED,NOT DEFERRABLE,IMMEDIATE,PAI_PK,PAI_ID
EMPRESA_ANULADA,REG_EMA_FK,R,FOREIGN KEY,ENABLED,NOT DEFERRABLE,IMMEDIATE,REG_PK,REG_ID
EMPRESA_ANULADA,TDI_EMA_FK,R,FOREIGN KEY,ENABLED,NOT DEFERRABLE,IMMEDIATE,TDI_PK,TDI_ID
EMPRESA_ANULADA,TEM_EMA_FK,R,FOREIGN KEY,ENABLED,NOT DEFERRABLE,IMMEDIATE,TEM_PK,TEM_ID
EMPRESA_ANULADA,ZON_EMA_FK,R,FOREIGN KEY,ENABLED,NOT DEFERRABLE,IMMEDIATE,ZON_PK,ZON_ID
EMPRESA_ESPECIAL,EES_DESCRIPCION_NULL,C,CHECK,ENABLED,NOT DEFERRABLE,IMMEDIATE,,EES_DESCRIPCION
EMPRESA_ESPECIAL,EES_DUP_INDICE_CHK,C,CHECK,ENABLED,NOT DEFERRABLE,IMMEDIATE,,EES_DUP_INDICE
EMPRESA_ESPECIAL,EES_DUP_INDICE_NULL,C,CHECK,ENABLED,NOT DEFERRABLE,IMMEDIATE,,EES_DUP_INDICE
EMPRESA_ESPECIAL,EES_ESTADO_CHK,C,CHECK,ENABLED,NOT DEFERRABLE,IMMEDIATE,,EES_ESTADO
EMPRESA_ESPECIAL,EES_ESTADO_NULL,C,CHECK,ENABLED,NOT DEFERRABLE,IMMEDIATE,,EES_ESTADO
EMPRESA_ESPECIAL,EES_FCH_CREACION_NULL,C,CHECK,ENABLED,NOT DEFERRABLE,IMMEDIATE,,EES_FCH_CREACION
EMPRESA_ESPECIAL,EES_FCH_INI_NULL,C,CHECK,ENABLED,NOT DEFERRABLE,IMMEDIATE,,EES_FCH_INI
EMPRESA_ESPECIAL,EES_HAB_INTERNET_CHK,C,CHECK,ENABLED,NOT DEFERRABLE,IMMEDIATE,,EES_HAB_INTERNET
EMPRESA_ESPECIAL,EES_HAB_INTERNET_NULL,C,CHECK,ENABLED,NOT DEFERRABLE,IMMEDIATE,,EES_HAB_INTERNET
EMPRESA_ESPECIAL,EES_ID_NULL,C,CHECK,ENABLED,NOT DEFERRABLE,IMMEDIATE,,EES_ID
EMPRESA_ESPECIAL,EES_NOMBRE_NULL,C,CHECK,ENABLED,NOT DEFERRABLE,IMMEDIATE,,EES_NOMBRE
EMPRESA_ESPECIAL,EES_POSTULACION_INC_CHK,C,CHECK,ENABLED,NOT DEFERRABLE,IMMEDIATE,,EES_POSTULACION_INC
EMPRESA_ESPECIAL,SYS_C0023168,C,CHECK,ENABLED,NOT DEFERRABLE,IMMEDIATE,,EES_POSTULACION_INC
EMPRESA_ESPECIAL,SYS_C0023169,C,CHECK,ENABLED,NOT DEFERRABLE,IMMEDIATE,,EES_BUSCA_PCLAVE
EMPRESA_ESPECIAL,EES_PK,P,PRIMARY KEY,ENABLED,NOT DEFERRABLE,IMMEDIATE,,EES_ID
EMPRESA_PILA_TEMP,SYS_C0023243,C,CHECK,ENABLED,NOT DEFERRABLE,IMMEDIATE,,TDI_ID
EMPRESA_PILA_TEMP,SYS_C0023244,C,CHECK,ENABLED,NOT DEFERRABLE,IMMEDIATE,,EMP_IDENTIFICACION
EMPRESA_PILA_TEMP,SYS_C0023245,C,CHECK,ENABLED,NOT DEFERRABLE,IMMEDIATE,,EMP_RAZON_SOCIAL
EMPRESA_PILA_TEMP,SYS_C0023246,C,CHECK,ENABLED,NOT DEFERRABLE,IMMEDIATE,,TEM_ID
EMPRESA_PILA_TEMP,SYS_C0023247,C,CHECK,ENABLED,NOT DEFERRABLE,IMMEDIATE,,EMP_NATURALEZA
EMPRESA_PILA_TEMP,SYS_C0023248,C,CHECK,ENABLED,NOT DEFERRABLE,IMMEDIATE,,PAI_ID
EMPRESA_PILA_TEMP,SYS_C0023249,C,CHECK,ENABLED,NOT DEFERRABLE,IMMEDIATE,,DPT_ID
EMPRESA_PILA_TEMP,SYS_C0023250,C,CHECK,ENABLED,NOT DEFERRABLE,IMMEDIATE,,MPO_ID
EMPRESA_PILA_TEMP,SYS_C0023251,C,CHECK,ENABLED,NOT DEFERRABLE,IMMEDIATE,,EMP_DIRECCION
EMPRESA_PILA_TEMP,SYS_C0023252,C,CHECK,ENABLED,NOT DEFERRABLE,IMMEDIATE,,EMP_SEDE
EMPRESA_PILA_TEMP,SYS_C0023253,C,CHECK,ENABLED,NOT DEFERRABLE,IMMEDIATE,,EMP_REP_LEGAL
EMPRESA_PILA_TEMP,SYS_C0023254,C,CHECK,ENABLED,NOT DEFERRABLE,IMMEDIATE,,EMP_RECURSOS_HUMANOS
EMPRESA_PILA_TEMP,SYS_C0023255,C,CHECK,ENABLED,NOT DEFERRABLE,IMMEDIATE,,EMP_TEL_RECURSOS
EMPXEES,EEE_FCH_REGISTRO_NULL,C,CHECK,ENABLED,NOT DEFERRABLE,IMMEDIATE,,EEE_FCH_REGISTRO
EMPXEES,EEE_ID_NULL,C,CHECK,ENABLED,NOT DEFERRABLE,IMMEDIATE,,EEE_ID
EMPXEES,EES_EEE_NULL,C,CHECK,ENABLED,NOT DEFERRABLE,IMMEDIATE,,EES_ID
EMPXEES,EMP_EEE_NULL,C,CHECK,ENABLED,NOT DEFERRABLE,IMMEDIATE,,EMP_ID
EMPXEES,EEE_PK,P,PRIMARY KEY,ENABLED,NOT DEFERRABLE,IMMEDIATE,,EEE_ID
EMPXEES,EES_EEE_FK,R,FOREIGN KEY,ENABLED,NOT DEFERRABLE,IMMEDIATE,EES_PK,EES_ID
EMPXEES,EMP_EEE_FK,R,FOREIGN KEY,ENABLED,NOT DEFERRABLE,IMMEDIATE,EMP_PK,EMP_ID
EMPXEES,FUN_EEE_FK,R,FOREIGN KEY,ENABLED,NOT DEFERRABLE,IMMEDIATE,FUN_PK,FUN_ID
EMPXEES,EMPXEES_UK_UC,U,UNIQUE,ENABLED,NOT DEFERRABLE,IMMEDIATE,,"EMP_ID,EES_ID"
EMPXEES_COP,SYS_C0022653,C,CHECK,ENABLED,NOT DEFERRABLE,IMMEDIATE,,EEE_ID
EMPXEES_COP,SYS_C0022654,C,CHECK,ENABLED,NOT DEFERRABLE,IMMEDIATE,,EMP_ID
EMPXEES_COP,SYS_C0022655,C,CHECK,ENABLED,NOT DEFERRABLE,IMMEDIATE,,EES_ID
EMPXEES_COP,SYS_C0022656,C,CHECK,ENABLED,NOT DEFERRABLE,IMMEDIATE,,EEE_FCH_REGISTRO
EMP_TALLER,EMP_EMT_NULL,C,CHECK,ENABLED,NOT DEFERRABLE,IMMEDIATE,,EMP_ID
EMP_TALLER,EMT_ID_NULL,C,CHECK,ENABLED,NOT DEFERRABLE,IMMEDIATE,,EMT_ID
EMP_TALLER,ETA_EMT_NULL,C,CHECK,ENABLED,NOT DEFERRABLE,IMMEDIATE,,ETA_ID
EMP_TALLER,EMT_PK,P,PRIMARY KEY,ENABLED,NOT DEFERRABLE,IMMEDIATE,,EMT_ID
EMP_TALLER,EMP_EMT_FK,R,FOREIGN KEY,ENABLED,NOT DEFERRABLE,IMMEDIATE,EMP_PK,EMP_ID
EMP_TALLER,ETA_EMT_FK,R,FOREIGN KEY,ENABLED,NOT DEFERRABLE,IMMEDIATE,ETA_PK,ETA_ID
EMP_TALLER,EMPXEMT_UK_UC,U,UNIQUE,ENABLED,NOT DEFERRABLE,IMMEDIATE,,"ETA_ID,EMP_ID"
ENVIO,DEM_ENV_NULL,C,CHECK,ENABLED,NOT DEFERRABLE,IMMEDIATE,,DEM_ID
ENVIO,ENV_AUTOR_CHK,C,CHECK,ENABLED,NOT DEFERRABLE,IMMEDIATE,,ENV_AUTOR
ENVIO,ENV_AUTOR_NULL,C,CHECK,ENABLED,NOT DEFERRABLE,IMMEDIATE,,ENV_AUTOR
ENVIO,ENV_FCH_REGISTRO_NULL,C,CHECK,ENABLED,NOT DEFERRABLE,IMMEDIATE,,ENV_FCH_REGISTRO
ENVIO,ENV_ID_NULL,C,CHECK,ENABLED,NOT DEFERRABLE,IMMEDIATE,,ENV_ID
ENVIO,ENV_MEDIO_CHK,C,CHECK,ENABLED,NOT DEFERRABLE,IMMEDIATE,,ENV_MEDIO
ENVIO,ENV_MEDIO_NULL,C,CHECK,ENABLED,NOT DEFERRABLE,IMMEDIATE,,ENV_MEDIO
ENVIO,OFT_ENV_NULL,C,CHECK,ENABLED,NOT DEFERRABLE,IMMEDIATE,,OFT_ID
ENVIO,SYS_C0023472,C,CHECK,ENABLED,NOT DEFERRABLE,IMMEDIATE,,ENV_DIRECTO
ENVIO,ENV_PK,P,PRIMARY KEY,ENABLED,NOT DEFERRABLE,IMMEDIATE,,ENV_ID
ENVIO,CSPE_ENV_FK,R,FOREIGN KEY,ENABLED,NOT DEFERRABLE,IMMEDIATE,CSPE_PK,CSPE_ID
ENVIO,DEM_ENV_FK,R,FOREIGN KEY,ENABLED,NOT DEFERRABLE,IMMEDIATE,DEM_PK,DEM_ID
ENVIO,FSO_ENV_FK,R,FOREIGN KEY,ENABLED,NOT DEFERRABLE,IMMEDIATE,FSO_PK,FSO_ID
ENVIO,FUN_ENV_FK,R,FOREIGN KEY,ENABLED,NOT DEFERRABLE,IMMEDIATE,FUN_PK,FUN_ID
ENVIO,FUN_EVS_FK,R,FOREIGN KEY,ENABLED,NOT DEFERRABLE,IMMEDIATE,FUN_PK,FUN_ID_SEGUIMIENTO
ENVIO,OFT_ENV_FK,R,FOREIGN KEY,ENABLED,NOT DEFERRABLE,IMMEDIATE,OFT_PK,OFT_ID
ENVIO,ENV_OFT_DEM_UK_UC,U,UNIQUE,ENABLED,NOT DEFERRABLE,IMMEDIATE,,"OFT_ID,DEM_ID"
ENVIO_SENSIBILIZACION,CSPE_ENV_SEN_NULL,C,CHECK,ENABLED,NOT DEFERRABLE,IMMEDIATE,,CSPE_ID
ENVIO_SENSIBILIZACION,DEM_ENV_SEN_NULL,C,CHECK,ENABLED,NOT DEFERRABLE,IMMEDIATE,,DEM_ID
ENVIO_SENSIBILIZACION,ENV_SEN_ID_NULL,C,CHECK,ENABLED,NOT DEFERRABLE,IMMEDIATE,,ENV_SEN_ID
ENVIO_SENSIBILIZACION,FCH_REGISTRO_ENV_SEN_NULL,C,CHECK,ENABLED,NOT DEFERRABLE,IMMEDIATE,,FCH_REGISTRO
ENVIO_SENSIBILIZACION,FUN_ENV_SEN_NULL,C,CHECK,ENABLED,NOT DEFERRABLE,IMMEDIATE,,FUN_ID
ENVIO_SENSIBILIZACION,OFT_ENV_SEN_NULL,C,CHECK,ENABLED,NOT DEFERRABLE,IMMEDIATE,,OFT_ID
ENVIO_SENSIBILIZACION,ENV_SEN_PK,P,PRIMARY KEY,ENABLED,NOT DEFERRABLE,IMMEDIATE,,ENV_SEN_ID
ENVIO_SENSIBILIZACION,CSPE_ENV_SEN_FK,R,FOREIGN KEY,ENABLED,NOT DEFERRABLE,IMMEDIATE,CSPE_PK,CSPE_ID
ENVIO_SENSIBILIZACION,DEM_ENV_SEN_FK,R,FOREIGN KEY,ENABLED,NOT DEFERRABLE,IMMEDIATE,DEM_PK,DEM_ID
ENVIO_SENSIBILIZACION,FUN_ENV_SEN_FK,R,FOREIGN KEY,ENABLED,NOT DEFERRABLE,IMMEDIATE,FUN_PK,FUN_ID
ENVIO_SENSIBILIZACION,OFT_ENV_SEN_FK,R,FOREIGN KEY,ENABLED,NOT DEFERRABLE,IMMEDIATE,OFT_PK,OFT_ID
ENVIO_SENSIBILIZACION,ENV_SEN_OFT_DEM_UK_UC,U,UNIQUE,ENABLED,NOT DEFERRABLE,IMMEDIATE,,"OFT_ID,DEM_ID"
ESPECIALIDAD_ARD,ARD_EAD_NULL,C,CHECK,ENABLED,NOT DEFERRABLE,IMMEDIATE,,ARD_ID
ESPECIALIDAD_ARD,EAD_ID_NULL,C,CHECK,ENABLED,NOT DEFERRABLE,IMMEDIATE,,EAD_ID
ESPECIALIDAD_ARD,EAD_NOMBRE_NULL,C,CHECK,ENABLED,NOT DEFERRABLE,IMMEDIATE,,EAD_NOMBRE
ESPECIALIDAD_ARD,EAD_PK,P,PRIMARY KEY,ENABLED,NOT DEFERRABLE,IMMEDIATE,,EAD_ID
ESPECIALIDAD_ARD,ARD_EAD_FK,R,FOREIGN KEY,ENABLED,NOT DEFERRABLE,IMMEDIATE,ARD_PK,ARD_ID
ESTACION_CONSULTA,CSPE_ECN_NULL,C,CHECK,ENABLED,NOT DEFERRABLE,IMMEDIATE,,CSPE_ID
ESTACION_CONSULTA,ECN_CLAVE_NULL,C,CHECK,ENABLED,NOT DEFERRABLE,IMMEDIATE,,ECN_CLAVE
ESTACION_CONSULTA,ECN_ESTADO_CHK,C,CHECK,ENABLED,NOT DEFERRABLE,IMMEDIATE,,ECN_ESTADO
ESTACION_CONSULTA,ECN_ESTADO_NULL,C,CHECK,ENABLED,NOT DEFERRABLE,IMMEDIATE,,ECN_ESTADO
ESTACION_CONSULTA,ECN_FCH_INGRESO_NULL,C,CHECK,ENABLED,NOT DEFERRABLE,IMMEDIATE,,ECN_FCH_INGRESO
ESTACION_CONSULTA,ECN_ID_NULL,C,CHECK,ENABLED,NOT DEFERRABLE,IMMEDIATE,,ECN_ID
ESTACION_CONSULTA,ECN_NOMBRE_NULL,C,CHECK,ENABLED,NOT DEFERRABLE,IMMEDIATE,,ECN_NOMBRE
ESTACION_CONSULTA,ECN_PK,P,PRIMARY KEY,ENABLED,NOT DEFERRABLE,IMMEDIATE,,ECN_ID
ESTACION_CONSULTA,CSPE_ECN_FK,R,FOREIGN KEY,ENABLED,NOT DEFERRABLE,IMMEDIATE,CSPE_PK,CSPE_ID
ESTADO_CIVIL,ESC_ID_NULL,C,CHECK,ENABLED,NOT DEFERRABLE,IMMEDIATE,,ESC_ID
ESTADO_CIVIL,ESC_NOMBRE_NULL,C,CHECK,ENABLED,NOT DEFERRABLE,IMMEDIATE,,ESC_NOMBRE
ESTADO_CIVIL,ESC_VAL_DEMANDA_CHK,C,CHECK,ENABLED,NOT DEFERRABLE,IMMEDIATE,,ESC_VAL_DEMANDA
ESTADO_CIVIL,ESC_VAL_DEMANDA_NULL,C,CHECK,ENABLED,NOT DEFERRABLE,IMMEDIATE,,ESC_VAL_DEMANDA
ESTADO_CIVIL,ESC_VAL_OFERTA_CHK,C,CHECK,ENABLED,NOT DEFERRABLE,IMMEDIATE,,ESC_VAL_OFERTA
ESTADO_CIVIL,ESC_VAL_OFERTA_NULL,C,CHECK,ENABLED,NOT DEFERRABLE,IMMEDIATE,,ESC_VAL_OFERTA
ESTADO_CIVIL,ESC_PK,P,PRIMARY KEY,ENABLED,NOT DEFERRABLE,IMMEDIATE,,ESC_ID
ESTADO_CURSO,ECR_DESCRIPCION_NULL,C,CHECK,ENABLED,NOT DEFERRABLE,IMMEDIATE,,ECR_DESCRIPCION
ESTADO_CURSO,ECR_HAB_MATRICULA_CHK,C,CHECK,ENABLED,NOT DEFERRABLE,IMMEDIATE,,ECR_HAB_MATRICULA
ESTADO_CURSO,ECR_HAB_MATRICULA_NULL,C,CHECK,ENABLED,NOT DEFERRABLE,IMMEDIATE,,ECR_HAB_MATRICULA
ESTADO_CURSO,ECR_ID_NULL,C,CHECK,ENABLED,NOT DEFERRABLE,IMMEDIATE,,ECR_ID
ESTADO_CURSO,ECR_NOMBRE_NULL,C,CHECK,ENABLED,NOT DEFERRABLE,IMMEDIATE,,ECR_NOMBRE
ESTADO_CURSO,ECR_PK,P,PRIMARY KEY,ENABLED,NOT DEFERRABLE,IMMEDIATE,,ECR_ID
ESTADO_DEMANDA,ESD_DESCRIPCION_NULL,C,CHECK,ENABLED,NOT DEFERRABLE,IMMEDIATE,,ESD_DESCRIPCION
ESTADO_DEMANDA,ESD_HAB_CRUCE_DEM_CHK,C,CHECK,ENABLED,NOT DEFERRABLE,IMMEDIATE,,ESD_HAB_CRUCE_DEM
ESTADO_DEMANDA,ESD_HAB_CRUCE_DEM_NULL,C,CHECK,ENABLED,NOT DEFERRABLE,IMMEDIATE,,ESD_HAB_CRUCE_DEM
ESTADO_DEMANDA,ESD_ID_NULL,C,CHECK,ENABLED,NOT DEFERRABLE,IMMEDIATE,,ESD_ID
ESTADO_DEMANDA,ESD_NOMBRE_NULL,C,CHECK,ENABLED,NOT DEFERRABLE,IMMEDIATE,,ESD_NOMBRE
ESTADO_DEMANDA,ESD_PK,P,PRIMARY KEY,ENABLED,NOT DEFERRABLE,IMMEDIATE,,ESD_ID
ESTADO_EMPRESA,ESE_DESCRIPCION_NULL,C,CHECK,ENABLED,NOT DEFERRABLE,IMMEDIATE,,ESE_DESCRIPCION
ESTADO_EMPRESA,ESE_HAB_CAPT_DEM_CHK,C,CHECK,ENABLED,NOT DEFERRABLE,IMMEDIATE,,ESE_HAB_CAPT_DEM
ESTADO_EMPRESA,ESE_HAB_CAPT_DEM_NULL,C,CHECK,ENABLED,NOT DEFERRABLE,IMMEDIATE,,ESE_HAB_CAPT_DEM
ESTADO_EMPRESA,ESE_ID_NULL,C,CHECK,ENABLED,NOT DEFERRABLE,IMMEDIATE,,ESE_ID
ESTADO_EMPRESA,ESE_NOMBRE_NULL,C,CHECK,ENABLED,NOT DEFERRABLE,IMMEDIATE,,ESE_NOMBRE
ESTADO_EMPRESA,ESE_PK,P,PRIMARY KEY,ENABLED,NOT DEFERRABLE,IMMEDIATE,,ESE_ID
ESTADO_OFERTA,ESO_DESCRIPCION_NULL,C,CHECK,ENABLED,NOT DEFERRABLE,IMMEDIATE,,ESO_DESCRIPCION
ESTADO_OFERTA,ESO_HAB_CONSUL_DEM_CHK,C,CHECK,ENABLED,NOT DEFERRABLE,IMMEDIATE,,ESO_HAB_CONSUL_DEM
ESTADO_OFERTA,ESO_HAB_CONSUL_DEM_NULL,C,CHECK,ENABLED,NOT DEFERRABLE,IMMEDIATE,,ESO_HAB_CONSUL_DEM
ESTADO_OFERTA,ESO_ID_NULL,C,CHECK,ENABLED,NOT DEFERRABLE,IMMEDIATE,,ESO_ID
ESTADO_OFERTA,ESO_NOMBRE_NULL,C,CHECK,ENABLED,NOT DEFERRABLE,IMMEDIATE,,ESO_NOMBRE
ESTADO_OFERTA,ESO_PK,P,PRIMARY KEY,ENABLED,NOT DEFERRABLE,IMMEDIATE,,ESO_ID
ESTRATO,ETR_ID_NULL,C,CHECK,ENABLED,NOT DEFERRABLE,IMMEDIATE,,ETR_ID
ESTRATO,ETR_NOMBRE_NULL,C,CHECK,ENABLED,NOT DEFERRABLE,IMMEDIATE,,ETR_NOMBRE
ESTRATO,ETR_PK,P,PRIMARY KEY,ENABLED,NOT DEFERRABLE,IMMEDIATE,,ETR_ID
ESTUDIO_FORMAL,ARC_ETF_NULL,C,CHECK,ENABLED,NOT DEFERRABLE,IMMEDIATE,,ARC_ID
ESTUDIO_FORMAL,DPT_ETF_NULL,C,CHECK,ENABLED,NOT DEFERRABLE,IMMEDIATE,,DPT_ID
ESTUDIO_FORMAL,DUR_ETF_NULL,C,CHECK,ENABLED,NOT DEFERRABLE,IMMEDIATE,,DUR_ID
ESTUDIO_FORMAL,ETF_ESTADO_CHK,C,CHECK,ENABLED,NOT DEFERRABLE,IMMEDIATE,,ETF_ESTADO
ESTUDIO_FORMAL,ETF_ESTADO_NULL,C,CHECK,ENABLED,NOT DEFERRABLE,IMMEDIATE,,ETF_ESTADO
ESTUDIO_FORMAL,ETF_FIN_NULL,C,CHECK,ENABLED,NOT DEFERRABLE,IMMEDIATE,,ETF_FIN
ESTUDIO_FORMAL,ETF_ID_NULL,C,CHECK,ENABLED,NOT DEFERRABLE,IMMEDIATE,,ETF_ID
ESTUDIO_FORMAL,ETF_INI_NULL,C,CHECK,ENABLED,NOT DEFERRABLE,IMMEDIATE,,ETF_INI
ESTUDIO_FORMAL,INS_ETF_NULL,C,CHECK,ENABLED,NOT DEFERRABLE,IMMEDIATE,,INS_ID
ESTUDIO_FORMAL,MET_ETF_NULL,C,CHECK,ENABLED,NOT DEFERRABLE,IMMEDIATE,,MET_ID
ESTUDIO_FORMAL,MPO_ETF_NULL,C,CHECK,ENABLED,NOT DEFERRABLE,IMMEDIATE,,MPO_ID
ESTUDIO_FORMAL,NIA_ETF_NULL,C,CHECK,ENABLED,NOT DEFERRABLE,IMMEDIATE,,NIA_ID
ESTUDIO_FORMAL,SYS_C0021618,C,CHECK,ENABLED,NOT DEFERRABLE,IMMEDIATE,,ETF_ORIGEN
ESTUDIO_FORMAL,TIT_ETF_NULL,C,CHECK,ENABLED,NOT DEFERRABLE,IMMEDIATE,,TIT_ID
ESTUDIO_FORMAL,ETF_PK,P,PRIMARY KEY,ENABLED,NOT DEFERRABLE,IMMEDIATE,,ETF_ID
ESTUDIO_FORMAL,ARC_ETF_FK,R,FOREIGN KEY,ENABLED,NOT DEFERRABLE,IMMEDIATE,ARC_PK,ARC_ID
ESTUDIO_FORMAL,DPT_ETF_FK,R,FOREIGN KEY,ENABLED,NOT DEFERRABLE,IMMEDIATE,DPT_PK,DPT_ID
ESTUDIO_FORMAL,DUR_ETF_FK,R,FOREIGN KEY,ENABLED,NOT DEFERRABLE,IMMEDIATE,DUR_PK,DUR_ID
ESTUDIO_FORMAL,INS_ETF_FK,R,FOREIGN KEY,ENABLED,NOT DEFERRABLE,IMMEDIATE,INS_PK,INS_ID
ESTUDIO_FORMAL,MET_ETF_FK,R,FOREIGN KEY,ENABLED,NOT DEFERRABLE,IMMEDIATE,MET_PK,MET_ID
ESTUDIO_FORMAL,MPO_ETF_FK,R,FOREIGN KEY,ENABLED,NOT DEFERRABLE,IMMEDIATE,MPO_PK,MPO_ID
ESTUDIO_FORMAL,NIA_ETF_FK,R,FOREIGN KEY,ENABLED,NOT DEFERRABLE,IMMEDIATE,NIA_PK,NIA_ID
ESTUDIO_FORMAL,TIT_ETF_FK,R,FOREIGN KEY,ENABLED,NOT DEFERRABLE,IMMEDIATE,TIT_PK,TIT_ID
ESTUDIO_NO_FORMAL,EAD_ENF_NULL,C,CHECK,ENABLED,NOT DEFERRABLE,IMMEDIATE,,EAD_ID
ESTUDIO_NO_FORMAL,ENF_ID_NULL,C,CHECK,ENABLED,NOT DEFERRABLE,IMMEDIATE,,ENF_ID
ESTUDIO_NO_FORMAL,ENF_NOMBRE_NULL,C,CHECK,ENABLED,NOT DEFERRABLE,IMMEDIATE,,ENF_NOMBRE
ESTUDIO_NO_FORMAL,TIE_ENF_NULL,C,CHECK,ENABLED,NOT DEFERRABLE,IMMEDIATE,,TIE_ID
ESTUDIO_NO_FORMAL,ENF_PK,P,PRIMARY KEY,ENABLED,NOT DEFERRABLE,IMMEDIATE,,ENF_ID
ESTUDIO_NO_FORMAL,EAD_ENF_FK,R,FOREIGN KEY,ENABLED,NOT DEFERRABLE,IMMEDIATE,EAD_PK,EAD_ID
ESTUDIO_NO_FORMAL,TIE_ENF_FK,R,FOREIGN KEY,ENABLED,NOT DEFERRABLE,IMMEDIATE,TIE_PK,TIE_ID
EVENTO,EVE_FCH_REGISTRO_NULL,C,CHECK,ENABLED,NOT DEFERRABLE,IMMEDIATE,,EVE_FCH_REGISTRO
EVENTO,EVE_ID_NULL,C,CHECK,ENABLED,NOT DEFERRABLE,IMMEDIATE,,EVE_ID
EVENTO,TEV_EVE_NULL,C,CHECK,ENABLED,NOT DEFERRABLE,IMMEDIATE,,TEV_ID
EVENTO,EVE_PK,P,PRIMARY KEY,ENABLED,NOT DEFERRABLE,IMMEDIATE,,EVE_ID
EVENTO,TEV_EVE_FK,R,FOREIGN KEY,ENABLED,NOT DEFERRABLE,IMMEDIATE,TEV_PK,TEV_ID
EVENTOS,SYS_C0022432,C,CHECK,ENABLED,NOT DEFERRABLE,IMMEDIATE,,EVENTO_ID
EVENTOS,SYS_C0022433,C,CHECK,ENABLED,NOT DEFERRABLE,IMMEDIATE,,TEA_ID
EVENTOS,EVENTOS_PK,P,PRIMARY KEY,ENABLED,NOT DEFERRABLE,IMMEDIATE,,EVENTO_ID
EVENTOS,FUNCIONARIO,R,FOREIGN KEY,ENABLED,NOT DEFERRABLE,IMMEDIATE,FUN_PK,FUN_ID
EVENTOS,MUNICIPIO,R,FOREIGN KEY,ENABLED,NOT DEFERRABLE,IMMEDIATE,MPO_PK,MPO_ID
EXPERIENCIAXFUNCION,EXF_ID_NULL,C,CHECK,ENABLED,NOT DEFERRABLE,IMMEDIATE,,EXF_ID
EXPERIENCIAXFUNCION,FNC_EXF_NULL,C,CHECK,ENABLED,NOT DEFERRABLE,IMMEDIATE,,FNC_ID
EXPERIENCIAXFUNCION,OEX_EXF_NULL,C,CHECK,ENABLED,NOT DEFERRABLE,IMMEDIATE,,OEX_ID
EXPERIENCIAXFUNCION,EXK_PK,P,PRIMARY KEY,ENABLED,NOT DEFERRABLE,IMMEDIATE,,EXF_ID
EXPERIENCIAXFUNCION,FNC_EXF_FK,R,FOREIGN KEY,ENABLED,NOT DEFERRABLE,IMMEDIATE,FNC_PK,FNC_ID
EXPERIENCIAXFUNCION,OEX_EXF_FK,R,FOREIGN KEY,ENABLED,NOT DEFERRABLE,IMMEDIATE,OEX_PK,OEX_ID
FUENTE_SEG_CURSO,FSC_ACCION_NULL,C,CHECK,ENABLED,NOT DEFERRABLE,IMMEDIATE,,FSC_ACCION
FUENTE_SEG_CURSO,FSC_ANUL_CURSO_CSPE_CHK,C,CHECK,ENABLED,NOT DEFERRABLE,IMMEDIATE,,FSC_ANUL_CURSO_CSPE
FUENTE_SEG_CURSO,FSC_ANUL_CURSO_CSPE_NULL,C,CHECK,ENABLED,NOT DEFERRABLE,IMMEDIATE,,FSC_ANUL_CURSO_CSPE
FUENTE_SEG_CURSO,FSC_ID_NULL,C,CHECK,ENABLED,NOT DEFERRABLE,IMMEDIATE,,FSC_ID
FUENTE_SEG_CURSO,FSC_NOMBRE_NULL,C,CHECK,ENABLED,NOT DEFERRABLE,IMMEDIATE,,FSC_NOMBRE
FUENTE_SEG_CURSO,FSC_PK,P,PRIMARY KEY,ENABLED,NOT DEFERRABLE,IMMEDIATE,,FSC_ID
FUENTE_SEG_CURSO,ECR_FSC_FIN_FK,R,FOREIGN KEY,ENABLED,NOT DEFERRABLE,IMMEDIATE,ECR_PK,ECR_FIN
FUENTE_SEG_CURSO,ECR_FSC_INI_FK,R,FOREIGN KEY,ENABLED,NOT DEFERRABLE,IMMEDIATE,ECR_PK,ECR_INI
FUENTE_SEG_DEMANDA,FSD_ACCION_NULL,C,CHECK,ENABLED,NOT DEFERRABLE,IMMEDIATE,,FSD_ACCION
FUENTE_SEG_DEMANDA,FSD_ID_NULL,C,CHECK,ENABLED,NOT DEFERRABLE,IMMEDIATE,,FSD_ID
FUENTE_SEG_DEMANDA,FSD_NOMBRE_NULL,C,CHECK,ENABLED,NOT DEFERRABLE,IMMEDIATE,,FSD_NOMBRE
FUENTE_SEG_DEMANDA,FSD_REDUCE_VTE_CSPE_CHK,C,CHECK,ENABLED,NOT DEFERRABLE,IMMEDIATE,,FSD_REDUCE_VTE_CSPE
FUENTE_SEG_DEMANDA,FSD_REDUCE_VTE_CSPE_NULL,C,CHECK,ENABLED,NOT DEFERRABLE,IMMEDIATE,,FSD_REDUCE_VTE_CSPE
FUENTE_SEG_DEMANDA,FSD_REDUCE_VTE_WEB_CHK,C,CHECK,ENABLED,NOT DEFERRABLE,IMMEDIATE,,FSD_REDUCE_VTE_WEB
FUENTE_SEG_DEMANDA,FSD_REDUCE_VTE_WEB_NULL,C,CHECK,ENABLED,NOT DEFERRABLE,IMMEDIATE,,FSD_REDUCE_VTE_WEB
FUENTE_SEG_DEMANDA,FSD_VALIDA_DEM_CSPE_CHK,C,CHECK,ENABLED,NOT DEFERRABLE,IMMEDIATE,,FSD_VALIDA_DEM_CSPE
FUENTE_SEG_DEMANDA,FSD_VALIDA_DEM_CSPE_NULL,C,CHECK,ENABLED,NOT DEFERRABLE,IMMEDIATE,,FSD_VALIDA_DEM_CSPE
FUENTE_SEG_DEMANDA,FSD_PK,P,PRIMARY KEY,ENABLED,NOT DEFERRABLE,IMMEDIATE,,FSD_ID
FUENTE_SEG_DEMANDA,ESD_FSD_FIN_FK,R,FOREIGN KEY,ENABLED,NOT DEFERRABLE,IMMEDIATE,ESD_PK,ESD_FIN
FUENTE_SEG_DEMANDA,ESD_FSD_INI_FK,R,FOREIGN KEY,ENABLED,NOT DEFERRABLE,IMMEDIATE,ESD_PK,ESD_INI
FUENTE_SEG_EMPRESA,FSE_ACCION_NULL,C,CHECK,ENABLED,NOT DEFERRABLE,IMMEDIATE,,FSE_ACCION
FUENTE_SEG_EMPRESA,FSE_ACU_SUSPENSION_CHK,C,CHECK,ENABLED,NOT DEFERRABLE,IMMEDIATE,,FSE_ACU_SUSPENSION
FUENTE_SEG_EMPRESA,FSE_ACU_SUSPENSION_NULL,C,CHECK,ENABLED,NOT DEFERRABLE,IMMEDIATE,,FSE_ACU_SUSPENSION
FUENTE_SEG_EMPRESA,FSE_ID_NULL,C,CHECK,ENABLED,NOT DEFERRABLE,IMMEDIATE,,FSE_ID
FUENTE_SEG_EMPRESA,FSE_NOMBRE_NULL,C,CHECK,ENABLED,NOT DEFERRABLE,IMMEDIATE,,FSE_NOMBRE
FUENTE_SEG_EMPRESA,FSE_SEG_UNIVERS_CSPE_CHK,C,CHECK,ENABLED,NOT DEFERRABLE,IMMEDIATE,,FSE_SEG_UNIVERS_CSPE
FUENTE_SEG_EMPRESA,FSE_SEG_UNIVERS_CSPE_NULL,C,CHECK,ENABLED,NOT DEFERRABLE,IMMEDIATE,,FSE_SEG_UNIVERS_CSPE
FUENTE_SEG_EMPRESA,FSE_PK,P,PRIMARY KEY,ENABLED,NOT DEFERRABLE,IMMEDIATE,,FSE_ID
FUENTE_SEG_EMPRESA,ESE_FSE_FIN_FK,R,FOREIGN KEY,ENABLED,NOT DEFERRABLE,IMMEDIATE,ESE_PK,ESE_FIN
FUENTE_SEG_EMPRESA,ESE_FSE_INI_FK,R,FOREIGN KEY,ENABLED,NOT DEFERRABLE,IMMEDIATE,ESE_PK,ESE_INI
FUENTE_SEG_OFERTA,FSO_ACCION_NULL,C,CHECK,ENABLED,NOT DEFERRABLE,IMMEDIATE,,FSO_ACCION
FUENTE_SEG_OFERTA,FSO_ACU_SUSPENSION_CHK,C,CHECK,ENABLED,NOT DEFERRABLE,IMMEDIATE,,FSO_ACU_SUSPENSION
FUENTE_SEG_OFERTA,FSO_ACU_SUSPENSION_NULL,C,CHECK,ENABLED,NOT DEFERRABLE,IMMEDIATE,,FSO_ACU_SUSPENSION
FUENTE_SEG_OFERTA,FSO_ANULA_ENV_CHK,C,CHECK,ENABLED,NOT DEFERRABLE,IMMEDIATE,,FSO_ANULA_ENV
FUENTE_SEG_OFERTA,FSO_ANULA_ENV_NULL,C,CHECK,ENABLED,NOT DEFERRABLE,IMMEDIATE,,FSO_ANULA_ENV
FUENTE_SEG_OFERTA,FSO_ANULA_MAT_CHK,C,CHECK,ENABLED,NOT DEFERRABLE,IMMEDIATE,,FSO_ANULA_MAT
FUENTE_SEG_OFERTA,FSO_ANULA_MAT_NULL,C,CHECK,ENABLED,NOT DEFERRABLE,IMMEDIATE,,FSO_ANULA_MAT
FUENTE_SEG_OFERTA,FSO_ID_NULL,C,CHECK,ENABLED,NOT DEFERRABLE,IMMEDIATE,,FSO_ID
FUENTE_SEG_OFERTA,FSO_NOMBRE_NULL,C,CHECK,ENABLED,NOT DEFERRABLE,IMMEDIATE,,FSO_NOMBRE
FUENTE_SEG_OFERTA,FSO_SEG_CURSO_CHK,C,CHECK,ENABLED,NOT DEFERRABLE,IMMEDIATE,,FSO_SEG_CURSO
FUENTE_SEG_OFERTA,FSO_SEG_CURSO_NULL,C,CHECK,ENABLED,NOT DEFERRABLE,IMMEDIATE,,FSO_SEG_CURSO
FUENTE_SEG_OFERTA,FSO_SEG_ENV_CHK,C,CHECK,ENABLED,NOT DEFERRABLE,IMMEDIATE,,FSO_SEG_ENV
FUENTE_SEG_OFERTA,FSO_SEG_ENV_NULL,C,CHECK,ENABLED,NOT DEFERRABLE,IMMEDIATE,,FSO_SEG_ENV
FUENTE_SEG_OFERTA,FSO_SEG_UNIVERS_CHK,C,CHECK,ENABLED,NOT DEFERRABLE,IMMEDIATE,,FSO_SEG_UNIVERS
FUENTE_SEG_OFERTA,FSO_SEG_UNIVERS_NULL,C,CHECK,ENABLED,NOT DEFERRABLE,IMMEDIATE,,FSO_SEG_UNIVERS
FUENTE_SEG_OFERTA,FSO_PK,P,PRIMARY KEY,ENABLED,NOT DEFERRABLE,IMMEDIATE,,FSO_ID
FUENTE_SEG_OFERTA,ESO_FSO_FIN_FK,R,FOREIGN KEY,ENABLED,NOT DEFERRABLE,IMMEDIATE,ESO_PK,ESO_FIN
FUENTE_SEG_OFERTA,ESO_FSO_INI_FK,R,FOREIGN KEY,ENABLED,NOT DEFERRABLE,IMMEDIATE,ESO_PK,ESO_INI
FUNCION,FNC_PK,P,PRIMARY KEY,ENABLED,NOT DEFERRABLE,IMMEDIATE,,FNC_ID
FUNCION,OCU_FNC_FK,R,FOREIGN KEY,ENABLED,NOT DEFERRABLE,IMMEDIATE,OCU_PK,OCU_ID
FUNCIONARIO,CSPE_FUN_NULL,C,CHECK,ENABLED,NOT DEFERRABLE,IMMEDIATE,,CSPE_ID
FUNCIONARIO,FUN_ESTADO_CHK,C,CHECK,ENABLED,NOT DEFERRABLE,IMMEDIATE,,FUN_ESTADO
FUNCIONARIO,FUN_ESTADO_NULL,C,CHECK,ENABLED,NOT DEFERRABLE,IMMEDIATE,,FUN_ESTADO
FUNCIONARIO,FUN_FCH_REGISTRO_NULL,C,CHECK,ENABLED,NOT DEFERRABLE,IMMEDIATE,,FUN_FCH_REGISTRO
FUNCIONARIO,FUN_ID_NULL,C,CHECK,ENABLED,NOT DEFERRABLE,IMMEDIATE,,FUN_ID
FUNCIONARIO,OFT_FUN_NULL,C,CHECK,ENABLED,NOT DEFERRABLE,IMMEDIATE,,OFT_ID
FUNCIONARIO,REG_FUN_NULL,C,CHECK,ENABLED,NOT DEFERRABLE,IMMEDIATE,,REG_ID
FUNCIONARIO,SYS_C0021347,C,CHECK,ENABLED,NOT DEFERRABLE,IMMEDIATE,,FUN_VER_TODAS_REGIONALES
FUNCIONARIO,FUN_PK,P,PRIMARY KEY,ENABLED,NOT DEFERRABLE,IMMEDIATE,,FUN_ID
FUNCIONARIO,CSPE_FUN_FK,R,FOREIGN KEY,ENABLED,NOT DEFERRABLE,IMMEDIATE,CSPE_PK,CSPE_ID
FUNCIONARIO,FK_FUNCIONARIO_SEC_USUARIO,R,FOREIGN KEY,ENABLED,DEFERRABLE,DEFERRED,SYS_C0024054,USR_NOMBRE
FUNCIONARIO,OFT_FUN_FK,R,FOREIGN KEY,ENABLED,NOT DEFERRABLE,IMMEDIATE,OFT_PK,OFT_ID
FUNCIONARIO,REG_FUN_FK,R,FOREIGN KEY,ENABLED,NOT DEFERRABLE,IMMEDIATE,REG_PK,REG_ID
FUNCION_COMPETENCIA_LABORAL,SYS_C0023321,C,CHECK,ENABLED,NOT DEFERRABLE,IMMEDIATE,,FNC_CPL_ID
FUNCION_COMPETENCIA_LABORAL,SYS_C0023322,C,CHECK,ENABLED,NOT DEFERRABLE,IMMEDIATE,,FNC_ID
FUNCION_COMPETENCIA_LABORAL,FNC_CCPL_ID_PK,P,PRIMARY KEY,ENABLED,NOT DEFERRABLE,IMMEDIATE,,FNC_CPL_ID
FUNXGRUPO,FGR_FCH_NULL,C,CHECK,ENABLED,NOT DEFERRABLE,IMMEDIATE,,FGR_FCH
FUNXGRUPO,FUN_FGR_NULL,C,CHECK,ENABLED,NOT DEFERRABLE,IMMEDIATE,,FUN_ID
FUNXGRUPO,GRP_FGR_NULL,C,CHECK,ENABLED,NOT DEFERRABLE,IMMEDIATE,,GRP_ID
FUNXGRUPO,FUN_FGR_FK,R,FOREIGN KEY,ENABLED,NOT DEFERRABLE,IMMEDIATE,FUN_PK,FUN_ID
FUNXGRUPO,GRP_FGR_FK,R,FOREIGN KEY,ENABLED,NOT DEFERRABLE,IMMEDIATE,GRP_PK,GRP_ID
FUNXGRUPO,FUN_GRP_UK_UC,U,UNIQUE,ENABLED,NOT DEFERRABLE,IMMEDIATE,,"FUN_ID,GRP_ID"
FUN_ESP,FUN_ESP_VAL,C,CHECK,ENABLED,NOT DEFERRABLE,IMMEDIATE,,VAL_ESP
FUN_ESP,SYS_C0022350,C,CHECK,ENABLED,NOT DEFERRABLE,IMMEDIATE,,FUN_ID
FUN_ESP,SYS_C0022351,C,CHECK,ENABLED,NOT DEFERRABLE,IMMEDIATE,,VAL_ESP
FUN_ESP,FUN_ID_FUN,R,FOREIGN KEY,ENABLED,NOT DEFERRABLE,IMMEDIATE,FUN_PK,FUN_ID
FUN_ESP,FUN_ID_ESP,U,UNIQUE,ENABLED,NOT DEFERRABLE,IMMEDIATE,,FUN_ID
GRUPO,GRP_FCH_NULL,C,CHECK,ENABLED,NOT DEFERRABLE,IMMEDIATE,,GRP_FCH
GRUPO,GRP_ID_NULL,C,CHECK,ENABLED,NOT DEFERRABLE,IMMEDIATE,,GRP_ID
GRUPO,GRP_NOMBRE_NULL,C,CHECK,ENABLED,NOT DEFERRABLE,IMMEDIATE,,GRP_NOMBRE
GRUPO,GRP_PK,P,PRIMARY KEY,ENABLED,NOT DEFERRABLE,IMMEDIATE,,GRP_ID
GRUPOXROL,GRP_GRR_NULL,C,CHECK,ENABLED,NOT DEFERRABLE,IMMEDIATE,,GRP_ID
GRUPOXROL,GRR_FCH_NULL,C,CHECK,ENABLED,NOT DEFERRABLE,IMMEDIATE,,GRR_FCH
GRUPOXROL,ROL_GRR_NULL,C,CHECK,ENABLED,NOT DEFERRABLE,IMMEDIATE,,ROL_ID
GRUPOXROL,GRP_GRR_FK,R,FOREIGN KEY,ENABLED,NOT DEFERRABLE,IMMEDIATE,GRP_PK,GRP_ID
GRUPOXROL,ROL_GRR_FK,R,FOREIGN KEY,ENABLED,NOT DEFERRABLE,IMMEDIATE,ROL_PK,ROL_ID
GRUPOXROL,GRP_ROL_UK_UC,U,UNIQUE,ENABLED,NOT DEFERRABLE,IMMEDIATE,,"GRP_ID,ROL_ID"
GRUPO_CIIU,DIC_GRC_NULL,C,CHECK,ENABLED,NOT DEFERRABLE,IMMEDIATE,,DIC_ID
GRUPO_CIIU,GRC_ID_NULL,C,CHECK,ENABLED,NOT DEFERRABLE,IMMEDIATE,,GRC_ID
GRUPO_CIIU,GRC_NOMBRE_NULL,C,CHECK,ENABLED,NOT DEFERRABLE,IMMEDIATE,,GRC_NOMBRE
GRUPO_CIIU,GRC_PK,P,PRIMARY KEY,ENABLED,NOT DEFERRABLE,IMMEDIATE,,GRC_ID
GRUPO_CIIU,DIC_GRC_FK,R,FOREIGN KEY,ENABLED,NOT DEFERRABLE,IMMEDIATE,DIC_PK,DIC_ID
GRUPO_META_TABLA,GMT_ID_NULL,C,CHECK,ENABLED,NOT DEFERRABLE,IMMEDIATE,,GMT_ID
GRUPO_META_TABLA,GMT_NOMBRE_NULL,C,CHECK,ENABLED,NOT DEFERRABLE,IMMEDIATE,,GMT_NOMBRE
GRUPO_META_TABLA,GMT_PK,P,PRIMARY KEY,ENABLED,NOT DEFERRABLE,IMMEDIATE,,GMT_ID
GUIA_TALLER,GUT_DESCRIPCION_NULL,C,CHECK,ENABLED,NOT DEFERRABLE,IMMEDIATE,,GUT_DESCRIPCION
GUIA_TALLER,GUT_ID_NULL,C,CHECK,ENABLED,NOT DEFERRABLE,IMMEDIATE,,GUT_ID
GUIA_TALLER,GUT_NOMBRE_NULL,C,CHECK,ENABLED,NOT DEFERRABLE,IMMEDIATE,,GUT_NOMBRE
GUIA_TALLER,GUT_TIPO_CHK,C,CHECK,ENABLED,NOT DEFERRABLE,IMMEDIATE,,GUT_TIPO
GUIA_TALLER,GUT_TIPO_NULL,C,CHECK,ENABLED,NOT DEFERRABLE,IMMEDIATE,,GUT_TIPO
GUIA_TALLER,SYS_C0023196,C,CHECK,ENABLED,NOT DEFERRABLE,IMMEDIATE,,GUT_ACTIVO
GUIA_TALLER,GUT_PK,P,PRIMARY KEY,ENABLED,NOT DEFERRABLE,IMMEDIATE,,GUT_ID
HIST_MC_BANIN_CONTRATACION,HMCBCT_ID_PK,P,PRIMARY KEY,ENABLED,NOT DEFERRABLE,IMMEDIATE,,HMCBCT_ID
HIST_MC_BANIN_CONTRATACION,HMCBCT_MEC_ID_FK,R,FOREIGN KEY,ENABLED,NOT DEFERRABLE,IMMEDIATE,MC_ESTAB_CNVCTRIA_PK,MEC_ID
HIST_MC_BANIN_DEPEN_PRESU,SYS_C0022101,C,CHECK,ENABLED,NOT DEFERRABLE,IMMEDIATE,,HMBDPP_ID
HIST_MC_BANIN_DEPEN_PRESU,HMBDPP_ID_PK,P,PRIMARY KEY,ENABLED,NOT DEFERRABLE,IMMEDIATE,,HMBDPP_ID
HIST_MC_BANIN_DEPEN_PRESU,HMBDPP_MEC_ID_FK,R,FOREIGN KEY,ENABLED,NOT DEFERRABLE,IMMEDIATE,MC_ESTAB_CNVCTRIA_PK,MEC_ID
HIST_MC_BANIN_RUBRO,SYS_C0022413,C,CHECK,ENABLED,NOT DEFERRABLE,IMMEDIATE,,HMBRB_ID
HIST_MC_BANIN_RUBRO,HMBRB_ID_PK,P,PRIMARY KEY,ENABLED,NOT DEFERRABLE,IMMEDIATE,,HMBRB_ID
HIST_MC_BANIN_RUBRO,HMBRB_MEC_ID_FK,R,FOREIGN KEY,ENABLED,NOT DEFERRABLE,IMMEDIATE,MC_ESTAB_CNVCTRIA_PK,MEC_ID
HIS_ARI_DEM,SYS_C0023647,C,CHECK,ENABLED,NOT DEFERRABLE,IMMEDIATE,,HD_ARI_ID
HIS_ARI_DEM,SYS_C0023648,C,CHECK,ENABLED,NOT DEFERRABLE,IMMEDIATE,,DEM_ID
HIS_ARI_DEM,SYS_C0023649,C,CHECK,ENABLED,NOT DEFERRABLE,IMMEDIATE,,OLD_ARI_ID
HIS_ARI_DEM,SYS_C0023650,C,CHECK,ENABLED,NOT DEFERRABLE,IMMEDIATE,,NEW_ARI_ID
HIS_ARI_DEM,SYS_C0023651,C,CHECK,ENABLED,NOT DEFERRABLE,IMMEDIATE,,HD_ARI_FCH_REG
HIS_ARI_DEM,HD_ARI_ID_PK,P,PRIMARY KEY,ENABLED,NOT DEFERRABLE,IMMEDIATE,,HD_ARI_ID
HIS_ARI_DEM_2,SYS_C0021834,C,CHECK,ENABLED,NOT DEFERRABLE,IMMEDIATE,,HD_ARI_ID
HIS_BARRIO_EMP,BAR_HBE_NULL,C,CHECK,ENABLED,NOT DEFERRABLE,IMMEDIATE,,BAR_ID
HIS_BARRIO_EMP,EMP_HBE_NULL,C,CHECK,ENABLED,NOT DEFERRABLE,IMMEDIATE,,EMP_ID
HIS_BARRIO_EMP,HBE_FCH_REGISTRO_NULL,C,CHECK,ENABLED,NOT DEFERRABLE,IMMEDIATE,,HBE_FCH_REGISTRO
HIS_BARRIO_EMP,HBE_ID_NULL,C,CHECK,ENABLED,NOT DEFERRABLE,IMMEDIATE,,HBE_ID
HIS_BARRIO_EMP,HBE_PK,P,PRIMARY KEY,ENABLED,NOT DEFERRABLE,IMMEDIATE,,HBE_ID
HIS_BARRIO_EMP,BAR_HBE_FK,R,FOREIGN KEY,ENABLED,NOT DEFERRABLE,IMMEDIATE,BAR_PK,BAR_ID
HIS_BARRIO_EMP,EMP_HBE_FK,R,FOREIGN KEY,ENABLED,NOT DEFERRABLE,IMMEDIATE,EMP_PK,EMP_ID
HIS_BARRIO_EMP,FUN_HBE_FK,R,FOREIGN KEY,ENABLED,NOT DEFERRABLE,IMMEDIATE,FUN_PK,FUN_ID
HIS_BARRIO_OFT,BAR_HBO_NULL,C,CHECK,ENABLED,NOT DEFERRABLE,IMMEDIATE,,BAR_ID
HIS_BARRIO_OFT,HBO_FCH_REGISTRO_NULL,C,CHECK,ENABLED,NOT DEFERRABLE,IMMEDIATE,,HBO_FCH_REGISTRO
HIS_BARRIO_OFT,HBO_ID_NULL,C,CHECK,ENABLED,NOT DEFERRABLE,IMMEDIATE,,HBO_ID
HIS_BARRIO_OFT,OFT_HBO_NULL,C,CHECK,ENABLED,NOT DEFERRABLE,IMMEDIATE,,OFT_ID
HIS_BARRIO_OFT,HBO_PK,P,PRIMARY KEY,ENABLED,NOT DEFERRABLE,IMMEDIATE,,HBO_ID
HIS_BARRIO_OFT,BAR_HBO_FK,R,FOREIGN KEY,ENABLED,NOT DEFERRABLE,IMMEDIATE,BAR_PK,BAR_ID
HIS_BARRIO_OFT,FUN_HBO_FK,R,FOREIGN KEY,ENABLED,NOT DEFERRABLE,IMMEDIATE,FUN_PK,FUN_ID
HIS_BARRIO_OFT,OFT_HBO_FK,R,FOREIGN KEY,ENABLED,NOT DEFERRABLE,IMMEDIATE,OFT_PK,OFT_ID
HIS_CIIU_EMP,CIIU_HCE_NULL,C,CHECK,ENABLED,NOT DEFERRABLE,IMMEDIATE,,CIIU_ID
HIS_CIIU_EMP,EMP_HCE_NULL,C,CHECK,ENABLED,NOT DEFERRABLE,IMMEDIATE,,EMP_ID
HIS_CIIU_EMP,HCE_FCH_REGISTRO_NULL,C,CHECK,ENABLED,NOT DEFERRABLE,IMMEDIATE,,HCE_FCH_REGISTRO
HIS_CIIU_EMP,HCE_ID_NULL,C,CHECK,ENABLED,NOT DEFERRABLE,IMMEDIATE,,HCE_ID
HIS_CIIU_EMP,HCE_PK,P,PRIMARY KEY,ENABLED,NOT DEFERRABLE,IMMEDIATE,,HCE_ID
HIS_CIIU_EMP,CIIU_HCE_FK,R,FOREIGN KEY,ENABLED,NOT DEFERRABLE,IMMEDIATE,CIIU_PK,CIIU_ID
HIS_CIIU_EMP,EMP_HCE_FK,R,FOREIGN KEY,ENABLED,NOT DEFERRABLE,IMMEDIATE,EMP_PK,EMP_ID
HIS_CIIU_EMP,FUN_HCE_FK,R,FOREIGN KEY,ENABLED,NOT DEFERRABLE,IMMEDIATE,FUN_PK,FUN_ID
HIS_CURSO_OFT,SYS_C0022993,C,CHECK,ENABLED,NOT DEFERRABLE,IMMEDIATE,,HCO_ID
HIS_CURSO_OFT,SYS_C0022994,C,CHECK,ENABLED,NOT DEFERRABLE,IMMEDIATE,,OFT_ID
HIS_CURSO_OFT,HIS_CURSO_OFT_PK,P,PRIMARY KEY,ENABLED,NOT DEFERRABLE,IMMEDIATE,,HCO_ID
HIS_DEM_EVENTO,SYS_C0022106,C,CHECK,ENABLED,NOT DEFERRABLE,IMMEDIATE,,HIS_DEE_ID
HIS_DEM_EVENTO,HIS_DEM_EVENTO_PK,P,PRIMARY KEY,ENABLED,NOT DEFERRABLE,IMMEDIATE,,HIS_DEE_ID
HIS_DEM_NUMVACANTES,SYS_C0023338,C,CHECK,ENABLED,NOT DEFERRABLE,IMMEDIATE,,HDNV_ID
HIS_DEM_NUMVACANTES,SYS_C0023339,C,CHECK,ENABLED,NOT DEFERRABLE,IMMEDIATE,,HDNV_DEM_ID
HIS_DEM_NUMVACANTES,SYS_C0023340,C,CHECK,ENABLED,NOT DEFERRABLE,IMMEDIATE,,HDNV_OBSER_ACTUALIZACION
HIS_DEM_NUMVACANTES,SYS_C0023341,C,CHECK,ENABLED,NOT DEFERRABLE,IMMEDIATE,,HDNV_FECHA_REGISTRO
HIS_DEM_NUMVACANTES,HDNV_ID_PK,P,PRIMARY KEY,ENABLED,NOT DEFERRABLE,IMMEDIATE,,HDNV_ID
HIS_DEM_NUMVACANTES,HDNV_DEM_ID_FK,R,FOREIGN KEY,ENABLED,NOT DEFERRABLE,IMMEDIATE,DEM_PK,HDNV_DEM_ID
HIS_DEM_NUMVACANTES,HDNV_FUN_ID_FK,R,FOREIGN KEY,ENABLED,NOT DEFERRABLE,IMMEDIATE,FUN_PK,HDNV_FUN_ACTUALIZA
HIS_ESTADO_CIVIL_OFT,ESC_HECO_NULL,C,CHECK,ENABLED,NOT DEFERRABLE,IMMEDIATE,,ESC_ID
HIS_ESTADO_CIVIL_OFT,HECO_FCH_REGISTRO_NULL,C,CHECK,ENABLED,NOT DEFERRABLE,IMMEDIATE,,HECO_FCH_REGISTRO
HIS_ESTADO_CIVIL_OFT,HECO_ID_NULL,C,CHECK,ENABLED,NOT DEFERRABLE,IMMEDIATE,,HECO_ID
HIS_ESTADO_CIVIL_OFT,OFT_HECO_NULL,C,CHECK,ENABLED,NOT DEFERRABLE,IMMEDIATE,,OFT_ID
HIS_ESTADO_CIVIL_OFT,HECO_PK,P,PRIMARY KEY,ENABLED,NOT DEFERRABLE,IMMEDIATE,,HECO_ID
HIS_ESTADO_CIVIL_OFT,ESC_HECO_FK,R,FOREIGN KEY,ENABLED,NOT DEFERRABLE,IMMEDIATE,ESC_PK,ESC_ID
HIS_ESTADO_CIVIL_OFT,FUN_HECO_FK,R,FOREIGN KEY,ENABLED,NOT DEFERRABLE,IMMEDIATE,FUN_PK,FUN_ID
HIS_ESTADO_CIVIL_OFT,OFT_HECO_FK,R,FOREIGN KEY,ENABLED,NOT DEFERRABLE,IMMEDIATE,OFT_PK,OFT_ID
HIS_ESTADO_CURSO,CUR_HEC_NULL,C,CHECK,ENABLED,NOT DEFERRABLE,IMMEDIATE,,CUR_ID
HIS_ESTADO_CURSO,ECR_HEC_NULL,C,CHECK,ENABLED,NOT DEFERRABLE,IMMEDIATE,,ECR_ID
HIS_ESTADO_CURSO,HEC_FCH_REGISTRO_NULL,C,CHECK,ENABLED,NOT DEFERRABLE,IMMEDIATE,,HEC_FCH_REGISTRO
HIS_ESTADO_CURSO,HEC_ID_NULL,C,CHECK,ENABLED,NOT DEFERRABLE,IMMEDIATE,,HEC_ID
HIS_ESTADO_CURSO,HEC_PK,P,PRIMARY KEY,ENABLED,NOT DEFERRABLE,IMMEDIATE,,HEC_ID
HIS_ESTADO_CURSO,CUR_HEC_FK,R,FOREIGN KEY,ENABLED,NOT DEFERRABLE,IMMEDIATE,CUR_PK,CUR_ID
HIS_ESTADO_CURSO,ECR_HEC_FK,R,FOREIGN KEY,ENABLED,NOT DEFERRABLE,IMMEDIATE,ECR_PK,ECR_ID
HIS_ESTADO_DEMANDA,DEM_HED_NULL,C,CHECK,ENABLED,NOT DEFERRABLE,IMMEDIATE,,DEM_ID
HIS_ESTADO_DEMANDA,ESD_HED_NULL,C,CHECK,ENABLED,NOT DEFERRABLE,IMMEDIATE,,ESD_ID
HIS_ESTADO_DEMANDA,HED_FCH_REGISTRO_NULL,C,CHECK,ENABLED,NOT DEFERRABLE,IMMEDIATE,,HED_FCH_REGISTRO
HIS_ESTADO_DEMANDA,HED_ID_NULL,C,CHECK,ENABLED,NOT DEFERRABLE,IMMEDIATE,,HED_ID
HIS_ESTADO_DEMANDA,HED_PK,P,PRIMARY KEY,ENABLED,NOT DEFERRABLE,IMMEDIATE,,HED_ID
HIS_ESTADO_DEMANDA,DEM_HED_FK,R,FOREIGN KEY,ENABLED,NOT DEFERRABLE,IMMEDIATE,DEM_PK,DEM_ID
HIS_ESTADO_DEMANDA,ESD_HED_FK,R,FOREIGN KEY,ENABLED,NOT DEFERRABLE,IMMEDIATE,ESD_PK,ESD_ID
HIS_ESTADO_EMPRESA,EMP_HEE_NULL,C,CHECK,ENABLED,NOT DEFERRABLE,IMMEDIATE,,EMP_ID
HIS_ESTADO_EMPRESA,ESE_HEE_NULL,C,CHECK,ENABLED,NOT DEFERRABLE,IMMEDIATE,,ESE_ID
HIS_ESTADO_EMPRESA,HEE_FCH_REGISTRO_NULL,C,CHECK,ENABLED,NOT DEFERRABLE,IMMEDIATE,,HEE_FCH_REGISTRO
HIS_ESTADO_EMPRESA,HEE_ID_NULL,C,CHECK,ENABLED,NOT DEFERRABLE,IMMEDIATE,,HEE_ID
HIS_ESTADO_EMPRESA,HEE_PK,P,PRIMARY KEY,ENABLED,NOT DEFERRABLE,IMMEDIATE,,HEE_ID
HIS_ESTADO_EMPRESA,EMP_HEE_FK,R,FOREIGN KEY,ENABLED,NOT DEFERRABLE,IMMEDIATE,EMP_PK,EMP_ID
HIS_ESTADO_EMPRESA,ESE_HEE_FK,R,FOREIGN KEY,ENABLED,NOT DEFERRABLE,IMMEDIATE,ESE_PK,ESE_ID
HIS_ESTADO_OFERTA,SYS_C0021291,C,CHECK,ENABLED,NOT DEFERRABLE,IMMEDIATE,,HEO_ID
HIS_ESTADO_OFERTA,SYS_C0021292,C,CHECK,ENABLED,NOT DEFERRABLE,IMMEDIATE,,OFT_ID
HIS_ESTADO_OFERTA,SYS_C0021293,C,CHECK,ENABLED,NOT DEFERRABLE,IMMEDIATE,,ESO_ID
HIS_ESTADO_OFERTA,SYS_C0021294,C,CHECK,ENABLED,NOT DEFERRABLE,IMMEDIATE,,HEO_FCH_REGISTRO
HIS_ESTADO_OFERTA,HEO_PK,P,PRIMARY KEY,ENABLED,NOT DEFERRABLE,IMMEDIATE,,HEO_ID
HIS_ESTADO_OFERTA,ESO_HEO_FK,R,FOREIGN KEY,ENABLED,NOT DEFERRABLE,IMMEDIATE,ESO_PK,ESO_ID
HIS_ESTADO_OFERTA,OFT_HEO_FK,R,FOREIGN KEY,ENABLED,NOT DEFERRABLE,IMMEDIATE,OFT_PK,OFT_ID
HIS_ESTRATO_OFT,ETR_HETO_NULL,C,CHECK,ENABLED,NOT DEFERRABLE,IMMEDIATE,,ETR_ID
HIS_ESTRATO_OFT,HETO_FCH_REGISTRO_NULL,C,CHECK,ENABLED,NOT DEFERRABLE,IMMEDIATE,,HETO_FCH_REGISTRO
HIS_ESTRATO_OFT,HETO_ID_NULL,C,CHECK,ENABLED,NOT DEFERRABLE,IMMEDIATE,,HETO_ID
HIS_ESTRATO_OFT,OFT_HETO_NULL,C,CHECK,ENABLED,NOT DEFERRABLE,IMMEDIATE,,OFT_ID
HIS_ESTRATO_OFT,HETO_PK,P,PRIMARY KEY,ENABLED,NOT DEFERRABLE,IMMEDIATE,,HETO_ID
HIS_ESTRATO_OFT,ETR_HETO_FK,R,FOREIGN KEY,ENABLED,NOT DEFERRABLE,IMMEDIATE,ETR_PK,ETR_ID
HIS_ESTRATO_OFT,FUN_HETO_FK,R,FOREIGN KEY,ENABLED,NOT DEFERRABLE,IMMEDIATE,FUN_PK,FUN_ID
HIS_ESTRATO_OFT,OFT_HETO_FK,R,FOREIGN KEY,ENABLED,NOT DEFERRABLE,IMMEDIATE,OFT_PK,OFT_ID
HIS_MUNICIPIO_EMP,EMP_HME_NULL,C,CHECK,ENABLED,NOT DEFERRABLE,IMMEDIATE,,EMP_ID
HIS_MUNICIPIO_EMP,HME_FCH_REGISTRO_NULL,C,CHECK,ENABLED,NOT DEFERRABLE,IMMEDIATE,,HME_FCH_REGISTRO
HIS_MUNICIPIO_EMP,HME_ID_NULL,C,CHECK,ENABLED,NOT DEFERRABLE,IMMEDIATE,,HME_ID
HIS_MUNICIPIO_EMP,MPO_HME_NULL,C,CHECK,ENABLED,NOT DEFERRABLE,IMMEDIATE,,MPO_ID
HIS_MUNICIPIO_EMP,HME_PK,P,PRIMARY KEY,ENABLED,NOT DEFERRABLE,IMMEDIATE,,HME_ID
HIS_MUNICIPIO_EMP,EMP_HME_FK,R,FOREIGN KEY,ENABLED,NOT DEFERRABLE,IMMEDIATE,EMP_PK,EMP_ID
HIS_MUNICIPIO_EMP,FUN_HME_FK,R,FOREIGN KEY,ENABLED,NOT DEFERRABLE,IMMEDIATE,FUN_PK,FUN_ID
HIS_MUNICIPIO_EMP,MPO_HME_FK,R,FOREIGN KEY,ENABLED,NOT DEFERRABLE,IMMEDIATE,MPO_PK,MPO_ID
HIS_MUNICIPIO_OFT,HMO_FCH_REGISTRO_NULL,C,CHECK,ENABLED,NOT DEFERRABLE,IMMEDIATE,,HMO_FCH_REGISTRO
HIS_MUNICIPIO_OFT,HMO_ID_NULL,C,CHECK,ENABLED,NOT DEFERRABLE,IMMEDIATE,,HMO_ID
HIS_MUNICIPIO_OFT,MPO_HMO_NULL,C,CHECK,ENABLED,NOT DEFERRABLE,IMMEDIATE,,MPO_ID
HIS_MUNICIPIO_OFT,OFT_HMO_NULL,C,CHECK,ENABLED,NOT DEFERRABLE,IMMEDIATE,,OFT_ID
HIS_MUNICIPIO_OFT,HMO_PK,P,PRIMARY KEY,ENABLED,NOT DEFERRABLE,IMMEDIATE,,HMO_ID
HIS_MUNICIPIO_OFT,FUN_HMO_FK,R,FOREIGN KEY,ENABLED,NOT DEFERRABLE,IMMEDIATE,FUN_PK,FUN_ID
HIS_MUNICIPIO_OFT,MPO_HMO_FK,R,FOREIGN KEY,ENABLED,NOT DEFERRABLE,IMMEDIATE,MPO_PK,MPO_ID
HIS_MUNICIPIO_OFT,OFT_HMO_FK,R,FOREIGN KEY,ENABLED,NOT DEFERRABLE,IMMEDIATE,OFT_PK,OFT_ID
HIS_NAT_EMP,EMP_HNE_NULL,C,CHECK,ENABLED,NOT DEFERRABLE,IMMEDIATE,,EMP_ID
HIS_NAT_EMP,HNE_FCH_REGISTRO_NULL,C,CHECK,ENABLED,NOT DEFERRABLE,IMMEDIATE,,HNE_FCH_REGISTRO
HIS_NAT_EMP,HNE_ID_NULL,C,CHECK,ENABLED,NOT DEFERRABLE,IMMEDIATE,,HNE_ID
HIS_NAT_EMP,HNE_NATURALEZA_NULL,C,CHECK,ENABLED,NOT DEFERRABLE,IMMEDIATE,,HNE_NATURALEZA
HIS_NAT_EMP,HNE_PK,P,PRIMARY KEY,ENABLED,NOT DEFERRABLE,IMMEDIATE,,HNE_ID
HIS_NAT_EMP,EMP_HNE_FK,R,FOREIGN KEY,ENABLED,NOT DEFERRABLE,IMMEDIATE,EMP_PK,EMP_ID
HIS_NAT_EMP,FUN_HNE_FK,R,FOREIGN KEY,ENABLED,NOT DEFERRABLE,IMMEDIATE,FUN_PK,FUN_ID
HIS_NIT_EMPRESA,SYS_C0022107,C,CHECK,ENABLED,NOT DEFERRABLE,IMMEDIATE,,HIS_NIT_ID
HIS_NIT_EMPRESA,SYS_C0022108,C,CHECK,ENABLED,NOT DEFERRABLE,IMMEDIATE,,EMP_ID
HIS_NIT_EMPRESA,SYS_C0022109,C,CHECK,ENABLED,NOT DEFERRABLE,IMMEDIATE,,NIT_ACTUAL
HIS_NIT_EMPRESA,SYS_C0022110,C,CHECK,ENABLED,NOT DEFERRABLE,IMMEDIATE,,NIT_NUEVO
HIS_NIT_EMPRESA,SYS_C0022111,C,CHECK,ENABLED,NOT DEFERRABLE,IMMEDIATE,,FUN_ID
HIS_NIT_EMPRESA,SYS_C0022112,C,CHECK,ENABLED,NOT DEFERRABLE,IMMEDIATE,,FECHA_REGISTRO
HIS_NIT_EMPRESA,HIS_NIT_EMPRESA_PK,P,PRIMARY KEY,ENABLED,NOT DEFERRABLE,IMMEDIATE,,HIS_NIT_ID
HIS_NUM_TRAB_EMP,EMP_HNTE_NULL,C,CHECK,ENABLED,NOT DEFERRABLE,IMMEDIATE,,EMP_ID
HIS_NUM_TRAB_EMP,HNTE_FCH_REGISTRO_NULL,C,CHECK,ENABLED,NOT DEFERRABLE,IMMEDIATE,,HNTE_FCH_REGISTRO
HIS_NUM_TRAB_EMP,HNTE_ID_NULL,C,CHECK,ENABLED,NOT DEFERRABLE,IMMEDIATE,,HNTE_ID
HIS_NUM_TRAB_EMP,HNTE_NUM_TRABAJADORES_NULL,C,CHECK,ENABLED,NOT DEFERRABLE,IMMEDIATE,,HNTE_NUM_TRABAJADORES
HIS_NUM_TRAB_EMP,HNTE_PK,P,PRIMARY KEY,ENABLED,NOT DEFERRABLE,IMMEDIATE,,HNTE_ID
HIS_NUM_TRAB_EMP,EMP_HNTE_FK,R,FOREIGN KEY,ENABLED,NOT DEFERRABLE,IMMEDIATE,EMP_PK,EMP_ID
HIS_NUM_TRAB_EMP,FUN_HNTE_FK,R,FOREIGN KEY,ENABLED,NOT DEFERRABLE,IMMEDIATE,FUN_PK,FUN_ID
HIS_OCUP_PREFERENCIA,HOP_FCH_REGISTRO_NULL,C,CHECK,ENABLED,NOT DEFERRABLE,IMMEDIATE,,HOP_FCH_REGISTRO
HIS_OCUP_PREFERENCIA,HOP_ID_NULL,C,CHECK,ENABLED,NOT DEFERRABLE,IMMEDIATE,,HOP_ID
HIS_OCUP_PREFERENCIA,IND_HOP_NULL,C,CHECK,ENABLED,NOT DEFERRABLE,IMMEDIATE,,IND_ID
HIS_OCUP_PREFERENCIA,OFT_HOP_NULL,C,CHECK,ENABLED,NOT DEFERRABLE,IMMEDIATE,,OFT_ID
HIS_OCUP_PREFERENCIA,HCO_PK,P,PRIMARY KEY,ENABLED,NOT DEFERRABLE,IMMEDIATE,,HOP_ID
HIS_OCUP_PREFERENCIA,FUN_HOP_FK,R,FOREIGN KEY,ENABLED,NOT DEFERRABLE,IMMEDIATE,FUN_PK,FUN_ID
HIS_OCUP_PREFERENCIA,IND_HOP_FK,R,FOREIGN KEY,ENABLED,NOT DEFERRABLE,IMMEDIATE,IND_PK,IND_ID
HIS_OCUP_PREFERENCIA,OFT_HOP_FK,R,FOREIGN KEY,ENABLED,NOT DEFERRABLE,IMMEDIATE,OFT_PK,OFT_ID
HIS_OFTXPES,FCH_ALTA_HIOPE_NULL,C,CHECK,ENABLED,NOT DEFERRABLE,IMMEDIATE,,FCH_ALTA
HIS_OFTXPES,HIOPE_ID_NULL,C,CHECK,ENABLED,NOT DEFERRABLE,IMMEDIATE,,HIOPE_ID
HIS_OFTXPES,OFT_HIOPE_NULL,C,CHECK,ENABLED,NOT DEFERRABLE,IMMEDIATE,,OFT_ID
HIS_OFTXPES,PES_HIOPE_NULL,C,CHECK,ENABLED,NOT DEFERRABLE,IMMEDIATE,,PES_ID
HIS_OFTXPES,HIS_OFTXPES_PK,P,PRIMARY KEY,ENABLED,NOT DEFERRABLE,IMMEDIATE,,HIOPE_ID
HIS_OFTXPES,FUN_HOPE_FK,R,FOREIGN KEY,ENABLED,NOT DEFERRABLE,IMMEDIATE,FUN_PK,FUN_ID
HIS_OFTXPES,OFT_HOPE_FK,R,FOREIGN KEY,ENABLED,NOT DEFERRABLE,IMMEDIATE,OFT_PK,OFT_ID
HIS_OFTXPES,PES_HIOPE_FK,R,FOREIGN KEY,ENABLED,NOT DEFERRABLE,IMMEDIATE,PES_PK,PES_ID
HIS_OFTXPES,HIS_OFTXPES_UK,U,UNIQUE,ENABLED,NOT DEFERRABLE,IMMEDIATE,,"OFT_ID,PES_ID,FCH_ALTA"
HIS_ORIENTACION_EMP,SYS_C0022392,C,CHECK,ENABLED,NOT DEFERRABLE,IMMEDIATE,,HORIE_ID
HIS_ORIENTACION_EMP,SYS_C0022393,C,CHECK,ENABLED,NOT DEFERRABLE,IMMEDIATE,,TORI_ID
HIS_ORIENTACION_EMP,SYS_C0022394,C,CHECK,ENABLED,NOT DEFERRABLE,IMMEDIATE,,HORIE_FCH
HIS_ORIENTACION_EMP,SYS_C0022395,C,CHECK,ENABLED,NOT DEFERRABLE,IMMEDIATE,,FUN_ID
HIS_ORIENTACION_EMP,SYS_C0022396,C,CHECK,ENABLED,NOT DEFERRABLE,IMMEDIATE,,EMP_ID
HIS_ORIENTACION_EMP,HIS_ORIENTACION_EMP_PK,P,PRIMARY KEY,ENABLED,NOT DEFERRABLE,IMMEDIATE,,HORIE_ID
HIS_ORIENTACION_OFT,SYS_C0021782,C,CHECK,ENABLED,NOT DEFERRABLE,IMMEDIATE,,HORIO_ID
HIS_ORIENTACION_OFT,SYS_C0021783,C,CHECK,ENABLED,NOT DEFERRABLE,IMMEDIATE,,TORI_ID
HIS_ORIENTACION_OFT,SYS_C0021784,C,CHECK,ENABLED,NOT DEFERRABLE,IMMEDIATE,,HORIO_FCH
HIS_ORIENTACION_OFT,SYS_C0021785,C,CHECK,ENABLED,NOT DEFERRABLE,IMMEDIATE,,FUN_ID
HIS_ORIENTACION_OFT,SYS_C0021786,C,CHECK,ENABLED,NOT DEFERRABLE,IMMEDIATE,,OFT_ID
HIS_ORIENTACION_OFT,HIS_ORIENTACION_OFT_PK,P,PRIMARY KEY,ENABLED,NOT DEFERRABLE,IMMEDIATE,,HORIO_ID
HIS_ORIENTACION_OFT,FUN_ID_HORIO_FK,R,FOREIGN KEY,ENABLED,NOT DEFERRABLE,IMMEDIATE,FUN_PK,FUN_ID
HIS_ORIENTACION_OFT,OFT_ID_HORIO_FK,R,FOREIGN KEY,ENABLED,NOT DEFERRABLE,IMMEDIATE,OFT_PK,OFT_ID
HIS_ORIENTACION_OFT,PDC_ID_FK,R,FOREIGN KEY,ENABLED,NOT DEFERRABLE,IMMEDIATE,PDC_ID_PK,PDC_ID
HIS_ORIENTACION_OFT,PED_ID_HORIO_FK,R,FOREIGN KEY,ENABLED,DEFERRABLE,DEFERRED,PES_PK,PES_ID
HIS_ORIENTACION_OFT,TORI_ID_HORIO_FK,R,FOREIGN KEY,ENABLED,NOT DEFERRABLE,IMMEDIATE,TORI_PK,TORI_ID
HIS_PER_CARGO_OFT,HPCO_FCH_REGISTRO_NULL,C,CHECK,ENABLED,NOT DEFERRABLE,IMMEDIATE,,HPCO_FCH_REGISTRO
HIS_PER_CARGO_OFT,HPCO_ID_NULL,C,CHECK,ENABLED,NOT DEFERRABLE,IMMEDIATE,,HPCO_ID
HIS_PER_CARGO_OFT,HPCO_PERSONAS_CARGO_NULL,C,CHECK,ENABLED,NOT DEFERRABLE,IMMEDIATE,,HPCO_PERSONAS_CARGO
HIS_PER_CARGO_OFT,OFT_HPCO_NULL,C,CHECK,ENABLED,NOT DEFERRABLE,IMMEDIATE,,OFT_ID
HIS_PER_CARGO_OFT,HPCO_PK,P,PRIMARY KEY,ENABLED,NOT DEFERRABLE,IMMEDIATE,,HPCO_ID
HIS_PER_CARGO_OFT,FUN_HPCO_FK,R,FOREIGN KEY,ENABLED,NOT DEFERRABLE,IMMEDIATE,FUN_PK,FUN_ID
HIS_PER_CARGO_OFT,OFT_HPCO_FK,R,FOREIGN KEY,ENABLED,NOT DEFERRABLE,IMMEDIATE,OFT_PK,OFT_ID
HIS_POS_FAM_OFT,HPFO_FCH_REGISTRO_NULL,C,CHECK,ENABLED,NOT DEFERRABLE,IMMEDIATE,,HPFO_FCH_REGISTRO
HIS_POS_FAM_OFT,HPFO_ID_NULL,C,CHECK,ENABLED,NOT DEFERRABLE,IMMEDIATE,,HPFO_ID
HIS_POS_FAM_OFT,OFT_HPFO_NULL,C,CHECK,ENABLED,NOT DEFERRABLE,IMMEDIATE,,OFT_ID
HIS_POS_FAM_OFT,PSF_HPFO_NULL,C,CHECK,ENABLED,NOT DEFERRABLE,IMMEDIATE,,PSF_ID
HIS_POS_FAM_OFT,HPFO_PK,P,PRIMARY KEY,ENABLED,NOT DEFERRABLE,IMMEDIATE,,HPFO_ID
HIS_POS_FAM_OFT,FUN_HPFO_FK,R,FOREIGN KEY,ENABLED,NOT DEFERRABLE,IMMEDIATE,FUN_PK,FUN_ID
HIS_POS_FAM_OFT,OFT_HPFO_FK,R,FOREIGN KEY,ENABLED,NOT DEFERRABLE,IMMEDIATE,OFT_PK,OFT_ID
HIS_POS_FAM_OFT,PSF_HPFO_FK,R,FOREIGN KEY,ENABLED,NOT DEFERRABLE,IMMEDIATE,PSF_PK,PSF_ID
HIS_SALARIO_MINIMO,HSM_ANNO_NULL,C,CHECK,ENABLED,NOT DEFERRABLE,IMMEDIATE,,HSM_ANNO
HIS_SALARIO_MINIMO,HSM_ID_NULL,C,CHECK,ENABLED,NOT DEFERRABLE,IMMEDIATE,,HSM_ID
HIS_SALARIO_MINIMO,HSM_VALOR_NULL,C,CHECK,ENABLED,NOT DEFERRABLE,IMMEDIATE,,HSM_VALOR
HIS_SALARIO_MINIMO,HSM_PK,P,PRIMARY KEY,ENABLED,NOT DEFERRABLE,IMMEDIATE,,HSM_ID
HIS_SEG_CURSO,CUR_HGC_NULL,C,CHECK,ENABLED,NOT DEFERRABLE,IMMEDIATE,,CUR_ID
HIS_SEG_CURSO,FSC_HGC_NULL,C,CHECK,ENABLED,NOT DEFERRABLE,IMMEDIATE,,FSC_ID
HIS_SEG_CURSO,HGC_FCH_REGISTRO_NULL,C,CHECK,ENABLED,NOT DEFERRABLE,IMMEDIATE,,HGC_FCH_REGISTRO
HIS_SEG_CURSO,HGC_ID_NULL,C,CHECK,ENABLED,NOT DEFERRABLE,IMMEDIATE,,HGC_ID
HIS_SEG_CURSO,HGC_PK,P,PRIMARY KEY,ENABLED,NOT DEFERRABLE,IMMEDIATE,,HGC_ID
HIS_SEG_CURSO,CSPE_HGC_FK,R,FOREIGN KEY,ENABLED,NOT DEFERRABLE,IMMEDIATE,CSPE_PK,CSPE_ID
HIS_SEG_CURSO,CUR_HGC_FK,R,FOREIGN KEY,ENABLED,NOT DEFERRABLE,IMMEDIATE,CUR_PK,CUR_ID
HIS_SEG_CURSO,FSC_HGC_FK,R,FOREIGN KEY,ENABLED,NOT DEFERRABLE,IMMEDIATE,FSC_PK,FSC_ID
HIS_SEG_CURSO,FUN_HGC_FK,R,FOREIGN KEY,ENABLED,NOT DEFERRABLE,IMMEDIATE,FUN_PK,FUN_ID
HIS_SEG_DEMANDA,DEM_HGD_NULL,C,CHECK,ENABLED,NOT DEFERRABLE,IMMEDIATE,,DEM_ID
HIS_SEG_DEMANDA,FSD_HGD_NULL,C,CHECK,ENABLED,NOT DEFERRABLE,IMMEDIATE,,FSD_ID
HIS_SEG_DEMANDA,HGD_FCH_REGISTRO_NULL,C,CHECK,ENABLED,NOT DEFERRABLE,IMMEDIATE,,HGD_FCH_REGISTRO
HIS_SEG_DEMANDA,HGD_ID_NULL,C,CHECK,ENABLED,NOT DEFERRABLE,IMMEDIATE,,HGD_ID
HIS_SEG_DEMANDA,HGD_PK,P,PRIMARY KEY,ENABLED,NOT DEFERRABLE,IMMEDIATE,,HGD_ID
HIS_SEG_DEMANDA,DEM_HGD_FK,R,FOREIGN KEY,ENABLED,NOT DEFERRABLE,IMMEDIATE,DEM_PK,DEM_ID
HIS_SEG_DEMANDA,FSD_HGD_FK,R,FOREIGN KEY,ENABLED,NOT DEFERRABLE,IMMEDIATE,FSD_PK,FSD_ID
HIS_SEG_DEMANDA,FUN_HGD_FK,R,FOREIGN KEY,ENABLED,NOT DEFERRABLE,IMMEDIATE,FUN_PK,FUN_ID
HIS_SEG_EMPRESA,EMP_HGE_NULL,C,CHECK,ENABLED,NOT DEFERRABLE,IMMEDIATE,,EMP_ID
HIS_SEG_EMPRESA,FSE_HGE_NULL,C,CHECK,ENABLED,NOT DEFERRABLE,IMMEDIATE,,FSE_ID
HIS_SEG_EMPRESA,HGE_FCH_REGISTRO_NULL,C,CHECK,ENABLED,NOT DEFERRABLE,IMMEDIATE,,HGE_FCH_REGISTRO
HIS_SEG_EMPRESA,HGE_ID_NULL,C,CHECK,ENABLED,NOT DEFERRABLE,IMMEDIATE,,HGE_ID
HIS_SEG_EMPRESA,HGE_PK,P,PRIMARY KEY,ENABLED,NOT DEFERRABLE,IMMEDIATE,,HGE_ID
HIS_SEG_EMPRESA,EMP_HGE_FK,R,FOREIGN KEY,ENABLED,NOT DEFERRABLE,IMMEDIATE,EMP_PK,EMP_ID
HIS_SEG_EMPRESA,FSE_HGE_FK,R,FOREIGN KEY,ENABLED,NOT DEFERRABLE,IMMEDIATE,FSE_PK,FSE_ID
HIS_SEG_EMPRESA,FUN_HGE_FK,R,FOREIGN KEY,ENABLED,NOT DEFERRABLE,IMMEDIATE,FUN_PK,FUN_ID
HIS_SEG_OFERTA,SYS_C0021295,C,CHECK,ENABLED,NOT DEFERRABLE,IMMEDIATE,,HGO_ID
HIS_SEG_OFERTA,SYS_C0021296,C,CHECK,ENABLED,NOT DEFERRABLE,IMMEDIATE,,OFT_ID
HIS_SEG_OFERTA,SYS_C0021297,C,CHECK,ENABLED,NOT DEFERRABLE,IMMEDIATE,,FSO_ID
HIS_SEG_OFERTA,SYS_C0021298,C,CHECK,ENABLED,NOT DEFERRABLE,IMMEDIATE,,HGO_FCH_REGISTRO
HIS_SISBEN_OFT,HSBO_FCH_REGISTRO_NULL,C,CHECK,ENABLED,NOT DEFERRABLE,IMMEDIATE,,HSBO_FCH_REGISTRO
HIS_SISBEN_OFT,HSBO_ID_NULL,C,CHECK,ENABLED,NOT DEFERRABLE,IMMEDIATE,,HSBO_ID
HIS_SISBEN_OFT,OFT_HSBO_NULL,C,CHECK,ENABLED,NOT DEFERRABLE,IMMEDIATE,,OFT_ID
HIS_SISBEN_OFT,HSBO_PK,P,PRIMARY KEY,ENABLED,NOT DEFERRABLE,IMMEDIATE,,HSBO_ID
HIS_SISBEN_OFT,FUN_HSBO_FK,R,FOREIGN KEY,ENABLED,NOT DEFERRABLE,IMMEDIATE,FUN_PK,FUN_ID
HIS_SISBEN_OFT,OFT_HSBO_FK,R,FOREIGN KEY,ENABLED,NOT DEFERRABLE,IMMEDIATE,OFT_PK,OFT_ID
HIS_SITUACION_OCUP,HOO_FCH_REGISTRO_NULL,C,CHECK,ENABLED,NOT DEFERRABLE,IMMEDIATE,,HOO_FCH_REGISTRO
HIS_SITUACION_OCUP,HOO_ID_NULL,C,CHECK,ENABLED,NOT DEFERRABLE,IMMEDIATE,,HOO_ID
HIS_SITUACION_OCUP,OFT_HOO_NULL,C,CHECK,ENABLED,NOT DEFERRABLE,IMMEDIATE,,OFT_ID
HIS_SITUACION_OCUP,SIO_HOO_NULL,C,CHECK,ENABLED,NOT DEFERRABLE,IMMEDIATE,,SIO_ID
HIS_SITUACION_OCUP,HOO_PK,P,PRIMARY KEY,ENABLED,NOT DEFERRABLE,IMMEDIATE,,HOO_ID
HIS_SITUACION_OCUP,OFT_HOO_FK,R,FOREIGN KEY,ENABLED,NOT DEFERRABLE,IMMEDIATE,OFT_PK,OFT_ID
HIS_SITUACION_OCUP,SIO_HOO_FK,R,FOREIGN KEY,ENABLED,NOT DEFERRABLE,IMMEDIATE,SIO_PK,SIO_ID
HIS_SUELDO_OFERTA,HSO_FHC_REGISTRO_NULL,C,CHECK,ENABLED,NOT DEFERRABLE,IMMEDIATE,,HSO_FHC_REGISTRO
HIS_SUELDO_OFERTA,HSO_ID_NULL,C,CHECK,ENABLED,NOT DEFERRABLE,IMMEDIATE,,HSO_ID
HIS_SUELDO_OFERTA,HSO_SAL_MIN_NULL,C,CHECK,ENABLED,NOT DEFERRABLE,IMMEDIATE,,HSO_SAL_MIN
HIS_SUELDO_OFERTA,HSO_SUELDO_NULL,C,CHECK,ENABLED,NOT DEFERRABLE,IMMEDIATE,,HSO_SUELDO
HIS_SUELDO_OFERTA,OFT_HSO_NULL,C,CHECK,ENABLED,NOT DEFERRABLE,IMMEDIATE,,OFT_ID
HIS_SUELDO_OFERTA,HSO_PK,P,PRIMARY KEY,ENABLED,NOT DEFERRABLE,IMMEDIATE,,HSO_ID
HIS_SUELDO_OFERTA,FUN_HSO_FK,R,FOREIGN KEY,ENABLED,NOT DEFERRABLE,IMMEDIATE,FUN_PK,FUN_ID
HIS_SUELDO_OFERTA,OFT_HSO_FK,R,FOREIGN KEY,ENABLED,NOT DEFERRABLE,IMMEDIATE,OFT_PK,OFT_ID
HIS_ZONA_EMP,EMP_HZE_NULL,C,CHECK,ENABLED,NOT DEFERRABLE,IMMEDIATE,,EMP_ID
HIS_ZONA_EMP,HZE_FCH_REGISTRO_NULL,C,CHECK,ENABLED,NOT DEFERRABLE,IMMEDIATE,,HZE_FCH_REGISTRO
HIS_ZONA_EMP,HZE_ID_NULL,C,CHECK,ENABLED,NOT DEFERRABLE,IMMEDIATE,,HZE_ID
HIS_ZONA_EMP,ZON_HZE_NULL,C,CHECK,ENABLED,NOT DEFERRABLE,IMMEDIATE,,ZON_ID
HIS_ZONA_EMP,HZE_PK,P,PRIMARY KEY,ENABLED,NOT DEFERRABLE,IMMEDIATE,,HZE_ID
HIS_ZONA_EMP,EMP_HZE_FK,R,FOREIGN KEY,ENABLED,NOT DEFERRABLE,IMMEDIATE,EMP_PK,EMP_ID
HIS_ZONA_EMP,FUN_HZE_FK,R,FOREIGN KEY,ENABLED,NOT DEFERRABLE,IMMEDIATE,FUN_PK,FUN_ID
HIS_ZONA_EMP,ZON_HZE_FK,R,FOREIGN KEY,ENABLED,NOT DEFERRABLE,IMMEDIATE,ZON_PK,ZON_ID
HIS_ZONA_OFT,HZO_FCH_REGISTRO_NULL,C,CHECK,ENABLED,NOT DEFERRABLE,IMMEDIATE,,HZO_FCH_REGISTRO
HIS_ZONA_OFT,HZO_ID_NULL,C,CHECK,ENABLED,NOT DEFERRABLE,IMMEDIATE,,HZO_ID
HIS_ZONA_OFT,OFT_HZO_NULL,C,CHECK,ENABLED,NOT DEFERRABLE,IMMEDIATE,,OFT_ID
HIS_ZONA_OFT,ZON_HZO_NULL,C,CHECK,ENABLED,NOT DEFERRABLE,IMMEDIATE,,ZON_ID
HIS_ZONA_OFT,HZO_PK,P,PRIMARY KEY,ENABLED,NOT DEFERRABLE,IMMEDIATE,,HZO_ID
HIS_ZONA_OFT,FUN_HZO_FK,R,FOREIGN KEY,ENABLED,NOT DEFERRABLE,IMMEDIATE,FUN_PK,FUN_ID
HIS_ZONA_OFT,OFT_HZO_FK,R,FOREIGN KEY,ENABLED,NOT DEFERRABLE,IMMEDIATE,OFT_PK,OFT_ID
HIS_ZONA_OFT,ZON_HZO_FK,R,FOREIGN KEY,ENABLED,NOT DEFERRABLE,IMMEDIATE,ZON_PK,ZON_ID
IDIOMA,IDM_DIALECTO_CHK,C,CHECK,ENABLED,NOT DEFERRABLE,IMMEDIATE,,IDM_DIALECTO
IDIOMA,IDM_DIALECTO_NULL,C,CHECK,ENABLED,NOT DEFERRABLE,IMMEDIATE,,IDM_DIALECTO
IDIOMA,IDM_ID_NULL,C,CHECK,ENABLED,NOT DEFERRABLE,IMMEDIATE,,IDM_ID
IDIOMA,IDM_NOMBRE_NULL,C,CHECK,ENABLED,NOT DEFERRABLE,IMMEDIATE,,IDM_NOMBRE
IDIOMA,IDM_PK,P,PRIMARY KEY,ENABLED,NOT DEFERRABLE,IMMEDIATE,,IDM_ID
INDICE,CNO_IND_NULL,C,CHECK,ENABLED,NOT DEFERRABLE,IMMEDIATE,,CNO_ID
INDICE,IND_ESTADO_CHK,C,CHECK,ENABLED,NOT DEFERRABLE,IMMEDIATE,,IND_ESTADO
INDICE,IND_ESTADO_NULL,C,CHECK,ENABLED,NOT DEFERRABLE,IMMEDIATE,,IND_ESTADO
INDICE,IND_ID_NULL,C,CHECK,ENABLED,NOT DEFERRABLE,IMMEDIATE,,IND_ID
INDICE,IND_NOMBRE_NULL,C,CHECK,ENABLED,NOT DEFERRABLE,IMMEDIATE,,IND_NOMBRE
INDICE,IND_PK,P,PRIMARY KEY,ENABLED,NOT DEFERRABLE,IMMEDIATE,,IND_ID
INDICE,CNO_IND_FK,R,FOREIGN KEY,ENABLED,NOT DEFERRABLE,IMMEDIATE,CNO_PK,CNO_ID
INDICE_NO_CALIFICADO,INDNC_CEN_NULL,C,CHECK,ENABLED,NOT DEFERRABLE,IMMEDIATE,,CEN_ID
INDICE_NO_CALIFICADO,INDNC_ESTADO_CHK,C,CHECK,ENABLED,NOT DEFERRABLE,IMMEDIATE,,INDNC_ESTADO
INDICE_NO_CALIFICADO,INDNC_ESTADO_NULL,C,CHECK,ENABLED,NOT DEFERRABLE,IMMEDIATE,,INDNC_ESTADO
INDICE_NO_CALIFICADO,INDNC_ID_NULL,C,CHECK,ENABLED,NOT DEFERRABLE,IMMEDIATE,,INDNC_ID
INDICE_NO_CALIFICADO,INDNC_IND_NULL,C,CHECK,ENABLED,NOT DEFERRABLE,IMMEDIATE,,IND_ID
INDICE_NO_CALIFICADO,INDNC_PK,P,PRIMARY KEY,ENABLED,NOT DEFERRABLE,IMMEDIATE,,INDNC_ID
INDICE_NO_CALIFICADO,CEN_INDNC_FK,R,FOREIGN KEY,ENABLED,NOT DEFERRABLE,IMMEDIATE,CCF_PK,CEN_ID
INDICE_NO_CALIFICADO,IND_INDNC,R,FOREIGN KEY,ENABLED,NOT DEFERRABLE,IMMEDIATE,IND_PK,IND_ID
INDICE_OCUPACIONAL,INDICE_OCUPACIONAL_PK,P,PRIMARY KEY,ENABLED,NOT DEFERRABLE,IMMEDIATE,,IND_ID
INSCRIPCION_CURSO,CUR_INC_NULL,C,CHECK,ENABLED,NOT DEFERRABLE,IMMEDIATE,,CUR_ID
INSCRIPCION_CURSO,INC_FCH_REGISTRO_NULL,C,CHECK,ENABLED,NOT DEFERRABLE,IMMEDIATE,,INC_FCH_REGISTRO
INSCRIPCION_CURSO,INC_ID_NULL,C,CHECK,ENABLED,NOT DEFERRABLE,IMMEDIATE,,INC_ID
INSCRIPCION_CURSO,INC_MEDIO_CHK,C,CHECK,ENABLED,NOT DEFERRABLE,IMMEDIATE,,INC_MEDIO
INSCRIPCION_CURSO,INC_MEDIO_NULL,C,CHECK,ENABLED,NOT DEFERRABLE,IMMEDIATE,,INC_MEDIO
INSCRIPCION_CURSO,OFT_INC_NULL,C,CHECK,ENABLED,NOT DEFERRABLE,IMMEDIATE,,OFT_ID
INSCRIPCION_CURSO,INC_PK,P,PRIMARY KEY,ENABLED,NOT DEFERRABLE,IMMEDIATE,,INC_ID
INSCRIPCION_CURSO,CSPE_INC_FK,R,FOREIGN KEY,ENABLED,NOT DEFERRABLE,IMMEDIATE,CSPE_PK,CSPE_ID
INSCRIPCION_CURSO,CUR_INC_FK,R,FOREIGN KEY,ENABLED,NOT DEFERRABLE,IMMEDIATE,CUR_PK,CUR_ID
INSCRIPCION_CURSO,FSO_INC_FK,R,FOREIGN KEY,ENABLED,NOT DEFERRABLE,IMMEDIATE,FSO_PK,FSO_ID
INSCRIPCION_CURSO,FUN_ICS_FK,R,FOREIGN KEY,ENABLED,NOT DEFERRABLE,IMMEDIATE,FUN_PK,FUN_SEGUIMIENTO
INSCRIPCION_CURSO,FUN_INC_FK,R,FOREIGN KEY,ENABLED,NOT DEFERRABLE,IMMEDIATE,FUN_PK,FUN_ID
INSCRIPCION_CURSO,OFT_INC_FK,R,FOREIGN KEY,ENABLED,NOT DEFERRABLE,IMMEDIATE,OFT_PK,OFT_ID
INSCRIPCION_CURSO,OFT_IND_CUR_UK_UC,U,UNIQUE,ENABLED,NOT DEFERRABLE,IMMEDIATE,,"OFT_ID,CUR_ID"
INSTITUCION,CAR_INS_NULL,C,CHECK,ENABLED,NOT DEFERRABLE,IMMEDIATE,,CAR_ID
INSTITUCION,DPT_INS_NULL,C,CHECK,ENABLED,NOT DEFERRABLE,IMMEDIATE,,DPT_ID
INSTITUCION,INS_ESTADO_CHK,C,CHECK,ENABLED,NOT DEFERRABLE,IMMEDIATE,,INS_ESTADO
INSTITUCION,INS_ESTADO_NULL,C,CHECK,ENABLED,NOT DEFERRABLE,IMMEDIATE,,INS_ESTADO
INSTITUCION,INS_ID_NULL,C,CHECK,ENABLED,NOT DEFERRABLE,IMMEDIATE,,INS_ID
INSTITUCION,INS_NOMBRE_NULL,C,CHECK,ENABLED,NOT DEFERRABLE,IMMEDIATE,,INS_NOMBRE
INSTITUCION,MPO_INS_NULL,C,CHECK,ENABLED,NOT DEFERRABLE,IMMEDIATE,,MPO_ID
INSTITUCION,ORG_INS_NULL,C,CHECK,ENABLED,NOT DEFERRABLE,IMMEDIATE,,ORG_ID
INSTITUCION,SYS_C0023501,C,CHECK,ENABLED,NOT DEFERRABLE,IMMEDIATE,,INS_ORIGEN
INSTITUCION,SYS_C0023502,C,CHECK,ENABLED,NOT DEFERRABLE,IMMEDIATE,,INS_SENA
INSTITUCION,INS_PK,P,PRIMARY KEY,ENABLED,NOT DEFERRABLE,IMMEDIATE,,INS_ID
INSTITUCION,CAR_INS_FK,R,FOREIGN KEY,ENABLED,NOT DEFERRABLE,IMMEDIATE,CAR_PK,CAR_ID
INSTITUCION,DPT_INS_FK,R,FOREIGN KEY,ENABLED,NOT DEFERRABLE,IMMEDIATE,DPT_PK,DPT_ID
INSTITUCION,MPO_INS_FK,R,FOREIGN KEY,ENABLED,NOT DEFERRABLE,IMMEDIATE,MPO_PK,MPO_ID
INSTITUCION,ORG_INS_FK,R,FOREIGN KEY,ENABLED,NOT DEFERRABLE,IMMEDIATE,ORG_PK,ORG_ID
INSTRUCTOR_ECAP,CSPE_ITR_NULL,C,CHECK,ENABLED,NOT DEFERRABLE,IMMEDIATE,,CSPE_ID
INSTRUCTOR_ECAP,EMP_ITR_NULL,C,CHECK,ENABLED,NOT DEFERRABLE,IMMEDIATE,,EMP_ID
INSTRUCTOR_ECAP,FUN_ITR_NULL,C,CHECK,ENABLED,NOT DEFERRABLE,IMMEDIATE,,FUN_ID
INSTRUCTOR_ECAP,ITR_FCH_REGISTRO_NULL,C,CHECK,ENABLED,NOT DEFERRABLE,IMMEDIATE,,ITR_FCH_REGISTRO
INSTRUCTOR_ECAP,ITR_ID_NULL,C,CHECK,ENABLED,NOT DEFERRABLE,IMMEDIATE,,ITR_ID
INSTRUCTOR_ECAP,OFT_ITR_NULL,C,CHECK,ENABLED,NOT DEFERRABLE,IMMEDIATE,,OFT_ID
INSTRUCTOR_ECAP,ITR_PK,P,PRIMARY KEY,ENABLED,NOT DEFERRABLE,IMMEDIATE,,ITR_ID
INSTRUCTOR_ECAP,CSPE_ITR_FK,R,FOREIGN KEY,ENABLED,NOT DEFERRABLE,IMMEDIATE,CSPE_PK,CSPE_ID
INSTRUCTOR_ECAP,EMP_ITR_FK,R,FOREIGN KEY,ENABLED,NOT DEFERRABLE,IMMEDIATE,EMP_PK,EMP_ID
INSTRUCTOR_ECAP,FUN_ITR_FK,R,FOREIGN KEY,ENABLED,NOT DEFERRABLE,IMMEDIATE,FUN_PK,FUN_ID
INSTRUCTOR_ECAP,OFT_ITR_FK,R,FOREIGN KEY,ENABLED,NOT DEFERRABLE,IMMEDIATE,OFT_PK,OFT_ID
INSTRUCTOR_ECAP,ITR_OFTXEMP_UK_UC,U,UNIQUE,ENABLED,NOT DEFERRABLE,IMMEDIATE,,"OFT_ID,EMP_ID"
INVITACION,CK_ESTADO,C,CHECK,ENABLED,NOT DEFERRABLE,IMMEDIATE,,INV_ESTADO
INVITACION,CK_TIPO,C,CHECK,ENABLED,NOT DEFERRABLE,IMMEDIATE,,INV_ES_EGRESADO
INVITACION,SYS_C0021554,C,CHECK,ENABLED,NOT DEFERRABLE,IMMEDIATE,,INV_ID
INVITACION,SYS_C0021555,C,CHECK,ENABLED,NOT DEFERRABLE,IMMEDIATE,,DEM_ID
INVITACION,SYS_C0021556,C,CHECK,ENABLED,NOT DEFERRABLE,IMMEDIATE,,OFT_ID
INVITACION,SYS_C0021557,C,CHECK,ENABLED,NOT DEFERRABLE,IMMEDIATE,,INV_ESTADO
INVITACION,SYS_C0021558,C,CHECK,ENABLED,NOT DEFERRABLE,IMMEDIATE,,INV_FECHA_INVITACION
INVITACION,SYS_C0021559,C,CHECK,ENABLED,NOT DEFERRABLE,IMMEDIATE,,INV_ES_EGRESADO
INVITACION,SYS_C0023726,P,PRIMARY KEY,ENABLED,NOT DEFERRABLE,IMMEDIATE,,INV_ID
INVITACION,SYS_C0024974,R,FOREIGN KEY,ENABLED,NOT DEFERRABLE,IMMEDIATE,DEM_PK,DEM_ID
INVITACION,SYS_C0024975,R,FOREIGN KEY,ENABLED,NOT DEFERRABLE,IMMEDIATE,OFT_PK,OFT_ID
JORNADA_TRABAJO,JTR_DESCRIPCION_NULL,C,CHECK,ENABLED,NOT DEFERRABLE,IMMEDIATE,,JTR_DESCRIPCION
JORNADA_TRABAJO,JTR_ID_NULL,C,CHECK,ENABLED,NOT DEFERRABLE,IMMEDIATE,,JTR_ID
JORNADA_TRABAJO,JTR_NOMBRE_NULL,C,CHECK,ENABLED,NOT DEFERRABLE,IMMEDIATE,,JTR_NOMBRE
JORNADA_TRABAJO,JTR_PK,P,PRIMARY KEY,ENABLED,NOT DEFERRABLE,IMMEDIATE,,JTR_ID
LICENCIA_CONDUCCION,LIC_CATEGORIA_NULL,C,CHECK,ENABLED,NOT DEFERRABLE,IMMEDIATE,,LIC_CATEGORIA
LICENCIA_CONDUCCION,LIC_DESCRIPCION_NULL,C,CHECK,ENABLED,NOT DEFERRABLE,IMMEDIATE,,LIC_DESCRIPCION
LICENCIA_CONDUCCION,LIC_ID_NULL,C,CHECK,ENABLED,NOT DEFERRABLE,IMMEDIATE,,LIC_ID
LICENCIA_CONDUCCION,LIC_PK,P,PRIMARY KEY,ENABLED,NOT DEFERRABLE,IMMEDIATE,,LIC_ID
LISTA_ROTACION_DEF,LIR_ESTADO_CHK,C,CHECK,ENABLED,NOT DEFERRABLE,IMMEDIATE,,LIR_ESTADO
LISTA_ROTACION_DEF,LIR_ESTADO_NULL,C,CHECK,ENABLED,NOT DEFERRABLE,IMMEDIATE,,LIR_ESTADO
LISTA_ROTACION_DEF,LIR_FCH_CREACION_NULL,C,CHECK,ENABLED,NOT DEFERRABLE,IMMEDIATE,,LIR_FCH_CREACION
LISTA_ROTACION_DEF,LIR_ID_NULL,C,CHECK,ENABLED,NOT DEFERRABLE,IMMEDIATE,,LIR_ID
LISTA_ROTACION_DEF,LIR_NOMBRE_NULL,C,CHECK,ENABLED,NOT DEFERRABLE,IMMEDIATE,,LIR_NOMBRE
LISTA_ROTACION_DEF,SYS_C0021408,C,CHECK,ENABLED,NOT DEFERRABLE,IMMEDIATE,,FUN_ID
LISTA_ROTACION_DEF,LIR_PK,P,PRIMARY KEY,ENABLED,NOT DEFERRABLE,IMMEDIATE,,LIR_ID
LISTA_ROTACION_OFT,FCH_LRO_NULL,C,CHECK,ENABLED,NOT DEFERRABLE,IMMEDIATE,,LRO_FCH_REGISTRO
LISTA_ROTACION_OFT,LIR_LRO_NULL,C,CHECK,ENABLED,NOT DEFERRABLE,IMMEDIATE,,LIR_ID
LISTA_ROTACION_OFT,LRO_ID_NULL,C,CHECK,ENABLED,NOT DEFERRABLE,IMMEDIATE,,LRO_ID
LISTA_ROTACION_OFT,LRO_PUESTO_NULL,C,CHECK,ENABLED,NOT DEFERRABLE,IMMEDIATE,,LRO_PUESTO
LISTA_ROTACION_OFT,LZG_LRO_NULL,C,CHECK,ENABLED,NOT DEFERRABLE,IMMEDIATE,,LZG_ID
LISTA_ROTACION_OFT,OFT_LRO_NULL,C,CHECK,ENABLED,NOT DEFERRABLE,IMMEDIATE,,OFT_ID
LISTA_ROTACION_OFT,LRO_PK,P,PRIMARY KEY,ENABLED,NOT DEFERRABLE,IMMEDIATE,,LRO_ID
LISTA_ROTACION_OFT,LIR_LRO_FK,R,FOREIGN KEY,ENABLED,NOT DEFERRABLE,IMMEDIATE,LIR_PK,LIR_ID
LISTA_ROTACION_OFT,LZG_LRO_FK,R,FOREIGN KEY,ENABLED,NOT DEFERRABLE,IMMEDIATE,LZG_PK,LZG_ID
LISTA_ROTACION_OFT,OFT_LRO_FK,R,FOREIGN KEY,ENABLED,NOT DEFERRABLE,IMMEDIATE,OFT_PK,OFT_ID
LISTA_ROTACION_OFT,LRO_LISTA_OFERTA_UK,U,UNIQUE,ENABLED,NOT DEFERRABLE,IMMEDIATE,,"LIR_ID,OFT_ID"
LISTA_ROTACION_OFT,LRO_LISTA_PUESTO_UK,U,UNIQUE,ENABLED,NOT DEFERRABLE,IMMEDIATE,,"LIR_ID,LRO_PUESTO"
LISTA_ROTACION_ZONAGEO,DPT_LZG_NULL,C,CHECK,ENABLED,NOT DEFERRABLE,IMMEDIATE,,DPT_ID
LISTA_ROTACION_ZONAGEO,LIR_LZG_NULL,C,CHECK,ENABLED,NOT DEFERRABLE,IMMEDIATE,,LIR_ID
LISTA_ROTACION_ZONAGEO,LZG_ID_NULL,C,CHECK,ENABLED,NOT DEFERRABLE,IMMEDIATE,,LZG_ID
LISTA_ROTACION_ZONAGEO,MPO_LZG_NULL,C,CHECK,ENABLED,NOT DEFERRABLE,IMMEDIATE,,MPO_ID
LISTA_ROTACION_ZONAGEO,PAI_LZG_NULL,C,CHECK,ENABLED,NOT DEFERRABLE,IMMEDIATE,,PAI_ID
LISTA_ROTACION_ZONAGEO,LZG_PK,P,PRIMARY KEY,ENABLED,NOT DEFERRABLE,IMMEDIATE,,LZG_ID
LISTA_ROTACION_ZONAGEO,BAR_LZG_FK,R,FOREIGN KEY,ENABLED,NOT DEFERRABLE,IMMEDIATE,BAR_PK,BAR_ID
LISTA_ROTACION_ZONAGEO,DPT_LZG_FK,R,FOREIGN KEY,ENABLED,NOT DEFERRABLE,IMMEDIATE,DPT_PK,DPT_ID
LISTA_ROTACION_ZONAGEO,LIR_LIR_FK,R,FOREIGN KEY,ENABLED,NOT DEFERRABLE,IMMEDIATE,LIR_PK,LIR_ID
LISTA_ROTACION_ZONAGEO,MPO_LZG_FK,R,FOREIGN KEY,ENABLED,NOT DEFERRABLE,IMMEDIATE,MPO_PK,MPO_ID
LISTA_ROTACION_ZONAGEO,PAI_LZG_FK,R,FOREIGN KEY,ENABLED,NOT DEFERRABLE,IMMEDIATE,PAI_PK,PAI_ID
LISTA_ROTACION_ZONAGEO,ZON_LZG_FK,R,FOREIGN KEY,ENABLED,NOT DEFERRABLE,IMMEDIATE,ZON_PK,ZON_ID
LISTA_ROTACION_ZONAGEO,LZG_BAR_UK,U,UNIQUE,ENABLED,NOT DEFERRABLE,IMMEDIATE,,"PAI_ID,DPT_ID,MPO_ID,ZON_ID,BAR_ID"
LOG_ADM_CONTENIDO,FUN_LAC_NULL,C,CHECK,ENABLED,NOT DEFERRABLE,IMMEDIATE,,FUN_ID
LOG_ADM_CONTENIDO,LAC_ACCION_CHK,C,CHECK,ENABLED,NOT DEFERRABLE,IMMEDIATE,,LAC_ACCION
LOG_ADM_CONTENIDO,LAC_ACCION_NULL,C,CHECK,ENABLED,NOT DEFERRABLE,IMMEDIATE,,LAC_ACCION
LOG_ADM_CONTENIDO,LAC_FCH_ACCION_NULL,C,CHECK,ENABLED,NOT DEFERRABLE,IMMEDIATE,,LAC_FCH_ACCION
LOG_ADM_CONTENIDO,LAC_ID_NULL,C,CHECK,ENABLED,NOT DEFERRABLE,IMMEDIATE,,LAC_ID
LOG_ADM_CONTENIDO,MTT_LAC_NULL,C,CHECK,ENABLED,NOT DEFERRABLE,IMMEDIATE,,MTT_ID
LOG_ADM_CONTENIDO,LAC_PK,P,PRIMARY KEY,ENABLED,NOT DEFERRABLE,IMMEDIATE,,LAC_ID
LOG_ADM_CONTENIDO,FUN_LAC_FK,R,FOREIGN KEY,ENABLED,NOT DEFERRABLE,IMMEDIATE,FUN_PK,FUN_ID
LOG_ADM_CONTENIDO,MTT_LAC_FK,R,FOREIGN KEY,ENABLED,NOT DEFERRABLE,IMMEDIATE,MTT_PK,MTT_ID
LOG_DEM_ETD_FORMAL,DEM_LDF_NULL,C,CHECK,ENABLED,NOT DEFERRABLE,IMMEDIATE,,DEM_ID
LOG_DEM_ETD_FORMAL,LDF_ACCION_CHK,C,CHECK,ENABLED,NOT DEFERRABLE,IMMEDIATE,,LDF_ACCION
LOG_DEM_ETD_FORMAL,LDF_ACCION_NULL,C,CHECK,ENABLED,NOT DEFERRABLE,IMMEDIATE,,LDF_ACCION
LOG_DEM_ETD_FORMAL,LDF_FCH_ACCION_NULL,C,CHECK,ENABLED,NOT DEFERRABLE,IMMEDIATE,,LDF_FCH_ACCION
LOG_DEM_ETD_FORMAL,LDF_ID_NULL,C,CHECK,ENABLED,NOT DEFERRABLE,IMMEDIATE,,LDF_ID
LOG_DEM_ETD_FORMAL,TIT_LDF_NULL,C,CHECK,ENABLED,NOT DEFERRABLE,IMMEDIATE,,TIT_ID
LOG_DEM_ETD_FORMAL,LDF_PK,P,PRIMARY KEY,ENABLED,NOT DEFERRABLE,IMMEDIATE,,LDF_ID
LOG_DEM_ETD_FORMAL,DEM_LDF_FK,R,FOREIGN KEY,ENABLED,NOT DEFERRABLE,IMMEDIATE,DEM_PK,DEM_ID
LOG_DEM_ETD_FORMAL,FUN_LDF_FK,R,FOREIGN KEY,ENABLED,NOT DEFERRABLE,IMMEDIATE,FUN_PK,FUN_ID
LOG_DEM_ETD_FORMAL,INS_LDF_FK,R,FOREIGN KEY,ENABLED,NOT DEFERRABLE,IMMEDIATE,INS_PK,INS_ID
LOG_DEM_ETD_FORMAL,TIT_LDF_FK,R,FOREIGN KEY,ENABLED,NOT DEFERRABLE,IMMEDIATE,TIT_PK,TIT_ID
LOG_DEM_ETD_NO_FORMAL,DEM_LDN_NULL,C,CHECK,ENABLED,NOT DEFERRABLE,IMMEDIATE,,DEM_ID
LOG_DEM_ETD_NO_FORMAL,ENF_LDN_NULL,C,CHECK,ENABLED,NOT DEFERRABLE,IMMEDIATE,,ENF_ID
LOG_DEM_ETD_NO_FORMAL,LDN_ACCION_CHK,C,CHECK,ENABLED,NOT DEFERRABLE,IMMEDIATE,,LDN_ACCION
LOG_DEM_ETD_NO_FORMAL,LDN_ACCION_NULL,C,CHECK,ENABLED,NOT DEFERRABLE,IMMEDIATE,,LDN_ACCION
LOG_DEM_ETD_NO_FORMAL,LDN_FCH_ACCION_NULL,C,CHECK,ENABLED,NOT DEFERRABLE,IMMEDIATE,,LDN_FCH_ACCION
LOG_DEM_ETD_NO_FORMAL,LDN_ID_NULL,C,CHECK,ENABLED,NOT DEFERRABLE,IMMEDIATE,,LDN_ID
LOG_DEM_ETD_NO_FORMAL,LDN_PK,P,PRIMARY KEY,ENABLED,NOT DEFERRABLE,IMMEDIATE,,LDN_ID
LOG_DEM_ETD_NO_FORMAL,DEM_LDN_FK,R,FOREIGN KEY,ENABLED,NOT DEFERRABLE,IMMEDIATE,DEM_PK,DEM_ID
LOG_DEM_ETD_NO_FORMAL,ENF_LDN_FK,R,FOREIGN KEY,ENABLED,NOT DEFERRABLE,IMMEDIATE,ENF_PK,ENF_ID
LOG_DEM_ETD_NO_FORMAL,FUN_LDN_FK,R,FOREIGN KEY,ENABLED,NOT DEFERRABLE,IMMEDIATE,FUN_PK,FUN_ID
LOG_DEM_IDIOMA,DEM_LDI_NULL,C,CHECK,ENABLED,NOT DEFERRABLE,IMMEDIATE,,DEM_ID
LOG_DEM_IDIOMA,IDM_LDI_NULL,C,CHECK,ENABLED,NOT DEFERRABLE,IMMEDIATE,,IDM_ID
LOG_DEM_IDIOMA,LDI_ACCION_CHK,C,CHECK,ENABLED,NOT DEFERRABLE,IMMEDIATE,,LDI_ACCION
LOG_DEM_IDIOMA,LDI_ACCION_NULL,C,CHECK,ENABLED,NOT DEFERRABLE,IMMEDIATE,,LDI_ACCION
LOG_DEM_IDIOMA,LDI_FCH_ACCION_NULL,C,CHECK,ENABLED,NOT DEFERRABLE,IMMEDIATE,,LDI_FCH_ACCION
LOG_DEM_IDIOMA,LDI_ID_NULL,C,CHECK,ENABLED,NOT DEFERRABLE,IMMEDIATE,,LDI_ID
LOG_DEM_IDIOMA,LDI_PK,P,PRIMARY KEY,ENABLED,NOT DEFERRABLE,IMMEDIATE,,LDI_ID
LOG_DEM_IDIOMA,DEM_LDI_FK,R,FOREIGN KEY,ENABLED,NOT DEFERRABLE,IMMEDIATE,DEM_PK,DEM_ID
LOG_DEM_IDIOMA,FUN_LDI_FK,R,FOREIGN KEY,ENABLED,NOT DEFERRABLE,IMMEDIATE,FUN_PK,FUN_ID
LOG_DEM_IDIOMA,IDM_LDI_FK,R,FOREIGN KEY,ENABLED,NOT DEFERRABLE,IMMEDIATE,IDM_PK,IDM_ID
LOG_MC_ASPIRACION,SYS_C0023087,C,CHECK,ENABLED,NOT DEFERRABLE,IMMEDIATE,,LOG_MC_ASPIRACION_ID
LOG_MC_ASPIRACION,SYS_C0023088,C,CHECK,ENABLED,NOT DEFERRABLE,IMMEDIATE,,ID
LOG_MC_ASPIRACION,SYS_C0023089,C,CHECK,ENABLED,NOT DEFERRABLE,IMMEDIATE,,MC_ESTADO_ASPRCN_ID
LOG_MC_ASPIRACION,SYS_C0023090,C,CHECK,ENABLED,NOT DEFERRABLE,IMMEDIATE,,MC_PERFIL_ID
LOG_MC_ASPIRACION,SYS_C0023091,C,CHECK,ENABLED,NOT DEFERRABLE,IMMEDIATE,,ACCION
LOG_MC_ASPIRACION,SYS_C0023092,C,CHECK,ENABLED,NOT DEFERRABLE,IMMEDIATE,,FECHA_ACCION
LOG_MC_ASPN_ESTAB,SYS_C0022841,C,CHECK,ENABLED,NOT DEFERRABLE,IMMEDIATE,,LOG_MC_ASPN_ESTAB_ID
LOG_MC_ASPN_ESTAB,SYS_C0022842,C,CHECK,ENABLED,NOT DEFERRABLE,IMMEDIATE,,ID
LOG_MC_ASPN_ESTAB,SYS_C0022843,C,CHECK,ENABLED,NOT DEFERRABLE,IMMEDIATE,,MC_ASPN_ID
LOG_MC_ASPN_ESTAB,SYS_C0022844,C,CHECK,ENABLED,NOT DEFERRABLE,IMMEDIATE,,MC_ESTAB_CNV_ID
LOG_MC_ASPN_ESTAB,SYS_C0022845,C,CHECK,ENABLED,NOT DEFERRABLE,IMMEDIATE,,FCH_CREACION
LOG_MC_ASPN_ESTAB,SYS_C0022846,C,CHECK,ENABLED,NOT DEFERRABLE,IMMEDIATE,,ACCION
LOG_MC_ASPN_ESTAB,SYS_C0022847,C,CHECK,ENABLED,NOT DEFERRABLE,IMMEDIATE,,FECHA_ACCION
LOG_MC_ASPRNT_EN_FRM,SYS_C0023342,C,CHECK,ENABLED,NOT DEFERRABLE,IMMEDIATE,,LOG_MC_ASPRNT_EN_FRM_ID
LOG_MC_ASPRNT_EN_FRM,SYS_C0023343,C,CHECK,ENABLED,NOT DEFERRABLE,IMMEDIATE,,ID
LOG_MC_ASPRNT_EN_FRM,SYS_C0023344,C,CHECK,ENABLED,NOT DEFERRABLE,IMMEDIATE,,MC_ASPN_ID
LOG_MC_ASPRNT_EN_FRM,SYS_C0023345,C,CHECK,ENABLED,NOT DEFERRABLE,IMMEDIATE,,TIPO_DOC_EF
LOG_MC_ASPRNT_EN_FRM,SYS_C0023346,C,CHECK,ENABLED,NOT DEFERRABLE,IMMEDIATE,,NUM_DOC_EF
LOG_MC_ASPRNT_EN_FRM,SYS_C0023347,C,CHECK,ENABLED,NOT DEFERRABLE,IMMEDIATE,,NOMBRES_EF
LOG_MC_ASPRNT_EN_FRM,SYS_C0023348,C,CHECK,ENABLED,NOT DEFERRABLE,IMMEDIATE,,PRMR_APLLD_EF
LOG_MC_ASPRNT_EN_FRM,SYS_C0023349,C,CHECK,ENABLED,NOT DEFERRABLE,IMMEDIATE,,EMAIL_EF
LOG_MC_ASPRNT_EN_FRM,SYS_C0023350,C,CHECK,ENABLED,NOT DEFERRABLE,IMMEDIATE,,PASS_BLCKBRD
LOG_MC_ASPRNT_EN_FRM,SYS_C0023351,C,CHECK,ENABLED,NOT DEFERRABLE,IMMEDIATE,,FCH_CREACION
LOG_MC_ASPRNT_EN_FRM,SYS_C0023352,C,CHECK,ENABLED,NOT DEFERRABLE,IMMEDIATE,,ACCION
LOG_MC_ASPRNT_EN_FRM,SYS_C0023353,C,CHECK,ENABLED,NOT DEFERRABLE,IMMEDIATE,,FECHA_ACCION
LOG_MC_BANIN_ASPIRACION,SYS_C0022127,C,CHECK,ENABLED,NOT DEFERRABLE,IMMEDIATE,,ID
LOG_MC_BANIN_ASPIRACION,SYS_C0022128,C,CHECK,ENABLED,NOT DEFERRABLE,IMMEDIATE,,OFT_ID
LOG_MC_BANIN_ASPIRACION,SYS_C0022129,C,CHECK,ENABLED,NOT DEFERRABLE,IMMEDIATE,,MCBCT_ID
LOG_MC_ESTAB_CNVCTRIA,SYS_C0023614,C,CHECK,ENABLED,NOT DEFERRABLE,IMMEDIATE,,LOG_MC_ESTAB_CNVCTRIA_ID
LOG_MC_ESTAB_CNVCTRIA,SYS_C0023615,C,CHECK,ENABLED,NOT DEFERRABLE,IMMEDIATE,,ID
LOG_MC_ESTAB_CNVCTRIA,SYS_C0023616,C,CHECK,ENABLED,NOT DEFERRABLE,IMMEDIATE,,MC_CONV_ID
LOG_MC_ESTAB_CNVCTRIA,SYS_C0023617,C,CHECK,ENABLED,NOT DEFERRABLE,IMMEDIATE,,NOMBRE
LOG_MC_ESTAB_CNVCTRIA,SYS_C0023618,C,CHECK,ENABLED,NOT DEFERRABLE,IMMEDIATE,,FCH_CREACION
LOG_MC_ESTAB_CNVCTRIA,SYS_C0023619,C,CHECK,ENABLED,NOT DEFERRABLE,IMMEDIATE,,FUN_ID
LOG_MC_ESTAB_CNVCTRIA,SYS_C0023620,C,CHECK,ENABLED,NOT DEFERRABLE,IMMEDIATE,,ACCION
LOG_MC_ESTAB_CNVCTRIA,SYS_C0023621,C,CHECK,ENABLED,NOT DEFERRABLE,IMMEDIATE,,FECHA_ACCION
LOG_MC_PRESELECCION,SYS_C0021748,C,CHECK,ENABLED,NOT DEFERRABLE,IMMEDIATE,,LOG_MC_PRE_ID
LOG_MC_PRESELECCION,SYS_C0021749,C,CHECK,ENABLED,NOT DEFERRABLE,IMMEDIATE,,MC_PRE_ID
LOG_MC_PRESELECCION,SYS_C0021750,C,CHECK,ENABLED,NOT DEFERRABLE,IMMEDIATE,,MC_PRE_FCH_REG
LOG_MC_PRESELECCION,SYS_C0021751,C,CHECK,ENABLED,NOT DEFERRABLE,IMMEDIATE,,MC_EST_PRE_ID
LOG_MC_PRESELECCION,SYS_C0021752,C,CHECK,ENABLED,NOT DEFERRABLE,IMMEDIATE,,ACCION
LOG_MC_PRESELECCION,SYS_C0021753,C,CHECK,ENABLED,NOT DEFERRABLE,IMMEDIATE,,FECHA_ACCION
LOG_MC_REQ_CAPTURADO,SYS_C0023093,C,CHECK,ENABLED,NOT DEFERRABLE,IMMEDIATE,,LOG_MC_REQ_CAP_ID
LOG_MC_REQ_CAPTURADO,SYS_C0023094,C,CHECK,ENABLED,NOT DEFERRABLE,IMMEDIATE,,ID
LOG_MC_REQ_CAPTURADO,SYS_C0023095,C,CHECK,ENABLED,NOT DEFERRABLE,IMMEDIATE,,MC_TIP_REQ_ID
LOG_MC_REQ_CAPTURADO,SYS_C0023096,C,CHECK,ENABLED,NOT DEFERRABLE,IMMEDIATE,,MC_ASPN_ID
LOG_MC_REQ_CAPTURADO,SYS_C0023097,C,CHECK,ENABLED,NOT DEFERRABLE,IMMEDIATE,,URL_ARCHIVO
LOG_MC_REQ_CAPTURADO,SYS_C0023098,C,CHECK,ENABLED,NOT DEFERRABLE,IMMEDIATE,,ACCION
LOG_MC_REQ_CAPTURADO,SYS_C0023099,C,CHECK,ENABLED,NOT DEFERRABLE,IMMEDIATE,,FECHA_ACCION
LOG_OFT_CUESTIONARIO,LOC_FCH_REGISTRO_NULL,C,CHECK,ENABLED,NOT DEFERRABLE,IMMEDIATE,,LOC_FCH_REGISTRO
LOG_OFT_CUESTIONARIO,LOC_ID_NULL,C,CHECK,ENABLED,NOT DEFERRABLE,IMMEDIATE,,LOC_ID
LOG_OFT_CUESTIONARIO,LOC_TOMADO_CHK,C,CHECK,ENABLED,NOT DEFERRABLE,IMMEDIATE,,LOC_TOMADO
LOG_OFT_CUESTIONARIO,LOC_TOMADO_NULL,C,CHECK,ENABLED,NOT DEFERRABLE,IMMEDIATE,,LOC_TOMADO
LOG_OFT_CUESTIONARIO,OFT_LOC_NULL,C,CHECK,ENABLED,NOT DEFERRABLE,IMMEDIATE,,OFT_ID
LOG_OFT_CUESTIONARIO,LOC_PK,P,PRIMARY KEY,ENABLED,NOT DEFERRABLE,IMMEDIATE,,LOC_ID
LOG_OFT_CUESTIONARIO,OFT_LOC_FK,R,FOREIGN KEY,ENABLED,NOT DEFERRABLE,IMMEDIATE,OFT_PK,OFT_ID
LOG_OFT_ETD_FORMAL,ETF_LOF_NULL,C,CHECK,ENABLED,NOT DEFERRABLE,IMMEDIATE,,ETF_ID
LOG_OFT_ETD_FORMAL,LOF_ACCION_CHK,C,CHECK,ENABLED,NOT DEFERRABLE,IMMEDIATE,,LOF_ACCION
LOG_OFT_ETD_FORMAL,LOF_ACCION_NULL,C,CHECK,ENABLED,NOT DEFERRABLE,IMMEDIATE,,LOF_ACCION
LOG_OFT_ETD_FORMAL,LOF_FCH_ACCION_NULL,C,CHECK,ENABLED,NOT DEFERRABLE,IMMEDIATE,,LOF_FCH_ACCION
LOG_OFT_ETD_FORMAL,LOF_ID_NULL,C,CHECK,ENABLED,NOT DEFERRABLE,IMMEDIATE,,LOF_ID
LOG_OFT_ETD_FORMAL,OFT_LOF_NULL,C,CHECK,ENABLED,NOT DEFERRABLE,IMMEDIATE,,OFT_ID
LOG_OFT_ETD_FORMAL,LOF_PK,P,PRIMARY KEY,ENABLED,NOT DEFERRABLE,IMMEDIATE,,LOF_ID
LOG_OFT_ETD_FORMAL,ETF_LOF_FK,R,FOREIGN KEY,ENABLED,NOT DEFERRABLE,IMMEDIATE,ETF_PK,ETF_ID
LOG_OFT_ETD_FORMAL,FUN_LOF_FK,R,FOREIGN KEY,ENABLED,NOT DEFERRABLE,IMMEDIATE,FUN_PK,FUN_ID
LOG_OFT_ETD_FORMAL,OFT_LOF_FK,R,FOREIGN KEY,ENABLED,NOT DEFERRABLE,IMMEDIATE,OFT_PK,OFT_ID
LOG_OFT_ETD_FORMAL_ALT,LFA_ACCION_CHK,C,CHECK,ENABLED,NOT DEFERRABLE,IMMEDIATE,,LFA_ACCION
LOG_OFT_ETD_FORMAL_ALT,LFA_ACCION_NULL,C,CHECK,ENABLED,NOT DEFERRABLE,IMMEDIATE,,LFA_ACCION
LOG_OFT_ETD_FORMAL_ALT,LFA_FCH_ACCION_NULL,C,CHECK,ENABLED,NOT DEFERRABLE,IMMEDIATE,,LFA_FCH_ACCION
LOG_OFT_ETD_FORMAL_ALT,LFA_ID_NULL,C,CHECK,ENABLED,NOT DEFERRABLE,IMMEDIATE,,LFA_ID
LOG_OFT_ETD_FORMAL_ALT,LFA_INSTITUCION_NULL,C,CHECK,ENABLED,NOT DEFERRABLE,IMMEDIATE,,LFA_INSTITUCION
LOG_OFT_ETD_FORMAL_ALT,LFA_TITULO_NULL,C,CHECK,ENABLED,NOT DEFERRABLE,IMMEDIATE,,LFA_TITULO
LOG_OFT_ETD_FORMAL_ALT,NIA_LFA_NULL,C,CHECK,ENABLED,NOT DEFERRABLE,IMMEDIATE,,NIA_ID
LOG_OFT_ETD_FORMAL_ALT,OFT_LFA_NULL,C,CHECK,ENABLED,NOT DEFERRABLE,IMMEDIATE,,OFT_ID
LOG_OFT_ETD_FORMAL_ALT,LFA_PK,P,PRIMARY KEY,ENABLED,NOT DEFERRABLE,IMMEDIATE,,LFA_ID
LOG_OFT_ETD_FORMAL_ALT,FUN_LFA_FK,R,FOREIGN KEY,ENABLED,NOT DEFERRABLE,IMMEDIATE,FUN_PK,FUN_ID
LOG_OFT_ETD_FORMAL_ALT,NIA_LFA_FK,R,FOREIGN KEY,ENABLED,NOT DEFERRABLE,IMMEDIATE,NIA_PK,NIA_ID
LOG_OFT_ETD_FORMAL_ALT,OFT_LFA_FK,R,FOREIGN KEY,ENABLED,NOT DEFERRABLE,IMMEDIATE,OFT_PK,OFT_ID
LOG_OFT_ETD_NO_FORMAL,ENF_LON_NULL,C,CHECK,ENABLED,NOT DEFERRABLE,IMMEDIATE,,ENF_ID
LOG_OFT_ETD_NO_FORMAL,LON_ACCION_CHK,C,CHECK,ENABLED,NOT DEFERRABLE,IMMEDIATE,,LON_ACCION
LOG_OFT_ETD_NO_FORMAL,LON_ACCION_NULL,C,CHECK,ENABLED,NOT DEFERRABLE,IMMEDIATE,,LON_ACCION
LOG_OFT_ETD_NO_FORMAL,LON_FCH_ACCION_NULL,C,CHECK,ENABLED,NOT DEFERRABLE,IMMEDIATE,,LON_FCH_ACCION
LOG_OFT_ETD_NO_FORMAL,LON_ID_NULL,C,CHECK,ENABLED,NOT DEFERRABLE,IMMEDIATE,,LON_ID
LOG_OFT_ETD_NO_FORMAL,LON_INSTITUCION_NULL,C,CHECK,ENABLED,NOT DEFERRABLE,IMMEDIATE,,LON_INSTITUCION
LOG_OFT_ETD_NO_FORMAL,OFT_LON_NULL,C,CHECK,ENABLED,NOT DEFERRABLE,IMMEDIATE,,OFT_ID
LOG_OFT_ETD_NO_FORMAL,LON_PK,P,PRIMARY KEY,ENABLED,NOT DEFERRABLE,IMMEDIATE,,LON_ID
LOG_OFT_ETD_NO_FORMAL,ENF_LNO_FK,R,FOREIGN KEY,ENABLED,NOT DEFERRABLE,IMMEDIATE,ENF_PK,ENF_ID
LOG_OFT_ETD_NO_FORMAL,FUN_LON_FK,R,FOREIGN KEY,ENABLED,NOT DEFERRABLE,IMMEDIATE,FUN_PK,FUN_ID
LOG_OFT_ETD_NO_FORMAL,OFT_LON_FK,R,FOREIGN KEY,ENABLED,NOT DEFERRABLE,IMMEDIATE,OFT_PK,OFT_ID
LOG_OFT_ETD_NO_FORMAL_ALT,LNA_ACCION_CHK,C,CHECK,ENABLED,NOT DEFERRABLE,IMMEDIATE,,LNA_ACCION
LOG_OFT_ETD_NO_FORMAL_ALT,LNA_ACCION_NULL,C,CHECK,ENABLED,NOT DEFERRABLE,IMMEDIATE,,LNA_ACCION
LOG_OFT_ETD_NO_FORMAL_ALT,LNA_FCH_ACCION_NULL,C,CHECK,ENABLED,NOT DEFERRABLE,IMMEDIATE,,LNA_FCH_ACCION
LOG_OFT_ETD_NO_FORMAL_ALT,LNA_ID_NULL,C,CHECK,ENABLED,NOT DEFERRABLE,IMMEDIATE,,LNA_ID
LOG_OFT_ETD_NO_FORMAL_ALT,LNA_INSTITUCION_NULL,C,CHECK,ENABLED,NOT DEFERRABLE,IMMEDIATE,,LNA_INSTITUCION
LOG_OFT_ETD_NO_FORMAL_ALT,LNA_TITULO_NULL,C,CHECK,ENABLED,NOT DEFERRABLE,IMMEDIATE,,LNA_TITULO
LOG_OFT_ETD_NO_FORMAL_ALT,OFT_LNA_NULL,C,CHECK,ENABLED,NOT DEFERRABLE,IMMEDIATE,,OFT_ID
LOG_OFT_ETD_NO_FORMAL_ALT,TIE_LNA_NULL,C,CHECK,ENABLED,NOT DEFERRABLE,IMMEDIATE,,TIE_ID
LOG_OFT_ETD_NO_FORMAL_ALT,LNA_PK,P,PRIMARY KEY,ENABLED,NOT DEFERRABLE,IMMEDIATE,,LNA_ID
LOG_OFT_ETD_NO_FORMAL_ALT,FUN_LNA_FK,R,FOREIGN KEY,ENABLED,NOT DEFERRABLE,IMMEDIATE,FUN_PK,FUN_ID
LOG_OFT_ETD_NO_FORMAL_ALT,OFT_LNA_FK,R,FOREIGN KEY,ENABLED,NOT DEFERRABLE,IMMEDIATE,OFT_PK,OFT_ID
LOG_OFT_ETD_NO_FORMAL_ALT,TIE_LNA_FK,R,FOREIGN KEY,ENABLED,NOT DEFERRABLE,IMMEDIATE,TIE_PK,TIE_ID
LOG_OFT_EXPERIENCIA,CIIU_LOE_NULL,C,CHECK,ENABLED,NOT DEFERRABLE,IMMEDIATE,,CIIU_ID
LOG_OFT_EXPERIENCIA,IND_LOE_NULL,C,CHECK,ENABLED,NOT DEFERRABLE,IMMEDIATE,,IND_ID
LOG_OFT_EXPERIENCIA,LOE_ACCION_CHK,C,CHECK,ENABLED,NOT DEFERRABLE,IMMEDIATE,,LOE_ACCION
LOG_OFT_EXPERIENCIA,LOE_ACCION_NULL,C,CHECK,ENABLED,NOT DEFERRABLE,IMMEDIATE,,LOE_ACCION
LOG_OFT_EXPERIENCIA,LOE_FCH_ACCION_NULL,C,CHECK,ENABLED,NOT DEFERRABLE,IMMEDIATE,,LOE_FCH_ACCION
LOG_OFT_EXPERIENCIA,LOE_ID_NULL,C,CHECK,ENABLED,NOT DEFERRABLE,IMMEDIATE,,LOE_ID
LOG_OFT_EXPERIENCIA,OFT_LOE_NULL,C,CHECK,ENABLED,NOT DEFERRABLE,IMMEDIATE,,OFT_ID
LOG_OFT_EXPERIENCIA,LOE_PK,P,PRIMARY KEY,ENABLED,NOT DEFERRABLE,IMMEDIATE,,LOE_ID
LOG_OFT_EXPERIENCIA,CIIU_LOE_FK,R,FOREIGN KEY,ENABLED,NOT DEFERRABLE,IMMEDIATE,CIIU_PK,CIIU_ID
LOG_OFT_EXPERIENCIA,FUN_LOE_FK,R,FOREIGN KEY,ENABLED,NOT DEFERRABLE,IMMEDIATE,FUN_PK,FUN_ID
LOG_OFT_EXPERIENCIA,IND_LOE_FK,R,FOREIGN KEY,ENABLED,NOT DEFERRABLE,IMMEDIATE,IND_PK,IND_ID
LOG_OFT_EXPERIENCIA,OFT_LOE_FK,R,FOREIGN KEY,ENABLED,NOT DEFERRABLE,IMMEDIATE,OFT_PK,OFT_ID
LOG_OFT_IDIOMA,IDM_LOI_NULL,C,CHECK,ENABLED,NOT DEFERRABLE,IMMEDIATE,,IDM_ID
LOG_OFT_IDIOMA,LOI_ACCION_CHK,C,CHECK,ENABLED,NOT DEFERRABLE,IMMEDIATE,,LOI_ACCION
LOG_OFT_IDIOMA,LOI_ACCION_NULL,C,CHECK,ENABLED,NOT DEFERRABLE,IMMEDIATE,,LOI_ACCION
LOG_OFT_IDIOMA,LOI_FCH_ACCION_NULL,C,CHECK,ENABLED,NOT DEFERRABLE,IMMEDIATE,,LOI_FCH_ACCION
LOG_OFT_IDIOMA,LOI_ID_NULL,C,CHECK,ENABLED,NOT DEFERRABLE,IMMEDIATE,,LOI_ID
LOG_OFT_IDIOMA,OFT_LOI_NULL,C,CHECK,ENABLED,NOT DEFERRABLE,IMMEDIATE,,OFT_ID
LOG_OFT_IDIOMA,LOI_PK,P,PRIMARY KEY,ENABLED,NOT DEFERRABLE,IMMEDIATE,,LOI_ID
LOG_OFT_IDIOMA,FUN_LOI_FK,R,FOREIGN KEY,ENABLED,NOT DEFERRABLE,IMMEDIATE,FUN_PK,FUN_ID
LOG_OFT_IDIOMA,IDM_LOI_FK,R,FOREIGN KEY,ENABLED,NOT DEFERRABLE,IMMEDIATE,IDM_PK,IDM_ID
LOG_OFT_IDIOMA,OFT_LOI_FK,R,FOREIGN KEY,ENABLED,NOT DEFERRABLE,IMMEDIATE,OFT_PK,OFT_ID
LOG_REQ_BANIN,SYS_C0022422,C,CHECK,ENABLED,NOT DEFERRABLE,IMMEDIATE,,LOG_REQ_ID
LOG_REQ_BANIN,SYS_C0022423,C,CHECK,ENABLED,NOT DEFERRABLE,IMMEDIATE,,LOG_MBA_ID
LOG_REQ_BANIN,SYS_C0022424,C,CHECK,ENABLED,NOT DEFERRABLE,IMMEDIATE,,LOG_TIP_REQ_ID
LOG_REQ_BANIN,SYS_C0022425,C,CHECK,ENABLED,NOT DEFERRABLE,IMMEDIATE,,LOG_MC_ACCION
LOG_REQ_BANIN,SYS_C0022426,C,CHECK,ENABLED,NOT DEFERRABLE,IMMEDIATE,,LOG_URL_ARCHIVO
LOG_REQ_BANIN,LOG_REQ_ID_PK,P,PRIMARY KEY,ENABLED,NOT DEFERRABLE,IMMEDIATE,,LOG_REQ_ID
LOG_REQ_BANIN,LOG_CPL_ID_FK,R,FOREIGN KEY,ENABLED,NOT DEFERRABLE,IMMEDIATE,CPL_PK,LOG_CPL_ID
LOG_REQ_BANIN,LOG_ENF_ID_APE_FK,R,FOREIGN KEY,ENABLED,NOT DEFERRABLE,IMMEDIATE,ENF_PK,LOG_ENF_ID_APE
LOG_REQ_BANIN,LOG_IDM_ID_APE_FK,R,FOREIGN KEY,ENABLED,NOT DEFERRABLE,IMMEDIATE,IDM_PK,LOG_IDM_ID_APE
LOG_REQ_BANIN,LOG_IND_ID_APE_FK,R,FOREIGN KEY,ENABLED,NOT DEFERRABLE,IMMEDIATE,IND_PK,LOG_IND_ID_APE
LOG_REQ_BANIN,LOG_MBF_ID_FK,R,FOREIGN KEY,ENABLED,NOT DEFERRABLE,IMMEDIATE,MBF_ID_PK,LOG_MBF_ID
LOG_REQ_BANIN,LOG_MC_ACCION_FK,R,FOREIGN KEY,ENABLED,NOT DEFERRABLE,IMMEDIATE,AC_ID_PK,LOG_MC_ACCION
LOG_REQ_BANIN,LOG_MC_NVL_ACA_ID_FK,R,FOREIGN KEY,ENABLED,NOT DEFERRABLE,IMMEDIATE,MBNA_ID_PK,LOG_MC_NVL_ACA_ID
LOG_REQ_BANIN,LOG_OFT_ID_FK,R,FOREIGN KEY,ENABLED,NOT DEFERRABLE,IMMEDIATE,OFT_PK,LOG_OFT_ID
LOG_REQ_BANIN,LOG_TIP_REQ_ID_FK,R,FOREIGN KEY,ENABLED,NOT DEFERRABLE,IMMEDIATE,MC_TIPO_REQUISITO_PK,LOG_TIP_REQ_ID
LOG_REQ_BANIN,LOG_TIT_ID_APE_FK,R,FOREIGN KEY,ENABLED,NOT DEFERRABLE,IMMEDIATE,TIT_PK,LOG_TIT_ID_APE
MC_ACCESOS_FASE_1,SYS_C0022840,C,CHECK,ENABLED,NOT DEFERRABLE,IMMEDIATE,,CEDULA
MC_ACCESOS_FASE_1,MC_ACCESOS_FASE_1_PK,P,PRIMARY KEY,ENABLED,NOT DEFERRABLE,IMMEDIATE,,CEDULA
MC_ACCION_BANIN,SYS_C0023074,C,CHECK,ENABLED,NOT DEFERRABLE,IMMEDIATE,,AC_ID
MC_ACCION_BANIN,SYS_C0023075,C,CHECK,ENABLED,NOT DEFERRABLE,IMMEDIATE,,AC_NOMBRE
MC_ACCION_BANIN,AC_ID_PK,P,PRIMARY KEY,ENABLED,NOT DEFERRABLE,IMMEDIATE,,AC_ID
MC_ARCHIVO_ANEXO,SYS_C0023291,C,CHECK,ENABLED,NOT DEFERRABLE,IMMEDIATE,,ID
MC_ARCHIVO_ANEXO,SYS_C0023292,C,CHECK,ENABLED,NOT DEFERRABLE,IMMEDIATE,,NOMBRE
MC_ARCHIVO_ANEXO,SYS_C0023293,C,CHECK,ENABLED,NOT DEFERRABLE,IMMEDIATE,,FCH_REGISTRO
MC_ARCHIVO_ANEXO,MC_ARCHIVO_ANEXO_PK,P,PRIMARY KEY,ENABLED,NOT DEFERRABLE,IMMEDIATE,,ID
MC_ASPIRACION,SYS_C0022407,C,CHECK,ENABLED,NOT DEFERRABLE,IMMEDIATE,,ID
MC_ASPIRACION,SYS_C0022408,C,CHECK,ENABLED,NOT DEFERRABLE,IMMEDIATE,,MC_ESTADO_ASPRCN_ID
MC_ASPIRACION,SYS_C0022409,C,CHECK,ENABLED,NOT DEFERRABLE,IMMEDIATE,,MC_PERFIL_ID
MC_ASPIRACION,MC_ASPIRACION_PK,P,PRIMARY KEY,ENABLED,NOT DEFERRABLE,IMMEDIATE,,ID
MC_ASPIRACION,MC_ASPIRACION_FK_ASPRNTE,R,FOREIGN KEY,ENABLED,NOT DEFERRABLE,IMMEDIATE,MC_ASPIRANTE_PK,MC_ASPE_ID
MC_ASPIRACION,MC_ASPIRACION_FK_ESTADO_ASPRCN,R,FOREIGN KEY,ENABLED,NOT DEFERRABLE,IMMEDIATE,MC_ESTADO_ASPIRACION_PK,MC_ESTADO_ASPRCN_ID
MC_ASPIRACION,MC_ASPIRACION_FK_JORNADA,R,FOREIGN KEY,ENABLED,NOT DEFERRABLE,IMMEDIATE,MC_JORNADA_PK,ID_MC_JOR
MC_ASPIRACION,MC_ASPIRACION_FK_NVL_ACA_ID,R,FOREIGN KEY,ENABLED,NOT DEFERRABLE,IMMEDIATE,MC_NVL_ACA_PK,MC_NVL_ACA_ID
MC_ASPIRACION,MC_ASPIRACION_FK_PERFIL_ID,R,FOREIGN KEY,ENABLED,NOT DEFERRABLE,IMMEDIATE,MC_PERFIL_PK,MC_PERFIL_ID
MC_ASPIRACION,MC_ASPIRACION_UK_ASPE_ACAID,U,UNIQUE,ENABLED,NOT DEFERRABLE,IMMEDIATE,,"MC_ASPE_ID,MC_NVL_ACA_ID"
MC_ASPIRANTE,SYS_C0023294,C,CHECK,ENABLED,NOT DEFERRABLE,IMMEDIATE,,ID
MC_ASPIRANTE,SYS_C0023295,C,CHECK,ENABLED,NOT DEFERRABLE,IMMEDIATE,,OFT_ID
MC_ASPIRANTE,SYS_C0023296,C,CHECK,ENABLED,NOT DEFERRABLE,IMMEDIATE,,FECHA_CREACION
MC_ASPIRANTE,MC_ASPIRANTE_PK,P,PRIMARY KEY,ENABLED,NOT DEFERRABLE,IMMEDIATE,,ID
MC_ASPIRANTE,MC_ASPIRANTE_FK1,R,FOREIGN KEY,ENABLED,NOT DEFERRABLE,IMMEDIATE,OFT_PK,OFT_ID
MC_ASPN_ESTAB,SYS_C0023639,C,CHECK,ENABLED,NOT DEFERRABLE,IMMEDIATE,,ID
MC_ASPN_ESTAB,SYS_C0023640,C,CHECK,ENABLED,NOT DEFERRABLE,IMMEDIATE,,MC_ASPN_ID
MC_ASPN_ESTAB,SYS_C0023641,C,CHECK,ENABLED,NOT DEFERRABLE,IMMEDIATE,,MC_ESTAB_CNV_ID
MC_ASPN_ESTAB,SYS_C0023642,C,CHECK,ENABLED,NOT DEFERRABLE,IMMEDIATE,,FCH_CREACION
MC_ASPN_ESTAB,MC_ASPN_ESTAB_PK,P,PRIMARY KEY,ENABLED,NOT DEFERRABLE,IMMEDIATE,,ID
MC_ASPN_ESTAB,MC_ASPN_ESTAB_FK_ASPN_ID,R,FOREIGN KEY,ENABLED,NOT DEFERRABLE,IMMEDIATE,MC_ASPIRACION_PK,MC_ASPN_ID
MC_ASPN_ESTAB,MC_ASPN_ESTAB_FK_ESTAB_CNV_ID,R,FOREIGN KEY,ENABLED,NOT DEFERRABLE,IMMEDIATE,MC_ESTAB_CNVCTRIA_PK,MC_ESTAB_CNV_ID
MC_ASPN_MPO,SYS_C0022805,C,CHECK,ENABLED,NOT DEFERRABLE,IMMEDIATE,,ID
MC_ASPN_MPO,SYS_C0022806,C,CHECK,ENABLED,NOT DEFERRABLE,IMMEDIATE,,MC_ASPN_ID
MC_ASPN_MPO,SYS_C0022807,C,CHECK,ENABLED,NOT DEFERRABLE,IMMEDIATE,,MC_MPO_CNV_ID
MC_ASPN_MPO,MC_ASPN_MPO_PK,P,PRIMARY KEY,ENABLED,NOT DEFERRABLE,IMMEDIATE,,ID
MC_ASPN_MPO,MC_ASPN_MPO_FK_ASPN,R,FOREIGN KEY,ENABLED,NOT DEFERRABLE,IMMEDIATE,MC_ASPIRACION_PK,MC_ASPN_ID
MC_ASPN_MPO,MC_ASPN_MPO_FK_MPO_CNV,R,FOREIGN KEY,ENABLED,NOT DEFERRABLE,IMMEDIATE,MC_MUNICIPIO_CONVOCATORIA_PK,MC_MPO_CNV_ID
MC_ASPRNT_EN_FRM,SYS_C0022808,C,CHECK,ENABLED,NOT DEFERRABLE,IMMEDIATE,,ID
MC_ASPRNT_EN_FRM,SYS_C0022809,C,CHECK,ENABLED,NOT DEFERRABLE,IMMEDIATE,,MC_ASPN_ID
MC_ASPRNT_EN_FRM,SYS_C0022810,C,CHECK,ENABLED,NOT DEFERRABLE,IMMEDIATE,,TIPO_DOC_EF
MC_ASPRNT_EN_FRM,SYS_C0022811,C,CHECK,ENABLED,NOT DEFERRABLE,IMMEDIATE,,NUM_DOC_EF
MC_ASPRNT_EN_FRM,SYS_C0022812,C,CHECK,ENABLED,NOT DEFERRABLE,IMMEDIATE,,NOMBRES_EF
MC_ASPRNT_EN_FRM,SYS_C0022813,C,CHECK,ENABLED,NOT DEFERRABLE,IMMEDIATE,,PRMR_APLLD_EF
MC_ASPRNT_EN_FRM,SYS_C0022814,C,CHECK,ENABLED,NOT DEFERRABLE,IMMEDIATE,,EMAIL_EF
MC_ASPRNT_EN_FRM,SYS_C0022815,C,CHECK,ENABLED,NOT DEFERRABLE,IMMEDIATE,,PASS_BLCKBRD
MC_ASPRNT_EN_FRM,SYS_C0022816,C,CHECK,ENABLED,NOT DEFERRABLE,IMMEDIATE,,FCH_CREACION
MC_ASPRNT_EN_FRM,MC_ASPRNT_EN_FRM_PK,P,PRIMARY KEY,ENABLED,NOT DEFERRABLE,IMMEDIATE,,ID
MC_ASPRNT_EN_FRM,MC_ASPRNT_EN_FRM_FK_ASPN_ID,R,FOREIGN KEY,ENABLED,NOT DEFERRABLE,IMMEDIATE,MC_ASPIRACION_PK,MC_ASPN_ID
MC_ASPRNT_EN_FRM,MC_ASPRNT_EN_FRM_FK_JORNADA,R,FOREIGN KEY,ENABLED,NOT DEFERRABLE,IMMEDIATE,MC_JORNADA_PK,MC_JOR_ID
MC_BANIN_ASPIRANTE,SYS_C0022838,C,CHECK,ENABLED,NOT DEFERRABLE,IMMEDIATE,,MBA_ID
MC_BANIN_ASPIRANTE,SYS_C0022839,C,CHECK,ENABLED,NOT DEFERRABLE,IMMEDIATE,,MBA_OFT_ID
MC_BANIN_ASPIRANTE,MBA_ID_PK,P,PRIMARY KEY,ENABLED,NOT DEFERRABLE,IMMEDIATE,,MBA_ID
MC_BANIN_ASPIRANTE,FK_MC_BANIN_DIVULGACION_PERFIL,R,FOREIGN KEY,ENABLED,NOT DEFERRABLE,IMMEDIATE,MBDP_ID_PK,MBA_MBDP_ID
MC_BANIN_ASPIRANTE,MBA_MCBCT_ID_FK,R,FOREIGN KEY,ENABLED,NOT DEFERRABLE,IMMEDIATE,MCBCT_ID_PK,MBA_MCBCT_ID
MC_BANIN_ASPIRANTE,MBA_OFT_ID_FK,R,FOREIGN KEY,ENABLED,NOT DEFERRABLE,IMMEDIATE,OFT_PK,MBA_OFT_ID
MC_BANIN_ASPIRANTE_HIST,SYS_C0023071,C,CHECK,ENABLED,NOT DEFERRABLE,IMMEDIATE,,MBAH_ID
MC_BANIN_ASPIRANTE_HIST,SYS_C0023072,C,CHECK,ENABLED,NOT DEFERRABLE,IMMEDIATE,,MBAH_OFT_ID
MC_BANIN_ASPIRANTE_HIST,MBAH_ID_PK,P,PRIMARY KEY,ENABLED,NOT DEFERRABLE,IMMEDIATE,,MBAH_ID
MC_BANIN_CAMBIO_ESTADO_EMAIL,SYS_C0021824,C,CHECK,ENABLED,NOT DEFERRABLE,IMMEDIATE,,MBCEE_ID
MC_BANIN_CAMBIO_ESTADO_EMAIL,SYS_C0021825,C,CHECK,ENABLED,NOT DEFERRABLE,IMMEDIATE,,MBCEE_CODIGO
MC_BANIN_CAMBIO_ESTADO_EMAIL,SYS_C0021826,C,CHECK,ENABLED,NOT DEFERRABLE,IMMEDIATE,,MBCEE_MBA_ID
MC_BANIN_CAMBIO_ESTADO_EMAIL,SYS_C0021827,C,CHECK,ENABLED,NOT DEFERRABLE,IMMEDIATE,,MBCEE_MBEA_ID
MC_BANIN_CAMBIO_ESTADO_EMAIL,SYS_C0021828,C,CHECK,ENABLED,NOT DEFERRABLE,IMMEDIATE,,MBCEE_FECHA_REGISTRO
MC_BANIN_CAMBIO_ESTADO_EMAIL,MBCEE_ID_PK,P,PRIMARY KEY,ENABLED,NOT DEFERRABLE,IMMEDIATE,,MBCEE_ID
MC_BANIN_CAMBIO_ESTADO_EMAIL,MBCEE_MBEA_ID_FK,R,FOREIGN KEY,ENABLED,NOT DEFERRABLE,IMMEDIATE,MBEA_ID_PK,MBCEE_MBEA_ID
MC_BANIN_COMP_LABORAL,SYS_C0022830,C,CHECK,ENABLED,NOT DEFERRABLE,IMMEDIATE,,MBCL_ID
MC_BANIN_COMP_LABORAL,SYS_C0022831,C,CHECK,ENABLED,NOT DEFERRABLE,IMMEDIATE,,MBCL_CODIGO
MC_BANIN_COMP_LABORAL,SYS_C0022832,C,CHECK,ENABLED,NOT DEFERRABLE,IMMEDIATE,,MBCL_COD_VER
MC_BANIN_COMP_LABORAL,SYS_C0022833,C,CHECK,ENABLED,NOT DEFERRABLE,IMMEDIATE,,MBCL_NOMBRE
MC_BANIN_COMP_LABORAL,SYS_C0022834,C,CHECK,ENABLED,NOT DEFERRABLE,IMMEDIATE,,MBCL_VERSION
MC_BANIN_COMP_LABORAL,SYS_C0022835,C,CHECK,ENABLED,NOT DEFERRABLE,IMMEDIATE,,MBCL_PERFIL
MC_BANIN_COMP_LABORAL,SYS_C0022836,C,CHECK,ENABLED,NOT DEFERRABLE,IMMEDIATE,,MBCL_FECHA_CREACION
MC_BANIN_COMP_LABORAL,SYS_C0022837,C,CHECK,ENABLED,NOT DEFERRABLE,IMMEDIATE,,FUN_ID
MC_BANIN_COMP_LABORAL,PK_MBCL_ID,P,PRIMARY KEY,ENABLED,NOT DEFERRABLE,IMMEDIATE,,MBCL_ID
MC_BANIN_COMP_LABORAL,FK_FUN_ID_MBCL,R,FOREIGN KEY,ENABLED,NOT DEFERRABLE,IMMEDIATE,FUN_PK,FUN_ID
MC_BANIN_COMP_LABORAL_2022,SYS_C0023312,C,CHECK,ENABLED,NOT DEFERRABLE,IMMEDIATE,,MBCL_ID
MC_BANIN_COMP_LABORAL_2022,SYS_C0023313,C,CHECK,ENABLED,NOT DEFERRABLE,IMMEDIATE,,MBCL_CODIGO
MC_BANIN_COMP_LABORAL_2022,SYS_C0023314,C,CHECK,ENABLED,NOT DEFERRABLE,IMMEDIATE,,MBCL_COD_VER
MC_BANIN_COMP_LABORAL_2022,SYS_C0023315,C,CHECK,ENABLED,NOT DEFERRABLE,IMMEDIATE,,MBCL_NOMBRE
MC_BANIN_COMP_LABORAL_2022,SYS_C0023316,C,CHECK,ENABLED,NOT DEFERRABLE,IMMEDIATE,,MBCL_VERSION
MC_BANIN_COMP_LABORAL_2022,SYS_C0023317,C,CHECK,ENABLED,NOT DEFERRABLE,IMMEDIATE,,MBCL_PERFIL
MC_BANIN_COMP_LABORAL_2022,SYS_C0023318,C,CHECK,ENABLED,NOT DEFERRABLE,IMMEDIATE,,MBCL_FECHA_CREACION
MC_BANIN_COMP_LABORAL_2022,SYS_C0023319,C,CHECK,ENABLED,NOT DEFERRABLE,IMMEDIATE,,FUN_ID
MC_BANIN_COMP_LABORAL_2022,MBCL_ID_2022_PK,P,PRIMARY KEY,ENABLED,NOT DEFERRABLE,IMMEDIATE,,MBCL_ID
MC_BANIN_COMP_LABORAL_2022,MBCL_FUN_ID_2022_FK,R,FOREIGN KEY,ENABLED,NOT DEFERRABLE,IMMEDIATE,FUN_PK,FUN_ID
MC_BANIN_CONTRATACION,SYS_C0023052,C,CHECK,ENABLED,NOT DEFERRABLE,IMMEDIATE,,MCBCT_ID
MC_BANIN_CONTRATACION,SYS_C0023053,C,CHECK,ENABLED,NOT DEFERRABLE,IMMEDIATE,,MCBCT_CODIGO
MC_BANIN_CONTRATACION,SYS_C0023054,C,CHECK,ENABLED,NOT DEFERRABLE,IMMEDIATE,,MCBCT_MBRB_ID
MC_BANIN_CONTRATACION,SYS_C0023055,C,CHECK,ENABLED,NOT DEFERRABLE,IMMEDIATE,,MCBCT_MBPR_ID
MC_BANIN_CONTRATACION,SYS_C0023056,C,CHECK,ENABLED,NOT DEFERRABLE,IMMEDIATE,,MCBCT_MBCL_ID
MC_BANIN_CONTRATACION,SYS_C0023057,C,CHECK,ENABLED,NOT DEFERRABLE,IMMEDIATE,,MCBCT_MBTFC_ID
MC_BANIN_CONTRATACION,SYS_C0023058,C,CHECK,ENABLED,NOT DEFERRABLE,IMMEDIATE,,MCBCT_MBMCT_ID
MC_BANIN_CONTRATACION,SYS_C0023059,C,CHECK,ENABLED,NOT DEFERRABLE,IMMEDIATE,,MCBCT_FECHA_INICIO_CONTRA
MC_BANIN_CONTRATACION,SYS_C0023060,C,CHECK,ENABLED,NOT DEFERRABLE,IMMEDIATE,,MCBCT_FECHA_FIN_CONTRA
MC_BANIN_CONTRATACION,SYS_C0023061,C,CHECK,ENABLED,NOT DEFERRABLE,IMMEDIATE,,MCBCT_MBNE_ID
MC_BANIN_CONTRATACION,SYS_C0023062,C,CHECK,ENABLED,NOT DEFERRABLE,IMMEDIATE,,MCBCT_MBTT_ID
MC_BANIN_CONTRATACION,SYS_C0023063,C,CHECK,ENABLED,NOT DEFERRABLE,IMMEDIATE,,MCBCT_COSTO_CONTRA
MC_BANIN_CONTRATACION,SYS_C0023064,C,CHECK,ENABLED,NOT DEFERRABLE,IMMEDIATE,,MCBCT_CANTIDAD_INSTRU
MC_BANIN_CONTRATACION,SYS_C0023065,C,CHECK,ENABLED,NOT DEFERRABLE,IMMEDIATE,,MCBCT_COSTO_TOTAL
MC_BANIN_CONTRATACION,SYS_C0023066,C,CHECK,ENABLED,NOT DEFERRABLE,IMMEDIATE,,MBRB_MEC_ID
MC_BANIN_CONTRATACION,SYS_C0023067,C,CHECK,ENABLED,NOT DEFERRABLE,IMMEDIATE,,MCBCT_FECHA_REGISTRO
MC_BANIN_CONTRATACION,MCBCT_ID_PK,P,PRIMARY KEY,ENABLED,NOT DEFERRABLE,IMMEDIATE,,MCBCT_ID
MC_BANIN_CONTRATACION,MCBCT_MBCL_ID_FK,R,FOREIGN KEY,ENABLED,NOT DEFERRABLE,IMMEDIATE,MBCL_ID_2022_PK,MCBCT_MBCL_ID
MC_BANIN_CONTRATACION,MCBCT_MBDP_ID_FK,R,FOREIGN KEY,ENABLED,NOT DEFERRABLE,IMMEDIATE,MBDP_ID_PK,MCBCT_MBDP_ID
MC_BANIN_CONTRATACION,MCBCT_MBMCT_ID_FK,R,FOREIGN KEY,ENABLED,NOT DEFERRABLE,IMMEDIATE,MBMCT_ID_PK,MCBCT_MBMCT_ID
MC_BANIN_CONTRATACION,MCBCT_MBNE_ID_FK,R,FOREIGN KEY,ENABLED,NOT DEFERRABLE,IMMEDIATE,MBNE_ID_PK,MCBCT_MBNE_ID
MC_BANIN_CONTRATACION,MCBCT_MBPR_ID_FK,R,FOREIGN KEY,ENABLED,NOT DEFERRABLE,IMMEDIATE,MBPR_ID_2022_PK,MCBCT_MBPR_ID
MC_BANIN_CONTRATACION,MCBCT_MBRB_ID_FK,R,FOREIGN KEY,ENABLED,NOT DEFERRABLE,IMMEDIATE,MBRB_ID_PK,MCBCT_MBRB_ID
MC_BANIN_CONTRATACION,MCBCT_MBTFC_ID_FK,R,FOREIGN KEY,ENABLED,NOT DEFERRABLE,IMMEDIATE,MBTFC_ID_PK,MCBCT_MBTFC_ID
MC_BANIN_CONTRATACION,MCBCT_MBTT_ID_FK,R,FOREIGN KEY,ENABLED,NOT DEFERRABLE,IMMEDIATE,MBTT_ID_PK,MCBCT_MBTT_ID
MC_BANIN_CONTRATACION,MCBCT_MEC_ID_FK,R,FOREIGN KEY,ENABLED,NOT DEFERRABLE,IMMEDIATE,MC_ESTAB_CNVCTRIA_PK,MBRB_MEC_ID
MC_BANIN_CONTRATACION,MCBCT_MPO_ID_FK,R,FOREIGN KEY,ENABLED,NOT DEFERRABLE,IMMEDIATE,MPO_PK,MCBCT_MPO_ID
MC_BANIN_CONTRATADOS_2020,SYS_C0022848,C,CHECK,ENABLED,NOT DEFERRABLE,IMMEDIATE,,MBCV_NUMERO_IDENTIFICACION
MC_BANIN_CONTRATADOS_2020,SYS_C0022849,C,CHECK,ENABLED,NOT DEFERRABLE,IMMEDIATE,,MBCV_FECHA_CREACION
MC_BANIN_CONTRATADOS_2020,SYS_C0022850,C,CHECK,ENABLED,NOT DEFERRABLE,IMMEDIATE,,FUN_ID
MC_BANIN_CONTRATADOS_2020,FK_FUNCIONARIO,R,FOREIGN KEY,ENABLED,NOT DEFERRABLE,IMMEDIATE,FUN_PK,FUN_ID
MC_BANIN_DEPENDENCIA,SYS_C0021543,C,CHECK,ENABLED,NOT DEFERRABLE,IMMEDIATE,,MBD_ID
MC_BANIN_DEPENDENCIA,SYS_C0021544,C,CHECK,ENABLED,NOT DEFERRABLE,IMMEDIATE,,MBD_CODIGO
MC_BANIN_DEPENDENCIA,SYS_C0021545,C,CHECK,ENABLED,NOT DEFERRABLE,IMMEDIATE,,MBD_NOMBRE
MC_BANIN_DEPENDENCIA,SYS_C0021546,C,CHECK,ENABLED,NOT DEFERRABLE,IMMEDIATE,,MBD_ESTADO
MC_BANIN_DEPENDENCIA,SYS_C0021547,C,CHECK,ENABLED,NOT DEFERRABLE,IMMEDIATE,,MBD_FECHA_REGISTRO
MC_BANIN_DEPENDENCIA,MBD_ID_PK,P,PRIMARY KEY,ENABLED,NOT DEFERRABLE,IMMEDIATE,,MBD_ID
MC_BANIN_DEPEN_PRESU,SYS_C0023622,C,CHECK,ENABLED,NOT DEFERRABLE,IMMEDIATE,,MBDPP_ID
MC_BANIN_DEPEN_PRESU,SYS_C0023623,C,CHECK,ENABLED,NOT DEFERRABLE,IMMEDIATE,,MBDPP_MBD_ID
MC_BANIN_DEPEN_PRESU,SYS_C0023624,C,CHECK,ENABLED,NOT DEFERRABLE,IMMEDIATE,,MBDPP_MBDP_ID
MC_BANIN_DEPEN_PRESU,SYS_C0023625,C,CHECK,ENABLED,NOT DEFERRABLE,IMMEDIATE,,MBDPP_MBDP_YEAR
MC_BANIN_DEPEN_PRESU,SYS_C0023626,C,CHECK,ENABLED,NOT DEFERRABLE,IMMEDIATE,,MBDPP_VALOR_ASIGNADO
MC_BANIN_DEPEN_PRESU,SYS_C0023627,C,CHECK,ENABLED,NOT DEFERRABLE,IMMEDIATE,,MBDPP_MEC_ID
MC_BANIN_DEPEN_PRESU,SYS_C0023628,C,CHECK,ENABLED,NOT DEFERRABLE,IMMEDIATE,,MBDPP_FECHA_REGISTRO
MC_BANIN_DEPEN_PRESU,SYS_C0023629,C,CHECK,ENABLED,NOT DEFERRABLE,IMMEDIATE,,MBDPP_ESTADO
MC_BANIN_DEPEN_PRESU,MBDPP_ID_PK,P,PRIMARY KEY,ENABLED,NOT DEFERRABLE,IMMEDIATE,,MBDPP_ID
MC_BANIN_DEPEN_PRESU,MBDPP_MBDP_ID_FK,R,FOREIGN KEY,ENABLED,NOT DEFERRABLE,IMMEDIATE,MBDP_ID_PK,MBDPP_MBDP_ID
MC_BANIN_DEPEN_PRESU,MBDPP_MBD_ID_FK,R,FOREIGN KEY,ENABLED,NOT DEFERRABLE,IMMEDIATE,MBD_ID_PK,MBDPP_MBD_ID
MC_BANIN_DEPEN_PRESU,MBDPP_MEC_ID_FK,R,FOREIGN KEY,ENABLED,NOT DEFERRABLE,IMMEDIATE,MC_ESTAB_CNVCTRIA_PK,MBDPP_MEC_ID
MC_BANIN_DEPEN_PRESU,UQ_MC_BANIN_DEPEN_PRESU,U,UNIQUE,ENABLED,NOT DEFERRABLE,IMMEDIATE,,"MBDPP_MBD_ID,MBDPP_MBDP_ID,MBDPP_MBDP_YEAR,MBDPP_MEC_ID"
MC_BANIN_DIVULGACION_PERFIL,SYS_C0023035,C,CHECK,ENABLED,NOT DEFERRABLE,IMMEDIATE,,MBDP_ID
MC_BANIN_DIVULGACION_PERFIL,SYS_C0023036,C,CHECK,ENABLED,NOT DEFERRABLE,IMMEDIATE,,MBDP_CONVOCATORIA
MC_BANIN_DIVULGACION_PERFIL,SYS_C0023037,C,CHECK,ENABLED,NOT DEFERRABLE,IMMEDIATE,,MBDP_YEAR
MC_BANIN_DIVULGACION_PERFIL,SYS_C0023038,C,CHECK,ENABLED,NOT DEFERRABLE,IMMEDIATE,,MBDP_FCH_INI_CREA_ANEXO2
MC_BANIN_DIVULGACION_PERFIL,SYS_C0023039,C,CHECK,ENABLED,NOT DEFERRABLE,IMMEDIATE,,MBDP_FCH_FIN_CREA_ANEXO2
MC_BANIN_DIVULGACION_PERFIL,SYS_C0023040,C,CHECK,ENABLED,NOT DEFERRABLE,IMMEDIATE,,MBDP_FCH_DIVULGACION
MC_BANIN_DIVULGACION_PERFIL,SYS_C0023041,C,CHECK,ENABLED,NOT DEFERRABLE,IMMEDIATE,,MBDP_FCH_INI_REGIS_ASPI
MC_BANIN_DIVULGACION_PERFIL,SYS_C0023042,C,CHECK,ENABLED,NOT DEFERRABLE,IMMEDIATE,,MBDP_FCH_FIN_REGIS_ASPI
MC_BANIN_DIVULGACION_PERFIL,SYS_C0023043,C,CHECK,ENABLED,NOT DEFERRABLE,IMMEDIATE,,MBDP_FCH_REGISTRO
MC_BANIN_DIVULGACION_PERFIL,SYS_C0023044,C,CHECK,ENABLED,NOT DEFERRABLE,IMMEDIATE,,MBDP_ESTADO
MC_BANIN_DIVULGACION_PERFIL,MBDP_ID_PK,P,PRIMARY KEY,ENABLED,NOT DEFERRABLE,IMMEDIATE,,MBDP_ID
MC_BANIN_DIVULGACION_PERFIL,FUN_ID_FK,R,FOREIGN KEY,ENABLED,NOT DEFERRABLE,IMMEDIATE,FUN_PK,MBDP_FUN_ID
MC_BANIN_DIVULGACION_PERFIL,UQ_MC_BANIN_DIVUL_PERFIL,U,UNIQUE,ENABLED,NOT DEFERRABLE,IMMEDIATE,,"MBDP_CONVOCATORIA,MBDP_YEAR"
MC_BANIN_ESTADOS_ASPIRANTE,SYS_C0023076,C,CHECK,ENABLED,NOT DEFERRABLE,IMMEDIATE,,MBEA_ID
MC_BANIN_ESTADOS_ASPIRANTE,SYS_C0023077,C,CHECK,ENABLED,NOT DEFERRABLE,IMMEDIATE,,MBEA_NOMBRE
MC_BANIN_ESTADOS_ASPIRANTE,MBEA_ID_PK,P,PRIMARY KEY,ENABLED,NOT DEFERRABLE,IMMEDIATE,,MBEA_ID
MC_BANIN_FORMACION,MBF_ID_PK,P,PRIMARY KEY,ENABLED,NOT DEFERRABLE,IMMEDIATE,,MBF_ID
MC_BANIN_MODALIDAD_CONTRA,SYS_C0022418,C,CHECK,ENABLED,NOT DEFERRABLE,IMMEDIATE,,MBMCT_ID
MC_BANIN_MODALIDAD_CONTRA,SYS_C0022419,C,CHECK,ENABLED,NOT DEFERRABLE,IMMEDIATE,,MBMCT_NOMBRE
MC_BANIN_MODALIDAD_CONTRA,SYS_C0022420,C,CHECK,ENABLED,NOT DEFERRABLE,IMMEDIATE,,MBMCT_ESTADO
MC_BANIN_MODALIDAD_CONTRA,SYS_C0022421,C,CHECK,ENABLED,NOT DEFERRABLE,IMMEDIATE,,MBMCT_FECHA_REGISTRO
MC_BANIN_MODALIDAD_CONTRA,MBMCT_ID_PK,P,PRIMARY KEY,ENABLED,NOT DEFERRABLE,IMMEDIATE,,MBMCT_ID
MC_BANIN_NIVEL_ACADEMICO,SYS_C0022430,C,CHECK,ENABLED,NOT DEFERRABLE,IMMEDIATE,,MBNA_ID
MC_BANIN_NIVEL_ACADEMICO,SYS_C0022431,C,CHECK,ENABLED,NOT DEFERRABLE,IMMEDIATE,,MBNA_ESTADO
MC_BANIN_NIVEL_ACADEMICO,MBNA_ID_PK,P,PRIMARY KEY,ENABLED,NOT DEFERRABLE,IMMEDIATE,,MBNA_ID
MC_BANIN_NIVEL_EDUCACION,SYS_C0022113,C,CHECK,ENABLED,NOT DEFERRABLE,IMMEDIATE,,MBNE_ID
MC_BANIN_NIVEL_EDUCACION,SYS_C0022114,C,CHECK,ENABLED,NOT DEFERRABLE,IMMEDIATE,,MBNE_NOMBRE
MC_BANIN_NIVEL_EDUCACION,SYS_C0022115,C,CHECK,ENABLED,NOT DEFERRABLE,IMMEDIATE,,MBNE_ESTADO
MC_BANIN_NIVEL_EDUCACION,SYS_C0022116,C,CHECK,ENABLED,NOT DEFERRABLE,IMMEDIATE,,MBNE_FECHA_REGISTRO
MC_BANIN_NIVEL_EDUCACION,MBNE_ID_PK,P,PRIMARY KEY,ENABLED,NOT DEFERRABLE,IMMEDIATE,,MBNE_ID
MC_BANIN_PRESELECCION,SYS_C0022427,C,CHECK,ENABLED,NOT DEFERRABLE,IMMEDIATE,,MBPRE_ID
MC_BANIN_PRESELECCION,SYS_C0022428,C,CHECK,ENABLED,NOT DEFERRABLE,IMMEDIATE,,MBPRE_FCH_REG
MC_BANIN_PRESELECCION,SYS_C0022429,C,CHECK,ENABLED,NOT DEFERRABLE,IMMEDIATE,,MBEA_ID
MC_BANIN_PRESELECCION,MBPRE_PK,P,PRIMARY KEY,ENABLED,NOT DEFERRABLE,IMMEDIATE,,MBPRE_ID
MC_BANIN_PRESELECCION,MBPRE_FK_MBA_ID,R,FOREIGN KEY,ENABLED,NOT DEFERRABLE,IMMEDIATE,MBA_ID_PK,MBA_ID
MC_BANIN_PRESELECCION,MBPRE_FK_MBEA_ID,R,FOREIGN KEY,ENABLED,NOT DEFERRABLE,IMMEDIATE,MBEA_ID_PK,MBEA_ID
MC_BANIN_PRESELECCION,MBPRE_MEC_ID_FK,R,FOREIGN KEY,ENABLED,NOT DEFERRABLE,IMMEDIATE,MC_ESTAB_CNVCTRIA_PK,MEC_ID
MC_BANIN_PRESELECCION_HIST,SYS_C0023068,C,CHECK,ENABLED,NOT DEFERRABLE,IMMEDIATE,,MBPREH_ID
MC_BANIN_PRESELECCION_HIST,SYS_C0023069,C,CHECK,ENABLED,NOT DEFERRABLE,IMMEDIATE,,MBPREH_MBEA_ID
MC_BANIN_PRESELECCION_HIST,SYS_C0023070,C,CHECK,ENABLED,NOT DEFERRABLE,IMMEDIATE,,MBPREH_FCH_REG
MC_BANIN_PRESELECCION_HIST,MBPREH_PK,P,PRIMARY KEY,ENABLED,NOT DEFERRABLE,IMMEDIATE,,MBPREH_ID
MC_BANIN_PRESELECCION_HIST,MBPREH_FK_EMP_ID,R,FOREIGN KEY,ENABLED,NOT DEFERRABLE,IMMEDIATE,EMP_PK,MBPREH_EMP_ID
MC_BANIN_PROGRAMA,SYS_C0021564,C,CHECK,ENABLED,NOT DEFERRABLE,IMMEDIATE,,MBPR_ID
MC_BANIN_PROGRAMA,SYS_C0021565,C,CHECK,ENABLED,NOT DEFERRABLE,IMMEDIATE,,MBPR_CODIGO
MC_BANIN_PROGRAMA,SYS_C0021566,C,CHECK,ENABLED,NOT DEFERRABLE,IMMEDIATE,,MBPR_COD_VER
MC_BANIN_PROGRAMA,SYS_C0021567,C,CHECK,ENABLED,NOT DEFERRABLE,IMMEDIATE,,MBPR_NOMBRE
MC_BANIN_PROGRAMA,SYS_C0021568,C,CHECK,ENABLED,NOT DEFERRABLE,IMMEDIATE,,MBPR_VERSION
MC_BANIN_PROGRAMA,SYS_C0021569,C,CHECK,ENABLED,NOT DEFERRABLE,IMMEDIATE,,MBR_ID
MC_BANIN_PROGRAMA,SYS_C0021570,C,CHECK,ENABLED,NOT DEFERRABLE,IMMEDIATE,,MBPR_FECHA_CREACION
MC_BANIN_PROGRAMA,SYS_C0021571,C,CHECK,ENABLED,NOT DEFERRABLE,IMMEDIATE,,FUN_ID
MC_BANIN_PROGRAMA,SYS_C0021572,C,CHECK,ENABLED,NOT DEFERRABLE,IMMEDIATE,,MTNF_ID
MC_BANIN_PROGRAMA,PK_MBPR_ID,P,PRIMARY KEY,ENABLED,NOT DEFERRABLE,IMMEDIATE,,MBPR_ID
MC_BANIN_PROGRAMA,FK_FUN_ID_MBPR,R,FOREIGN KEY,ENABLED,NOT DEFERRABLE,IMMEDIATE,FUN_PK,FUN_ID
MC_BANIN_PROGRAMA,FK_MBR_ID_MBPR,R,FOREIGN KEY,ENABLED,NOT DEFERRABLE,IMMEDIATE,PK_MBR_ID,MBR_ID
MC_BANIN_PROGRAMA,FK_MTNF_ID_MBPR,R,FOREIGN KEY,ENABLED,NOT DEFERRABLE,IMMEDIATE,PK_MTNF_ID,MTNF_ID
MC_BANIN_PROGRAMA,UQ_MBPR_COD_VER,U,UNIQUE,ENABLED,NOT DEFERRABLE,IMMEDIATE,,MBPR_COD_VER
MC_BANIN_PROGRAMA_2022,SYS_C0023303,C,CHECK,ENABLED,NOT DEFERRABLE,IMMEDIATE,,MBPR_ID
MC_BANIN_PROGRAMA_2022,SYS_C0023304,C,CHECK,ENABLED,NOT DEFERRABLE,IMMEDIATE,,MBPR_CODIGO
MC_BANIN_PROGRAMA_2022,SYS_C0023305,C,CHECK,ENABLED,NOT DEFERRABLE,IMMEDIATE,,MBPR_COD_VER
MC_BANIN_PROGRAMA_2022,SYS_C0023306,C,CHECK,ENABLED,NOT DEFERRABLE,IMMEDIATE,,MBPR_NOMBRE
MC_BANIN_PROGRAMA_2022,SYS_C0023307,C,CHECK,ENABLED,NOT DEFERRABLE,IMMEDIATE,,MBPR_VERSION
MC_BANIN_PROGRAMA_2022,SYS_C0023308,C,CHECK,ENABLED,NOT DEFERRABLE,IMMEDIATE,,MBR_CODIGO
MC_BANIN_PROGRAMA_2022,SYS_C0023309,C,CHECK,ENABLED,NOT DEFERRABLE,IMMEDIATE,,MBPR_FECHA_CREACION
MC_BANIN_PROGRAMA_2022,SYS_C0023310,C,CHECK,ENABLED,NOT DEFERRABLE,IMMEDIATE,,FUN_ID
MC_BANIN_PROGRAMA_2022,SYS_C0023311,C,CHECK,ENABLED,NOT DEFERRABLE,IMMEDIATE,,MTNF_ID
MC_BANIN_PROGRAMA_2022,MBPR_ID_2022_PK,P,PRIMARY KEY,ENABLED,NOT DEFERRABLE,IMMEDIATE,,MBPR_ID
MC_BANIN_PROGRAMA_2022,MBPR_FUN_ID_2022_FK,R,FOREIGN KEY,ENABLED,NOT DEFERRABLE,IMMEDIATE,FUN_PK,FUN_ID
MC_BANIN_PROGRAMA_2022,MBPR_MBR_CODIGO_2022_FK,R,FOREIGN KEY,ENABLED,NOT DEFERRABLE,IMMEDIATE,MBR_CODIGO_2022_PK,MBR_CODIGO
MC_BANIN_PROGRAMA_2022,MBPR_MTNF_ID_2022_FK,R,FOREIGN KEY,ENABLED,NOT DEFERRABLE,IMMEDIATE,PK_MTNF_ID,MTNF_ID
MC_BANIN_PROGRAMA_COMP_LAB,SYS_C0022142,C,CHECK,ENABLED,NOT DEFERRABLE,IMMEDIATE,,MBPCL_ID
MC_BANIN_PROGRAMA_COMP_LAB,SYS_C0022143,C,CHECK,ENABLED,NOT DEFERRABLE,IMMEDIATE,,MBPR_ID
MC_BANIN_PROGRAMA_COMP_LAB,SYS_C0022144,C,CHECK,ENABLED,NOT DEFERRABLE,IMMEDIATE,,MBCL_ID
MC_BANIN_PROGRAMA_COMP_LAB,SYS_C0022145,C,CHECK,ENABLED,NOT DEFERRABLE,IMMEDIATE,,MBPCL_FECHA_CREACION
MC_BANIN_PROGRAMA_COMP_LAB,SYS_C0022146,C,CHECK,ENABLED,NOT DEFERRABLE,IMMEDIATE,,FUN_ID
MC_BANIN_PROGRAMA_COMP_LAB,PK_MBPCL_ID,P,PRIMARY KEY,ENABLED,NOT DEFERRABLE,IMMEDIATE,,MBPCL_ID
MC_BANIN_PROGRAMA_COMP_LAB,FK_FUN_ID_MBPCL,R,FOREIGN KEY,ENABLED,NOT DEFERRABLE,IMMEDIATE,FUN_PK,FUN_ID
MC_BANIN_PROGRAMA_COMP_LAB,FK_MBCL_ID_MBPCL,R,FOREIGN KEY,ENABLED,NOT DEFERRABLE,IMMEDIATE,PK_MBCL_ID,MBCL_ID
MC_BANIN_PROGRAMA_COMP_LAB,MBPR_ID_MBPCL,R,FOREIGN KEY,ENABLED,NOT DEFERRABLE,IMMEDIATE,PK_MBPR_ID,MBPR_ID
MC_BANIN_PROGRAMA_COMP_LAB,UQ_FK_ID_MBPCL,U,UNIQUE,ENABLED,NOT DEFERRABLE,IMMEDIATE,,"MBPR_ID,MBCL_ID"
MC_BANIN_PROG_CENTRO,SYS_C0023323,C,CHECK,ENABLED,NOT DEFERRABLE,IMMEDIATE,,MBPC_ID
MC_BANIN_PROG_CENTRO,SYS_C0023324,C,CHECK,ENABLED,NOT DEFERRABLE,IMMEDIATE,,MC_ESTAB_CONV_ID
MC_BANIN_PROG_CENTRO,SYS_C0023325,C,CHECK,ENABLED,NOT DEFERRABLE,IMMEDIATE,,MBPR_ID
MC_BANIN_PROG_CENTRO,SYS_C0023326,C,CHECK,ENABLED,NOT DEFERRABLE,IMMEDIATE,,MBRC_FECHA_CREACION
MC_BANIN_PROG_CENTRO,SYS_C0023327,C,CHECK,ENABLED,NOT DEFERRABLE,IMMEDIATE,,FUN_ID
MC_BANIN_PROG_CENTRO,PK_MBPC_ID,P,PRIMARY KEY,ENABLED,NOT DEFERRABLE,IMMEDIATE,,MBPC_ID
MC_BANIN_PROG_CENTRO,FK_FUN_ID_MBPC,R,FOREIGN KEY,ENABLED,NOT DEFERRABLE,IMMEDIATE,FUN_PK,FUN_ID
MC_BANIN_PROG_CENTRO,FK_MBPR_ID_MBPC,R,FOREIGN KEY,ENABLED,NOT DEFERRABLE,IMMEDIATE,PK_MBPR_ID,MBPR_ID
MC_BANIN_PROG_CENTRO,FK_MC_ESTAB_CONV_ID_MBPC,R,FOREIGN KEY,ENABLED,NOT DEFERRABLE,IMMEDIATE,MC_ESTAB_CNVCTRIA_PK,MC_ESTAB_CONV_ID
MC_BANIN_PROG_CENTRO,UQ_FK_ID_MBPC,U,UNIQUE,ENABLED,NOT DEFERRABLE,IMMEDIATE,,"MC_ESTAB_CONV_ID,MBPR_ID"
MC_BANIN_PROG_COMP_LAB_2022,SYS_C0021548,C,CHECK,ENABLED,NOT DEFERRABLE,IMMEDIATE,,MBPCL_ID
MC_BANIN_PROG_COMP_LAB_2022,SYS_C0021549,C,CHECK,ENABLED,NOT DEFERRABLE,IMMEDIATE,,MBPR_ID
MC_BANIN_PROG_COMP_LAB_2022,SYS_C0021550,C,CHECK,ENABLED,NOT DEFERRABLE,IMMEDIATE,,MBCL_ID
MC_BANIN_PROG_COMP_LAB_2022,SYS_C0021551,C,CHECK,ENABLED,NOT DEFERRABLE,IMMEDIATE,,MBPCL_FECHA_CREACION
MC_BANIN_PROG_COMP_LAB_2022,SYS_C0021552,C,CHECK,ENABLED,NOT DEFERRABLE,IMMEDIATE,,FUN_ID
MC_BANIN_PROG_COMP_LAB_2022,MBPCL_ID_2022_PK,P,PRIMARY KEY,ENABLED,NOT DEFERRABLE,IMMEDIATE,,MBPCL_ID
MC_BANIN_PROG_COMP_LAB_2022,MBPCL_FUN_ID_2022_FK,R,FOREIGN KEY,ENABLED,NOT DEFERRABLE,IMMEDIATE,FUN_PK,FUN_ID
MC_BANIN_PROG_COMP_LAB_2022,MBPCL_MBCL_ID_2022_FK,R,FOREIGN KEY,ENABLED,NOT DEFERRABLE,IMMEDIATE,MBCL_ID_2022_PK,MBCL_ID
MC_BANIN_PROG_COMP_LAB_2022,MBPCL_MBPR_ID_2022_FK,R,FOREIGN KEY,ENABLED,NOT DEFERRABLE,IMMEDIATE,MBPR_ID_2022_PK,MBPR_ID
MC_BANIN_PROG_DEMANDA,SYS_C0023328,C,CHECK,ENABLED,NOT DEFERRABLE,IMMEDIATE,,MBPD_ID
MC_BANIN_PROG_DEMANDA,SYS_C0023329,C,CHECK,ENABLED,NOT DEFERRABLE,IMMEDIATE,,DEM_ID
MC_BANIN_PROG_DEMANDA,SYS_C0023330,C,CHECK,ENABLED,NOT DEFERRABLE,IMMEDIATE,,MBPR_ID
MC_BANIN_PROG_DEMANDA,SYS_C0023331,C,CHECK,ENABLED,NOT DEFERRABLE,IMMEDIATE,,MBRC_FECHA_CREACION
MC_BANIN_PROG_DEMANDA,PK_MBPD_ID,P,PRIMARY KEY,ENABLED,NOT DEFERRABLE,IMMEDIATE,,MBPD_ID
MC_BANIN_PROG_DEMANDA,FK_DEM_ID_MBPD,R,FOREIGN KEY,ENABLED,NOT DEFERRABLE,IMMEDIATE,DEM_PK,DEM_ID
MC_BANIN_PROG_DEMANDA,FK_FUN_ID_MBPD,R,FOREIGN KEY,ENABLED,NOT DEFERRABLE,IMMEDIATE,FUN_PK,FUN_ID
MC_BANIN_PROG_DEMANDA,FK_MBPR_ID_MBPD,R,FOREIGN KEY,ENABLED,NOT DEFERRABLE,IMMEDIATE,PK_MBPR_ID,MBPR_ID
MC_BANIN_PROG_DEMANDA,UQ_FK_ID_MBPD,U,UNIQUE,ENABLED,NOT DEFERRABLE,IMMEDIATE,,"DEM_ID,MBPR_ID"
MC_BANIN_PROG_DEMANDA_2022,MBPD_ID_2022_PK,P,PRIMARY KEY,ENABLED,NOT DEFERRABLE,IMMEDIATE,,MBPD_ID
MC_BANIN_PROG_DEMANDA_2022,MBPD_DEM_ID_FK,R,FOREIGN KEY,ENABLED,NOT DEFERRABLE,IMMEDIATE,DEM_PK,MBPD_DEM_ID
MC_BANIN_PROG_DEMANDA_2022,MBPD_MBPR_ID_FK,R,FOREIGN KEY,ENABLED,NOT DEFERRABLE,IMMEDIATE,MBPR_ID_2022_PK,MBPD_MBPR_ID
MC_BANIN_PUNTAJES,SYS_C0021586,C,CHECK,ENABLED,NOT DEFERRABLE,IMMEDIATE,,MBPJ_ID
MC_BANIN_PUNTAJES,SYS_C0021587,C,CHECK,ENABLED,NOT DEFERRABLE,IMMEDIATE,,MBPJ_MBA_ID
MC_BANIN_PUNTAJES,SYS_C0021588,C,CHECK,ENABLED,NOT DEFERRABLE,IMMEDIATE,,MBPJ_MBTP_CODIGO
MC_BANIN_PUNTAJES,SYS_C0021589,C,CHECK,ENABLED,NOT DEFERRABLE,IMMEDIATE,,MBPJ_PUNTAJE
MC_BANIN_PUNTAJES,SYS_C0021590,C,CHECK,ENABLED,NOT DEFERRABLE,IMMEDIATE,,MBPJ_FECHA_PRESENTACION
MC_BANIN_PUNTAJES,SYS_C0021591,C,CHECK,ENABLED,NOT DEFERRABLE,IMMEDIATE,,MBPJ_FECHA_REGISTRO
MC_BANIN_PUNTAJES,MBPJ_ID_PK,P,PRIMARY KEY,ENABLED,NOT DEFERRABLE,IMMEDIATE,,MBPJ_ID
MC_BANIN_PUNTAJES,MBPJ_MBA_ID_FK,R,FOREIGN KEY,ENABLED,NOT DEFERRABLE,IMMEDIATE,MBA_ID_PK,MBPJ_MBA_ID
MC_BANIN_PUNTAJES,MBPJ_MBTP_CODIGO_FK,R,FOREIGN KEY,ENABLED,NOT DEFERRABLE,IMMEDIATE,MBTP_CODIGO_PK,MBPJ_MBTP_CODIGO
MC_BANIN_PUNTAJE_AUTO_HV,SYS_C0023332,C,CHECK,ENABLED,NOT DEFERRABLE,IMMEDIATE,,PAHV_ID
MC_BANIN_PUNTAJE_AUTO_HV,SYS_C0023333,C,CHECK,ENABLED,NOT DEFERRABLE,IMMEDIATE,,PAHV_MBA_ID
MC_BANIN_PUNTAJE_AUTO_HV,SYS_C0023334,C,CHECK,ENABLED,NOT DEFERRABLE,IMMEDIATE,,PAHV_CATEGORIA
MC_BANIN_PUNTAJE_AUTO_HV,SYS_C0023335,C,CHECK,ENABLED,NOT DEFERRABLE,IMMEDIATE,,PAHV_PUNTAJE
MC_BANIN_PUNTAJE_AUTO_HV,SYS_C0023336,C,CHECK,ENABLED,NOT DEFERRABLE,IMMEDIATE,,PAHV_VIGENCIA
MC_BANIN_PUNTAJE_AUTO_HV,SYS_C0023337,C,CHECK,ENABLED,NOT DEFERRABLE,IMMEDIATE,,FECHA_REGISTRO
MC_BANIN_PUNTAJE_AUTO_HV,PAHV_ID_PK,P,PRIMARY KEY,ENABLED,NOT DEFERRABLE,IMMEDIATE,,PAHV_ID
MC_BANIN_PUNTAJE_AUTO_HV,PAHV_MBA_ID_FK,R,FOREIGN KEY,ENABLED,NOT DEFERRABLE,IMMEDIATE,MBA_ID_PK,PAHV_MBA_ID
MC_BANIN_RED,SYS_C0023081,C,CHECK,ENABLED,NOT DEFERRABLE,IMMEDIATE,,MBR_ID
MC_BANIN_RED,SYS_C0023082,C,CHECK,ENABLED,NOT DEFERRABLE,IMMEDIATE,,MBR_CODIGO
MC_BANIN_RED,SYS_C0023083,C,CHECK,ENABLED,NOT DEFERRABLE,IMMEDIATE,,MBR_NOMBRE
MC_BANIN_RED,SYS_C0023084,C,CHECK,ENABLED,NOT DEFERRABLE,IMMEDIATE,,MC_CONV_ID
MC_BANIN_RED,SYS_C0023085,C,CHECK,ENABLED,NOT DEFERRABLE,IMMEDIATE,,MBR_FECHA_CREACION
MC_BANIN_RED,SYS_C0023086,C,CHECK,ENABLED,NOT DEFERRABLE,IMMEDIATE,,FUN_ID
MC_BANIN_RED,PK_MBR_ID,P,PRIMARY KEY,ENABLED,NOT DEFERRABLE,IMMEDIATE,,MBR_ID
MC_BANIN_RED,FK_FUN_ID_MBR,R,FOREIGN KEY,ENABLED,NOT DEFERRABLE,IMMEDIATE,FUN_PK,FUN_ID
MC_BANIN_RED,FK_MC_CONV_ID_MBR,R,FOREIGN KEY,ENABLED,NOT DEFERRABLE,IMMEDIATE,MC_CONVOCATORIA_PK,MC_CONV_ID
MC_BANIN_RED,UQ_MBR_CODIGO,U,UNIQUE,ENABLED,NOT DEFERRABLE,IMMEDIATE,,MBR_CODIGO
MC_BANIN_RED_2022,SYS_C0021805,C,CHECK,ENABLED,NOT DEFERRABLE,IMMEDIATE,,MBR_ID
MC_BANIN_RED_2022,SYS_C0021806,C,CHECK,ENABLED,NOT DEFERRABLE,IMMEDIATE,,MBR_CODIGO
MC_BANIN_RED_2022,SYS_C0021807,C,CHECK,ENABLED,NOT DEFERRABLE,IMMEDIATE,,MBR_FECHA_CREACION
MC_BANIN_RED_2022,SYS_C0021808,C,CHECK,ENABLED,NOT DEFERRABLE,IMMEDIATE,,FUN_ID
MC_BANIN_RED_2022,MBR_CODIGO_2022_PK,P,PRIMARY KEY,ENABLED,NOT DEFERRABLE,IMMEDIATE,,MBR_CODIGO
MC_BANIN_RED_2022,FUN_ID_2022_FK,R,FOREIGN KEY,ENABLED,NOT DEFERRABLE,IMMEDIATE,FUN_PK,FUN_ID
MC_BANIN_RED_CENTRO,SYS_C0022137,C,CHECK,ENABLED,NOT DEFERRABLE,IMMEDIATE,,MBRC_ID
MC_BANIN_RED_CENTRO,SYS_C0022138,C,CHECK,ENABLED,NOT DEFERRABLE,IMMEDIATE,,MC_ESTAB_CONV_ID
MC_BANIN_RED_CENTRO,SYS_C0022139,C,CHECK,ENABLED,NOT DEFERRABLE,IMMEDIATE,,MBR_ID
MC_BANIN_RED_CENTRO,SYS_C0022140,C,CHECK,ENABLED,NOT DEFERRABLE,IMMEDIATE,,MBRC_FECHA_CREACION
MC_BANIN_RED_CENTRO,SYS_C0022141,C,CHECK,ENABLED,NOT DEFERRABLE,IMMEDIATE,,FUN_ID
MC_BANIN_RED_CENTRO,PK_MBRC_ID,P,PRIMARY KEY,ENABLED,NOT DEFERRABLE,IMMEDIATE,,MBRC_ID
MC_BANIN_RED_CENTRO,FK_FUN_ID_MBRC,R,FOREIGN KEY,ENABLED,NOT DEFERRABLE,IMMEDIATE,FUN_PK,FUN_ID
MC_BANIN_RED_CENTRO,FK_MBR_ID_MBRC,R,FOREIGN KEY,ENABLED,NOT DEFERRABLE,IMMEDIATE,PK_MBR_ID,MBR_ID
MC_BANIN_RED_CENTRO,FK_MC_ESTAB_CONV_ID_MBRC,R,FOREIGN KEY,ENABLED,NOT DEFERRABLE,IMMEDIATE,MC_ESTAB_CNVCTRIA_PK,MC_ESTAB_CONV_ID
MC_BANIN_RED_CENTRO,UQ_FK_ID_MBRC_ID,U,UNIQUE,ENABLED,NOT DEFERRABLE,IMMEDIATE,,"MC_ESTAB_CONV_ID,MBR_ID"
MC_BANIN_RED_CENTRO_2022,MBRC_ID_PK,P,PRIMARY KEY,ENABLED,NOT DEFERRABLE,IMMEDIATE,,MBRC_ID
MC_BANIN_RED_CENTRO_2022,MBRC_FUN_ID_FK,R,FOREIGN KEY,ENABLED,NOT DEFERRABLE,IMMEDIATE,FUN_PK,MBRC_FUN_ID
MC_BANIN_RED_CENTRO_2022,MBRC_MBR_CODIGO_FK,R,FOREIGN KEY,ENABLED,NOT DEFERRABLE,IMMEDIATE,MBR_CODIGO_2022_PK,MBRC_MBR_CODIGO
MC_BANIN_RED_CENTRO_2022,MBRC_MEC_ID_FK,R,FOREIGN KEY,ENABLED,NOT DEFERRABLE,IMMEDIATE,MC_ESTAB_CNVCTRIA_PK,MBRC_MEC_ID
MC_BANIN_REGIONAL_ESPECIAL,SYS_C0023049,C,CHECK,ENABLED,NOT DEFERRABLE,IMMEDIATE,,MBRE_ID
MC_BANIN_REGIONAL_ESPECIAL,SYS_C0023050,C,CHECK,ENABLED,NOT DEFERRABLE,IMMEDIATE,,MBRE_REG_ID
MC_BANIN_REGIONAL_ESPECIAL,SYS_C0023051,C,CHECK,ENABLED,NOT DEFERRABLE,IMMEDIATE,,MBRE_MBTZT_ID
MC_BANIN_REGIONAL_ESPECIAL,MBRE_ID_PK,P,PRIMARY KEY,ENABLED,NOT DEFERRABLE,IMMEDIATE,,MBRE_ID
MC_BANIN_REGIONAL_ESPECIAL,MBRE_MBTZT_ID_FK,R,FOREIGN KEY,ENABLED,NOT DEFERRABLE,IMMEDIATE,MBTZT_ID_PK,MBRE_MBTZT_ID
MC_BANIN_REGIONAL_ESPECIAL,MBRE_REG_ID,R,FOREIGN KEY,ENABLED,NOT DEFERRABLE,IMMEDIATE,REG_PK,MBRE_REG_ID
MC_BANIN_REQ_CAPTURADO,SYS_C0022147,C,CHECK,ENABLED,NOT DEFERRABLE,IMMEDIATE,,ID
MC_BANIN_REQ_CAPTURADO,SYS_C0022148,C,CHECK,ENABLED,NOT DEFERRABLE,IMMEDIATE,,MC_TIP_REQ_ID
MC_BANIN_REQ_CAPTURADO,SYS_C0022149,C,CHECK,ENABLED,NOT DEFERRABLE,IMMEDIATE,,MC_MBA_ID
MC_BANIN_REQ_CAPTURADO,SYS_C0022150,C,CHECK,ENABLED,NOT DEFERRABLE,IMMEDIATE,,URL_ARCHIVO
MC_BANIN_REQ_CAPTURADO,MC_BANIN_REQ_CAPTURADO_PK,P,PRIMARY KEY,ENABLED,NOT DEFERRABLE,IMMEDIATE,,ID
MC_BANIN_REQ_CAPTURADO,CPL_ID_FK,R,FOREIGN KEY,ENABLED,NOT DEFERRABLE,IMMEDIATE,CPL_PK,CPL_ID
MC_BANIN_REQ_CAPTURADO,ENF_ID_APE_FK,R,FOREIGN KEY,ENABLED,NOT DEFERRABLE,IMMEDIATE,ENF_PK,ENF_ID_APE
MC_BANIN_REQ_CAPTURADO,FK_MC_BANIN_FORMACION,R,FOREIGN KEY,ENABLED,NOT DEFERRABLE,IMMEDIATE,MBF_ID_PK,MBF_ID
MC_BANIN_REQ_CAPTURADO,IND_ID_APE_FK,R,FOREIGN KEY,ENABLED,NOT DEFERRABLE,IMMEDIATE,IND_PK,IND_ID_APE
MC_BANIN_REQ_CAPTURADO,MC_MBA_ID_FK,R,FOREIGN KEY,ENABLED,NOT DEFERRABLE,IMMEDIATE,MBA_ID_PK,MC_MBA_ID
MC_BANIN_REQ_CAPTURADO,MC_NBC_ID_FK,R,FOREIGN KEY,ENABLED,NOT DEFERRABLE,IMMEDIATE,MC_NBC_PK,MC_NBC_ID
MC_BANIN_REQ_CAPTURADO,MC_NVL_ACA_ID_FK,R,FOREIGN KEY,ENABLED,NOT DEFERRABLE,IMMEDIATE,MBNA_ID_PK,MC_NVL_ACA_ID
MC_BANIN_REQ_CAPTURADO,MC_TIP_REQ_ID_FK,R,FOREIGN KEY,ENABLED,NOT DEFERRABLE,IMMEDIATE,MC_TIPO_REQUISITO_PK,MC_TIP_REQ_ID
MC_BANIN_REQ_CAPTURADO,TIT_ID_APE_KK,R,FOREIGN KEY,ENABLED,NOT DEFERRABLE,IMMEDIATE,TIT_PK,TIT_ID_APE
MC_BANIN_REQ_CAPTURADO,TIT_ID_KK,R,FOREIGN KEY,ENABLED,NOT DEFERRABLE,IMMEDIATE,MC_TITULACION_PK,TIT_ID
MC_BANIN_RUBRO,SYS_C0021797,C,CHECK,ENABLED,NOT DEFERRABLE,IMMEDIATE,,MBRB_ID
MC_BANIN_RUBRO,SYS_C0021798,C,CHECK,ENABLED,NOT DEFERRABLE,IMMEDIATE,,MBRB_PROYECTO_LEY
MC_BANIN_RUBRO,SYS_C0021799,C,CHECK,ENABLED,NOT DEFERRABLE,IMMEDIATE,,MBRB_RUBRO_LEY
MC_BANIN_RUBRO,SYS_C0021800,C,CHECK,ENABLED,NOT DEFERRABLE,IMMEDIATE,,MBRB_MBDP_ID
MC_BANIN_RUBRO,SYS_C0021801,C,CHECK,ENABLED,NOT DEFERRABLE,IMMEDIATE,,MBRB_MBDPP_ID
MC_BANIN_RUBRO,SYS_C0021802,C,CHECK,ENABLED,NOT DEFERRABLE,IMMEDIATE,,MBRB_MEC_ID
MC_BANIN_RUBRO,SYS_C0021803,C,CHECK,ENABLED,NOT DEFERRABLE,IMMEDIATE,,MBRB_FECHA_REGISTRO
MC_BANIN_RUBRO,SYS_C0021804,C,CHECK,ENABLED,NOT DEFERRABLE,IMMEDIATE,,MBRB_ESTADO
MC_BANIN_RUBRO,MBRB_ID_PK,P,PRIMARY KEY,ENABLED,NOT DEFERRABLE,IMMEDIATE,,MBRB_ID
MC_BANIN_RUBRO,MBRB_MBDPP_ID_FK,R,FOREIGN KEY,ENABLED,NOT DEFERRABLE,IMMEDIATE,MBDPP_ID_PK,MBRB_MBDPP_ID
MC_BANIN_RUBRO,MBRB_MBDP_ID_FK,R,FOREIGN KEY,ENABLED,NOT DEFERRABLE,IMMEDIATE,MBDP_ID_PK,MBRB_MBDP_ID
MC_BANIN_RUBRO,MBRB_MEC_ID_FK,R,FOREIGN KEY,ENABLED,NOT DEFERRABLE,IMMEDIATE,MC_ESTAB_CNVCTRIA_PK,MBRB_MEC_ID
MC_BANIN_TIPO_FORMACION,SYS_C0022414,C,CHECK,ENABLED,NOT DEFERRABLE,IMMEDIATE,,MBTFC_ID
MC_BANIN_TIPO_FORMACION,SYS_C0022415,C,CHECK,ENABLED,NOT DEFERRABLE,IMMEDIATE,,MBTFC_NOMBRE
MC_BANIN_TIPO_FORMACION,SYS_C0022416,C,CHECK,ENABLED,NOT DEFERRABLE,IMMEDIATE,,MBTFC_ESTADO
MC_BANIN_TIPO_FORMACION,SYS_C0022417,C,CHECK,ENABLED,NOT DEFERRABLE,IMMEDIATE,,MBTFC_FECHA_REGISTRO
MC_BANIN_TIPO_FORMACION,MBTFC_ID_PK,P,PRIMARY KEY,ENABLED,NOT DEFERRABLE,IMMEDIATE,,MBTFC_ID
MC_BANIN_TIPO_PUNTAJE,SYS_C0021582,C,CHECK,ENABLED,NOT DEFERRABLE,IMMEDIATE,,MBTP_ID
MC_BANIN_TIPO_PUNTAJE,SYS_C0021583,C,CHECK,ENABLED,NOT DEFERRABLE,IMMEDIATE,,MBTP_CODIGO
MC_BANIN_TIPO_PUNTAJE,SYS_C0021584,C,CHECK,ENABLED,NOT DEFERRABLE,IMMEDIATE,,MBTP_NOMBRE
MC_BANIN_TIPO_PUNTAJE,SYS_C0021585,C,CHECK,ENABLED,NOT DEFERRABLE,IMMEDIATE,,FECHA_REGISTRO
MC_BANIN_TIPO_PUNTAJE,MBTP_CODIGO_PK,P,PRIMARY KEY,ENABLED,NOT DEFERRABLE,IMMEDIATE,,MBTP_CODIGO
MC_BANIN_TIPO_TARIFA,SYS_C0022117,C,CHECK,ENABLED,NOT DEFERRABLE,IMMEDIATE,,MBTT_ID
MC_BANIN_TIPO_TARIFA,SYS_C0022118,C,CHECK,ENABLED,NOT DEFERRABLE,IMMEDIATE,,MBTT_TIPO_TARIFA
MC_BANIN_TIPO_TARIFA,SYS_C0022119,C,CHECK,ENABLED,NOT DEFERRABLE,IMMEDIATE,,MBTT_MBNE_ID
MC_BANIN_TIPO_TARIFA,SYS_C0022120,C,CHECK,ENABLED,NOT DEFERRABLE,IMMEDIATE,,MBTT_MBMCT_ID
MC_BANIN_TIPO_TARIFA,SYS_C0022121,C,CHECK,ENABLED,NOT DEFERRABLE,IMMEDIATE,,MBTT_MBTZT_ID
MC_BANIN_TIPO_TARIFA,SYS_C0022122,C,CHECK,ENABLED,NOT DEFERRABLE,IMMEDIATE,,MBTT_VALOR_TARIFA
MC_BANIN_TIPO_TARIFA,SYS_C0022123,C,CHECK,ENABLED,NOT DEFERRABLE,IMMEDIATE,,MBTT_FECHA_REGISTRO
MC_BANIN_TIPO_TARIFA,MBTT_ID_PK,P,PRIMARY KEY,ENABLED,NOT DEFERRABLE,IMMEDIATE,,MBTT_ID
MC_BANIN_TIPO_TARIFA,MBTT_MBMCT_ID_FK,R,FOREIGN KEY,ENABLED,NOT DEFERRABLE,IMMEDIATE,MBMCT_ID_PK,MBTT_MBMCT_ID
MC_BANIN_TIPO_TARIFA,MBTT_MBNE_ID_FK,R,FOREIGN KEY,ENABLED,NOT DEFERRABLE,IMMEDIATE,MBNE_ID_PK,MBTT_MBNE_ID
MC_BANIN_TIPO_TARIFA,MBTT_MBTZT_ID_FK,R,FOREIGN KEY,ENABLED,NOT DEFERRABLE,IMMEDIATE,MBTZT_ID_PK,MBTT_MBTZT_ID
MC_BANIN_TIPO_ZONA_TARIFA,SYS_C0023045,C,CHECK,ENABLED,NOT DEFERRABLE,IMMEDIATE,,MBTZT_ID
MC_BANIN_TIPO_ZONA_TARIFA,SYS_C0023046,C,CHECK,ENABLED,NOT DEFERRABLE,IMMEDIATE,,MBTZT_NOMBRE
MC_BANIN_TIPO_ZONA_TARIFA,SYS_C0023047,C,CHECK,ENABLED,NOT DEFERRABLE,IMMEDIATE,,MBTZT_ESTADO
MC_BANIN_TIPO_ZONA_TARIFA,SYS_C0023048,C,CHECK,ENABLED,NOT DEFERRABLE,IMMEDIATE,,MBTZT_FECHA_REGISTRO
MC_BANIN_TIPO_ZONA_TARIFA,MBTZT_ID_PK,P,PRIMARY KEY,ENABLED,NOT DEFERRABLE,IMMEDIATE,,MBTZT_ID
MC_CONVOCATORIA,SYS_C0023020,C,CHECK,ENABLED,NOT DEFERRABLE,IMMEDIATE,,ID
MC_CONVOCATORIA,SYS_C0023021,C,CHECK,ENABLED,NOT DEFERRABLE,IMMEDIATE,,NOMBRE
MC_CONVOCATORIA,SYS_C0023022,C,CHECK,ENABLED,NOT DEFERRABLE,IMMEDIATE,,FECHA_INICIO
MC_CONVOCATORIA,SYS_C0023023,C,CHECK,ENABLED,NOT DEFERRABLE,IMMEDIATE,,ESTADO
MC_CONVOCATORIA,SYS_C0023024,C,CHECK,ENABLED,NOT DEFERRABLE,IMMEDIATE,,CANT_ASPN_PRFL
MC_CONVOCATORIA,SYS_C0023025,C,CHECK,ENABLED,NOT DEFERRABLE,IMMEDIATE,,FECHA_CREACION
MC_CONVOCATORIA,SYS_C0023026,C,CHECK,ENABLED,NOT DEFERRABLE,IMMEDIATE,,FUN_ID
MC_CONVOCATORIA,MC_CONVOCATORIA_PK,P,PRIMARY KEY,ENABLED,NOT DEFERRABLE,IMMEDIATE,,ID
MC_CONVOCATORIA,BD_MBDP_ID_FK,R,FOREIGN KEY,ENABLED,NOT DEFERRABLE,IMMEDIATE,MBDP_ID_PK,BD_MBDP_ID
MC_CONVOCATORIA,MC_CONVOCATORIA_FK1,R,FOREIGN KEY,ENABLED,NOT DEFERRABLE,IMMEDIATE,FUN_PK,FUN_ID
MC_ESTAB_CNVCTRIA,SYS_C0021577,C,CHECK,ENABLED,NOT DEFERRABLE,IMMEDIATE,,ID
MC_ESTAB_CNVCTRIA,SYS_C0021578,C,CHECK,ENABLED,NOT DEFERRABLE,IMMEDIATE,,MC_CONV_ID
MC_ESTAB_CNVCTRIA,SYS_C0021579,C,CHECK,ENABLED,NOT DEFERRABLE,IMMEDIATE,,NOMBRE
MC_ESTAB_CNVCTRIA,SYS_C0021580,C,CHECK,ENABLED,NOT DEFERRABLE,IMMEDIATE,,FCH_CREACION
MC_ESTAB_CNVCTRIA,SYS_C0021581,C,CHECK,ENABLED,NOT DEFERRABLE,IMMEDIATE,,FUN_ID
MC_ESTAB_CNVCTRIA,MC_ESTAB_CNVCTRIA_PK,P,PRIMARY KEY,ENABLED,NOT DEFERRABLE,IMMEDIATE,,ID
MC_ESTAB_CNVCTRIA,MC_ESTAB_CNVCTRIA_FK_CNVCTRIA,R,FOREIGN KEY,ENABLED,NOT DEFERRABLE,IMMEDIATE,MC_CONVOCATORIA_PK,MC_CONV_ID
MC_ESTAB_CNVCTRIA,MC_ESTAB_CNVCTRIA_FK_EMPRESA,R,FOREIGN KEY,ENABLED,NOT DEFERRABLE,IMMEDIATE,EMP_PK,EMP_ID
MC_ESTAB_CNVCTRIA,MC_ESTAB_CNVCTRIA_FK_FUN_ID,R,FOREIGN KEY,ENABLED,NOT DEFERRABLE,IMMEDIATE,FUN_PK,FUN_ID
MC_ESTAB_CNVCTRIA,MC_ESTAB_CNVCTRIA_FK_MPIO_ID,R,FOREIGN KEY,ENABLED,NOT DEFERRABLE,IMMEDIATE,MPO_PK,MPO_ID
MC_ESTADO_ASPRCN,SYS_C0021789,C,CHECK,ENABLED,NOT DEFERRABLE,IMMEDIATE,,ID
MC_ESTADO_ASPRCN,SYS_C0021790,C,CHECK,ENABLED,NOT DEFERRABLE,IMMEDIATE,,NOMBRE
MC_ESTADO_ASPRCN,SYS_C0021791,C,CHECK,ENABLED,NOT DEFERRABLE,IMMEDIATE,,DESCRIPCION
MC_ESTADO_ASPRCN,MC_ESTADO_ASPIRACION_PK,P,PRIMARY KEY,ENABLED,NOT DEFERRABLE,IMMEDIATE,,ID
MC_ESTADO_ASPRCN,MC_ESTADO_ASPIRACION_UK_NOMBRE,U,UNIQUE,ENABLED,NOT DEFERRABLE,IMMEDIATE,,NOMBRE
MC_ESTADO_PRES,SYS_C0023637,C,CHECK,ENABLED,NOT DEFERRABLE,IMMEDIATE,,MC_EST_PRE_ID
MC_ESTADO_PRES,SYS_C0023638,C,CHECK,ENABLED,NOT DEFERRABLE,IMMEDIATE,,MC_EST_PRE_NOMBRE
MC_ESTADO_PRES,MC_ESTADO_PRES_PK,P,PRIMARY KEY,ENABLED,NOT DEFERRABLE,IMMEDIATE,,MC_EST_PRE_ID
MC_JORNADA,SYS_C0021811,C,CHECK,ENABLED,NOT DEFERRABLE,IMMEDIATE,,ID
MC_JORNADA,SYS_C0021812,C,CHECK,ENABLED,NOT DEFERRABLE,IMMEDIATE,,NOMBRE
MC_JORNADA,SYS_C0021813,C,CHECK,ENABLED,NOT DEFERRABLE,IMMEDIATE,,FUN_ID
MC_JORNADA,SYS_C0021814,C,CHECK,ENABLED,NOT DEFERRABLE,IMMEDIATE,,FCH_CREACION
MC_JORNADA,MC_JORNADA_PK,P,PRIMARY KEY,ENABLED,NOT DEFERRABLE,IMMEDIATE,,ID
MC_MCPIO_CNVCTRIA,SYS_C0021815,C,CHECK,ENABLED,NOT DEFERRABLE,IMMEDIATE,,ID
MC_MCPIO_CNVCTRIA,SYS_C0021816,C,CHECK,ENABLED,NOT DEFERRABLE,IMMEDIATE,,MC_CONV_ID
MC_MCPIO_CNVCTRIA,SYS_C0021817,C,CHECK,ENABLED,NOT DEFERRABLE,IMMEDIATE,,MPO_ID
MC_MCPIO_CNVCTRIA,SYS_C0021818,C,CHECK,ENABLED,NOT DEFERRABLE,IMMEDIATE,,FCH_CREACION
MC_MCPIO_CNVCTRIA,SYS_C0021819,C,CHECK,ENABLED,NOT DEFERRABLE,IMMEDIATE,,FUN_ID
MC_MCPIO_CNVCTRIA,MC_MUNICIPIO_CONVOCATORIA_PK,P,PRIMARY KEY,ENABLED,NOT DEFERRABLE,IMMEDIATE,,ID
MC_MCPIO_CNVCTRIA,MC_MUNICIPIO_CONVOC_FK1_CNV,R,FOREIGN KEY,ENABLED,NOT DEFERRABLE,IMMEDIATE,MC_CONVOCATORIA_PK,MC_CONV_ID
MC_MCPIO_CNVCTRIA,MC_MUNICIPIO_CONVOC_FK1_FUNID,R,FOREIGN KEY,ENABLED,NOT DEFERRABLE,IMMEDIATE,FUN_PK,FUN_ID
MC_MCPIO_CNVCTRIA,MC_MUNICIPIO_CONVOC_FK1_MPIO,R,FOREIGN KEY,ENABLED,NOT DEFERRABLE,IMMEDIATE,MPO_PK,MPO_ID
MC_NBC,SYS_C0021820,C,CHECK,ENABLED,NOT DEFERRABLE,IMMEDIATE,,ID
MC_NBC,SYS_C0021821,C,CHECK,ENABLED,NOT DEFERRABLE,IMMEDIATE,,NOMBRE
MC_NBC,SYS_C0021822,C,CHECK,ENABLED,NOT DEFERRABLE,IMMEDIATE,,FUN_ID
MC_NBC,SYS_C0021823,C,CHECK,ENABLED,NOT DEFERRABLE,IMMEDIATE,,NOMBRE_MOSTRAR
MC_NBC,MC_NBC_PK,P,PRIMARY KEY,ENABLED,NOT DEFERRABLE,IMMEDIATE,,ID
MC_NBC,MC_NBC_FK_FUN_ID,R,FOREIGN KEY,ENABLED,NOT DEFERRABLE,IMMEDIATE,FUN_PK,FUN_ID
MC_NBC_TIT,SYS_C0022434,C,CHECK,ENABLED,NOT DEFERRABLE,IMMEDIATE,,ID
MC_NBC_TIT,SYS_C0022435,C,CHECK,ENABLED,NOT DEFERRABLE,IMMEDIATE,,MC_NBC_ID
MC_NBC_TIT,SYS_C0022436,C,CHECK,ENABLED,NOT DEFERRABLE,IMMEDIATE,,MC_TIT_ID
MC_NBC_TIT,SYS_C0022437,C,CHECK,ENABLED,NOT DEFERRABLE,IMMEDIATE,,FUN_ID
MC_NBC_TIT,MC_NBC_TIT_PK,P,PRIMARY KEY,ENABLED,NOT DEFERRABLE,IMMEDIATE,,ID
MC_NBC_TIT,MC_NBC_TIT_FK_FUN_ID,R,FOREIGN KEY,ENABLED,NOT DEFERRABLE,IMMEDIATE,FUN_PK,FUN_ID
MC_NBC_TIT,MC_NBC_TIT_FK_NBC_ID,R,FOREIGN KEY,ENABLED,NOT DEFERRABLE,IMMEDIATE,MC_NBC_PK,MC_NBC_ID
MC_NBC_TIT,MC_NBC_TIT_FK_TIT_ID,R,FOREIGN KEY,ENABLED,NOT DEFERRABLE,IMMEDIATE,MC_TITULACION_PK,MC_TIT_ID
MC_NVL_ACA,SYS_C0022851,C,CHECK,ENABLED,NOT DEFERRABLE,IMMEDIATE,,ID
MC_NVL_ACA,SYS_C0022852,C,CHECK,ENABLED,NOT DEFERRABLE,IMMEDIATE,,MC_PERFIL_ID
MC_NVL_ACA,SYS_C0022853,C,CHECK,ENABLED,NOT DEFERRABLE,IMMEDIATE,,MC_TIPO_NVL_ACA_ID
MC_NVL_ACA,SYS_C0022854,C,CHECK,ENABLED,NOT DEFERRABLE,IMMEDIATE,,FCH_CREACION
MC_NVL_ACA,SYS_C0022855,C,CHECK,ENABLED,NOT DEFERRABLE,IMMEDIATE,,FUN_ID
MC_NVL_ACA,MC_NVL_ACA_PK,P,PRIMARY KEY,ENABLED,NOT DEFERRABLE,IMMEDIATE,,ID
MC_NVL_ACA,MC_NVL_ACA_FK_FUN_ID,R,FOREIGN KEY,ENABLED,NOT DEFERRABLE,IMMEDIATE,FUN_PK,FUN_ID
MC_NVL_ACA,MC_NVL_ACA_FK_PERFIL,R,FOREIGN KEY,ENABLED,NOT DEFERRABLE,IMMEDIATE,MC_PERFIL_PK,MC_PERFIL_ID
MC_NVL_ACA,MC_NVL_ACA_FK_TIP_NVL_ACA,R,FOREIGN KEY,ENABLED,NOT DEFERRABLE,IMMEDIATE,MC_TIPO_NVL_ACA_PK,MC_TIPO_NVL_ACA_ID
MC_NVL_ACA_NBC,SYS_C0023354,C,CHECK,ENABLED,NOT DEFERRABLE,IMMEDIATE,,ID
MC_NVL_ACA_NBC,SYS_C0023355,C,CHECK,ENABLED,NOT DEFERRABLE,IMMEDIATE,,MC_NVL_ACA_ID
MC_NVL_ACA_NBC,SYS_C0023356,C,CHECK,ENABLED,NOT DEFERRABLE,IMMEDIATE,,MC_NBC_ID
MC_NVL_ACA_NBC,SYS_C0023357,C,CHECK,ENABLED,NOT DEFERRABLE,IMMEDIATE,,FECHA_CREACION
MC_NVL_ACA_NBC,SYS_C0023358,C,CHECK,ENABLED,NOT DEFERRABLE,IMMEDIATE,,FUN_ID
MC_NVL_ACA_NBC,MC_NVL_ACA_NBC_PK,P,PRIMARY KEY,ENABLED,NOT DEFERRABLE,IMMEDIATE,,ID
MC_NVL_ACA_NBC,MC_NVL_ACA_NBC_FK_FUN_ID,R,FOREIGN KEY,ENABLED,NOT DEFERRABLE,IMMEDIATE,FUN_PK,FUN_ID
MC_NVL_ACA_NBC,MC_NVL_ACA_NBC_FK_NBC_ID,R,FOREIGN KEY,ENABLED,NOT DEFERRABLE,IMMEDIATE,MC_NBC_PK,MC_NBC_ID
MC_NVL_ACA_NBC,MC_NVL_ACA_NBC_FK_NVL_ACA,R,FOREIGN KEY,ENABLED,NOT DEFERRABLE,IMMEDIATE,MC_NVL_ACA_PK,MC_NVL_ACA_ID
MC_PERFIL,SYS_C0023359,C,CHECK,ENABLED,NOT DEFERRABLE,IMMEDIATE,,ID
MC_PERFIL,SYS_C0023360,C,CHECK,ENABLED,NOT DEFERRABLE,IMMEDIATE,,MC_CONV_ID
MC_PERFIL,SYS_C0023361,C,CHECK,ENABLED,NOT DEFERRABLE,IMMEDIATE,,ESTADO
MC_PERFIL,SYS_C0023362,C,CHECK,ENABLED,NOT DEFERRABLE,IMMEDIATE,,ES_VIRTUAL
MC_PERFIL,SYS_C0023363,C,CHECK,ENABLED,NOT DEFERRABLE,IMMEDIATE,,FUN_ID
MC_PERFIL,SYS_C0023364,C,CHECK,ENABLED,NOT DEFERRABLE,IMMEDIATE,,NOMBRE_MOSTRAR
MC_PERFIL,MC_PERFIL_PK,P,PRIMARY KEY,ENABLED,NOT DEFERRABLE,IMMEDIATE,,ID
MC_PERFIL,MC_PERFIL_FK_CONV_ID,R,FOREIGN KEY,ENABLED,NOT DEFERRABLE,IMMEDIATE,MC_CONVOCATORIA_PK,MC_CONV_ID
MC_PERFIL,MC_PERFIL_FK_FUN_ID,R,FOREIGN KEY,ENABLED,NOT DEFERRABLE,IMMEDIATE,FUN_PK,FUN_ID
MC_PRESELECCION,SYS_C0022159,C,CHECK,ENABLED,NOT DEFERRABLE,IMMEDIATE,,MC_PRE_ID
MC_PRESELECCION,SYS_C0022160,C,CHECK,ENABLED,NOT DEFERRABLE,IMMEDIATE,,MC_PRE_FCH_REG
MC_PRESELECCION,SYS_C0022161,C,CHECK,ENABLED,NOT DEFERRABLE,IMMEDIATE,,MC_EST_PRE_ID
MC_PRESELECCION,MC_PRESELECCION_PK,P,PRIMARY KEY,ENABLED,NOT DEFERRABLE,IMMEDIATE,,MC_PRE_ID
MC_PRESELECCION,MC_PRESELECCION_FK_ASPN_ID,R,FOREIGN KEY,ENABLED,NOT DEFERRABLE,IMMEDIATE,MC_ASPIRACION_PK,MC_ASPN_ID
MC_PRESELECCION,MC_PRESELECCION_FK_EMP_ID,R,FOREIGN KEY,ENABLED,NOT DEFERRABLE,IMMEDIATE,EMP_PK,EMP_ID
MC_PRESELECCION,MC_PRESELECCION_FK_EST_PRES,R,FOREIGN KEY,ENABLED,NOT DEFERRABLE,IMMEDIATE,MC_ESTADO_PRES_PK,MC_EST_PRE_ID
MC_REQ_CAPTURADO,SYS_C0023643,C,CHECK,ENABLED,NOT DEFERRABLE,IMMEDIATE,,ID
MC_REQ_CAPTURADO,SYS_C0023644,C,CHECK,ENABLED,NOT DEFERRABLE,IMMEDIATE,,MC_TIP_REQ_ID
MC_REQ_CAPTURADO,SYS_C0023645,C,CHECK,ENABLED,NOT DEFERRABLE,IMMEDIATE,,MC_ASPN_ID
MC_REQ_CAPTURADO,SYS_C0023646,C,CHECK,ENABLED,NOT DEFERRABLE,IMMEDIATE,,URL_ARCHIVO
MC_REQ_CAPTURADO,MC_REQUISITO_CAPTURADO_PK,P,PRIMARY KEY,ENABLED,NOT DEFERRABLE,IMMEDIATE,,ID
MC_REQ_CAPTURADO,MC_REQ_CAPTDO_FK_TIP_REQ_ID,R,FOREIGN KEY,ENABLED,NOT DEFERRABLE,IMMEDIATE,MC_TIPO_REQUISITO_PK,MC_TIP_REQ_ID
MC_REQ_CAPTURADO,MC_REQ_CAPTDO_FK_TIT_APE,R,FOREIGN KEY,ENABLED,NOT DEFERRABLE,IMMEDIATE,TIT_PK,TIT_ID_APE
MC_REQ_CAPTURADO,MC_REQ_CAPTDO_FK_TIT_ID,R,FOREIGN KEY,ENABLED,NOT DEFERRABLE,IMMEDIATE,MC_TITULACION_PK,TIT_ID
MC_REQ_CAPTURADO,MC_REQ_CAPTURADO_FK1,R,FOREIGN KEY,ENABLED,NOT DEFERRABLE,IMMEDIATE,ENF_PK,ENF_ID_APE
MC_REQ_CAPTURADO,MC_REQ_CAPTURADO_FK_ASPN_ID,R,FOREIGN KEY,ENABLED,NOT DEFERRABLE,IMMEDIATE,MC_ASPIRACION_PK,MC_ASPN_ID
MC_REQ_CAPTURADO,MC_REQ_CAPTURADO_FK_COMP_LAB,R,FOREIGN KEY,ENABLED,NOT DEFERRABLE,IMMEDIATE,CPL_PK,CPL_ID
MC_REQ_CAPTURADO,MC_REQ_CAPTURADO_FK_IND_APE,R,FOREIGN KEY,ENABLED,NOT DEFERRABLE,IMMEDIATE,IND_PK,IND_ID_APE
MC_REQ_CAPTURADO,MC_REQ_CAPTURADO_FK_NBC_ID,R,FOREIGN KEY,ENABLED,NOT DEFERRABLE,IMMEDIATE,MC_NBC_PK,MC_NBC_ID
MC_REQ_CAPTURADO,MC_REQ_CAPTURADO_FK_NVL_ACA_ID,R,FOREIGN KEY,ENABLED,NOT DEFERRABLE,IMMEDIATE,MC_NVL_ACA_PK,MC_NVL_ACA_ID
MC_TIPO_NIV_FORMACION,SYS_C0021560,C,CHECK,ENABLED,NOT DEFERRABLE,IMMEDIATE,,MTNF_ID
MC_TIPO_NIV_FORMACION,SYS_C0021561,C,CHECK,ENABLED,NOT DEFERRABLE,IMMEDIATE,,MTNF_NOMBRE
MC_TIPO_NIV_FORMACION,SYS_C0021562,C,CHECK,ENABLED,NOT DEFERRABLE,IMMEDIATE,,MTNF_FECHA_CREACION
MC_TIPO_NIV_FORMACION,SYS_C0021563,C,CHECK,ENABLED,NOT DEFERRABLE,IMMEDIATE,,FUN_ID
MC_TIPO_NIV_FORMACION,PK_MTNF_ID,P,PRIMARY KEY,ENABLED,NOT DEFERRABLE,IMMEDIATE,,MTNF_ID
MC_TIPO_NIV_FORMACION,FK_FUN_ID_MTNF,R,FOREIGN KEY,ENABLED,NOT DEFERRABLE,IMMEDIATE,FUN_PK,FUN_ID
MC_TIPO_NIV_FORMACION,UQ_MTNF_NOMBRE,U,UNIQUE,ENABLED,NOT DEFERRABLE,IMMEDIATE,,MTNF_NOMBRE
MC_TIPO_NVL_ACA,SYS_C0023365,C,CHECK,ENABLED,NOT DEFERRABLE,IMMEDIATE,,ID
MC_TIPO_NVL_ACA,SYS_C0023366,C,CHECK,ENABLED,NOT DEFERRABLE,IMMEDIATE,,NOMBRE
MC_TIPO_NVL_ACA,SYS_C0023367,C,CHECK,ENABLED,NOT DEFERRABLE,IMMEDIATE,,FCH_CREACION
MC_TIPO_NVL_ACA,SYS_C0023368,C,CHECK,ENABLED,NOT DEFERRABLE,IMMEDIATE,,FUN_ID
MC_TIPO_NVL_ACA,MC_TIPO_NVL_ACA_PK,P,PRIMARY KEY,ENABLED,NOT DEFERRABLE,IMMEDIATE,,ID
MC_TIPO_NVL_ACA,MC_TIPO_NVL_ACA_UK_NOMBRE,U,UNIQUE,ENABLED,NOT DEFERRABLE,IMMEDIATE,,NOMBRE
MC_TIPO_REQUISITO,SYS_C0022130,C,CHECK,ENABLED,NOT DEFERRABLE,IMMEDIATE,,ID
MC_TIPO_REQUISITO,SYS_C0022131,C,CHECK,ENABLED,NOT DEFERRABLE,IMMEDIATE,,NOMBRE
MC_TIPO_REQUISITO,SYS_C0022132,C,CHECK,ENABLED,NOT DEFERRABLE,IMMEDIATE,,MC_CONV_ID
MC_TIPO_REQUISITO,MC_TIPO_REQUISITO_PK,P,PRIMARY KEY,ENABLED,NOT DEFERRABLE,IMMEDIATE,,ID
MC_TIPO_REQUISITO,MC_TIPO_REQUISITO_FK_CNV_ID,R,FOREIGN KEY,ENABLED,NOT DEFERRABLE,IMMEDIATE,MC_CONVOCATORIA_PK,MC_CONV_ID
MC_TITULACION,SYS_C0022133,C,CHECK,ENABLED,NOT DEFERRABLE,IMMEDIATE,,ID
MC_TITULACION,SYS_C0022134,C,CHECK,ENABLED,NOT DEFERRABLE,IMMEDIATE,,NOMBRE
MC_TITULACION,SYS_C0022135,C,CHECK,ENABLED,NOT DEFERRABLE,IMMEDIATE,,FCH_CREACION
MC_TITULACION,SYS_C0022136,C,CHECK,ENABLED,NOT DEFERRABLE,IMMEDIATE,,FUN_ID
MC_TITULACION,MC_TITULACION_PK,P,PRIMARY KEY,ENABLED,NOT DEFERRABLE,IMMEDIATE,,ID
MC_TITULACION,MC_TITULACION_FK_FUN_ID,R,FOREIGN KEY,ENABLED,NOT DEFERRABLE,IMMEDIATE,FUN_PK,FUN_ID
MEDICION_CONEXIONES,SYS_C0021630,C,CHECK,ENABLED,NOT DEFERRABLE,IMMEDIATE,,SID
MEDICION_CONEXIONES,SYS_C0021631,C,CHECK,ENABLED,NOT DEFERRABLE,IMMEDIATE,,STATUS
MEDICION_CONEXIONES,SYS_C0021632,C,CHECK,ENABLED,NOT DEFERRABLE,IMMEDIATE,,LOGON_TIME
MED_BUSQUEDA_EMPLEO,MBE_ID_NULL,C,CHECK,ENABLED,NOT DEFERRABLE,IMMEDIATE,,MBE_ID
MED_BUSQUEDA_EMPLEO,MBE_NOMBRE_NULL,C,CHECK,ENABLED,NOT DEFERRABLE,IMMEDIATE,,MBE_NOMBRE
MED_BUSQUEDA_EMPLEO,MBE_PK,P,PRIMARY KEY,ENABLED,NOT DEFERRABLE,IMMEDIATE,,MBE_ID
META_TABLA,GMT_MTT_NULL,C,CHECK,ENABLED,NOT DEFERRABLE,IMMEDIATE,,GMT_ID
META_TABLA,MTT_DESCRIPCION_NULL,C,CHECK,ENABLED,NOT DEFERRABLE,IMMEDIATE,,MTT_DESCRIPCION
META_TABLA,MTT_ID_NULL,C,CHECK,ENABLED,NOT DEFERRABLE,IMMEDIATE,,MTT_ID
META_TABLA,MTT_NOMBRE_NULL,C,CHECK,ENABLED,NOT DEFERRABLE,IMMEDIATE,,MTT_NOMBRE
META_TABLA,MTT_PK,P,PRIMARY KEY,ENABLED,NOT DEFERRABLE,IMMEDIATE,,MTT_ID
META_TABLA,GMT_MTT_FK,R,FOREIGN KEY,ENABLED,NOT DEFERRABLE,IMMEDIATE,GMT_PK,GMT_ID
METODOLOGIA,MET_ID_NULL,C,CHECK,ENABLED,NOT DEFERRABLE,IMMEDIATE,,MET_ID
METODOLOGIA,MET_NOMBRE_NULL,C,CHECK,ENABLED,NOT DEFERRABLE,IMMEDIATE,,MET_NOMBRE
METODOLOGIA,MET_PK,P,PRIMARY KEY,ENABLED,NOT DEFERRABLE,IMMEDIATE,,MET_ID
MINTRABAJO_PUNTO,SYS_C0022801,C,CHECK,ENABLED,NOT DEFERRABLE,IMMEDIATE,,REG_ID
MINTRABAJO_PUNTO,SYS_C0022802,C,CHECK,ENABLED,NOT DEFERRABLE,IMMEDIATE,,MTP_PUNTO
MINTRABAJO_PUNTO,MINTRABAJO_PUNTO_PK,P,PRIMARY KEY,ENABLED,NOT DEFERRABLE,IMMEDIATE,,REG_ID
MINTRABAJO_SUELDO,SYS_C0021776,C,CHECK,ENABLED,NOT DEFERRABLE,IMMEDIATE,,SUE_ID
MINTRABAJO_SUELDO,SYS_C0021777,C,CHECK,ENABLED,NOT DEFERRABLE,IMMEDIATE,,MINS_ID
MINTRABAJO_SUELDO,SYS_C0021778,C,CHECK,ENABLED,NOT DEFERRABLE,IMMEDIATE,,MINS_DESCRIPCION
MINTRABAJO_SUELDO,MINS_PK,P,PRIMARY KEY,ENABLED,NOT DEFERRABLE,IMMEDIATE,,SUE_ID
MINTRABAJO_TIPO_DOC,SYS_C0023577,C,CHECK,ENABLED,NOT DEFERRABLE,IMMEDIATE,,TDI_ID
MINTRABAJO_TIPO_DOC,SYS_C0023578,C,CHECK,ENABLED,NOT DEFERRABLE,IMMEDIATE,,MINT_ABREVIATURA
MINTRABAJO_TIPO_DOC,MINT_PK,P,PRIMARY KEY,ENABLED,NOT DEFERRABLE,IMMEDIATE,,TDI_ID
MODALIDAD,MOD_ID_NULL,C,CHECK,ENABLED,NOT DEFERRABLE,IMMEDIATE,,MOD_ID
MODALIDAD,MOD_NOMBRE_NULL,C,CHECK,ENABLED,NOT DEFERRABLE,IMMEDIATE,,MOD_NOMBRE
MODALIDAD,NIA_MOD_NULL,C,CHECK,ENABLED,NOT DEFERRABLE,IMMEDIATE,,NIA_ID
MODALIDAD,MOD_PK,P,PRIMARY KEY,ENABLED,NOT DEFERRABLE,IMMEDIATE,,MOD_ID
MODALIDAD,NIA_MOD_FK,R,FOREIGN KEY,ENABLED,NOT DEFERRABLE,IMMEDIATE,NIA_PK,NIA_ID
MUNICIPIO,DPT_MPO_NULL,C,CHECK,ENABLED,NOT DEFERRABLE,IMMEDIATE,,DPT_ID
MUNICIPIO,MPO_ID_NULL,C,CHECK,ENABLED,NOT DEFERRABLE,IMMEDIATE,,MPO_ID
MUNICIPIO,MPO_NOMBRE_NULL,C,CHECK,ENABLED,NOT DEFERRABLE,IMMEDIATE,,MPO_NOMBRE
MUNICIPIO,MPO_PK,P,PRIMARY KEY,ENABLED,NOT DEFERRABLE,IMMEDIATE,,MPO_ID
MUNICIPIO,DPT_MPO_FK,R,FOREIGN KEY,ENABLED,NOT DEFERRABLE,IMMEDIATE,DPT_PK,DPT_ID
NIVEL_ACADEMICO,DUR_NIA_NULL,C,CHECK,ENABLED,NOT DEFERRABLE,IMMEDIATE,,DUR_ID
NIVEL_ACADEMICO,NIA_ABREVIATURA_NULL,C,CHECK,ENABLED,NOT DEFERRABLE,IMMEDIATE,,NIA_ABREVIATURA
NIVEL_ACADEMICO,NIA_FIN_NULL,C,CHECK,ENABLED,NOT DEFERRABLE,IMMEDIATE,,NIA_FIN
NIVEL_ACADEMICO,NIA_ID_NULL,C,CHECK,ENABLED,NOT DEFERRABLE,IMMEDIATE,,NIA_ID
NIVEL_ACADEMICO,NIA_INI_NULL,C,CHECK,ENABLED,NOT DEFERRABLE,IMMEDIATE,,NIA_INI
NIVEL_ACADEMICO,NIA_NOMBRE_NULL,C,CHECK,ENABLED,NOT DEFERRABLE,IMMEDIATE,,NIA_NOMBRE
NIVEL_ACADEMICO,NIA_ORDEN_NULL,C,CHECK,ENABLED,NOT DEFERRABLE,IMMEDIATE,,NIA_ORDEN
NIVEL_ACADEMICO,NIV_NIA_NULL,C,CHECK,ENABLED,NOT DEFERRABLE,IMMEDIATE,,NIV_ID
NIVEL_ACADEMICO,SYS_C0022586,C,CHECK,ENABLED,NOT DEFERRABLE,IMMEDIATE,,NIA_SNIES_MOD
NIVEL_ACADEMICO,SYS_C0022587,C,CHECK,ENABLED,NOT DEFERRABLE,IMMEDIATE,,NIA_CRUCE
NIVEL_ACADEMICO,NIA_PK,P,PRIMARY KEY,ENABLED,NOT DEFERRABLE,IMMEDIATE,,NIA_ID
NIVEL_ACADEMICO,DUR_NIA_FK,R,FOREIGN KEY,ENABLED,NOT DEFERRABLE,IMMEDIATE,DUR_PK,DUR_ID
NIVEL_ACADEMICO,NIV_NIA_FK,R,FOREIGN KEY,ENABLED,NOT DEFERRABLE,IMMEDIATE,NIV_PK,NIV_ID
NIVEL_ACADEMICO,NIA_ORDEN_UK_UC,U,UNIQUE,ENABLED,NOT DEFERRABLE,IMMEDIATE,,NIA_ORDEN
NIVEL_CUALIFICACION,NIC_DESCRIPCION_NULL,C,CHECK,ENABLED,NOT DEFERRABLE,IMMEDIATE,,NIC_DESCRIPCION
NIVEL_CUALIFICACION,NIC_ID_NULL,C,CHECK,ENABLED,NOT DEFERRABLE,IMMEDIATE,,NIC_ID
NIVEL_CUALIFICACION,NIC_NOMBRE_NULL,C,CHECK,ENABLED,NOT DEFERRABLE,IMMEDIATE,,NIC_NOMBRE
NIVEL_CUALIFICACION,NIC_PK,P,PRIMARY KEY,ENABLED,NOT DEFERRABLE,IMMEDIATE,,NIC_ID
NIVEL_CUALIFICACION_NUM,NIC_NIM_NULL,C,CHECK,ENABLED,NOT DEFERRABLE,IMMEDIATE,,NIC_ID
NIVEL_CUALIFICACION_NUM,NIM_ID_NULL,C,CHECK,ENABLED,NOT DEFERRABLE,IMMEDIATE,,NIM_ID
NIVEL_CUALIFICACION_NUM,NIM_PK,P,PRIMARY KEY,ENABLED,NOT DEFERRABLE,IMMEDIATE,,NIM_ID
NIVEL_CUALIFICACION_NUM,NIC_NIM_FK,R,FOREIGN KEY,ENABLED,NOT DEFERRABLE,IMMEDIATE,NIC_PK,NIC_ID
NIVEL_ESCOLAR,NIV_ID_NULL,C,CHECK,ENABLED,NOT DEFERRABLE,IMMEDIATE,,NIV_ID
NIVEL_ESCOLAR,NIV_NOMBRE_NULL,C,CHECK,ENABLED,NOT DEFERRABLE,IMMEDIATE,,NIV_NOMBRE
NIVEL_ESCOLAR,NIV_PK,P,PRIMARY KEY,ENABLED,NOT DEFERRABLE,IMMEDIATE,,NIV_ID
OCUPACION,CAO_OCU_NULL,C,CHECK,ENABLED,NOT DEFERRABLE,IMMEDIATE,,CAO_ID
OCUPACION,OCU_DESCRIPCION_NULL,C,CHECK,ENABLED,NOT DEFERRABLE,IMMEDIATE,,OCU_DESCRIPCION
OCUPACION,OCU_ID_NULL,C,CHECK,ENABLED,NOT DEFERRABLE,IMMEDIATE,,OCU_ID
OCUPACION,OCU_NOMBRE_NULL,C,CHECK,ENABLED,NOT DEFERRABLE,IMMEDIATE,,OCU_NOMBRE
OCUPACION,OCU_PK,P,PRIMARY KEY,ENABLED,NOT DEFERRABLE,IMMEDIATE,,OCU_ID
OCUPACION,CAO_OCU_FK,R,FOREIGN KEY,ENABLED,NOT DEFERRABLE,IMMEDIATE,CAO_PK,CAO_ID
OCUPACION_RELACIONADA,SYS_C0021573,C,CHECK,ENABLED,NOT DEFERRABLE,IMMEDIATE,,ORE_ID
OCUPACION_RELACIONADA,SYS_C0021574,C,CHECK,ENABLED,NOT DEFERRABLE,IMMEDIATE,,OCU_ID_BASE
OCUPACION_RELACIONADA,SYS_C0021575,C,CHECK,ENABLED,NOT DEFERRABLE,IMMEDIATE,,OCU_ID_RELACIONADA
OCUPACION_RELACIONADA,SYS_C0021576,C,CHECK,ENABLED,NOT DEFERRABLE,IMMEDIATE,,ORE_FECHA_REGISTRO
OCUPACION_RELACIONADA,PK_ORE_ID,P,PRIMARY KEY,ENABLED,NOT DEFERRABLE,IMMEDIATE,,ORE_ID
OCUPACION_RELACIONADA,FK_FUN_ID_ORE,R,FOREIGN KEY,ENABLED,NOT DEFERRABLE,IMMEDIATE,FUN_PK,FUN_ID
OCUPACION_RELACIONADA,FK_OCU_ID_BASE_ORE,R,FOREIGN KEY,ENABLED,NOT DEFERRABLE,IMMEDIATE,OCU_PK,OCU_ID_BASE
OCUPACION_RELACIONADA,FK_OCU_ID_RELACIONADA_ORE,R,FOREIGN KEY,ENABLED,NOT DEFERRABLE,IMMEDIATE,OCU_PK,OCU_ID_RELACIONADA
OCUPACION_RELACIONADA,UQ_FK_OCU_BASE_RELA,U,UNIQUE,ENABLED,NOT DEFERRABLE,IMMEDIATE,,"OCU_ID_BASE,OCU_ID_RELACIONADA"
OFERTA,ESC_OFT_NULL,C,CHECK,ENABLED,NOT DEFERRABLE,IMMEDIATE,,ESC_ID
OFERTA,ETR_OFT_NULL,C,CHECK,ENABLED,NOT DEFERRABLE,IMMEDIATE,,ETR_ID
OFERTA,OFT_AUTORIZACION_CHK,C,CHECK,ENABLED,NOT DEFERRABLE,IMMEDIATE,,OFT_AUTORIZACION
OFERTA,OFT_AUTORIZACION_NULL,C,CHECK,ENABLED,NOT DEFERRABLE,IMMEDIATE,,OFT_AUTORIZACION
OFERTA,OFT_CLAVE_NULL,C,CHECK,ENABLED,NOT DEFERRABLE,IMMEDIATE,,OFT_CLAVE
OFERTA,OFT_DIRECCION_NULL,C,CHECK,ENABLED,NOT DEFERRABLE,IMMEDIATE,,OFT_DIRECCION
OFERTA,OFT_FCH_NACIMIENTO_NULL,C,CHECK,ENABLED,NOT DEFERRABLE,IMMEDIATE,,OFT_FCH_NACIMIENTO
OFERTA,OFT_GENERO_CHK,C,CHECK,ENABLED,NOT DEFERRABLE,IMMEDIATE,,OFT_GENERO
OFERTA,OFT_GENERO_NULL,C,CHECK,ENABLED,NOT DEFERRABLE,IMMEDIATE,,OFT_GENERO
OFERTA,OFT_IDENTIFICACION_NULL,C,CHECK,ENABLED,NOT DEFERRABLE,IMMEDIATE,,OFT_IDENTIFICACION
OFERTA,OFT_ID_NULL,C,CHECK,ENABLED,NOT DEFERRABLE,IMMEDIATE,,OFT_ID
OFERTA,OFT_LIB_MILITAR_CHK,C,CHECK,ENABLED,NOT DEFERRABLE,IMMEDIATE,,OFT_LIB_MILITAR
OFERTA,OFT_LIB_MILITAR_NULL,C,CHECK,ENABLED,NOT DEFERRABLE,IMMEDIATE,,OFT_LIB_MILITAR
OFERTA,OFT_MED_INSCRIPCION_CHK,C,CHECK,ENABLED,NOT DEFERRABLE,IMMEDIATE,,OFT_MED_INSCRIPCION
OFERTA,OFT_MED_INSCRIPCION_NULL,C,CHECK,ENABLED,NOT DEFERRABLE,IMMEDIATE,,OFT_MED_INSCRIPCION
OFERTA,OFT_NOMBRES_NULL,C,CHECK,ENABLED,NOT DEFERRABLE,IMMEDIATE,,OFT_NOMBRES
OFERTA,OFT_PERSONAS_CARGO_NULL,C,CHECK,ENABLED,NOT DEFERRABLE,IMMEDIATE,,OFT_PERSONAS_CARGO
OFERTA,OFT_PREGUNTA_NULL,C,CHECK,ENABLED,NOT DEFERRABLE,IMMEDIATE,,OFT_PREGUNTA
OFERTA,OFT_PRIMER_APELLIDO_NULL,C,CHECK,ENABLED,NOT DEFERRABLE,IMMEDIATE,,OFT_PRIMER_APELLIDO
OFERTA,OFT_RESPUESTA_NULL,C,CHECK,ENABLED,NOT DEFERRABLE,IMMEDIATE,,OFT_RESPUESTA
OFERTA,OFT_SISBEN_NIVEL_CHK,C,CHECK,ENABLED,NOT DEFERRABLE,IMMEDIATE,,OFT_SISBEN_NIVEL
OFERTA,OFT_SISBEN_TIPO_CHK,C,CHECK,ENABLED,NOT DEFERRABLE,IMMEDIATE,,OFT_SISBEN_TIPO
OFERTA,OFT_SUELDO_ACEPTARIA_NULL,C,CHECK,ENABLED,NOT DEFERRABLE,IMMEDIATE,,OFT_SUELDO_ACEPTARIA
OFERTA,OFT_TIEMPO_BUSQUEDA_NULL,C,CHECK,ENABLED,NOT DEFERRABLE,IMMEDIATE,,OFT_TIEMPO_BUSQUEDA
OFERTA,PAI_OFT_NULL,C,CHECK,ENABLED,NOT DEFERRABLE,IMMEDIATE,,PAI_ID
OFERTA,REG_OFT_NULL,C,CHECK,ENABLED,NOT DEFERRABLE,IMMEDIATE,,REG_ID
OFERTA,TDI_OFT_NULL,C,CHECK,ENABLED,NOT DEFERRABLE,IMMEDIATE,,TDI_ID
OFERTA,OFT_PK,P,PRIMARY KEY,ENABLED,NOT DEFERRABLE,IMMEDIATE,,OFT_ID
OFERTA,BAR_OFT_FK,R,FOREIGN KEY,ENABLED,NOT DEFERRABLE,IMMEDIATE,BAR_PK,BAR_ID
OFERTA,CSPEA_OFT_FK,R,FOREIGN KEY,ENABLED,NOT DEFERRABLE,IMMEDIATE,CSPE_PK,CSPE_ID_ACTUALIZA
OFERTA,CSPE_OFT_FK,R,FOREIGN KEY,ENABLED,NOT DEFERRABLE,IMMEDIATE,CSPE_PK,CSPE_ID
OFERTA,DPT_OFT_FK,R,FOREIGN KEY,ENABLED,NOT DEFERRABLE,IMMEDIATE,DPT_PK,DPT_ID
OFERTA,ESC_OFT_FK,R,FOREIGN KEY,ENABLED,NOT DEFERRABLE,IMMEDIATE,ESC_PK,ESC_ID
OFERTA,ETR_OFT_FK,R,FOREIGN KEY,ENABLED,NOT DEFERRABLE,IMMEDIATE,ETR_PK,ETR_ID
OFERTA,EVENTO,R,FOREIGN KEY,ENABLED,NOT DEFERRABLE,IMMEDIATE,EVENTOS_PK,OFT_EVENTO
OFERTA,FUA_OFT_FK,R,FOREIGN KEY,ENABLED,NOT DEFERRABLE,IMMEDIATE,FUN_PK,FUN_ID_ACTUALIZA
OFERTA,FUN_OFT_FK,R,FOREIGN KEY,ENABLED,NOT DEFERRABLE,IMMEDIATE,FUN_PK,FUN_ID
OFERTA,MPO_IDENTIFICACION_OFT_FK,R,FOREIGN KEY,ENABLED,NOT DEFERRABLE,IMMEDIATE,MPO_PK,OFT_IDENTIFICACION_MPO
OFERTA,MPO_NACIMIENTO_FK,R,FOREIGN KEY,ENABLED,NOT DEFERRABLE,IMMEDIATE,MPO_PK,OFT_NACIMIENTO_MPO
OFERTA,MPO_OFT_FK,R,FOREIGN KEY,ENABLED,NOT DEFERRABLE,IMMEDIATE,MPO_PK,MPO_ID
OFERTA,OFT_SISBEN_MPO_FK,R,FOREIGN KEY,ENABLED,NOT DEFERRABLE,IMMEDIATE,MPO_PK,OFT_SISBEN_MPO
OFERTA,PAI_OFT_FK,R,FOREIGN KEY,ENABLED,NOT DEFERRABLE,IMMEDIATE,PAI_PK,PAI_ID
OFERTA,PSF_OFT_FK,R,FOREIGN KEY,ENABLED,NOT DEFERRABLE,IMMEDIATE,PSF_PK,PSF_ID
OFERTA,REG_OFT_FK,R,FOREIGN KEY,ENABLED,NOT DEFERRABLE,IMMEDIATE,REG_PK,REG_ID
OFERTA,SUE_OFT_FK,R,FOREIGN KEY,ENABLED,NOT DEFERRABLE,IMMEDIATE,SUE_PK,SUE_ID
OFERTA,TDI_OFT_FK,R,FOREIGN KEY,ENABLED,NOT DEFERRABLE,IMMEDIATE,TDI_PK,TDI_ID
OFERTA,ZON_OFT_FK,R,FOREIGN KEY,ENABLED,NOT DEFERRABLE,IMMEDIATE,ZON_PK,ZON_ID
OFERTA,OFT_IDENTIFICACION_UK_UC,U,UNIQUE,ENABLED,NOT DEFERRABLE,IMMEDIATE,,OFT_IDENTIFICACION
OFERTA_ANULADA,AOF_AUTORIZACION_CHK,C,CHECK,ENABLED,NOT DEFERRABLE,IMMEDIATE,,OFT_AUTORIZACION
OFERTA_ANULADA,AOF_AUTORIZACION_NULL,C,CHECK,ENABLED,NOT DEFERRABLE,IMMEDIATE,,OFT_AUTORIZACION
OFERTA_ANULADA,AOF_CLAVE_NULL,C,CHECK,ENABLED,NOT DEFERRABLE,IMMEDIATE,,OFT_CLAVE
OFERTA_ANULADA,AOF_DIRECCION_NULL,C,CHECK,ENABLED,NOT DEFERRABLE,IMMEDIATE,,OFT_DIRECCION
OFERTA_ANULADA,AOF_FCH_NACIMIENTO_NULL,C,CHECK,ENABLED,NOT DEFERRABLE,IMMEDIATE,,OFT_FCH_NACIMIENTO
OFERTA_ANULADA,AOF_GENERO_CHK,C,CHECK,ENABLED,NOT DEFERRABLE,IMMEDIATE,,OFT_GENERO
OFERTA_ANULADA,AOF_GENERO_NULL,C,CHECK,ENABLED,NOT DEFERRABLE,IMMEDIATE,,OFT_GENERO
OFERTA_ANULADA,AOF_IDENTIFICACION_NULL,C,CHECK,ENABLED,NOT DEFERRABLE,IMMEDIATE,,OFT_IDENTIFICACION
OFERTA_ANULADA,AOF_ID_NULL,C,CHECK,ENABLED,NOT DEFERRABLE,IMMEDIATE,,OFT_ID
OFERTA_ANULADA,AOF_LIB_MILITAR_CHK,C,CHECK,ENABLED,NOT DEFERRABLE,IMMEDIATE,,OFT_LIB_MILITAR
OFERTA_ANULADA,AOF_LIB_MILITAR_NULL,C,CHECK,ENABLED,NOT DEFERRABLE,IMMEDIATE,,OFT_LIB_MILITAR
OFERTA_ANULADA,AOF_MED_INSCRIPCION_CHK,C,CHECK,ENABLED,NOT DEFERRABLE,IMMEDIATE,,OFT_MED_INSCRIPCION
OFERTA_ANULADA,AOF_MED_INSCRIPCION_NULL,C,CHECK,ENABLED,NOT DEFERRABLE,IMMEDIATE,,OFT_MED_INSCRIPCION
OFERTA_ANULADA,AOF_NOMBRES_NULL,C,CHECK,ENABLED,NOT DEFERRABLE,IMMEDIATE,,OFT_NOMBRES
OFERTA_ANULADA,AOF_PERSONAS_CARGO_NULL,C,CHECK,ENABLED,NOT DEFERRABLE,IMMEDIATE,,OFT_PERSONAS_CARGO
OFERTA_ANULADA,AOF_PREGUNTA_NULL,C,CHECK,ENABLED,NOT DEFERRABLE,IMMEDIATE,,OFT_PREGUNTA
OFERTA_ANULADA,AOF_PRIMER_APELLIDO_NULL,C,CHECK,ENABLED,NOT DEFERRABLE,IMMEDIATE,,OFT_PRIMER_APELLIDO
OFERTA_ANULADA,AOF_RESPUESTA_NULL,C,CHECK,ENABLED,NOT DEFERRABLE,IMMEDIATE,,OFT_RESPUESTA
OFERTA_ANULADA,AOF_SISBEN_NIVEL_CHK,C,CHECK,ENABLED,NOT DEFERRABLE,IMMEDIATE,,OFT_SISBEN_NIVEL
OFERTA_ANULADA,AOF_SISBEN_TIPO_CHK,C,CHECK,ENABLED,NOT DEFERRABLE,IMMEDIATE,,OFT_SISBEN_TIPO
OFERTA_ANULADA,AOF_SUELDO_ACEPTARIA_NULL,C,CHECK,ENABLED,NOT DEFERRABLE,IMMEDIATE,,OFT_SUELDO_ACEPTARIA
OFERTA_ANULADA,AOF_TEL_NULL,C,CHECK,ENABLED,NOT DEFERRABLE,IMMEDIATE,,OFT_TEL
OFERTA_ANULADA,AOF_TIEMPO_BUSQUEDA_NULL,C,CHECK,ENABLED,NOT DEFERRABLE,IMMEDIATE,,OFT_TIEMPO_BUSQUEDA
OFERTA_ANULADA,CSPE_AOF_NULL,C,CHECK,ENABLED,NOT DEFERRABLE,IMMEDIATE,,CSPE_ID
OFERTA_ANULADA,ESC_AOF_NULL,C,CHECK,ENABLED,NOT DEFERRABLE,IMMEDIATE,,ESC_ID
OFERTA_ANULADA,ETR_AOF_NULL,C,CHECK,ENABLED,NOT DEFERRABLE,IMMEDIATE,,ETR_ID
OFERTA_ANULADA,FUN_AOF_NULL,C,CHECK,ENABLED,NOT DEFERRABLE,IMMEDIATE,,FUN_ID
OFERTA_ANULADA,PAI_AOF_NULL,C,CHECK,ENABLED,NOT DEFERRABLE,IMMEDIATE,,PAI_ID
OFERTA_ANULADA,PSF_AOF_NULL,C,CHECK,ENABLED,NOT DEFERRABLE,IMMEDIATE,,PSF_ID
OFERTA_ANULADA,REG_AOF_NULL,C,CHECK,ENABLED,NOT DEFERRABLE,IMMEDIATE,,REG_ID
OFERTA_ANULADA,TDI_AOF_NULL,C,CHECK,ENABLED,NOT DEFERRABLE,IMMEDIATE,,TDI_ID
OFERTA_ANULADA,AOF_PK,P,PRIMARY KEY,ENABLED,NOT DEFERRABLE,IMMEDIATE,,OFT_ID
OFERTA_ANULADA,AOF_SISBEN_MPO_FK,R,FOREIGN KEY,ENABLED,NOT DEFERRABLE,IMMEDIATE,MPO_PK,OFT_SISBEN_MPO
OFERTA_ANULADA,BAR_AOF_FK,R,FOREIGN KEY,ENABLED,NOT DEFERRABLE,IMMEDIATE,BAR_PK,BAR_ID
OFERTA_ANULADA,CSPEA_AOF_FK,R,FOREIGN KEY,ENABLED,NOT DEFERRABLE,IMMEDIATE,CSPE_PK,CSPE_ID_ACTUALIZA
OFERTA_ANULADA,CSPE_AOF_FK,R,FOREIGN KEY,ENABLED,NOT DEFERRABLE,IMMEDIATE,CSPE_PK,CSPE_ID
OFERTA_ANULADA,DPT_AOF_FK,R,FOREIGN KEY,ENABLED,NOT DEFERRABLE,IMMEDIATE,DPT_PK,DPT_ID
OFERTA_ANULADA,ESC_AOF_FK,R,FOREIGN KEY,ENABLED,NOT DEFERRABLE,IMMEDIATE,ESC_PK,ESC_ID
OFERTA_ANULADA,ETR_AOF_FK,R,FOREIGN KEY,ENABLED,NOT DEFERRABLE,IMMEDIATE,ETR_PK,ETR_ID
OFERTA_ANULADA,FUA_AOF_FK,R,FOREIGN KEY,ENABLED,NOT DEFERRABLE,IMMEDIATE,FUN_PK,FUN_ID_ACTUALIZA
OFERTA_ANULADA,FUN_AOF_FK,R,FOREIGN KEY,ENABLED,NOT DEFERRABLE,IMMEDIATE,FUN_PK,FUN_ID
OFERTA_ANULADA,MPO_AOF_FK,R,FOREIGN KEY,ENABLED,NOT DEFERRABLE,IMMEDIATE,MPO_PK,MPO_ID
OFERTA_ANULADA,MPO_IDENTIFICACION_AOF_FK,R,FOREIGN KEY,ENABLED,NOT DEFERRABLE,IMMEDIATE,MPO_PK,OFT_IDENTIFICACION_MPO
OFERTA_ANULADA,MPO_NACIMIENTO_AOF_FK,R,FOREIGN KEY,ENABLED,NOT DEFERRABLE,IMMEDIATE,MPO_PK,OFT_NACIMIENTO_MPO
OFERTA_ANULADA,PAI_AOF_FK,R,FOREIGN KEY,ENABLED,NOT DEFERRABLE,IMMEDIATE,PAI_PK,PAI_ID
OFERTA_ANULADA,PSF_AOF_FK,R,FOREIGN KEY,ENABLED,NOT DEFERRABLE,IMMEDIATE,PSF_PK,PSF_ID
OFERTA_ANULADA,REG_AOF_FK,R,FOREIGN KEY,ENABLED,NOT DEFERRABLE,IMMEDIATE,REG_PK,REG_ID
OFERTA_ANULADA,TDI_AOF_FK,R,FOREIGN KEY,ENABLED,NOT DEFERRABLE,IMMEDIATE,TDI_PK,TDI_ID
OFERTA_ANULADA,ZON_AOF_FK,R,FOREIGN KEY,ENABLED,NOT DEFERRABLE,IMMEDIATE,ZON_PK,ZON_ID
OFERTA_CURSO,SYS_C0022036,C,CHECK,ENABLED,NOT DEFERRABLE,IMMEDIATE,,OFT_ID
OFERTA_CURSO,SYS_C0022037,C,CHECK,ENABLED,NOT DEFERRABLE,IMMEDIATE,,OCS_FICHA_ID
OFERTA_CURSO,SYS_C0022038,C,CHECK,ENABLED,NOT DEFERRABLE,IMMEDIATE,,OCS_FCH_INSCRIPCION
OFERTA_CURSO,SYS_C0022039,C,CHECK,ENABLED,NOT DEFERRABLE,IMMEDIATE,,OCS_ID
OFERTA_CURSO,OFERTA_CURSO_PK,P,PRIMARY KEY,ENABLED,NOT DEFERRABLE,IMMEDIATE,,OCS_ID
OFERTA_SOFIA,SYS_C0022390,C,CHECK,ENABLED,NOT DEFERRABLE,IMMEDIATE,,OFT_ID
OFERTA_SOFIA,SYS_C0022391,C,CHECK,ENABLED,NOT DEFERRABLE,IMMEDIATE,,NIS_ID
OFERTA_SOFIA,OFERTA_SOFIA_PK,P,PRIMARY KEY,ENABLED,NOT DEFERRABLE,IMMEDIATE,,OFT_ID
OFTXMBE,MBE_OMB_NULL,C,CHECK,ENABLED,NOT DEFERRABLE,IMMEDIATE,,MBE_ID
OFTXMBE,OFT_OMB_NULL,C,CHECK,ENABLED,NOT DEFERRABLE,IMMEDIATE,,OFT_ID
OFTXMBE,OMB_ID_NULL,C,CHECK,ENABLED,NOT DEFERRABLE,IMMEDIATE,,OMB_ID
OFTXMBE,OMB_PRIORIDAD_NULL,C,CHECK,ENABLED,NOT DEFERRABLE,IMMEDIATE,,OMB_PRIORIDAD
OFTXMBE,OMB_PK,P,PRIMARY KEY,ENABLED,NOT DEFERRABLE,IMMEDIATE,,OMB_ID
OFTXMBE,MBE_OMB_FK,R,FOREIGN KEY,ENABLED,NOT DEFERRABLE,IMMEDIATE,MBE_PK,MBE_ID
OFTXMBE,OFT_OMB_FK,R,FOREIGN KEY,ENABLED,NOT DEFERRABLE,IMMEDIATE,OFT_PK,OFT_ID
OFTXMBE,OFTXMBE_UK_UC,U,UNIQUE,ENABLED,NOT DEFERRABLE,IMMEDIATE,,"MBE_ID,OFT_ID"
OFTXPES,OFT_PES_NULL,C,CHECK,ENABLED,NOT DEFERRABLE,IMMEDIATE,,OFT_ID
OFTXPES,OPE_FCH_REGISTRO_NULL,C,CHECK,ENABLED,NOT DEFERRABLE,IMMEDIATE,,OPE_FCH_REGISTRO
OFTXPES,OPE_ID_NULL,C,CHECK,ENABLED,NOT DEFERRABLE,IMMEDIATE,,OPE_ID
OFTXPES,PES_OFT_NULL,C,CHECK,ENABLED,NOT DEFERRABLE,IMMEDIATE,,PES_ID
OFTXPES,OPE_PK,P,PRIMARY KEY,ENABLED,NOT DEFERRABLE,IMMEDIATE,,OPE_ID
OFTXPES,CSPE_OPE_FK,R,FOREIGN KEY,ENABLED,NOT DEFERRABLE,IMMEDIATE,CSPE_PK,CSPE_ID
OFTXPES,FUN_OPE_FK,R,FOREIGN KEY,ENABLED,NOT DEFERRABLE,IMMEDIATE,FUN_PK,FUN_ID
OFTXPES,OFT_OPE_FK,R,FOREIGN KEY,ENABLED,NOT DEFERRABLE,IMMEDIATE,OFT_PK,OFT_ID
OFTXPES,PES_OPE_FK,R,FOREIGN KEY,ENABLED,NOT DEFERRABLE,IMMEDIATE,PES_PK,PES_ID
OFTXPES,OFTXPES_UK_UC,U,UNIQUE,ENABLED,NOT DEFERRABLE,IMMEDIATE,,"OFT_ID,PES_ID"
OFT_COMP_LABORAL,SYS_C0023605,C,CHECK,ENABLED,NOT DEFERRABLE,IMMEDIATE,,OCL_ID
OFT_COMP_LABORAL,SYS_C0023606,C,CHECK,ENABLED,NOT DEFERRABLE,IMMEDIATE,,CPL_ID
OFT_COMP_LABORAL,SYS_C0023607,C,CHECK,ENABLED,NOT DEFERRABLE,IMMEDIATE,,OFT_ID
OFT_COMP_LABORAL,OCL_PK,P,PRIMARY KEY,ENABLED,NOT DEFERRABLE,IMMEDIATE,,OCL_ID
OFT_COMP_LABORAL,OCL_CPL_FK,R,FOREIGN KEY,ENABLED,NOT DEFERRABLE,IMMEDIATE,CPL_PK,CPL_ID
OFT_COMP_LABORAL,OCL_OFT_FK,R,FOREIGN KEY,ENABLED,NOT DEFERRABLE,IMMEDIATE,OFT_PK,OFT_ID
OFT_CORREO_DEM,DEM_OED_NULL,C,CHECK,ENABLED,NOT DEFERRABLE,IMMEDIATE,,DEM_ID
OFT_CORREO_DEM,OED_FCH_REGISTRO_NULL,C,CHECK,ENABLED,NOT DEFERRABLE,IMMEDIATE,,OCD_FCH_REGISTRO
OFT_CORREO_DEM,OFT_OED_NULL,C,CHECK,ENABLED,NOT DEFERRABLE,IMMEDIATE,,OFT_ID
OFT_CORREO_DEM,DEM_OED_FK,R,FOREIGN KEY,ENABLED,NOT DEFERRABLE,IMMEDIATE,DEM_PK,DEM_ID
OFT_CORREO_DEM,OFT_OED_FK,R,FOREIGN KEY,ENABLED,NOT DEFERRABLE,IMMEDIATE,OFT_PK,OFT_ID
OFT_CORREO_DEM,OFT_OED_DEM_UK_UC,U,UNIQUE,ENABLED,NOT DEFERRABLE,IMMEDIATE,,"OFT_ID,DEM_ID"
OFT_CTL_CONSULTA_CUR,CUR_OCC_NULL,C,CHECK,ENABLED,NOT DEFERRABLE,IMMEDIATE,,CUR_ID
OFT_CTL_CONSULTA_CUR,OCC_FCH_CONSULTA_NULL,C,CHECK,ENABLED,NOT DEFERRABLE,IMMEDIATE,,OCC_FCH_CONSULTA
OFT_CTL_CONSULTA_CUR,OCC_ID_NULL,C,CHECK,ENABLED,NOT DEFERRABLE,IMMEDIATE,,OCC_ID
OFT_CTL_CONSULTA_CUR,OCC_MEDIO_CHK,C,CHECK,ENABLED,NOT DEFERRABLE,IMMEDIATE,,OCC_MEDIO
OFT_CTL_CONSULTA_CUR,OCC_MEDIO_NULL,C,CHECK,ENABLED,NOT DEFERRABLE,IMMEDIATE,,OCC_MEDIO
OFT_CTL_CONSULTA_CUR,OFT_OCC_NULL,C,CHECK,ENABLED,NOT DEFERRABLE,IMMEDIATE,,OFT_ID
OFT_CTL_CONSULTA_CUR,OCC_PK,P,PRIMARY KEY,ENABLED,NOT DEFERRABLE,IMMEDIATE,,OCC_ID
OFT_CTL_CONSULTA_CUR,CUR_OCC_FK,R,FOREIGN KEY,ENABLED,NOT DEFERRABLE,IMMEDIATE,CUR_PK,CUR_ID
OFT_CTL_CONSULTA_CUR,ECN_OCC_FK,R,FOREIGN KEY,ENABLED,NOT DEFERRABLE,IMMEDIATE,ECN_PK,ECN_ID
OFT_CTL_CONSULTA_CUR,OFT_OCC_FK,R,FOREIGN KEY,ENABLED,NOT DEFERRABLE,IMMEDIATE,OFT_PK,OFT_ID
OFT_CTL_CONSULTA_CUR,OFT_OCC_CUR_UK_UC,U,UNIQUE,ENABLED,NOT DEFERRABLE,IMMEDIATE,,"OFT_ID,CUR_ID"
OFT_CTL_CONSULTA_DEM,DEM_OCD_NULL,C,CHECK,ENABLED,NOT DEFERRABLE,IMMEDIATE,,DEM_ID
OFT_CTL_CONSULTA_DEM,OCD_FCH_CONSULTA_NULL,C,CHECK,ENABLED,NOT DEFERRABLE,IMMEDIATE,,OCD_FCH_CONSULTA
OFT_CTL_CONSULTA_DEM,OCD_ID_NULL,C,CHECK,ENABLED,NOT DEFERRABLE,IMMEDIATE,,OCD_ID
OFT_CTL_CONSULTA_DEM,OCD_MEDIO_CHK,C,CHECK,ENABLED,NOT DEFERRABLE,IMMEDIATE,,OCD_MEDIO
OFT_CTL_CONSULTA_DEM,OCD_MEDIO_NULL,C,CHECK,ENABLED,NOT DEFERRABLE,IMMEDIATE,,OCD_MEDIO
OFT_CTL_CONSULTA_DEM,OFT_OCD_NULL,C,CHECK,ENABLED,NOT DEFERRABLE,IMMEDIATE,,OFT_ID
OFT_CTL_CONSULTA_DEM,OCD_PK,P,PRIMARY KEY,ENABLED,NOT DEFERRABLE,IMMEDIATE,,OCD_ID
OFT_CTL_CONSULTA_DEM,DEM_OCD_FK,R,FOREIGN KEY,ENABLED,NOT DEFERRABLE,IMMEDIATE,DEM_PK,DEM_ID
OFT_CTL_CONSULTA_DEM,ECN_OCD_FK,R,FOREIGN KEY,ENABLED,NOT DEFERRABLE,IMMEDIATE,ECN_PK,ECN_ID
OFT_CTL_CONSULTA_DEM,OFT_OCD_FK,R,FOREIGN KEY,ENABLED,NOT DEFERRABLE,IMMEDIATE,OFT_PK,OFT_ID
OFT_CTL_CONSULTA_DEM,OFT_OCD_DEM_UK_UC,U,UNIQUE,ENABLED,NOT DEFERRABLE,IMMEDIATE,,"OFT_ID,DEM_ID,OCD_FCH_CONSULTA"
OFT_CTL_SOCIAL_QUEJA,DEM_OCS_NULL,C,CHECK,ENABLED,NOT DEFERRABLE,IMMEDIATE,,DEM_ID
OFT_CTL_SOCIAL_QUEJA,OCS_IDENTIFICACION_NULL,C,CHECK,ENABLED,NOT DEFERRABLE,IMMEDIATE,,OCS_IDENTIFICACION
OFT_CTL_SOCIAL_QUEJA,OCS_ID_NULL,C,CHECK,ENABLED,NOT DEFERRABLE,IMMEDIATE,,OCS_ID
OFT_CTL_SOCIAL_QUEJA,OCS_NOMBRES_NULL,C,CHECK,ENABLED,NOT DEFERRABLE,IMMEDIATE,,OCS_NOMBRES
OFT_CTL_SOCIAL_QUEJA,OCS_PRI_APELLIDO_NULL,C,CHECK,ENABLED,NOT DEFERRABLE,IMMEDIATE,,OCS_PRI_APELLIDO
OFT_CTL_SOCIAL_QUEJA,OCS_TELEFONO_NULL,C,CHECK,ENABLED,NOT DEFERRABLE,IMMEDIATE,,OCS_TELEFONO
OFT_CTL_SOCIAL_QUEJA,OCS_TEXTO_QUEJA_NULL,C,CHECK,ENABLED,NOT DEFERRABLE,IMMEDIATE,,OCS_TEXTO_QUEJA
OFT_CTL_SOCIAL_QUEJA,OFT_OCS_NULL,C,CHECK,ENABLED,NOT DEFERRABLE,IMMEDIATE,,OFT_ID
OFT_CTL_SOCIAL_QUEJA,DEM_ICS_FK,R,FOREIGN KEY,ENABLED,NOT DEFERRABLE,IMMEDIATE,DEM_PK,DEM_ID
OFT_CTL_SOCIAL_QUEJA,OFT_OCS_FK,R,FOREIGN KEY,ENABLED,NOT DEFERRABLE,IMMEDIATE,OFT_PK,OFT_ID
OFT_ESTUDIOS,SYS_C0024052,P,PRIMARY KEY,ENABLED,NOT DEFERRABLE,IMMEDIATE,,OES_ID
OFT_ETD_FORMAL,ETF_OEF_NULL,C,CHECK,ENABLED,NOT DEFERRABLE,IMMEDIATE,,ETF_ID
OFT_ETD_FORMAL,OEF_FCH_REGISTRO_NULL,C,CHECK,ENABLED,NOT DEFERRABLE,IMMEDIATE,,OEF_FCH_REGISTRO
OFT_ETD_FORMAL,OEF_GRADUADO_CHK,C,CHECK,ENABLED,NOT DEFERRABLE,IMMEDIATE,,OEF_GRADUADO
OFT_ETD_FORMAL,OEF_GRADUADO_NULL,C,CHECK,ENABLED,NOT DEFERRABLE,IMMEDIATE,,OEF_GRADUADO
OFT_ETD_FORMAL,OEF_ID_NULL,C,CHECK,ENABLED,NOT DEFERRABLE,IMMEDIATE,,OEF_ID
OFT_ETD_FORMAL,OEF_SOPORTE_CHK,C,CHECK,ENABLED,NOT DEFERRABLE,IMMEDIATE,,OEF_SOPORTE
OFT_ETD_FORMAL,OEF_SOPORTE_NULL,C,CHECK,ENABLED,NOT DEFERRABLE,IMMEDIATE,,OEF_SOPORTE
OFT_ETD_FORMAL,OEF_ULT_GRADO_NULL,C,CHECK,ENABLED,NOT DEFERRABLE,IMMEDIATE,,OEF_ULT_GRADO
OFT_ETD_FORMAL,OFT_OEF_NULL,C,CHECK,ENABLED,NOT DEFERRABLE,IMMEDIATE,,OFT_ID
OFT_ETD_FORMAL,OEF_PK,P,PRIMARY KEY,ENABLED,NOT DEFERRABLE,IMMEDIATE,,OEF_ID
OFT_ETD_FORMAL,CSPE_OEF_FK,R,FOREIGN KEY,ENABLED,NOT DEFERRABLE,IMMEDIATE,CSPE_PK,CSPE_ID
OFT_ETD_FORMAL,ETF_OEF_FK,R,FOREIGN KEY,ENABLED,NOT DEFERRABLE,IMMEDIATE,ETF_PK,ETF_ID
OFT_ETD_FORMAL,FUN_OEF_FK,R,FOREIGN KEY,ENABLED,NOT DEFERRABLE,IMMEDIATE,FUN_PK,FUN_ID
OFT_ETD_FORMAL,OFT_OEF_FK,R,FOREIGN KEY,ENABLED,NOT DEFERRABLE,IMMEDIATE,OFT_PK,OFT_ID
OFT_ETD_FORMAL,OFT_ETF_UK_UC,U,UNIQUE,ENABLED,NOT DEFERRABLE,IMMEDIATE,,"OFT_ID,ETF_ID"
OFT_ETD_FORMAL_ALT,NIA_OFA_NULL,C,CHECK,ENABLED,NOT DEFERRABLE,IMMEDIATE,,NIA_ID
OFT_ETD_FORMAL_ALT,OFA_FCH_REGISTRO_NULL,C,CHECK,ENABLED,NOT DEFERRABLE,IMMEDIATE,,OFA_FCH_REGISTRO
OFT_ETD_FORMAL_ALT,OFA_GRADUADO_CHK,C,CHECK,ENABLED,NOT DEFERRABLE,IMMEDIATE,,OFA_GRADUADO
OFT_ETD_FORMAL_ALT,OFA_GRADUADO_NULL,C,CHECK,ENABLED,NOT DEFERRABLE,IMMEDIATE,,OFA_GRADUADO
OFT_ETD_FORMAL_ALT,OFA_ID_NULL,C,CHECK,ENABLED,NOT DEFERRABLE,IMMEDIATE,,OFA_ID
OFT_ETD_FORMAL_ALT,OFA_INSTITUCION_NULL,C,CHECK,ENABLED,NOT DEFERRABLE,IMMEDIATE,,OFA_INSTITUCION
OFT_ETD_FORMAL_ALT,OFA_SOPORTE_CHK,C,CHECK,ENABLED,NOT DEFERRABLE,IMMEDIATE,,OFA_SOPORTE
OFT_ETD_FORMAL_ALT,OFA_SOPORTE_NULL,C,CHECK,ENABLED,NOT DEFERRABLE,IMMEDIATE,,OFA_SOPORTE
OFT_ETD_FORMAL_ALT,OFA_TITULO_NULL,C,CHECK,ENABLED,NOT DEFERRABLE,IMMEDIATE,,OFA_TITULO
OFT_ETD_FORMAL_ALT,OFA_ULT_GRADO_NULL,C,CHECK,ENABLED,NOT DEFERRABLE,IMMEDIATE,,OFA_ULT_GRADO
OFT_ETD_FORMAL_ALT,OFT_OFA_NULL,C,CHECK,ENABLED,NOT DEFERRABLE,IMMEDIATE,,OFT_ID
OFT_ETD_FORMAL_ALT,PAI_OFA_NULL,C,CHECK,ENABLED,NOT DEFERRABLE,IMMEDIATE,,PAI_ID
OFT_ETD_FORMAL_ALT,OFA_PK,P,PRIMARY KEY,ENABLED,NOT DEFERRABLE,IMMEDIATE,,OFA_ID
OFT_ETD_FORMAL_ALT,CSPE_OFA_FK,R,FOREIGN KEY,ENABLED,NOT DEFERRABLE,IMMEDIATE,CSPE_PK,CSPE_ID
OFT_ETD_FORMAL_ALT,DPT_OFA_FK,R,FOREIGN KEY,ENABLED,NOT DEFERRABLE,IMMEDIATE,DPT_PK,DPT_ID
OFT_ETD_FORMAL_ALT,FUN_OFA_FK,R,FOREIGN KEY,ENABLED,NOT DEFERRABLE,IMMEDIATE,FUN_PK,FUN_ID
OFT_ETD_FORMAL_ALT,MPO_OFA_FK,R,FOREIGN KEY,ENABLED,NOT DEFERRABLE,IMMEDIATE,MPO_PK,MPO_ID
OFT_ETD_FORMAL_ALT,NIA_OFA_FK,R,FOREIGN KEY,ENABLED,NOT DEFERRABLE,IMMEDIATE,NIA_PK,NIA_ID
OFT_ETD_FORMAL_ALT,OFT_OFA_FK,R,FOREIGN KEY,ENABLED,NOT DEFERRABLE,IMMEDIATE,OFT_PK,OFT_ID
OFT_ETD_FORMAL_ALT,PAI_OFA_FK,R,FOREIGN KEY,ENABLED,NOT DEFERRABLE,IMMEDIATE,PAI_PK,PAI_ID
OFT_ETD_NO_FORMAL,DUR_ONF_NULL,C,CHECK,ENABLED,NOT DEFERRABLE,IMMEDIATE,,DUR_ID
OFT_ETD_NO_FORMAL,ENF_ONF_NULL,C,CHECK,ENABLED,NOT DEFERRABLE,IMMEDIATE,,ENF_ID
OFT_ETD_NO_FORMAL,OFT_ONF_NULL,C,CHECK,ENABLED,NOT DEFERRABLE,IMMEDIATE,,OFT_ID
OFT_ETD_NO_FORMAL,ONF_DURACION_NULL,C,CHECK,ENABLED,NOT DEFERRABLE,IMMEDIATE,,ONF_DURACION
OFT_ETD_NO_FORMAL,ONF_FCH_REGISTRO_NULL,C,CHECK,ENABLED,NOT DEFERRABLE,IMMEDIATE,,ONF_FCH_REGISTRO
OFT_ETD_NO_FORMAL,ONF_FORMACION_SENA_CHK,C,CHECK,ENABLED,NOT DEFERRABLE,IMMEDIATE,,ONF_FORMACION_SENA
OFT_ETD_NO_FORMAL,ONF_FORMACION_SENA_NULL,C,CHECK,ENABLED,NOT DEFERRABLE,IMMEDIATE,,ONF_FORMACION_SENA
OFT_ETD_NO_FORMAL,ONF_ID_NULL,C,CHECK,ENABLED,NOT DEFERRABLE,IMMEDIATE,,ONF_ID
OFT_ETD_NO_FORMAL,ONF_INSTITUCION_NULL,C,CHECK,ENABLED,NOT DEFERRABLE,IMMEDIATE,,ONF_INSTITUCION
OFT_ETD_NO_FORMAL,ONF_SOPORTE_CHK,C,CHECK,ENABLED,NOT DEFERRABLE,IMMEDIATE,,ONF_SOPORTE
OFT_ETD_NO_FORMAL,ONF_SOPORTE_NULL,C,CHECK,ENABLED,NOT DEFERRABLE,IMMEDIATE,,ONF_SOPORTE
OFT_ETD_NO_FORMAL,ONF_TERMINO_CHK,C,CHECK,ENABLED,NOT DEFERRABLE,IMMEDIATE,,ONF_TERMINO
OFT_ETD_NO_FORMAL,ONF_TERMINO_NULL,C,CHECK,ENABLED,NOT DEFERRABLE,IMMEDIATE,,ONF_TERMINO
OFT_ETD_NO_FORMAL,ONF_PK,P,PRIMARY KEY,ENABLED,NOT DEFERRABLE,IMMEDIATE,,ONF_ID
OFT_ETD_NO_FORMAL,CSPE_ONF_FK,R,FOREIGN KEY,ENABLED,NOT DEFERRABLE,IMMEDIATE,CSPE_PK,CSPE_ID
OFT_ETD_NO_FORMAL,DUR_ONF_FK,R,FOREIGN KEY,ENABLED,NOT DEFERRABLE,IMMEDIATE,DUR_PK,DUR_ID
OFT_ETD_NO_FORMAL,ENF_ONF_FK,R,FOREIGN KEY,ENABLED,NOT DEFERRABLE,IMMEDIATE,ENF_PK,ENF_ID
OFT_ETD_NO_FORMAL,FUN_ONF_FK,R,FOREIGN KEY,ENABLED,NOT DEFERRABLE,IMMEDIATE,FUN_PK,FUN_ID
OFT_ETD_NO_FORMAL,OFT_ONF_FK,R,FOREIGN KEY,ENABLED,NOT DEFERRABLE,IMMEDIATE,OFT_PK,OFT_ID
OFT_ETD_NO_FORMAL_ALT,DUR_ONA_NULL,C,CHECK,ENABLED,NOT DEFERRABLE,IMMEDIATE,,DUR_ID
OFT_ETD_NO_FORMAL_ALT,OFT_ONA_NULL,C,CHECK,ENABLED,NOT DEFERRABLE,IMMEDIATE,,OFT_ID
OFT_ETD_NO_FORMAL_ALT,ONA_DURACION_NULL,C,CHECK,ENABLED,NOT DEFERRABLE,IMMEDIATE,,ONA_DURACION
OFT_ETD_NO_FORMAL_ALT,ONA_FCH_FIN_NULL,C,CHECK,ENABLED,NOT DEFERRABLE,IMMEDIATE,,ONA_FCH_FIN
OFT_ETD_NO_FORMAL_ALT,ONA_FCH_REGISTRO_NULL,C,CHECK,ENABLED,NOT DEFERRABLE,IMMEDIATE,,ONA_FCH_REGISTRO
OFT_ETD_NO_FORMAL_ALT,ONA_FORMACION_SENA_CHK,C,CHECK,ENABLED,NOT DEFERRABLE,IMMEDIATE,,ONA_FORMACION_SENA
OFT_ETD_NO_FORMAL_ALT,ONA_FORMACION_SENA_NULL,C,CHECK,ENABLED,NOT DEFERRABLE,IMMEDIATE,,ONA_FORMACION_SENA
OFT_ETD_NO_FORMAL_ALT,ONA_ID_NULL,C,CHECK,ENABLED,NOT DEFERRABLE,IMMEDIATE,,ONA_ID
OFT_ETD_NO_FORMAL_ALT,ONA_INSTITUCION_NULL,C,CHECK,ENABLED,NOT DEFERRABLE,IMMEDIATE,,ONA_INSTITUCION
OFT_ETD_NO_FORMAL_ALT,ONA_SOPORTE_CHK,C,CHECK,ENABLED,NOT DEFERRABLE,IMMEDIATE,,ONA_SOPORTE
OFT_ETD_NO_FORMAL_ALT,ONA_SOPORTE_NULL,C,CHECK,ENABLED,NOT DEFERRABLE,IMMEDIATE,,ONA_SOPORTE
OFT_ETD_NO_FORMAL_ALT,ONA_TERMINO_CHK,C,CHECK,ENABLED,NOT DEFERRABLE,IMMEDIATE,,ONA_TERMINO
OFT_ETD_NO_FORMAL_ALT,ONA_TERMINO_NULL,C,CHECK,ENABLED,NOT DEFERRABLE,IMMEDIATE,,ONA_TERMINO
OFT_ETD_NO_FORMAL_ALT,ONA_TITULO_NULL,C,CHECK,ENABLED,NOT DEFERRABLE,IMMEDIATE,,ONA_TITULO
OFT_ETD_NO_FORMAL_ALT,TIE_ONA_NULL,C,CHECK,ENABLED,NOT DEFERRABLE,IMMEDIATE,,TIE_ID
OFT_ETD_NO_FORMAL_ALT,ONA_PK,P,PRIMARY KEY,ENABLED,NOT DEFERRABLE,IMMEDIATE,,ONA_ID
OFT_ETD_NO_FORMAL_ALT,CSPE_ONA_FK,R,FOREIGN KEY,ENABLED,NOT DEFERRABLE,IMMEDIATE,CSPE_PK,CSPE_ID
OFT_ETD_NO_FORMAL_ALT,DUR_ONA_FK,R,FOREIGN KEY,ENABLED,NOT DEFERRABLE,IMMEDIATE,DUR_PK,DUR_ID
OFT_ETD_NO_FORMAL_ALT,FUN_ONA_FK,R,FOREIGN KEY,ENABLED,NOT DEFERRABLE,IMMEDIATE,FUN_PK,FUN_ID
OFT_ETD_NO_FORMAL_ALT,OFT_ONA_FK,R,FOREIGN KEY,ENABLED,NOT DEFERRABLE,IMMEDIATE,OFT_PK,OFT_ID
OFT_ETD_NO_FORMAL_ALT,TIE_ONA_FK,R,FOREIGN KEY,ENABLED,NOT DEFERRABLE,IMMEDIATE,TIE_PK,TIE_ID
OFT_EXPERIENCIA,CIIU_OEX_NULL,C,CHECK,ENABLED,NOT DEFERRABLE,IMMEDIATE,,CIIU_ID
OFT_EXPERIENCIA,IND_OEX_NULL,C,CHECK,ENABLED,NOT DEFERRABLE,IMMEDIATE,,IND_ID
OFT_EXPERIENCIA,OEX_COLOCACION_SENA_CHK,C,CHECK,ENABLED,NOT DEFERRABLE,IMMEDIATE,,OEX_COLOCACION_SENA
OFT_EXPERIENCIA,OEX_COLOCACION_SENA_NULL,C,CHECK,ENABLED,NOT DEFERRABLE,IMMEDIATE,,OEX_COLOCACION_SENA
OFT_EXPERIENCIA,OEX_FCH_INI_NULL,C,CHECK,ENABLED,NOT DEFERRABLE,IMMEDIATE,,OEX_FCH_INI
OFT_EXPERIENCIA,OEX_FCH_REGISTRO_NULL,C,CHECK,ENABLED,NOT DEFERRABLE,IMMEDIATE,,OEX_FCH_REGISTRO
OFT_EXPERIENCIA,OEX_ID_NULL,C,CHECK,ENABLED,NOT DEFERRABLE,IMMEDIATE,,OEX_ID
OFT_EXPERIENCIA,OEX_NOMBRE_EMPRESA_NULL,C,CHECK,ENABLED,NOT DEFERRABLE,IMMEDIATE,,OEX_NOMBRE_EMPRESA
OFT_EXPERIENCIA,OEX_SOPORTE_CHK,C,CHECK,ENABLED,NOT DEFERRABLE,IMMEDIATE,,OEX_SOPORTE
OFT_EXPERIENCIA,OEX_SOPORTE_NULL,C,CHECK,ENABLED,NOT DEFERRABLE,IMMEDIATE,,OEX_SOPORTE
OFT_EXPERIENCIA,OFT_OEX_NULL,C,CHECK,ENABLED,NOT DEFERRABLE,IMMEDIATE,,OFT_ID
OFT_EXPERIENCIA,OEX_PK,P,PRIMARY KEY,ENABLED,NOT DEFERRABLE,IMMEDIATE,,OEX_ID
OFT_EXPERIENCIA,CIIU_OEX_FK,R,FOREIGN KEY,ENABLED,NOT DEFERRABLE,IMMEDIATE,CIIU_PK,CIIU_ID
OFT_EXPERIENCIA,CSPE_OEX_FK,R,FOREIGN KEY,ENABLED,NOT DEFERRABLE,IMMEDIATE,CSPE_PK,CSPE_ID
OFT_EXPERIENCIA,FUN_OEX_FK,R,FOREIGN KEY,ENABLED,NOT DEFERRABLE,IMMEDIATE,FUN_PK,FUN_ID
OFT_EXPERIENCIA,IND_OEX_FK,R,FOREIGN KEY,ENABLED,NOT DEFERRABLE,IMMEDIATE,IND_PK,IND_ID
OFT_EXPERIENCIA,OEX_DPT_ID_FK,R,FOREIGN KEY,ENABLED,NOT DEFERRABLE,IMMEDIATE,DPT_PK,OEX_DPT_ID
OFT_EXPERIENCIA,OEX_MPO_ID_FK,R,FOREIGN KEY,ENABLED,NOT DEFERRABLE,IMMEDIATE,MPO_PK,OEX_MPO_ID
OFT_EXPERIENCIA,OEX_PAI_ID_FK,R,FOREIGN KEY,ENABLED,NOT DEFERRABLE,IMMEDIATE,PAI_PK,OEX_PAI_ID
OFT_EXPERIENCIA,OFT_OEX_FK,R,FOREIGN KEY,ENABLED,NOT DEFERRABLE,IMMEDIATE,OFT_PK,OFT_ID
OFT_IDIOMA,IDM_OID_NULL,C,CHECK,ENABLED,NOT DEFERRABLE,IMMEDIATE,,IDM_ID
OFT_IDIOMA,OFT_OID_NULL,C,CHECK,ENABLED,NOT DEFERRABLE,IMMEDIATE,,OFT_ID
OFT_IDIOMA,OID_ESCRIBE_NULL,C,CHECK,ENABLED,NOT DEFERRABLE,IMMEDIATE,,OID_ESCRIBE
OFT_IDIOMA,OID_FCH_REGISTRO_NULL,C,CHECK,ENABLED,NOT DEFERRABLE,IMMEDIATE,,OID_FCH_REGISTRO
OFT_IDIOMA,OID_HABLA_NULL,C,CHECK,ENABLED,NOT DEFERRABLE,IMMEDIATE,,OID_HABLA
OFT_IDIOMA,OID_ID_NULL,C,CHECK,ENABLED,NOT DEFERRABLE,IMMEDIATE,,OID_ID
OFT_IDIOMA,OID_LEE_NULL,C,CHECK,ENABLED,NOT DEFERRABLE,IMMEDIATE,,OID_LEE
OFT_IDIOMA,OID_SOPORTE_CHK,C,CHECK,ENABLED,NOT DEFERRABLE,IMMEDIATE,,OID_SOPORTE
OFT_IDIOMA,OID_SOPORTE_NULL,C,CHECK,ENABLED,NOT DEFERRABLE,IMMEDIATE,,OID_SOPORTE
OFT_IDIOMA,OID_PK,P,PRIMARY KEY,ENABLED,NOT DEFERRABLE,IMMEDIATE,,OID_ID
OFT_IDIOMA,CSPE_OID_FK,R,FOREIGN KEY,ENABLED,NOT DEFERRABLE,IMMEDIATE,CSPE_PK,CSPE_ID
OFT_IDIOMA,FUN_OID_FK,R,FOREIGN KEY,ENABLED,NOT DEFERRABLE,IMMEDIATE,FUN_PK,FUN_ID
OFT_IDIOMA,IDM_OID_FK,R,FOREIGN KEY,ENABLED,NOT DEFERRABLE,IMMEDIATE,IDM_PK,IDM_ID
OFT_IDIOMA,OFT_OID_FK,R,FOREIGN KEY,ENABLED,NOT DEFERRABLE,IMMEDIATE,OFT_PK,OFT_ID
OFT_IDIOMA,OFTXIDM_UK_UC,U,UNIQUE,ENABLED,NOT DEFERRABLE,IMMEDIATE,,"OFT_ID,IDM_ID"
OFT_INTERES_FORMACION,OFT_OIF_NULL,C,CHECK,ENABLED,NOT DEFERRABLE,IMMEDIATE,,OFT_ID
OFT_INTERES_FORMACION,OIF_ID_NULL,C,CHECK,ENABLED,NOT DEFERRABLE,IMMEDIATE,,OIF_ID
OFT_INTERES_FORMACION,OIF_JORNADA_CHK,C,CHECK,ENABLED,NOT DEFERRABLE,IMMEDIATE,,OIF_JORNADA
OFT_INTERES_FORMACION,OIF_JORNADA_NUL,C,CHECK,ENABLED,NOT DEFERRABLE,IMMEDIATE,,OIF_JORNADA
OFT_INTERES_FORMACION,OIF_MODALIDAD_CHK,C,CHECK,ENABLED,NOT DEFERRABLE,IMMEDIATE,,OIF_MODALIDAD
OFT_INTERES_FORMACION,OIF_MODALIDAD_NUL,C,CHECK,ENABLED,NOT DEFERRABLE,IMMEDIATE,,OIF_MODALIDAD
OFT_INTERES_FORMACION,SYS_C0023541,C,CHECK,ENABLED,NOT DEFERRABLE,IMMEDIATE,,OIF_FCH_REGISTRO
OFT_INTERES_FORMACION,OIF_PK,P,PRIMARY KEY,ENABLED,NOT DEFERRABLE,IMMEDIATE,,OIF_ID
OFT_INTERES_FORMACION,ENF_OIF_FK,R,FOREIGN KEY,ENABLED,NOT DEFERRABLE,IMMEDIATE,ENF_PK,ENF_ID
OFT_INTERES_FORMACION,OFT_OIF_FK,R,FOREIGN KEY,ENABLED,NOT DEFERRABLE,IMMEDIATE,OFT_PK,OFT_ID
OFT_LICENCIA,OFT_OLI_NULL,C,CHECK,ENABLED,NOT DEFERRABLE,IMMEDIATE,,OFT_ID
OFT_LICENCIA,OLI_ID_NULL,C,CHECK,ENABLED,NOT DEFERRABLE,IMMEDIATE,,OLI_ID
OFT_LICENCIA,OLI_LIC_NULL,C,CHECK,ENABLED,NOT DEFERRABLE,IMMEDIATE,,LIC_ID
OFT_LICENCIA,OLI_PK,P,PRIMARY KEY,ENABLED,NOT DEFERRABLE,IMMEDIATE,,OLI_ID
OFT_LICENCIA,OFT_OLI_FK,R,FOREIGN KEY,ENABLED,NOT DEFERRABLE,IMMEDIATE,OFT_PK,OFT_ID
OFT_LICENCIA,OLI_LIC_FK,R,FOREIGN KEY,ENABLED,NOT DEFERRABLE,IMMEDIATE,LIC_PK,LIC_ID
OFT_LICENCIA,OFTXLIC_UK_UC,U,UNIQUE,ENABLED,NOT DEFERRABLE,IMMEDIATE,,"OFT_ID,LIC_ID"
OFT_MIGRACION,SYS_C0022066,C,CHECK,ENABLED,NOT DEFERRABLE,IMMEDIATE,,OFT_ID
OFT_MIGRACION,OFT_MIGRACION_PK,P,PRIMARY KEY,ENABLED,NOT DEFERRABLE,IMMEDIATE,,OFT_ID
OFT_MIGRACION,OMG_OFT_FK,R,FOREIGN KEY,ENABLED,NOT DEFERRABLE,IMMEDIATE,OFT_PK,OFT_ID
OFT_NOTAS_PERFIL,OFT_ONP_NULL,C,CHECK,ENABLED,NOT DEFERRABLE,IMMEDIATE,,OFT_ID
OFT_NOTAS_PERFIL,ONP_PK,P,PRIMARY KEY,ENABLED,NOT DEFERRABLE,IMMEDIATE,,OFT_ID
OFT_NOTAS_PERFIL,OFT_ONP_FK,R,FOREIGN KEY,ENABLED,NOT DEFERRABLE,IMMEDIATE,OFT_PK,OFT_ID
OFT_ORIENTACION,CSPE_OOR_NULL,C,CHECK,ENABLED,NOT DEFERRABLE,IMMEDIATE,,CSPE_ID
OFT_ORIENTACION,FUN_OOR_NULL,C,CHECK,ENABLED,NOT DEFERRABLE,IMMEDIATE,,FUN_ID
OFT_ORIENTACION,OFT_OOR_NULL,C,CHECK,ENABLED,NOT DEFERRABLE,IMMEDIATE,,OFT_ID
OFT_ORIENTACION,OOR_DESCRIPCION_NULL,C,CHECK,ENABLED,NOT DEFERRABLE,IMMEDIATE,,OOR_DESCRIPCION
OFT_ORIENTACION,OOR_FCH_EJECUCION_NULL,C,CHECK,ENABLED,NOT DEFERRABLE,IMMEDIATE,,OOR_FCH_EJECUCION
OFT_ORIENTACION,OOR_FCH_REGISTRO_NULL,C,CHECK,ENABLED,NOT DEFERRABLE,IMMEDIATE,,OOR_FCH_REGISTRO
OFT_ORIENTACION,OOR_ID_NULL,C,CHECK,ENABLED,NOT DEFERRABLE,IMMEDIATE,,OOR_ID
OFT_ORIENTACION,OOR_PK,P,PRIMARY KEY,ENABLED,NOT DEFERRABLE,IMMEDIATE,,OOR_ID
OFT_ORIENTACION,CSPE_OOR_FK,R,FOREIGN KEY,ENABLED,NOT DEFERRABLE,IMMEDIATE,CSPE_PK,CSPE_ID
OFT_ORIENTACION,FUN_OOR_FK,R,FOREIGN KEY,ENABLED,NOT DEFERRABLE,IMMEDIATE,FUN_PK,FUN_ID
OFT_ORIENTACION,OFT_OOR_FK,R,FOREIGN KEY,ENABLED,NOT DEFERRABLE,IMMEDIATE,OFT_PK,OFT_ID
OFT_PASANTIA,CIIU_OPA_NULL,C,CHECK,ENABLED,NOT DEFERRABLE,IMMEDIATE,,CIIU_ID
OFT_PASANTIA,IND_OPA_NULL,C,CHECK,ENABLED,NOT DEFERRABLE,IMMEDIATE,,IND_ID
OFT_PASANTIA,OFT_OPA_NULL,C,CHECK,ENABLED,NOT DEFERRABLE,IMMEDIATE,,OFT_ID
OFT_PASANTIA,OPA_COLOCACION_SENA_CHK,C,CHECK,ENABLED,NOT DEFERRABLE,IMMEDIATE,,OPA_COLOCACION_SENA
OFT_PASANTIA,OPA_COLOCACION_SENA_NULL,C,CHECK,ENABLED,NOT DEFERRABLE,IMMEDIATE,,OPA_COLOCACION_SENA
OFT_PASANTIA,OPA_FCH_INI_NULL,C,CHECK,ENABLED,NOT DEFERRABLE,IMMEDIATE,,OPA_FCH_INI
OFT_PASANTIA,OPA_FCH_REGISTRO_NULL,C,CHECK,ENABLED,NOT DEFERRABLE,IMMEDIATE,,OPA_FCH_REGISTRO
OFT_PASANTIA,OPA_ID_NULL,C,CHECK,ENABLED,NOT DEFERRABLE,IMMEDIATE,,OPA_ID
OFT_PASANTIA,OPA_NOMBRE_EMPRESA_NULL,C,CHECK,ENABLED,NOT DEFERRABLE,IMMEDIATE,,OPA_NOMBRE_EMPRESA
OFT_PASANTIA,OPA_SOPORTE_CHK,C,CHECK,ENABLED,NOT DEFERRABLE,IMMEDIATE,,OPA_SOPORTE
OFT_PASANTIA,OPA_SOPORTE_NULL,C,CHECK,ENABLED,NOT DEFERRABLE,IMMEDIATE,,OPA_SOPORTE
OFT_PASANTIA,SYS_C0023596,C,CHECK,ENABLED,NOT DEFERRABLE,IMMEDIATE,,OPA_ID
OFT_PASANTIA,SYS_C0023597,C,CHECK,ENABLED,NOT DEFERRABLE,IMMEDIATE,,OPA_NOMBRE_EMPRESA
OFT_PASANTIA,SYS_C0023598,C,CHECK,ENABLED,NOT DEFERRABLE,IMMEDIATE,,CIIU_ID
OFT_PASANTIA,SYS_C0023599,C,CHECK,ENABLED,NOT DEFERRABLE,IMMEDIATE,,OFT_ID
OFT_PASANTIA,SYS_C0023600,C,CHECK,ENABLED,NOT DEFERRABLE,IMMEDIATE,,IND_ID
OFT_PASANTIA,SYS_C0023601,C,CHECK,ENABLED,NOT DEFERRABLE,IMMEDIATE,,OPA_FCH_INI
OFT_PASANTIA,SYS_C0023602,C,CHECK,ENABLED,NOT DEFERRABLE,IMMEDIATE,,OPA_SOPORTE
OFT_PASANTIA,SYS_C0023603,C,CHECK,ENABLED,NOT DEFERRABLE,IMMEDIATE,,OPA_COLOCACION_SENA
OFT_PASANTIA,SYS_C0023604,C,CHECK,ENABLED,NOT DEFERRABLE,IMMEDIATE,,OPA_FCH_REGISTRO
OFT_PASANTIA,OPA_PK,P,PRIMARY KEY,ENABLED,NOT DEFERRABLE,IMMEDIATE,,OPA_ID
OFT_PASANTIA,CIIU_OPA_FK,R,FOREIGN KEY,ENABLED,NOT DEFERRABLE,IMMEDIATE,CIIU_PK,CIIU_ID
OFT_PASANTIA,CSPE_OPA_FK,R,FOREIGN KEY,ENABLED,NOT DEFERRABLE,IMMEDIATE,CSPE_PK,CSPE_ID
OFT_PASANTIA,FUN_OPA_FK,R,FOREIGN KEY,ENABLED,NOT DEFERRABLE,IMMEDIATE,FUN_PK,FUN_ID
OFT_PASANTIA,IND_OPA_FK,R,FOREIGN KEY,ENABLED,NOT DEFERRABLE,IMMEDIATE,IND_PK,IND_ID
OFT_PASANTIA,OFT_OPA_FK,R,FOREIGN KEY,ENABLED,NOT DEFERRABLE,IMMEDIATE,OFT_PK,OFT_ID
OFT_PREFERENCIA_OCUP,IND_OPO_NULL,C,CHECK,ENABLED,NOT DEFERRABLE,IMMEDIATE,,IND_ID
OFT_PREFERENCIA_OCUP,OFT_OPO_NULL,C,CHECK,ENABLED,NOT DEFERRABLE,IMMEDIATE,,OFT_ID
OFT_PREFERENCIA_OCUP,OPO_FCH_REGISTRO_NULL,C,CHECK,ENABLED,NOT DEFERRABLE,IMMEDIATE,,OPO_FCH_REGISTRO
OFT_PREFERENCIA_OCUP,OPO_ID_NULL,C,CHECK,ENABLED,NOT DEFERRABLE,IMMEDIATE,,OPO_ID
OFT_PREFERENCIA_OCUP,OPO_PRIORIDAD_NULL,C,CHECK,ENABLED,NOT DEFERRABLE,IMMEDIATE,,OPO_PRIORIDAD
OFT_PREFERENCIA_OCUP,OPO_PK,P,PRIMARY KEY,ENABLED,NOT DEFERRABLE,IMMEDIATE,,OPO_ID
OFT_PREFERENCIA_OCUP,CSPE_OPO_FK,R,FOREIGN KEY,ENABLED,NOT DEFERRABLE,IMMEDIATE,CSPE_PK,CSPE_ID
OFT_PREFERENCIA_OCUP,FUN_OPO_FK,R,FOREIGN KEY,ENABLED,NOT DEFERRABLE,IMMEDIATE,FUN_PK,FUN_ID
OFT_PREFERENCIA_OCUP,INDE_OPO_FK,R,FOREIGN KEY,ENABLED,NOT DEFERRABLE,IMMEDIATE,IND_PK,IND_ID
OFT_PREFERENCIA_OCUP,OFT_OPO_FK,R,FOREIGN KEY,ENABLED,NOT DEFERRABLE,IMMEDIATE,OFT_PK,OFT_ID
OFT_PREFERENCIA_OCUP,OFT_IND_PRE_UK_UC,U,UNIQUE,ENABLED,NOT DEFERRABLE,IMMEDIATE,,"OFT_ID,IND_ID,OPO_PRIORIDAD"
OFT_PREFERENCIA_OCUP,OFT_IND_UK_UC,U,UNIQUE,ENABLED,NOT DEFERRABLE,IMMEDIATE,,"OFT_ID,IND_ID"
OFT_TALLER,ETA_OTA_NULL,C,CHECK,ENABLED,NOT DEFERRABLE,IMMEDIATE,,ETA_ID
OFT_TALLER,OFT_OTA_NULL,C,CHECK,ENABLED,NOT DEFERRABLE,IMMEDIATE,,OFT_ID
OFT_TALLER,OTA_ID_NULL,C,CHECK,ENABLED,NOT DEFERRABLE,IMMEDIATE,,OTA_ID
OFT_TALLER,OTA_PK,P,PRIMARY KEY,ENABLED,NOT DEFERRABLE,IMMEDIATE,,OTA_ID
OFT_TALLER,ETA_OTA_FK,R,FOREIGN KEY,ENABLED,NOT DEFERRABLE,IMMEDIATE,ETA_PK,ETA_ID
OFT_TALLER,OFT_OTA_FK,R,FOREIGN KEY,ENABLED,NOT DEFERRABLE,IMMEDIATE,OFT_PK,OFT_ID
OFT_TALLER,OFTXETA_UK_UC,U,UNIQUE,ENABLED,NOT DEFERRABLE,IMMEDIATE,,"ETA_ID,OFT_ID"
OFT_VEHICULO,OFT_OVH_NULL,C,CHECK,ENABLED,NOT DEFERRABLE,IMMEDIATE,,OFT_ID
OFT_VEHICULO,OVH_ID_NULL,C,CHECK,ENABLED,NOT DEFERRABLE,IMMEDIATE,,OVH_ID
OFT_VEHICULO,VEH_OVH_NULL,C,CHECK,ENABLED,NOT DEFERRABLE,IMMEDIATE,,VEH_ID
OFT_VEHICULO,OVH_PK,P,PRIMARY KEY,ENABLED,NOT DEFERRABLE,IMMEDIATE,,OVH_ID
OFT_VEHICULO,OFT_OVH_FK,R,FOREIGN KEY,ENABLED,NOT DEFERRABLE,IMMEDIATE,OFT_PK,OFT_ID
OFT_VEHICULO,VEH_OVH_FK,R,FOREIGN KEY,ENABLED,NOT DEFERRABLE,IMMEDIATE,VEH_PK,VEH_ID
OFT_VEHICULO,OFTXVEH_UK_UC,U,UNIQUE,ENABLED,NOT DEFERRABLE,IMMEDIATE,,"OFT_ID,VEH_ID"
ORIENTACION_PROFESIONAL,CSPE_ORI_ID_NULL,C,CHECK,ENABLED,NOT DEFERRABLE,IMMEDIATE,,CSPE_ID
ORIENTACION_PROFESIONAL,FUN_ORI_ID_NULL,C,CHECK,ENABLED,NOT DEFERRABLE,IMMEDIATE,,FUN_ID
ORIENTACION_PROFESIONAL,OFT_ORI_ID_NULL,C,CHECK,ENABLED,NOT DEFERRABLE,IMMEDIATE,,OFT_ID
ORIENTACION_PROFESIONAL,ORI_ID_NULL,C,CHECK,ENABLED,NOT DEFERRABLE,IMMEDIATE,,ORI_ID
ORIENTACION_PROFESIONAL,REG_ORI_ID_NULL,C,CHECK,ENABLED,NOT DEFERRABLE,IMMEDIATE,,REG_ID
ORIENTACION_PROFESIONAL,SYS_C0022355,C,CHECK,ENABLED,NOT DEFERRABLE,IMMEDIATE,,ORI_FCH_REGISTRO
ORIENTACION_PROFESIONAL,TORI_ORI_ID_NULL,C,CHECK,ENABLED,NOT DEFERRABLE,IMMEDIATE,,TORI_ID
ORIENTACION_PROFESIONAL,ORI_PK,P,PRIMARY KEY,ENABLED,NOT DEFERRABLE,IMMEDIATE,,ORI_ID
ORIENTACION_PROFESIONAL,CSPE_ORI_FK,R,FOREIGN KEY,ENABLED,NOT DEFERRABLE,IMMEDIATE,CSPE_PK,CSPE_ID
ORIENTACION_PROFESIONAL,FUN_ORI_FK,R,FOREIGN KEY,ENABLED,NOT DEFERRABLE,IMMEDIATE,FUN_PK,FUN_ID
ORIENTACION_PROFESIONAL,OFT_ORI_FK,R,FOREIGN KEY,ENABLED,NOT DEFERRABLE,IMMEDIATE,OFT_PK,OFT_ID
ORIENTACION_PROFESIONAL,REG_ORI_FK,R,FOREIGN KEY,ENABLED,NOT DEFERRABLE,IMMEDIATE,REG_PK,REG_ID
ORIGEN,ORG_ID_NULL,C,CHECK,ENABLED,NOT DEFERRABLE,IMMEDIATE,,ORG_ID
ORIGEN,ORG_NOMBRE_NULL,C,CHECK,ENABLED,NOT DEFERRABLE,IMMEDIATE,,ORG_NOMBRE
ORIGEN,ORG_PK,P,PRIMARY KEY,ENABLED,NOT DEFERRABLE,IMMEDIATE,,ORG_ID
PAIS,PAI_ID_NULL,C,CHECK,ENABLED,NOT DEFERRABLE,IMMEDIATE,,PAI_ID
PAIS,PAI_NOMBRE_NULL,C,CHECK,ENABLED,NOT DEFERRABLE,IMMEDIATE,,PAI_NOMBRE
PAIS,PAI_SIGLA_NULL,C,CHECK,ENABLED,NOT DEFERRABLE,IMMEDIATE,,PAI_SIGLA
PAIS,PAI_PK,P,PRIMARY KEY,ENABLED,NOT DEFERRABLE,IMMEDIATE,,PAI_ID
PARAMETRO,PAR_ID_NULL,C,CHECK,ENABLED,NOT DEFERRABLE,IMMEDIATE,,PAR_ID
PARAMETRO,PAR_NOMBRE_NULL,C,CHECK,ENABLED,NOT DEFERRABLE,IMMEDIATE,,PAR_NOMBRE
PARAMETRO,PAR_VALOR_NULL,C,CHECK,ENABLED,NOT DEFERRABLE,IMMEDIATE,,PAR_VALOR
PARAMETRO,PAR_PK,P,PRIMARY KEY,ENABLED,NOT DEFERRABLE,IMMEDIATE,,PAR_ID
PARAMETROS,SYS_C0023587,C,CHECK,ENABLED,NOT DEFERRABLE,IMMEDIATE,,PAR_ID
PARAMETROS,SYS_C0023588,C,CHECK,ENABLED,NOT DEFERRABLE,IMMEDIATE,,PAR_NOMBRE
PARAMETROS,SYS_C0023589,C,CHECK,ENABLED,NOT DEFERRABLE,IMMEDIATE,,PAR_DESCRIPCION
PARAMETROS,SYS_C0023590,C,CHECK,ENABLED,NOT DEFERRABLE,IMMEDIATE,,PAR_VALOR
PARAMETROS,PARS_PK,P,PRIMARY KEY,ENABLED,NOT DEFERRABLE,IMMEDIATE,,PAR_ID
PASANTIAXFUNCION,FNC_PAF_NULL,C,CHECK,ENABLED,NOT DEFERRABLE,IMMEDIATE,,FNC_ID
PASANTIAXFUNCION,OPA_PAF_NULL,C,CHECK,ENABLED,NOT DEFERRABLE,IMMEDIATE,,OPA_ID
PASANTIAXFUNCION,PAF_ID_NULL,C,CHECK,ENABLED,NOT DEFERRABLE,IMMEDIATE,,PAF_ID
PASANTIAXFUNCION,SYS_C0021773,C,CHECK,ENABLED,NOT DEFERRABLE,IMMEDIATE,,PAF_ID
PASANTIAXFUNCION,SYS_C0021774,C,CHECK,ENABLED,NOT DEFERRABLE,IMMEDIATE,,OPA_ID
PASANTIAXFUNCION,SYS_C0021775,C,CHECK,ENABLED,NOT DEFERRABLE,IMMEDIATE,,FNC_ID
PASANTIAXFUNCION,PAK_PK,P,PRIMARY KEY,ENABLED,NOT DEFERRABLE,IMMEDIATE,,PAF_ID
PASANTIAXFUNCION,FNC_PAF_FK,R,FOREIGN KEY,ENABLED,NOT DEFERRABLE,IMMEDIATE,FNC_PK,FNC_ID
PASANTIAXFUNCION,PAF_UK_UC,U,UNIQUE,ENABLED,NOT DEFERRABLE,IMMEDIATE,,"FNC_ID,OPA_ID"
PERSONAL_DE_CONVENIO,SYS_C0023630,C,CHECK,ENABLED,NOT DEFERRABLE,IMMEDIATE,,PDC_ID
PERSONAL_DE_CONVENIO,SYS_C0023631,C,CHECK,ENABLED,NOT DEFERRABLE,IMMEDIATE,,PDC_CODIGO
PERSONAL_DE_CONVENIO,SYS_C0023632,C,CHECK,ENABLED,NOT DEFERRABLE,IMMEDIATE,,PDC_NOMBRE
PERSONAL_DE_CONVENIO,SYS_C0023633,C,CHECK,ENABLED,NOT DEFERRABLE,IMMEDIATE,,PDC_FECHA_REGISTRO
PERSONAL_DE_CONVENIO,PDC_ID_PK,P,PRIMARY KEY,ENABLED,NOT DEFERRABLE,IMMEDIATE,,PDC_ID
PESXCSPE,CSPE_PECSPE_NULL,C,CHECK,ENABLED,NOT DEFERRABLE,IMMEDIATE,,CSPE_ID
PESXCSPE,PECSPE_ID_NULL,C,CHECK,ENABLED,NOT DEFERRABLE,IMMEDIATE,,PECSPE_ID
PESXCSPE,PES_PECSPE_NULL,C,CHECK,ENABLED,NOT DEFERRABLE,IMMEDIATE,,PES_ID
PESXCSPE,PECSPE_PK,P,PRIMARY KEY,ENABLED,NOT DEFERRABLE,IMMEDIATE,,PECSPE_ID
PESXCSPE,CSPE_PECSPE_FK,R,FOREIGN KEY,ENABLED,NOT DEFERRABLE,IMMEDIATE,CSPE_PK,CSPE_ID
PESXCSPE,PES_PECSPE_FK,R,FOREIGN KEY,ENABLED,NOT DEFERRABLE,IMMEDIATE,PES_PK,PES_ID
PESXCSPE,PESXCSPE_UK_UC,U,UNIQUE,ENABLED,NOT DEFERRABLE,IMMEDIATE,,"PES_ID,CSPE_ID"
PESXREG,PER_ID_NULL,C,CHECK,ENABLED,NOT DEFERRABLE,IMMEDIATE,,PER_ID
PESXREG,PES_PER_NULL,C,CHECK,ENABLED,NOT DEFERRABLE,IMMEDIATE,,PES_ID
PESXREG,REG_PER_NULL,C,CHECK,ENABLED,NOT DEFERRABLE,IMMEDIATE,,REG_ID
PESXREG,PER_PK,P,PRIMARY KEY,ENABLED,NOT DEFERRABLE,IMMEDIATE,,PER_ID
PESXREG,PES_PER_FK,R,FOREIGN KEY,ENABLED,NOT DEFERRABLE,IMMEDIATE,PES_PK,PES_ID
PESXREG,REG_PER_FK,R,FOREIGN KEY,ENABLED,NOT DEFERRABLE,IMMEDIATE,REG_PK,REG_ID
PESXREG,PESXREG_UK_UC,U,UNIQUE,ENABLED,NOT DEFERRABLE,IMMEDIATE,,"PES_ID,REG_ID"
PLANILLA_TALLER,CSPE_PLT_NULL,C,CHECK,ENABLED,NOT DEFERRABLE,IMMEDIATE,,CSPE_ID
PLANILLA_TALLER,FUO_PLT_NULL,C,CHECK,ENABLED,NOT DEFERRABLE,IMMEDIATE,,FUN_ORIENTADOR
PLANILLA_TALLER,FUR_PLT_NULL,C,CHECK,ENABLED,NOT DEFERRABLE,IMMEDIATE,,FUN_REGISTRO
PLANILLA_TALLER,GUT_PLT_NULL,C,CHECK,ENABLED,NOT DEFERRABLE,IMMEDIATE,,GUT_ID
PLANILLA_TALLER,PLT_FCH_INICIO_NULL,C,CHECK,ENABLED,NOT DEFERRABLE,IMMEDIATE,,PLT_FCH_INICIO
PLANILLA_TALLER,PLT_FCH_REGISTRO_NULL,C,CHECK,ENABLED,NOT DEFERRABLE,IMMEDIATE,,PLT_FCH_REGISTRO
PLANILLA_TALLER,PLT_HORARIO_NULL,C,CHECK,ENABLED,NOT DEFERRABLE,IMMEDIATE,,PLT_HORARIO
PLANILLA_TALLER,PLT_ID_NULL,C,CHECK,ENABLED,NOT DEFERRABLE,IMMEDIATE,,PLT_ID
PLANILLA_TALLER,PLT_LUGAR_NULL,C,CHECK,ENABLED,NOT DEFERRABLE,IMMEDIATE,,PLT_LUGAR
PLANILLA_TALLER,PLT_TIPO_CHK,C,CHECK,ENABLED,NOT DEFERRABLE,IMMEDIATE,,PLT_TIPO
PLANILLA_TALLER,PLT_TIPO_NULL,C,CHECK,ENABLED,NOT DEFERRABLE,IMMEDIATE,,PLT_TIPO
PLANILLA_TALLER,PLT_PK,P,PRIMARY KEY,ENABLED,NOT DEFERRABLE,IMMEDIATE,,PLT_ID
PLANILLA_TALLER,CSPE_PLT_FK,R,FOREIGN KEY,ENABLED,NOT DEFERRABLE,IMMEDIATE,CSPE_PK,CSPE_ID
PLANILLA_TALLER,FUO_PLT_FK,R,FOREIGN KEY,ENABLED,NOT DEFERRABLE,IMMEDIATE,FUN_PK,FUN_ORIENTADOR
PLANILLA_TALLER,FUR_PLT_FK,R,FOREIGN KEY,ENABLED,NOT DEFERRABLE,IMMEDIATE,FUN_PK,FUN_REGISTRO
PLANILLA_TALLER,GUT_PLT_FK,R,FOREIGN KEY,ENABLED,NOT DEFERRABLE,IMMEDIATE,GUT_PK,GUT_ID
PLTXPES,CSPE_PPE_NULL,C,CHECK,ENABLED,NOT DEFERRABLE,IMMEDIATE,,CSPE_ID
PLTXPES,FUN_PPE_NULL,C,CHECK,ENABLED,NOT DEFERRABLE,IMMEDIATE,,FUN_ID
PLTXPES,PES_PPE_NULL,C,CHECK,ENABLED,NOT DEFERRABLE,IMMEDIATE,,PES_ID
PLTXPES,PLT_PPE_NULL,C,CHECK,ENABLED,NOT DEFERRABLE,IMMEDIATE,,PLT_ID
PLTXPES,PPE_FCH_REGISTRO_NULL,C,CHECK,ENABLED,NOT DEFERRABLE,IMMEDIATE,,PPE_FCH_REGISTRO
PLTXPES,PPE_ID_NULL,C,CHECK,ENABLED,NOT DEFERRABLE,IMMEDIATE,,PPE_ID
PLTXPES,PPE_PK,P,PRIMARY KEY,ENABLED,NOT DEFERRABLE,IMMEDIATE,,PPE_ID
PLTXPES,CSPE_PPE_FK,R,FOREIGN KEY,ENABLED,NOT DEFERRABLE,IMMEDIATE,CSPE_PK,CSPE_ID
PLTXPES,FUN_PPE_FK,R,FOREIGN KEY,ENABLED,NOT DEFERRABLE,IMMEDIATE,FUN_PK,FUN_ID
PLTXPES,PES_PPE_FK,R,FOREIGN KEY,ENABLED,NOT DEFERRABLE,IMMEDIATE,PES_PK,PES_ID
PLTXPES,PLT_PPE_FK,R,FOREIGN KEY,ENABLED,NOT DEFERRABLE,IMMEDIATE,PLT_PK,PLT_ID
PLTXPES,PLTXPES_UK_UC,U,UNIQUE,ENABLED,NOT DEFERRABLE,IMMEDIATE,,"PLT_ID,PES_ID"
POSICION_FAMILIAR,PSF_ID_NULL,C,CHECK,ENABLED,NOT DEFERRABLE,IMMEDIATE,,PSF_ID
POSICION_FAMILIAR,PSF_NOMBRE_NULL,C,CHECK,ENABLED,NOT DEFERRABLE,IMMEDIATE,,PSF_NOMBRE
POSICION_FAMILIAR,PSF_VAL_OFERTA_CHK,C,CHECK,ENABLED,NOT DEFERRABLE,IMMEDIATE,,PSF_VAL_OFERTA
POSICION_FAMILIAR,PSF_VAL_OFERTA_NULL,C,CHECK,ENABLED,NOT DEFERRABLE,IMMEDIATE,,PSF_VAL_OFERTA
POSICION_FAMILIAR,PSF_PK,P,PRIMARY KEY,ENABLED,NOT DEFERRABLE,IMMEDIATE,,PSF_ID
PROGRAMA_ESPECIAL,PES_DESCRIPCION_NULL,C,CHECK,ENABLED,NOT DEFERRABLE,IMMEDIATE,,PES_DESCRIPCION
PROGRAMA_ESPECIAL,PES_ESTADO_CHK,C,CHECK,ENABLED,NOT DEFERRABLE,IMMEDIATE,,PES_ESTADO
PROGRAMA_ESPECIAL,PES_ESTADO_NULL,C,CHECK,ENABLED,NOT DEFERRABLE,IMMEDIATE,,PES_ESTADO
PROGRAMA_ESPECIAL,PES_FCH_CREACION_NULL,C,CHECK,ENABLED,NOT DEFERRABLE,IMMEDIATE,,PES_FCH_CREACION
PROGRAMA_ESPECIAL,PES_FCH_INI_NULL,C,CHECK,ENABLED,NOT DEFERRABLE,IMMEDIATE,,PES_FCH_INI
PROGRAMA_ESPECIAL,PES_HAB_DEMANDA_CHK,C,CHECK,ENABLED,NOT DEFERRABLE,IMMEDIATE,,PES_HAB_DEMANDA
PROGRAMA_ESPECIAL,PES_HAB_DEMANDA_NULL,C,CHECK,ENABLED,NOT DEFERRABLE,IMMEDIATE,,PES_HAB_DEMANDA
PROGRAMA_ESPECIAL,PES_HAB_INTERNET_DEM_CHK,C,CHECK,ENABLED,NOT DEFERRABLE,IMMEDIATE,,PES_HAB_INTERNET_DEM
PROGRAMA_ESPECIAL,PES_HAB_INTERNET_D_NULL,C,CHECK,ENABLED,NOT DEFERRABLE,IMMEDIATE,,PES_HAB_INTERNET_DEM
PROGRAMA_ESPECIAL,PES_HAB_INTERNET_OFT_CHK,C,CHECK,ENABLED,NOT DEFERRABLE,IMMEDIATE,,PES_HAB_INTERNET_OFT
PROGRAMA_ESPECIAL,PES_HAB_INTERNET_O_NULL,C,CHECK,ENABLED,NOT DEFERRABLE,IMMEDIATE,,PES_HAB_INTERNET_OFT
PROGRAMA_ESPECIAL,PES_HAB_OFERTA_CHK,C,CHECK,ENABLED,NOT DEFERRABLE,IMMEDIATE,,PES_HAB_OFERTA
PROGRAMA_ESPECIAL,PES_HAB_OFERTA_NULL,C,CHECK,ENABLED,NOT DEFERRABLE,IMMEDIATE,,PES_HAB_OFERTA
PROGRAMA_ESPECIAL,PES_ID_NULL,C,CHECK,ENABLED,NOT DEFERRABLE,IMMEDIATE,,PES_ID
PROGRAMA_ESPECIAL,PES_NOMBRE_NULL,C,CHECK,ENABLED,NOT DEFERRABLE,IMMEDIATE,,PES_NOMBRE
PROGRAMA_ESPECIAL,SYS_C0021651,C,CHECK,ENABLED,NOT DEFERRABLE,IMMEDIATE,,TIPES_ID
PROGRAMA_ESPECIAL,PES_PK,P,PRIMARY KEY,ENABLED,NOT DEFERRABLE,IMMEDIATE,,PES_ID
RANGO_SALARIAL,SYS_C0022062,C,CHECK,ENABLED,NOT DEFERRABLE,IMMEDIATE,,RSA_ID
RANGO_SALARIAL,SYS_C0022063,C,CHECK,ENABLED,NOT DEFERRABLE,IMMEDIATE,,RSA_ETIQUETA
RANGO_SALARIAL,RANGO_SALARIAL_PK,P,PRIMARY KEY,ENABLED,NOT DEFERRABLE,IMMEDIATE,,RSA_ID
REGIONAL,MPO_REG_NULL,C,CHECK,ENABLED,NOT DEFERRABLE,IMMEDIATE,,MPO_ID
REGIONAL,REG_CORREO_E_NULL,C,CHECK,ENABLED,NOT DEFERRABLE,IMMEDIATE,,REG_CORREO_E
REGIONAL,REG_DIRECCION_NULL,C,CHECK,ENABLED,NOT DEFERRABLE,IMMEDIATE,,REG_DIRECCION
REGIONAL,REG_FAX_NULL,C,CHECK,ENABLED,NOT DEFERRABLE,IMMEDIATE,,REG_FAX
REGIONAL,REG_ID_NULL,C,CHECK,ENABLED,NOT DEFERRABLE,IMMEDIATE,,REG_ID
REGIONAL,REG_NOMBRE_NULL,C,CHECK,ENABLED,NOT DEFERRABLE,IMMEDIATE,,REG_NOMBRE
REGIONAL,REG_TEL_NULL,C,CHECK,ENABLED,NOT DEFERRABLE,IMMEDIATE,,REG_TEL
REGIONAL,REG_PK,P,PRIMARY KEY,ENABLED,NOT DEFERRABLE,IMMEDIATE,,REG_ID
REGIONAL,MPO_REG_FK,R,FOREIGN KEY,ENABLED,NOT DEFERRABLE,IMMEDIATE,MPO_PK,MPO_ID
REGISTRADURIA_CARGA,SYS_C0021481,C,CHECK,ENABLED,NOT DEFERRABLE,IMMEDIATE,,REGC_ID
REGISTRADURIA_CARGA,SYS_C0021482,C,CHECK,ENABLED,NOT DEFERRABLE,IMMEDIATE,,REGC_CEDULA
REGISTRADURIA_CARGA,REGC_PK,P,PRIMARY KEY,ENABLED,NOT DEFERRABLE,IMMEDIATE,,REGC_ID
REGISTRADURIA_CONF,SYS_C0021501,C,CHECK,ENABLED,NOT DEFERRABLE,IMMEDIATE,,RGC_CONSECUTIVO
REGISTRADURIA_DPTO,SYS_C0022995,C,CHECK,ENABLED,NOT DEFERRABLE,IMMEDIATE,,DPT_ID
REGISTRADURIA_DPTO,SYS_C0022996,C,CHECK,ENABLED,NOT DEFERRABLE,IMMEDIATE,,REGD_ABREVIATURA
REGISTRADURIA_DPTO,REGD_PK,P,PRIMARY KEY,ENABLED,NOT DEFERRABLE,IMMEDIATE,,DPT_ID
REMISION_CARGUE_HIDROCARBUROS,SYS_C0023029,C,CHECK,ENABLED,NOT DEFERRABLE,IMMEDIATE,,RCH_ID
REMISION_CARGUE_HIDROCARBUROS,SYS_C0023030,C,CHECK,ENABLED,NOT DEFERRABLE,IMMEDIATE,,OFT_ID
REMISION_CARGUE_HIDROCARBUROS,SYS_C0023031,C,CHECK,ENABLED,NOT DEFERRABLE,IMMEDIATE,,DEM_ID
REMISION_CARGUE_HIDROCARBUROS,SYS_C0023032,C,CHECK,ENABLED,NOT DEFERRABLE,IMMEDIATE,,ENV_ID
REMISION_CARGUE_HIDROCARBUROS,SYS_C0023033,C,CHECK,ENABLED,NOT DEFERRABLE,IMMEDIATE,,FUN_ID
REMISION_CARGUE_HIDROCARBUROS,SYS_C0023034,C,CHECK,ENABLED,NOT DEFERRABLE,IMMEDIATE,,FECHA_REGISTRO
REMISION_CARGUE_HIDROCARBUROS,PK_RCH_ID,P,PRIMARY KEY,ENABLED,NOT DEFERRABLE,IMMEDIATE,,RCH_ID
REMISION_CARGUE_HIDROCARBUROS,FK_DEM_ID_RCH,R,FOREIGN KEY,ENABLED,NOT DEFERRABLE,IMMEDIATE,DEM_PK,DEM_ID
REMISION_CARGUE_HIDROCARBUROS,FK_ENV_ID_RCH,R,FOREIGN KEY,ENABLED,NOT DEFERRABLE,IMMEDIATE,ENV_PK,ENV_ID
REMISION_CARGUE_HIDROCARBUROS,FK_FUN_ID_RCH,R,FOREIGN KEY,ENABLED,NOT DEFERRABLE,IMMEDIATE,FUN_PK,FUN_ID
REMISION_CARGUE_HIDROCARBUROS,FK_OFT_ID_RCH,R,FOREIGN KEY,ENABLED,NOT DEFERRABLE,IMMEDIATE,OFT_PK,OFT_ID
REMISION_CARGUE_HIDROCARBUROS,FK_RHI_ID_RCH,R,FOREIGN KEY,ENABLED,NOT DEFERRABLE,IMMEDIATE,PK_RHI_ID,RHI_ID
REMISION_HIDROCARBUROS,SYS_C0023297,C,CHECK,ENABLED,NOT DEFERRABLE,IMMEDIATE,,RHI_ID
REMISION_HIDROCARBUROS,SYS_C0023298,C,CHECK,ENABLED,NOT DEFERRABLE,IMMEDIATE,,ARI_ID
REMISION_HIDROCARBUROS,SYS_C0023299,C,CHECK,ENABLED,NOT DEFERRABLE,IMMEDIATE,,RHI_CANTIDAD_REMITIDOS
REMISION_HIDROCARBUROS,SYS_C0023300,C,CHECK,ENABLED,NOT DEFERRABLE,IMMEDIATE,,FUN_ID
REMISION_HIDROCARBUROS,SYS_C0023301,C,CHECK,ENABLED,NOT DEFERRABLE,IMMEDIATE,,ORDEN
REMISION_HIDROCARBUROS,SYS_C0023302,C,CHECK,ENABLED,NOT DEFERRABLE,IMMEDIATE,,FECHA_REGISTRO
REMISION_HIDROCARBUROS,PK_RHI_ID,P,PRIMARY KEY,ENABLED,NOT DEFERRABLE,IMMEDIATE,,RHI_ID
REMISION_HIDROCARBUROS,FK_ARI_ID_RHI,R,FOREIGN KEY,ENABLED,NOT DEFERRABLE,IMMEDIATE,ARI_PK,ARI_ID
REMISION_HIDROCARBUROS,FK_FUN_ID_RHI,R,FOREIGN KEY,ENABLED,NOT DEFERRABLE,IMMEDIATE,FUN_PK,FUN_ID
REPORTE,REP_DESCRIPCION_NULL,C,CHECK,ENABLED,NOT DEFERRABLE,IMMEDIATE,,REP_DESCRIPCION
REPORTE,REP_FCH_NULL,C,CHECK,ENABLED,NOT DEFERRABLE,IMMEDIATE,,REP_FCH
REPORTE,REP_ID_NULL,C,CHECK,ENABLED,NOT DEFERRABLE,IMMEDIATE,,REP_ID
REPORTE,REP_MOD_NULL,C,CHECK,ENABLED,NOT DEFERRABLE,IMMEDIATE,,REP_MODULO
REPORTE,REP_NOMBRE_NULL,C,CHECK,ENABLED,NOT DEFERRABLE,IMMEDIATE,,REP_NOMBRE
REPORTE,REP_TIPO_CHK,C,CHECK,ENABLED,NOT DEFERRABLE,IMMEDIATE,,REP_TIPO
REPORTE,REP_TIPO_NULL,C,CHECK,ENABLED,NOT DEFERRABLE,IMMEDIATE,,REP_TIPO
REPORTE,ROL_REP_NULL,C,CHECK,ENABLED,NOT DEFERRABLE,IMMEDIATE,,ROL_ID
REPORTE,REP_ROL_UK,P,PRIMARY KEY,ENABLED,NOT DEFERRABLE,IMMEDIATE,,"REP_ID,ROL_ID,REP_TIPO"
REPORTE,ROL_REP_FK,R,FOREIGN KEY,ENABLED,NOT DEFERRABLE,IMMEDIATE,ROL_PK,ROL_ID
REPORTES_XML,SYS_C0023652,C,CHECK,ENABLED,NOT DEFERRABLE,IMMEDIATE,,REP_XML_CODIGO
REPORTES_XML,SYS_C0023653,C,CHECK,ENABLED,NOT DEFERRABLE,IMMEDIATE,,REP_XML_NOMBRE
REPORTES_XML,SYS_C0023654,C,CHECK,ENABLED,NOT DEFERRABLE,IMMEDIATE,,REP_XML_DESCRIPCION
REPORTES_XML,SYS_C0023655,C,CHECK,ENABLED,NOT DEFERRABLE,IMMEDIATE,,REP_XML_VALOR
REPORTES_XML,SYS_C0023656,C,CHECK,ENABLED,NOT DEFERRABLE,IMMEDIATE,,REP_XML_FECHA_CREACION
REPORTES_XML,SYS_C0023657,C,CHECK,ENABLED,NOT DEFERRABLE,IMMEDIATE,,REP_XML_FECHA_ACTUALIZACION
REPORTES_XML,SYS_C0023658,C,CHECK,ENABLED,NOT DEFERRABLE,IMMEDIATE,,FUN_ID
REPORTES_XML,UQ_REP_XML_CODIGO,U,UNIQUE,ENABLED,NOT DEFERRABLE,IMMEDIATE,,REP_XML_CODIGO
REPORTE_SEG,RSG_ENCABEZADO_NULL,C,CHECK,ENABLED,NOT DEFERRABLE,IMMEDIATE,,RSG_ENCABEZADO
REPORTE_SEG,RSG_HABILITAR_CHK,C,CHECK,ENABLED,NOT DEFERRABLE,IMMEDIATE,,RSG_HABILITAR
REPORTE_SEG,RSG_HABILITAR_NULL,C,CHECK,ENABLED,NOT DEFERRABLE,IMMEDIATE,,RSG_HABILITAR
REPORTE_SEG,RSG_ID_NULL,C,CHECK,ENABLED,NOT DEFERRABLE,IMMEDIATE,,RSG_ID
REPORTE_SEG,RSG_NOMBRE_NULL,C,CHECK,ENABLED,NOT DEFERRABLE,IMMEDIATE,,RSG_NOMBRE
REPORTE_SEG,RSG_SQL_NULL,C,CHECK,ENABLED,NOT DEFERRABLE,IMMEDIATE,,RSG_SQL
REPORTE_SEG,RSG_ID_PK,P,PRIMARY KEY,ENABLED,NOT DEFERRABLE,IMMEDIATE,,RSG_ID
REP_INSCRITOS,SYS_C0022796,C,CHECK,ENABLED,NOT DEFERRABLE,IMMEDIATE,,OFT_ID
ROL,ROL_FCH_NULL,C,CHECK,ENABLED,NOT DEFERRABLE,IMMEDIATE,,ROL_FCH
ROL,ROL_ID_NULL,C,CHECK,ENABLED,NOT DEFERRABLE,IMMEDIATE,,ROL_ID
ROL,ROL_NOMBRE_NULL,C,CHECK,ENABLED,NOT DEFERRABLE,IMMEDIATE,,ROL_NOMBRE
ROL,ROL_PK,P,PRIMARY KEY,ENABLED,NOT DEFERRABLE,IMMEDIATE,,ROL_ID
ROLXGRUPO_MT,GMT_RGT_NULL,C,CHECK,ENABLED,NOT DEFERRABLE,IMMEDIATE,,GMT_ID
ROLXGRUPO_MT,RGT_FCH_NULL,C,CHECK,ENABLED,NOT DEFERRABLE,IMMEDIATE,,RGT_FCH
ROLXGRUPO_MT,ROL_RGT_NULL,C,CHECK,ENABLED,NOT DEFERRABLE,IMMEDIATE,,ROL_ID
ROLXGRUPO_MT,GMT_RGT_FK,R,FOREIGN KEY,ENABLED,NOT DEFERRABLE,IMMEDIATE,GMT_PK,GMT_ID
ROLXGRUPO_MT,ROL_RGT_FK,R,FOREIGN KEY,ENABLED,NOT DEFERRABLE,IMMEDIATE,ROL_PK,ROL_ID
ROLXGRUPO_MT,ROL_GMT_UK_UC,U,UNIQUE,ENABLED,NOT DEFERRABLE,IMMEDIATE,,"ROL_ID,GMT_ID"
RUV_CARGA,SYS_C0022053,C,CHECK,ENABLED,NOT DEFERRABLE,IMMEDIATE,,RUC_ID
RUV_CARGA,SYS_C0022054,C,CHECK,ENABLED,NOT DEFERRABLE,IMMEDIATE,,RUC_ARCHIVO
RUV_CARGA,SYS_C0022055,C,CHECK,ENABLED,NOT DEFERRABLE,IMMEDIATE,,RUC_USUARIO
RUV_CARGA,SYS_C0022056,C,CHECK,ENABLED,NOT DEFERRABLE,IMMEDIATE,,RUC_FECHA_INICIO
RUV_CARGA,SYS_C0022057,C,CHECK,ENABLED,NOT DEFERRABLE,IMMEDIATE,,RUC_STATUS
RUV_CARGA,RUV_CARGA_PK,P,PRIMARY KEY,ENABLED,NOT DEFERRABLE,IMMEDIATE,,RUC_ID
SECCION_CIIU,SCC_ID_NULL,C,CHECK,ENABLED,NOT DEFERRABLE,IMMEDIATE,,SCC_ID
SECCION_CIIU,SCC_NOMBRE_NULL,C,CHECK,ENABLED,NOT DEFERRABLE,IMMEDIATE,,SCC_NOMBRE
SECCION_CIIU,SCC_PK,P,PRIMARY KEY,ENABLED,NOT DEFERRABLE,IMMEDIATE,,SCC_ID
SEC_JASPERTOKEN,SYS_C0022774,C,CHECK,ENABLED,NOT DEFERRABLE,IMMEDIATE,,USU_ID
SEC_JASPERTOKEN,SYS_C0022775,C,CHECK,ENABLED,NOT DEFERRABLE,IMMEDIATE,,UTK_TOKEN
SEC_JASPERTOKEN,SYS_C0024055,P,PRIMARY KEY,ENABLED,NOT DEFERRABLE,IMMEDIATE,,USU_ID
SEC_JASPERTOKEN,FK_SEC_JASPERTOKEN_UTK_TOKEN,R,FOREIGN KEY,ENABLED,NOT DEFERRABLE,IMMEDIATE,SYS_C0024054,USU_ID
SEC_MENU,SYS_C0023272,C,CHECK,ENABLED,NOT DEFERRABLE,IMMEDIATE,,MEN_ID
SEC_MENU,SYS_C0023273,C,CHECK,ENABLED,NOT DEFERRABLE,IMMEDIATE,,MEN_ETIQUETA
SEC_MENU,SYS_C0023274,C,CHECK,ENABLED,NOT DEFERRABLE,IMMEDIATE,,MEN_ORDEN
SEC_MENU,SYS_C0023275,C,CHECK,ENABLED,NOT DEFERRABLE,IMMEDIATE,,MEN_ES_PERMISO
SEC_MENU,SYS_C0024202,P,PRIMARY KEY,ENABLED,NOT DEFERRABLE,IMMEDIATE,,MEN_ID
SEC_MENU_RECURSO,SYS_C0022793,C,CHECK,ENABLED,NOT DEFERRABLE,IMMEDIATE,,SMR_ID
SEC_MENU_RECURSO,SYS_C0022794,C,CHECK,ENABLED,NOT DEFERRABLE,IMMEDIATE,,MEN_ID
SEC_MENU_RECURSO,SYS_C0022795,C,CHECK,ENABLED,NOT DEFERRABLE,IMMEDIATE,,REC_ID
SEC_MENU_RECURSO,SYS_C0024059,P,PRIMARY KEY,ENABLED,NOT DEFERRABLE,IMMEDIATE,,SMR_ID
SEC_MENU_ROL,SYS_C0023276,C,CHECK,ENABLED,NOT DEFERRABLE,IMMEDIATE,,MEN_ID
SEC_MENU_ROL,SYS_C0023277,C,CHECK,ENABLED,NOT DEFERRABLE,IMMEDIATE,,ROL_ID
SEC_MENU_ROL,FK_SEC_MENU_ROL_MEN_ID,R,FOREIGN KEY,ENABLED,NOT DEFERRABLE,IMMEDIATE,SYS_C0024202,MEN_ID
SEC_MENU_ROL,FK_SEC_MENU_ROL_ROL_ID,R,FOREIGN KEY,ENABLED,NOT DEFERRABLE,IMMEDIATE,SYS_C0023851,ROL_ID
SEC_RECURSO,SYS_C0022048,C,CHECK,ENABLED,NOT DEFERRABLE,IMMEDIATE,,REC_ID
SEC_RECURSO,SYS_C0022049,C,CHECK,ENABLED,NOT DEFERRABLE,IMMEDIATE,,REC_URL_PATTERN
SEC_RECURSO,SYS_C0023852,P,PRIMARY KEY,ENABLED,NOT DEFERRABLE,IMMEDIATE,,REC_ID
SEC_RECURSO_ROL,SYS_C0022050,C,CHECK,ENABLED,NOT DEFERRABLE,IMMEDIATE,,RRE_ID
SEC_RECURSO_ROL,SYS_C0022051,C,CHECK,ENABLED,NOT DEFERRABLE,IMMEDIATE,,ROL_ID
SEC_RECURSO_ROL,SYS_C0022052,C,CHECK,ENABLED,NOT DEFERRABLE,IMMEDIATE,,REC_ID
SEC_RECURSO_ROL,SYS_C0023853,P,PRIMARY KEY,ENABLED,NOT DEFERRABLE,IMMEDIATE,,RRE_ID
SEC_RECURSO_ROL,FK_SEC_ROL_RECURSO_SEC_RECURSO,R,FOREIGN KEY,ENABLED,NOT DEFERRABLE,IMMEDIATE,SYS_C0023852,REC_ID
SEC_RECURSO_ROL,FK_SEC_ROL_RECURSO_SEC_ROL,R,FOREIGN KEY,ENABLED,NOT DEFERRABLE,IMMEDIATE,SYS_C0023851,ROL_ID
SEC_ROL,SYS_C0022045,C,CHECK,ENABLED,NOT DEFERRABLE,IMMEDIATE,,ROL_ID
SEC_ROL,SYS_C0022046,C,CHECK,ENABLED,NOT DEFERRABLE,IMMEDIATE,,ROL_ACTIVO
SEC_ROL,SYS_C0022047,C,CHECK,ENABLED,NOT DEFERRABLE,IMMEDIATE,,ROL_ASIGNABLE
SEC_ROL,SYS_C0023850,C,CHECK,ENABLED,NOT DEFERRABLE,IMMEDIATE,,ROL_ACTIVO
SEC_ROL,SYS_C0023851,P,PRIMARY KEY,ENABLED,NOT DEFERRABLE,IMMEDIATE,,ROL_ID
SEC_USUARIO,SYS_C0022769,C,CHECK,ENABLED,NOT DEFERRABLE,IMMEDIATE,,USU_ID
SEC_USUARIO,SYS_C0022770,C,CHECK,ENABLED,NOT DEFERRABLE,IMMEDIATE,,TDI_ID
SEC_USUARIO,SYS_C0022771,C,CHECK,ENABLED,NOT DEFERRABLE,IMMEDIATE,,USU_NUMERO_DOC
SEC_USUARIO,SYS_C0022772,C,CHECK,ENABLED,NOT DEFERRABLE,IMMEDIATE,,USU_PASSWORD
SEC_USUARIO,SYS_C0022773,C,CHECK,ENABLED,NOT DEFERRABLE,IMMEDIATE,,USU_TIPO
SEC_USUARIO,SYS_C0035520,C,CHECK,ENABLED,NOT DEFERRABLE,IMMEDIATE,,HABEAS_DATA
SEC_USUARIO,SYS_C0035521,C,CHECK,ENABLED,NOT DEFERRABLE,IMMEDIATE,,HABEAS_DATA
SEC_USUARIO,SYS_C0024054,P,PRIMARY KEY,ENABLED,NOT DEFERRABLE,IMMEDIATE,,USU_ID
SEC_USUARIO_ROL,SYS_C0022991,C,CHECK,ENABLED,NOT DEFERRABLE,IMMEDIATE,,USU_ID
SEC_USUARIO_ROL,SYS_C0022992,C,CHECK,ENABLED,NOT DEFERRABLE,IMMEDIATE,,ROL_ID
SEC_USUARIO_ROL,FK_USUARIO_ROL_ROL_ID,R,FOREIGN KEY,ENABLED,NOT DEFERRABLE,IMMEDIATE,SYS_C0023851,ROL_ID
SEC_USUARIO_ROL,FK_USUARIO_ROL_USU_ID,R,FOREIGN KEY,ENABLED,NOT DEFERRABLE,IMMEDIATE,SYS_C0024054,USU_ID
SEC_USU_EVENT,SYS_C0022399,C,CHECK,ENABLED,NOT DEFERRABLE,IMMEDIATE,,SUEV_ID
SEC_USU_EVENT,SYS_C0022400,C,CHECK,ENABLED,NOT DEFERRABLE,IMMEDIATE,,USU_ID
SEC_USU_EVENT,SYS_C0022401,C,CHECK,ENABLED,NOT DEFERRABLE,IMMEDIATE,,SUEV_FECHA
SEC_USU_EVENT,SYS_C0022402,C,CHECK,ENABLED,NOT DEFERRABLE,IMMEDIATE,,SUEV_ACCION
SEC_USU_EVENT,SUEV_PK,P,PRIMARY KEY,ENABLED,NOT DEFERRABLE,IMMEDIATE,,SUEV_ID
SITUACION_OCUPACIONAL,SIO_DESCRIPCION_NULL,C,CHECK,ENABLED,NOT DEFERRABLE,IMMEDIATE,,SIO_DESCRIPCION
SITUACION_OCUPACIONAL,SIO_ID_NULL,C,CHECK,ENABLED,NOT DEFERRABLE,IMMEDIATE,,SIO_ID
SITUACION_OCUPACIONAL,SIO_NOMBRE_NULL,C,CHECK,ENABLED,NOT DEFERRABLE,IMMEDIATE,,SIO_NOMBRE
SITUACION_OCUPACIONAL,SIO_PK,P,PRIMARY KEY,ENABLED,NOT DEFERRABLE,IMMEDIATE,,SIO_ID
SMS_CACHE,SYS_C0023579,C,CHECK,ENABLED,NOT DEFERRABLE,IMMEDIATE,,OFT_ID
SMS_CACHE,SYS_C0023580,C,CHECK,ENABLED,NOT DEFERRABLE,IMMEDIATE,,OFT_NOMBRES
SMS_CACHE,SYS_C0023581,C,CHECK,ENABLED,NOT DEFERRABLE,IMMEDIATE,,OFT_PRIMER_APELLIDO
SMS_CACHE,SYS_C0023582,C,CHECK,ENABLED,NOT DEFERRABLE,IMMEDIATE,,PAI_ID
SMS_CAMPANA,SC_GENERO_CHK,C,CHECK,ENABLED,NOT DEFERRABLE,IMMEDIATE,,OFT_GENERO
SMS_CAMPANA,SC_TIPO_CAMPANA_CHK,C,CHECK,ENABLED,NOT DEFERRABLE,IMMEDIATE,,SC_TIPO_CAMPANA
SMS_CAMPANA,SYS_C0022040,C,CHECK,ENABLED,NOT DEFERRABLE,IMMEDIATE,,SC_ID
SMS_CAMPANA,SYS_C0022041,C,CHECK,ENABLED,NOT DEFERRABLE,IMMEDIATE,,SC_USUARIO
SMS_CAMPANA,SYS_C0022042,C,CHECK,ENABLED,NOT DEFERRABLE,IMMEDIATE,,SC_MENSAJE
SMS_CAMPANA,SYS_C0022043,C,CHECK,ENABLED,NOT DEFERRABLE,IMMEDIATE,,SC_TIPO_CAMPANA
SMS_CAMPANA,SYS_C0022044,C,CHECK,ENABLED,NOT DEFERRABLE,IMMEDIATE,,SC_NOMBRE
SMS_CAMPANA,SC_PK,P,PRIMARY KEY,ENABLED,NOT DEFERRABLE,IMMEDIATE,,SC_ID
SMS_CAMPANA_DETALLE,SYS_C0022765,C,CHECK,ENABLED,NOT DEFERRABLE,IMMEDIATE,,SCD_ID
SMS_CAMPANA_DETALLE,SYS_C0022766,C,CHECK,ENABLED,NOT DEFERRABLE,IMMEDIATE,,SC_ID
SMS_CAMPANA_DETALLE,SYS_C0022767,C,CHECK,ENABLED,NOT DEFERRABLE,IMMEDIATE,,SCD_PAI_ID
SMS_CAMPANA_DETALLE,SYS_C0022768,C,CHECK,ENABLED,NOT DEFERRABLE,IMMEDIATE,,SCD_TIPO_ID
SMS_CAMPANA_DETALLE,SCD_PK,P,PRIMARY KEY,ENABLED,NOT DEFERRABLE,IMMEDIATE,,SCD_ID
SMS_CAMPANA_DETALLE,SCD_PAI_FK,R,FOREIGN KEY,ENABLED,NOT DEFERRABLE,IMMEDIATE,PAI_PK,SCD_PAI_ID
SMS_CAMPANA_DETALLE,SCD_SC_FK,R,FOREIGN KEY,ENABLED,NOT DEFERRABLE,IMMEDIATE,SC_PK,SC_ID
SOF_CAP_NOVEDAD,SYS_C0022373,C,CHECK,ENABLED,NOT DEFERRABLE,IMMEDIATE,,SCN_ID
SOF_CAP_NOVEDAD,SYS_C0022374,C,CHECK,ENABLED,NOT DEFERRABLE,IMMEDIATE,,NIS
SOF_CAP_NOVEDAD,SYS_C0022375,C,CHECK,ENABLED,NOT DEFERRABLE,IMMEDIATE,,TIPO_DOCUMENTO_IDENTIFICACION
SOF_CAP_NOVEDAD,SYS_C0022376,C,CHECK,ENABLED,NOT DEFERRABLE,IMMEDIATE,,NUMERO_DOCUMENT_IDENTIFICACION
SOF_CAP_NOVEDAD,SYS_C0022377,C,CHECK,ENABLED,NOT DEFERRABLE,IMMEDIATE,,CODIGO_FICHA
SOF_CAP_NOVEDAD,SYS_C0022378,C,CHECK,ENABLED,NOT DEFERRABLE,IMMEDIATE,,PROCESO
SOF_CAP_NOVEDAD,SYS_C0022379,C,CHECK,ENABLED,NOT DEFERRABLE,IMMEDIATE,,ESTADO_RGA_ID
SOF_CAP_NOVEDAD,SYS_C0022380,C,CHECK,ENABLED,NOT DEFERRABLE,IMMEDIATE,,ESTADO_RGA
SOF_CAP_NOVEDAD,SYS_C0022381,C,CHECK,ENABLED,NOT DEFERRABLE,IMMEDIATE,,FECHA_REGISTRO
SOF_CAP_NOVEDAD,SYS_C0023950,P,PRIMARY KEY,ENABLED,NOT DEFERRABLE,IMMEDIATE,,SCN_ID
SOF_OFERTA_INSCRIPCION,SYS_C0021502,C,CHECK,ENABLED,NOT DEFERRABLE,IMMEDIATE,,OFT_ID
SOF_OFERTA_INSCRIPCION,SYS_C0021503,C,CHECK,ENABLED,NOT DEFERRABLE,IMMEDIATE,,TDI_ABREVIATURA
SOF_OFERTA_INSCRIPCION,SYS_C0021504,C,CHECK,ENABLED,NOT DEFERRABLE,IMMEDIATE,,OFT_IDENTIFICACION
SOF_OFERTA_INSCRIPCION,SYS_C0021505,C,CHECK,ENABLED,NOT DEFERRABLE,IMMEDIATE,,OFT_FCH_EXP_IDENT
SOF_OFERTA_INSCRIPCION,SYS_C0021506,C,CHECK,ENABLED,NOT DEFERRABLE,IMMEDIATE,,OFT_NOMBRES
SOF_OFERTA_INSCRIPCION,SYS_C0021507,C,CHECK,ENABLED,NOT DEFERRABLE,IMMEDIATE,,OFT_PRIMER_APELLIDO
SOF_OFERTA_INSCRIPCION,SYS_C0021508,C,CHECK,ENABLED,NOT DEFERRABLE,IMMEDIATE,,OFT_FCH_NACIMIENTO
SOF_OFERTA_INSCRIPCION,SYS_C0021509,C,CHECK,ENABLED,NOT DEFERRABLE,IMMEDIATE,,ETR_ID
SOF_OFERTA_INSCRIPCION,SYS_C0021510,C,CHECK,ENABLED,NOT DEFERRABLE,IMMEDIATE,,OFT_GENERO
SOF_OFERTA_INSCRIPCION,SYS_C0021511,C,CHECK,ENABLED,NOT DEFERRABLE,IMMEDIATE,,OFT_RESIDENCIA_PAI
SOF_OFERTA_INSCRIPCION,SYS_C0021512,C,CHECK,ENABLED,NOT DEFERRABLE,IMMEDIATE,,OFT_TEL
SOF_OFERTA_INSCRIPCION,SYS_C0021513,C,CHECK,ENABLED,NOT DEFERRABLE,IMMEDIATE,,OFT_NOMBRES_CONTACTO
SOF_OFERTA_INSCRIPCION,SYS_C0021514,C,CHECK,ENABLED,NOT DEFERRABLE,IMMEDIATE,,OFT_TELEFONO_CONTACTO
SOF_OFERTA_INSCRIPCION,SYS_C0023720,P,PRIMARY KEY,ENABLED,NOT DEFERRABLE,IMMEDIATE,,OFT_ID
SOF_OFERTA_INSCRIPCION_FICHA,SYS_C0021758,C,CHECK,ENABLED,NOT DEFERRABLE,IMMEDIATE,,SOIF_ID
SOF_OFERTA_INSCRIPCION_FICHA,SYS_C0021759,C,CHECK,ENABLED,NOT DEFERRABLE,IMMEDIATE,,OFT_ID
SOF_OFERTA_INSCRIPCION_FICHA,SYS_C0021760,C,CHECK,ENABLED,NOT DEFERRABLE,IMMEDIATE,,TDI_ABREVIATURA
SOF_OFERTA_INSCRIPCION_FICHA,SYS_C0021761,C,CHECK,ENABLED,NOT DEFERRABLE,IMMEDIATE,,OFT_IDENTIFICACION
SOF_OFERTA_INSCRIPCION_FICHA,SYS_C0021762,C,CHECK,ENABLED,NOT DEFERRABLE,IMMEDIATE,,SOIF_CODIGO_FICHA
SOF_OFERTA_INSCRIPCION_FICHA,SYS_C0021763,C,CHECK,ENABLED,NOT DEFERRABLE,IMMEDIATE,,SOIF_TIPO_POBLACION
SOF_OFERTA_INSCRIPCION_FICHA,SYS_C0021764,C,CHECK,ENABLED,NOT DEFERRABLE,IMMEDIATE,,SOIF_CLAVE_EMPRESA
SOF_OFERTA_INSCRIPCION_FICHA,SYS_C0023769,P,PRIMARY KEY,ENABLED,NOT DEFERRABLE,IMMEDIATE,,SOIF_ID
SOF_TIPO_FORMACION,SYS_C0023000,C,CHECK,ENABLED,NOT DEFERRABLE,IMMEDIATE,,STF_ID
SOF_TIPO_FORMACION,SYS_C0023001,C,CHECK,ENABLED,NOT DEFERRABLE,IMMEDIATE,,STF_NOMBRE
SOF_TIPO_FORMACION,SOF_TIPO_FORMACION_PK,P,PRIMARY KEY,ENABLED,NOT DEFERRABLE,IMMEDIATE,,STF_ID
SOF_TIPO_OFERTA,SYS_C0022067,C,CHECK,ENABLED,NOT DEFERRABLE,IMMEDIATE,,STO_ID
SOF_TIPO_OFERTA,SYS_C0022068,C,CHECK,ENABLED,NOT DEFERRABLE,IMMEDIATE,,STO_NOMBRE
SOF_TIPO_OFERTA,SOF_TIPO_OFERTA_PK,P,PRIMARY KEY,ENABLED,NOT DEFERRABLE,IMMEDIATE,,STO_ID
SOF_TIPO_PROGRAMA,SYS_C0021746,C,CHECK,ENABLED,NOT DEFERRABLE,IMMEDIATE,,NFS_ID
SOF_TIPO_PROGRAMA,SYS_C0021747,C,CHECK,ENABLED,NOT DEFERRABLE,IMMEDIATE,,NFS_NOMBRE
SOF_TIPO_PROGRAMA,SOF_TIPO_PROGRAMA_PK,P,PRIMARY KEY,ENABLED,NOT DEFERRABLE,IMMEDIATE,,NFS_ID
SPE_CARGA_RUV,SYS_C0023281,C,CHECK,ENABLED,NOT DEFERRABLE,IMMEDIATE,,OFT_ID
SPE_CARGA_RUV,SYS_C0023282,C,CHECK,ENABLED,NOT DEFERRABLE,IMMEDIATE,,TIPO_DOCUMENTO
SPE_CARGA_RUV,SYS_C0023283,C,CHECK,ENABLED,NOT DEFERRABLE,IMMEDIATE,,NUMERO_DOCUMENTO
SPE_CARGA_RUV,SYS_C0023284,C,CHECK,ENABLED,NOT DEFERRABLE,IMMEDIATE,,HECHO_VICTIMIZANTE
SPE_CARGA_RUV,SYS_C0023285,C,CHECK,ENABLED,NOT DEFERRABLE,IMMEDIATE,,FECHA_VALORACION
SPE_CARGA_RUV,SYS_C0023286,C,CHECK,ENABLED,NOT DEFERRABLE,IMMEDIATE,,FECHA_CARGA
SPE_RUV_TMP,SYS_C0023591,C,CHECK,ENABLED,NOT DEFERRABLE,IMMEDIATE,,TIPO_DOCUMENTO
SPE_RUV_TMP,SYS_C0023592,C,CHECK,ENABLED,NOT DEFERRABLE,IMMEDIATE,,NUMERO_DOCUMENTO
SPE_RUV_TMP,SYS_C0023593,C,CHECK,ENABLED,NOT DEFERRABLE,IMMEDIATE,,HECHO_VICTIMIZANTE
SPE_RUV_TMP,SYS_C0023594,C,CHECK,ENABLED,NOT DEFERRABLE,IMMEDIATE,,FECHA_VALORACION
SPE_RUV_TMP,SYS_C0023595,C,CHECK,ENABLED,NOT DEFERRABLE,IMMEDIATE,,FECHA_CARGA
SUELDO,SYS_C0022386,C,CHECK,ENABLED,NOT DEFERRABLE,IMMEDIATE,,SUE_ID
SUELDO,SYS_C0022387,C,CHECK,ENABLED,NOT DEFERRABLE,IMMEDIATE,,SUE_DESCRIPCION
SUELDO,SYS_C0022388,C,CHECK,ENABLED,NOT DEFERRABLE,IMMEDIATE,,SUE_MINIMO
SUELDO,SYS_C0022389,C,CHECK,ENABLED,NOT DEFERRABLE,IMMEDIATE,,SUE_MAXIMO
SUELDO,SUE_PK,P,PRIMARY KEY,ENABLED,NOT DEFERRABLE,IMMEDIATE,,SUE_ID
SYS_ARCHIVO,SYS_C0022779,C,CHECK,ENABLED,NOT DEFERRABLE,IMMEDIATE,,SAR_ID
SYS_ARCHIVO,SYS_C0022780,C,CHECK,ENABLED,NOT DEFERRABLE,IMMEDIATE,,SAR_NOMBRE
SYS_ARCHIVO,SYS_C0022781,C,CHECK,ENABLED,NOT DEFERRABLE,IMMEDIATE,,SAR_HASH
SYS_ARCHIVO,SYS_C0022782,C,CHECK,ENABLED,NOT DEFERRABLE,IMMEDIATE,,SAR_FAMILIA
SYS_ARCHIVO,SYS_C0022783,C,CHECK,ENABLED,NOT DEFERRABLE,IMMEDIATE,,SAR_TIPO
SYS_ARCHIVO,SYS_C0022784,C,CHECK,ENABLED,NOT DEFERRABLE,IMMEDIATE,,SAR_AUTOR
SYS_ARCHIVO,SYS_C0022785,C,CHECK,ENABLED,NOT DEFERRABLE,IMMEDIATE,,SAR_FECHA
SYS_ARCHIVO,SYS_C0022786,C,CHECK,ENABLED,NOT DEFERRABLE,IMMEDIATE,,SAR_MIME
SYS_ARCHIVO,SYS_C0022787,C,CHECK,ENABLED,NOT DEFERRABLE,IMMEDIATE,,SAR_PATH
SYS_ARCHIVO,SYS_ARCHIVO_PK,P,PRIMARY KEY,ENABLED,NOT DEFERRABLE,IMMEDIATE,,SAR_ID
SYS_ARCHIVO_DESCARGA,SYS_C0021769,C,CHECK,ENABLED,NOT DEFERRABLE,IMMEDIATE,,SAD_ID
SYS_ARCHIVO_DESCARGA,SYS_C0021770,C,CHECK,ENABLED,NOT DEFERRABLE,IMMEDIATE,,SAR_ID
SYS_ARCHIVO_DESCARGA,SYS_C0021771,C,CHECK,ENABLED,NOT DEFERRABLE,IMMEDIATE,,SAD_USUARIO
SYS_ARCHIVO_DESCARGA,SYS_C0021772,C,CHECK,ENABLED,NOT DEFERRABLE,IMMEDIATE,,SAD_FECHA
SYS_ARCHIVO_DESCARGA,SYS_ARCHIVO_DESCARGA_PK,P,PRIMARY KEY,ENABLED,NOT DEFERRABLE,IMMEDIATE,,SAD_ID
SYS_ARCHIVO_PERMISO,SYS_C0023585,C,CHECK,ENABLED,NOT DEFERRABLE,IMMEDIATE,,SAP_ID
SYS_ARCHIVO_PERMISO,SYS_C0023586,C,CHECK,ENABLED,NOT DEFERRABLE,IMMEDIATE,,SAP_PERMISOS
SYS_ARCHIVO_PERMISO,SYS_ARCHIVO_PERMISO_PK,P,PRIMARY KEY,ENABLED,NOT DEFERRABLE,IMMEDIATE,,SAP_ID
TALLER,SYS_C0021487,C,CHECK,ENABLED,NOT DEFERRABLE,IMMEDIATE,,TAL_ID
TALLER,SYS_C0021488,C,CHECK,ENABLED,NOT DEFERRABLE,IMMEDIATE,,TAL_NOMBRE
TALLER,SYS_C0021489,C,CHECK,ENABLED,NOT DEFERRABLE,IMMEDIATE,,TAL_PERIODO
TALLER,SYS_C0021490,C,CHECK,ENABLED,NOT DEFERRABLE,IMMEDIATE,,TAL_HORARIO
TALLER,SYS_C0021491,C,CHECK,ENABLED,NOT DEFERRABLE,IMMEDIATE,,TAL_LUGAR
TALLER,SYS_C0021492,C,CHECK,ENABLED,NOT DEFERRABLE,IMMEDIATE,,FUN_ID
TALLER,SYS_C0021493,C,CHECK,ENABLED,NOT DEFERRABLE,IMMEDIATE,,TAL_ESTADO
TALLER,TALLER_PK,P,PRIMARY KEY,ENABLED,NOT DEFERRABLE,IMMEDIATE,,TAL_ID
TAMANIO_REGIONAL,TAMANIO_REGIONAL_PK,P,PRIMARY KEY,ENABLED,NOT DEFERRABLE,IMMEDIATE,,TAR_ID
TAMANIO_REGIONAL,TAMANIO_REGIONAL_FK_DPT,R,FOREIGN KEY,ENABLED,NOT DEFERRABLE,IMMEDIATE,DPT_PK,DPT_ID
TEMA_CAPACITACION,CSPE_TCA_NULL,C,CHECK,ENABLED,NOT DEFERRABLE,IMMEDIATE,,CSPE_ID
TEMA_CAPACITACION,FUN_TCA_NULL,C,CHECK,ENABLED,NOT DEFERRABLE,IMMEDIATE,,FUN_ID
TEMA_CAPACITACION,TCA_DESCRIPCION_NULL,C,CHECK,ENABLED,NOT DEFERRABLE,IMMEDIATE,,TCA_DESCRIPCION
TEMA_CAPACITACION,TCA_FCH_REGISTRO_NULL,C,CHECK,ENABLED,NOT DEFERRABLE,IMMEDIATE,,TCA_FCH_REGISTRO
TEMA_CAPACITACION,TCA_ID_NULL,C,CHECK,ENABLED,NOT DEFERRABLE,IMMEDIATE,,TCA_ID
TEMA_CAPACITACION,TCA_MODALIDAD_CHK,C,CHECK,ENABLED,NOT DEFERRABLE,IMMEDIATE,,TCA_MODALIDAD
TEMA_CAPACITACION,TCA_NOMBRE_NULL,C,CHECK,ENABLED,NOT DEFERRABLE,IMMEDIATE,,TCA_NOMBRE
TEMA_CAPACITACION,TCA_NUM_CUPOS_NULL,C,CHECK,ENABLED,NOT DEFERRABLE,IMMEDIATE,,TCA_NUM_CUPOS
TEMA_CAPACITACION,TCA_PK,P,PRIMARY KEY,ENABLED,NOT DEFERRABLE,IMMEDIATE,,TCA_ID
TEMA_CAPACITACION,CSPE_TCA_FK,R,FOREIGN KEY,ENABLED,NOT DEFERRABLE,IMMEDIATE,CSPE_PK,CSPE_ID
TEMA_CAPACITACION,EMP_TCA_FK,R,FOREIGN KEY,ENABLED,NOT DEFERRABLE,IMMEDIATE,EMP_PK,EMP_ID
TEMA_CAPACITACION,ENF_TCA_FK,R,FOREIGN KEY,ENABLED,NOT DEFERRABLE,IMMEDIATE,ENF_PK,ENF_ID
TEMA_CAPACITACION,FUN_TCA_FK,R,FOREIGN KEY,ENABLED,NOT DEFERRABLE,IMMEDIATE,FUN_PK,FUN_ID
TEMA_CAPACITACION_OFERENTE,CSPE_TCOF_NULL,C,CHECK,ENABLED,NOT DEFERRABLE,IMMEDIATE,,CSPE_ID
TEMA_CAPACITACION_OFERENTE,FUN_TCOF_NULL,C,CHECK,ENABLED,NOT DEFERRABLE,IMMEDIATE,,FUN_ID
TEMA_CAPACITACION_OFERENTE,OFT_TCOF_ID_NULL,C,CHECK,ENABLED,NOT DEFERRABLE,IMMEDIATE,,OFT_ID
TEMA_CAPACITACION_OFERENTE,TC0F_FCH_REGISTRO_NULL,C,CHECK,ENABLED,NOT DEFERRABLE,IMMEDIATE,,TCO_FCH_REGISTRO
TEMA_CAPACITACION_OFERENTE,TCA_TCOF_ID_NULL,C,CHECK,ENABLED,NOT DEFERRABLE,IMMEDIATE,,TCA_ID
TEMA_CAPACITACION_OFERENTE,TCOF_ID_NULL,C,CHECK,ENABLED,NOT DEFERRABLE,IMMEDIATE,,TCOF_ID
TEMA_CAPACITACION_OFERENTE,TCOF_PK,P,PRIMARY KEY,ENABLED,NOT DEFERRABLE,IMMEDIATE,,TCOF_ID
TEMA_CAPACITACION_OFERENTE,CSPE_TCOF_FK,R,FOREIGN KEY,ENABLED,NOT DEFERRABLE,IMMEDIATE,CSPE_PK,CSPE_ID
TEMA_CAPACITACION_OFERENTE,FUN_TCOF_FK,R,FOREIGN KEY,ENABLED,NOT DEFERRABLE,IMMEDIATE,FUN_PK,FUN_ID
TEMA_CAPACITACION_OFERENTE,OFT_TCOF_FK,R,FOREIGN KEY,ENABLED,NOT DEFERRABLE,IMMEDIATE,OFT_PK,OFT_ID
TEMA_CAPACITACION_OFERENTE,TCA_TCOF_FK,R,FOREIGN KEY,ENABLED,NOT DEFERRABLE,IMMEDIATE,TCA_PK,TCA_ID
TEM_OFT_PREFERENCIA_OCUP,SYS_C0021299,C,CHECK,ENABLED,NOT DEFERRABLE,IMMEDIATE,,OPO_ID
TEM_OFT_PREFERENCIA_OCUP,SYS_C0021300,C,CHECK,ENABLED,NOT DEFERRABLE,IMMEDIATE,,OFT_ID
TEM_OFT_PREFERENCIA_OCUP,SYS_C0021301,C,CHECK,ENABLED,NOT DEFERRABLE,IMMEDIATE,,OPO_PRIORIDAD
TEM_OFT_PREFERENCIA_OCUP,SYS_C0021302,C,CHECK,ENABLED,NOT DEFERRABLE,IMMEDIATE,,OPO_FCH_REGISTRO
TEM_OFT_PREFERENCIA_OCUP,SYS_C0021303,C,CHECK,ENABLED,NOT DEFERRABLE,IMMEDIATE,,IND_ID
TIPO_CARACTERIZACION,SYS_C0022997,C,CHECK,ENABLED,NOT DEFERRABLE,IMMEDIATE,,TCT_ID
TIPO_CARACTERIZACION,SYS_C0022998,C,CHECK,ENABLED,NOT DEFERRABLE,IMMEDIATE,,TCT_DESCRIPCION
TIPO_CARACTERIZACION,SYS_C0022999,C,CHECK,ENABLED,NOT DEFERRABLE,IMMEDIATE,,TCT_HAB_CRUCE
TIPO_CARACTERIZACION,TCT_PK,P,PRIMARY KEY,ENABLED,NOT DEFERRABLE,IMMEDIATE,,TCT_ID
TIPO_CONTRATO,TCO_DESCRIPCION_NULL,C,CHECK,ENABLED,NOT DEFERRABLE,IMMEDIATE,,TCO_DESCRIPCION
TIPO_CONTRATO,TCO_ID_NULL,C,CHECK,ENABLED,NOT DEFERRABLE,IMMEDIATE,,TCO_ID
TIPO_CONTRATO,TCO_NOMBRE_NULL,C,CHECK,ENABLED,NOT DEFERRABLE,IMMEDIATE,,TCO_NOMBRE
TIPO_CONTRATO,TCO_PK,P,PRIMARY KEY,ENABLED,NOT DEFERRABLE,IMMEDIATE,,TCO_ID
TIPO_CORREO,TIC_DESCRIPCION_NULL,C,CHECK,ENABLED,NOT DEFERRABLE,IMMEDIATE,,TIC_DESCRIPCION
TIPO_CORREO,TIC_ID_NULL,C,CHECK,ENABLED,NOT DEFERRABLE,IMMEDIATE,,TIC_ID
TIPO_CORREO,TIC_PK,P,PRIMARY KEY,ENABLED,NOT DEFERRABLE,IMMEDIATE,,TIC_ID
TIPO_CSPE,TICSPE_ID_NULL,C,CHECK,ENABLED,NOT DEFERRABLE,IMMEDIATE,,TICSPE_ID
TIPO_CSPE,TICSPE_NOMBRE_NULL,C,CHECK,ENABLED,NOT DEFERRABLE,IMMEDIATE,,TICSPE_NOMBRE
TIPO_CSPE,TICSPE_PK,P,PRIMARY KEY,ENABLED,NOT DEFERRABLE,IMMEDIATE,,TICSPE_ID
TIPO_DOC_IDENT,TDI_ABREVIATURA_NULL,C,CHECK,ENABLED,NOT DEFERRABLE,IMMEDIATE,,TDI_ABREVIATURA
TIPO_DOC_IDENT,TDI_EMP_INTERNET_CHK,C,CHECK,ENABLED,NOT DEFERRABLE,IMMEDIATE,,TDI_EMP_INTERNET
TIPO_DOC_IDENT,TDI_EMP_INTERNET_NULL,C,CHECK,ENABLED,NOT DEFERRABLE,IMMEDIATE,,TDI_EMP_INTERNET
TIPO_DOC_IDENT,TDI_ID_NULL,C,CHECK,ENABLED,NOT DEFERRABLE,IMMEDIATE,,TDI_ID
TIPO_DOC_IDENT,TDI_NOMBRE_NULL,C,CHECK,ENABLED,NOT DEFERRABLE,IMMEDIATE,,TDI_NOMBRE
TIPO_DOC_IDENT,TDI_OFT_INTERNET_CHK,C,CHECK,ENABLED,NOT DEFERRABLE,IMMEDIATE,,TDI_OFT_INTERNET
TIPO_DOC_IDENT,TDI_OFT_INTERNET_NULL,C,CHECK,ENABLED,NOT DEFERRABLE,IMMEDIATE,,TDI_OFT_INTERNET
TIPO_DOC_IDENT,TDI_VAL_EMPRESA_CHK,C,CHECK,ENABLED,NOT DEFERRABLE,IMMEDIATE,,TDI_VAL_EMPRESA
TIPO_DOC_IDENT,TDI_VAL_EMPRESA_NULL,C,CHECK,ENABLED,NOT DEFERRABLE,IMMEDIATE,,TDI_VAL_EMPRESA
TIPO_DOC_IDENT,TDI_VAL_OFERTA_CHK,C,CHECK,ENABLED,NOT DEFERRABLE,IMMEDIATE,,TDI_VAL_OFERTA
TIPO_DOC_IDENT,TDI_VAL_OFERTA_NULL,C,CHECK,ENABLED,NOT DEFERRABLE,IMMEDIATE,,TDI_VAL_OFERTA
TIPO_DOC_IDENT,TDI_PK,P,PRIMARY KEY,ENABLED,NOT DEFERRABLE,IMMEDIATE,,TDI_ID
TIPO_EMPRESA,TEM_DESCRIPCION_NULL,C,CHECK,ENABLED,NOT DEFERRABLE,IMMEDIATE,,TEM_DESCRIPCION
TIPO_EMPRESA,TEM_ID_NULL,C,CHECK,ENABLED,NOT DEFERRABLE,IMMEDIATE,,TEM_ID
TIPO_EMPRESA,TEM_NOMBRE_NULL,C,CHECK,ENABLED,NOT DEFERRABLE,IMMEDIATE,,TEM_NOMBRE
TIPO_EMPRESA,TEM_PK,P,PRIMARY KEY,ENABLED,NOT DEFERRABLE,IMMEDIATE,,TEM_ID
TIPO_ESTUDIO,TIE_ID_NULL,C,CHECK,ENABLED,NOT DEFERRABLE,IMMEDIATE,,TIE_ID
TIPO_ESTUDIO,TIE_NOMBRE_NULL,C,CHECK,ENABLED,NOT DEFERRABLE,IMMEDIATE,,TIE_NOMBRE
TIPO_ESTUDIO,TIE_PK,P,PRIMARY KEY,ENABLED,NOT DEFERRABLE,IMMEDIATE,,TIE_ID
TIPO_EVENTO,TEV_DESCRIPCION_NULL,C,CHECK,ENABLED,NOT DEFERRABLE,IMMEDIATE,,TEV_DESCRIPCION
TIPO_EVENTO,TEV_ID_NULL,C,CHECK,ENABLED,NOT DEFERRABLE,IMMEDIATE,,TEV_ID
TIPO_EVENTO,TEV_TIPO_CHK,C,CHECK,ENABLED,NOT DEFERRABLE,IMMEDIATE,,TEV_TIPO
TIPO_EVENTO,TEV_TIPO_NULL,C,CHECK,ENABLED,NOT DEFERRABLE,IMMEDIATE,,TEV_TIPO
TIPO_EVENTO,TEV_PK,P,PRIMARY KEY,ENABLED,NOT DEFERRABLE,IMMEDIATE,,TEV_ID
TIPO_EVENTO_APE,SYS_C0023073,C,CHECK,ENABLED,NOT DEFERRABLE,IMMEDIATE,,TEA_ID
TIPO_EVENTO_APE,TIPO_EVENTO_APE_PK,P,PRIMARY KEY,ENABLED,NOT DEFERRABLE,IMMEDIATE,,TEA_ID
TIPO_ORIENTACION,SYS_C0023002,C,CHECK,ENABLED,NOT DEFERRABLE,IMMEDIATE,,TORI_ID
TIPO_ORIENTACION,SYS_C0023003,C,CHECK,ENABLED,NOT DEFERRABLE,IMMEDIATE,,TORI_NOMBRE
TIPO_ORIENTACION,SYS_C0023004,C,CHECK,ENABLED,NOT DEFERRABLE,IMMEDIATE,,TORI_SELECCIONABLE
TIPO_ORIENTACION,SYS_C0023005,C,CHECK,ENABLED,NOT DEFERRABLE,IMMEDIATE,,TORI_ORI_OFT
TIPO_ORIENTACION,SYS_C0023006,C,CHECK,ENABLED,NOT DEFERRABLE,IMMEDIATE,,TORI_ORI_EMP
TIPO_ORIENTACION,TORI_ID_NULL,C,CHECK,ENABLED,NOT DEFERRABLE,IMMEDIATE,,TORI_ID
TIPO_ORIENTACION,TORI_NOMBRE_NULL,C,CHECK,ENABLED,NOT DEFERRABLE,IMMEDIATE,,TORI_NOMBRE
TIPO_ORIENTACION,TORI_PK,P,PRIMARY KEY,ENABLED,NOT DEFERRABLE,IMMEDIATE,,TORI_ID
TIPO_ORIENTACION_DET,SYS_C0022397,C,CHECK,ENABLED,NOT DEFERRABLE,IMMEDIATE,,TORID_ID
TIPO_ORIENTACION_DET,SYS_C0022398,C,CHECK,ENABLED,NOT DEFERRABLE,IMMEDIATE,,TORI_ID
TIPO_ORIENTACION_DET,TIPO_ORIENTACION_DET_PK,P,PRIMARY KEY,ENABLED,NOT DEFERRABLE,IMMEDIATE,,TORID_ID
TIPO_ORIENTACION_EMIENTO,SYS_C0021483,C,CHECK,ENABLED,NOT DEFERRABLE,IMMEDIATE,,TOE_ID
TIPO_ORIENTACION_EMIENTO,SYS_C0021484,C,CHECK,ENABLED,NOT DEFERRABLE,IMMEDIATE,,TOE_REG_NOMBRE
TIPO_ORIENTACION_EMIENTO,SYS_C0021485,C,CHECK,ENABLED,NOT DEFERRABLE,IMMEDIATE,,TOE_LIDER
TIPO_ORIENTACION_EMIENTO,SYS_C0021486,C,CHECK,ENABLED,NOT DEFERRABLE,IMMEDIATE,,TOE_DIRECCION
TIPO_ORIENTACION_EMIENTO,TIPO_ORIENTACION_EMIENTO_PK,P,PRIMARY KEY,ENABLED,NOT DEFERRABLE,IMMEDIATE,,TOE_ID
TIPO_PES,TIPES_HABHIS_ID_NULL,C,CHECK,ENABLED,NOT DEFERRABLE,IMMEDIATE,,TIPES_HAB_HIS
TIPO_PES,TIPES_HAB_HIS_CHK,C,CHECK,ENABLED,NOT DEFERRABLE,IMMEDIATE,,TIPES_HAB_HIS
TIPO_PES,TIPES_ID_NULL,C,CHECK,ENABLED,NOT DEFERRABLE,IMMEDIATE,,TIPES_ID
TIPO_PES,TIPES_NOMBRE_NULL,C,CHECK,ENABLED,NOT DEFERRABLE,IMMEDIATE,,TIPES_NOMBRE
TIPO_PES,TIPES_PK,P,PRIMARY KEY,ENABLED,NOT DEFERRABLE,IMMEDIATE,,TIPES_ID
TIPO_SUELDO,TSU_DESCRIPCION_NULL,C,CHECK,ENABLED,NOT DEFERRABLE,IMMEDIATE,,TSU_DESCRIPCION
TIPO_SUELDO,TSU_ID_NULL,C,CHECK,ENABLED,NOT DEFERRABLE,IMMEDIATE,,TSU_ID
TIPO_SUELDO,TSU_NOMBRE_NULL,C,CHECK,ENABLED,NOT DEFERRABLE,IMMEDIATE,,TSU_NOMBRE
TIPO_SUELDO,TSU_PK,P,PRIMARY KEY,ENABLED,NOT DEFERRABLE,IMMEDIATE,,TSU_ID
TITULO,NIO_TIT_NULL,C,CHECK,ENABLED,NOT DEFERRABLE,IMMEDIATE,,NIA_ORDEN
TITULO,SYS_C0022928,C,CHECK,ENABLED,NOT DEFERRABLE,IMMEDIATE,,TIT_ORIGEN
TITULO,TIT_ID_NULL,C,CHECK,ENABLED,NOT DEFERRABLE,IMMEDIATE,,TIT_ID
TITULO,TIT_NOMBRE_NULL,C,CHECK,ENABLED,NOT DEFERRABLE,IMMEDIATE,,TIT_NOMBRE
TITULO,TIT_PK,P,PRIMARY KEY,ENABLED,NOT DEFERRABLE,IMMEDIATE,,TIT_ID
TITULO,NIO_TIT_FK,R,FOREIGN KEY,ENABLED,NOT DEFERRABLE,IMMEDIATE,NIA_ORDEN_UK_UC,NIA_ORDEN
TITULO,TIT_NIO_UK_UC,U,UNIQUE,ENABLED,NOT DEFERRABLE,IMMEDIATE,,"TIT_ID,NIA_ORDEN"
TITULO_AGRUPACION,SYS_C0022827,C,CHECK,ENABLED,NOT DEFERRABLE,IMMEDIATE,,TIA_ID
TITULO_AGRUPACION,SYS_C0022828,C,CHECK,ENABLED,NOT DEFERRABLE,IMMEDIATE,,TIT_ID
TITULO_AGRUPACION,SYS_C0022829,C,CHECK,ENABLED,NOT DEFERRABLE,IMMEDIATE,,TIG_ID
TITULO_AGRUPACION,TIA_PK,P,PRIMARY KEY,ENABLED,NOT DEFERRABLE,IMMEDIATE,,TIA_ID
TITULO_AGRUPACION,TIA_TIG_FK,R,FOREIGN KEY,ENABLED,NOT DEFERRABLE,IMMEDIATE,TIG_PK,TIG_ID
TITULO_AGRUPACION,TIA_TIT_FK,R,FOREIGN KEY,ENABLED,NOT DEFERRABLE,IMMEDIATE,TIT_PK,TIT_ID
TITULO_AGRUPACION,TITULO_AGRUPACION_UK,U,UNIQUE,ENABLED,NOT DEFERRABLE,IMMEDIATE,,"TIT_ID,TIG_ID"
TITULO_GRUPO,SYS_C0022824,C,CHECK,ENABLED,NOT DEFERRABLE,IMMEDIATE,,TIG_ID
TITULO_GRUPO,SYS_C0022825,C,CHECK,ENABLED,NOT DEFERRABLE,IMMEDIATE,,TIG_DESCRIPCION
TITULO_GRUPO,SYS_C0022826,C,CHECK,ENABLED,NOT DEFERRABLE,IMMEDIATE,,NIA_ID
TITULO_GRUPO,TIG_PK,P,PRIMARY KEY,ENABLED,NOT DEFERRABLE,IMMEDIATE,,TIG_ID
TITULO_GRUPO,NIA_TIG_FK,R,FOREIGN KEY,ENABLED,NOT DEFERRABLE,IMMEDIATE,NIA_PK,NIA_ID
TITULO_RELACIONADO,NIO_TIR_NULL,C,CHECK,ENABLED,NOT DEFERRABLE,IMMEDIATE,,NIA_ORDEN
TITULO_RELACIONADO,TIR_TIR_NULL,C,CHECK,ENABLED,NOT DEFERRABLE,IMMEDIATE,,TIR_ID
TITULO_RELACIONADO,TIT_TIR_NULL,C,CHECK,ENABLED,NOT DEFERRABLE,IMMEDIATE,,TIT_ID
TITULO_RELACIONADO,NIO_TIR_FK,R,FOREIGN KEY,ENABLED,NOT DEFERRABLE,IMMEDIATE,NIA_ORDEN_UK_UC,NIA_ORDEN
TITULO_RELACIONADO,TIT_TIR_FK,R,FOREIGN KEY,DISABLED,NOT DEFERRABLE,IMMEDIATE,TIT_PK,TIT_ID
TITULO_RELACIONADO_BACK,TRB_TRB_NULL,C,CHECK,ENABLED,NOT DEFERRABLE,IMMEDIATE,,TRB_ID
TITULO_RELACIONADO_BACK,TTB_TRB_NULL,C,CHECK,ENABLED,NOT DEFERRABLE,IMMEDIATE,,TTB_ID
TITULO_RELACIONADO_BACK,TRB_TRB_FK,R,FOREIGN KEY,DISABLED,NOT DEFERRABLE,IMMEDIATE,TIT_PK,TRB_ID
TITULO_RELACIONADO_BACK,TTB_TRB_FK,R,FOREIGN KEY,DISABLED,NOT DEFERRABLE,IMMEDIATE,TIT_PK,TTB_ID
TITULO_RELACIONADO_BACK,TRB_UK_UC,U,UNIQUE,ENABLED,NOT DEFERRABLE,IMMEDIATE,,"TRB_ID,TTB_ID"
URL_ROL,ROL_URR_NULL,C,CHECK,ENABLED,NOT DEFERRABLE,IMMEDIATE,,ROL_ID
URL_ROL,URL_FIN_NULL,C,CHECK,ENABLED,NOT DEFERRABLE,IMMEDIATE,,URL_FIN
URL_ROL,URL_INI_NULL,C,CHECK,ENABLED,NOT DEFERRABLE,IMMEDIATE,,URL_INI
URL_ROL,ROL_URR_FK,R,FOREIGN KEY,ENABLED,NOT DEFERRABLE,IMMEDIATE,ROL_PK,ROL_ID
URL_ROL,URL_FIN_ROL_UK_UC,U,UNIQUE,ENABLED,NOT DEFERRABLE,IMMEDIATE,,"URL_FIN,ROL_ID"
URL_ROL_BAC,SYS_C0023518,C,CHECK,ENABLED,NOT DEFERRABLE,IMMEDIATE,,URL_INI
URL_ROL_BAC,SYS_C0023519,C,CHECK,ENABLED,NOT DEFERRABLE,IMMEDIATE,,URL_FIN
URL_ROL_BAC,SYS_C0023520,C,CHECK,ENABLED,NOT DEFERRABLE,IMMEDIATE,,ROL_ID
USU_CARACTERIZACION,SYS_C0022382,C,CHECK,ENABLED,NOT DEFERRABLE,IMMEDIATE,,TCT_ID
USU_CARACTERIZACION,SYS_C0022383,C,CHECK,ENABLED,NOT DEFERRABLE,IMMEDIATE,,USU_ID
USU_CARACTERIZACION,OCT_PK,P,PRIMARY KEY,ENABLED,NOT DEFERRABLE,IMMEDIATE,,"TCT_ID,USU_ID"
USU_CARACTERIZACION,OCT_TCT_FK,R,FOREIGN KEY,ENABLED,NOT DEFERRABLE,IMMEDIATE,TCT_PK,TCT_ID
VACANTE,DEM_VTE_NULL,C,CHECK,ENABLED,NOT DEFERRABLE,IMMEDIATE,,DEM_ID
VACANTE,VTE_FCH_REGISTRO_NULL,C,CHECK,ENABLED,NOT DEFERRABLE,IMMEDIATE,,VTE_FCH_REGISTRO
VACANTE,VTE_ID_NULL,C,CHECK,ENABLED,NOT DEFERRABLE,IMMEDIATE,,VTE_ID
VACANTE,VTE_NUM_NULL,C,CHECK,ENABLED,NOT DEFERRABLE,IMMEDIATE,,VTE_NUM
VACANTE,VTE_TIPO_CHK,C,CHECK,ENABLED,NOT DEFERRABLE,IMMEDIATE,,VTE_TIPO
VACANTE,VTE_TIPO_NULL,C,CHECK,ENABLED,NOT DEFERRABLE,IMMEDIATE,,VTE_TIPO
VACANTE,VTE_PK,P,PRIMARY KEY,ENABLED,NOT DEFERRABLE,IMMEDIATE,,VTE_ID
VACANTE,DEM_VTE_FK,R,FOREIGN KEY,ENABLED,NOT DEFERRABLE,IMMEDIATE,DEM_PK,DEM_ID
VARIABLE_CRUCE,SYS_C0022938,C,CHECK,ENABLED,NOT DEFERRABLE,IMMEDIATE,,VAC_SELECCION
VARIABLE_CRUCE,VAC_CODIGO_NULL,C,CHECK,ENABLED,NOT DEFERRABLE,IMMEDIATE,,VAC_CODIGO
VARIABLE_CRUCE,VAC_DESCRIPCION_NULL,C,CHECK,ENABLED,NOT DEFERRABLE,IMMEDIATE,,VAC_DESCRIPCION
VARIABLE_CRUCE,VAC_HAB_CUR_CHK,C,CHECK,ENABLED,NOT DEFERRABLE,IMMEDIATE,,VAC_HAB_CUR
VARIABLE_CRUCE,VAC_HAB_CUR_NULL,C,CHECK,ENABLED,NOT DEFERRABLE,IMMEDIATE,,VAC_HAB_CUR
VARIABLE_CRUCE,VAC_HAB_DEM_CHK,C,CHECK,ENABLED,NOT DEFERRABLE,IMMEDIATE,,VAC_HAB_DEM
VARIABLE_CRUCE,VAC_HAB_DEM_NULL,C,CHECK,ENABLED,NOT DEFERRABLE,IMMEDIATE,,VAC_HAB_DEM
VARIABLE_CRUCE,VAC_HAB_FUN,C,CHECK,ENABLED,NOT DEFERRABLE,IMMEDIATE,,VAC_HAB_FUN
VARIABLE_CRUCE,VAC_HAB_FUN_CHK,C,CHECK,ENABLED,NOT DEFERRABLE,IMMEDIATE,,VAC_HAB_FUN
VARIABLE_CRUCE,VAC_PORCENTAJE_NULL,C,CHECK,ENABLED,NOT DEFERRABLE,IMMEDIATE,,VAC_PORCENTAJE
VARIABLE_CRUCE,VAC_SELECCION_CHK,C,CHECK,ENABLED,NOT DEFERRABLE,IMMEDIATE,,VAC_SELECCION
VARIABLE_CRUCE,VAC_SELECCION_NULL,C,CHECK,ENABLED,NOT DEFERRABLE,IMMEDIATE,,VAC_SELECCION
VARIABLE_CRUCE,VAC_VARIABLE_NULL,C,CHECK,ENABLED,NOT DEFERRABLE,IMMEDIATE,,VAC_VARIABLE
VARIABLE_CRUCE,VAC_PK,P,PRIMARY KEY,ENABLED,NOT DEFERRABLE,IMMEDIATE,,VAC_CODIGO
VEHICULO,VEH_DESCRIPCION_NULL,C,CHECK,ENABLED,NOT DEFERRABLE,IMMEDIATE,,VEH_DESCRIPCION
VEHICULO,VEH_ID_NULL,C,CHECK,ENABLED,NOT DEFERRABLE,IMMEDIATE,,VEH_ID
VEHICULO,VEH_NOMBRE_NULL,C,CHECK,ENABLED,NOT DEFERRABLE,IMMEDIATE,,VEH_NOMBRE
VEHICULO,VEH_PK,P,PRIMARY KEY,ENABLED,NOT DEFERRABLE,IMMEDIATE,,VEH_ID
VERIFICAR_EMPRESA_ORI,SYS_C0021539,C,CHECK,ENABLED,NOT DEFERRABLE,IMMEDIATE,,VEO_ID
VERIFICAR_EMPRESA_ORI,SYS_C0021540,C,CHECK,ENABLED,NOT DEFERRABLE,IMMEDIATE,,VEO_EMP
VERIFICAR_EMPRESA_ORI,SYS_C0021541,C,CHECK,ENABLED,NOT DEFERRABLE,IMMEDIATE,,VEO_FUN_ID
VERIFICAR_EMPRESA_ORI,SYS_C0021542,C,CHECK,ENABLED,NOT DEFERRABLE,IMMEDIATE,,ASD_FECHA_REGISTRO
VERIFICAR_EMPRESA_ORI,VEO_ID_PK,P,PRIMARY KEY,ENABLED,NOT DEFERRABLE,IMMEDIATE,,VEO_ID
VERIFICAR_EMPRESA_ORI,VEO_EMP_FK,R,FOREIGN KEY,ENABLED,NOT DEFERRABLE,IMMEDIATE,EMP_PK,VEO_EMP
VERIFICAR_EMPRESA_ORI,VEO_FUN_ID_FK,R,FOREIGN KEY,ENABLED,NOT DEFERRABLE,IMMEDIATE,FUN_PK,VEO_FUN_ID
WL_SERVLET_SESSIONS,SYS_C0021529,C,CHECK,ENABLED,NOT DEFERRABLE,IMMEDIATE,,WL_ID
WL_SERVLET_SESSIONS,SYS_C0021530,C,CHECK,ENABLED,NOT DEFERRABLE,IMMEDIATE,,WL_CONTEXT_PATH
WL_SERVLET_SESSIONS,SYS_C0023721,P,PRIMARY KEY,ENABLED,NOT DEFERRABLE,IMMEDIATE,,"WL_ID,WL_CONTEXT_PATH"
WS_LOG,SYS_C0021412,C,CHECK,ENABLED,NOT DEFERRABLE,IMMEDIATE,,IDMENSAJE
WS_LOG,SYS_C0021413,C,CHECK,ENABLED,NOT DEFERRABLE,IMMEDIATE,,TIPO_MENSAJE
WS_LOG,SYS_C0021414,C,CHECK,ENABLED,NOT DEFERRABLE,IMMEDIATE,,ERROR_MSG
WS_OFERTA,SYS_C0021962,C,CHECK,ENABLED,NOT DEFERRABLE,IMMEDIATE,,IDMENSAJE
WS_OFERTA,SYS_C0021963,C,CHECK,ENABLED,NOT DEFERRABLE,IMMEDIATE,,TIPO_DOCUMENTO
WS_OFERTA,SYS_C0021964,C,CHECK,ENABLED,NOT DEFERRABLE,IMMEDIATE,,PROCESADO
WS_OFERTA,SYS_C0021965,C,CHECK,ENABLED,NOT DEFERRABLE,IMMEDIATE,,FECHA_REGISTRO
WS_OFERTA,WS_OFERTA_PK1,P,PRIMARY KEY,ENABLED,NOT DEFERRABLE,IMMEDIATE,,IDMENSAJE
WS_OFERTA_ESTUDIOS,SYS_C0021409,C,CHECK,ENABLED,NOT DEFERRABLE,IMMEDIATE,,IDMENSAJE
WS_OFERTA_ESTUDIOS,SYS_C0021410,C,CHECK,ENABLED,NOT DEFERRABLE,IMMEDIATE,,PROCESADO
WS_OFERTA_ESTUDIOS,SYS_C0021411,C,CHECK,ENABLED,NOT DEFERRABLE,IMMEDIATE,,FECHA_REGISTRO
WS_OFERTA_ESTUDIOS,WS_OFERTA_ESTUDIOS_PK1,P,PRIMARY KEY,ENABLED,NOT DEFERRABLE,IMMEDIATE,,IDMENSAJE
WS_PROGRAMAS_FORMACION,SYS_C0023542,C,CHECK,ENABLED,NOT DEFERRABLE,IMMEDIATE,,IDMENSAJE
WS_PROGRAMAS_FORMACION,SYS_C0023543,C,CHECK,ENABLED,NOT DEFERRABLE,IMMEDIATE,,PROCESADO
WS_PROGRAMAS_FORMACION,SYS_C0023544,C,CHECK,ENABLED,NOT DEFERRABLE,IMMEDIATE,,FECHA_REGISTRO
WS_PROGRAMAS_FORMACION,WS_PROGRAMAS_FORMACION_PK1,P,PRIMARY KEY,ENABLED,NOT DEFERRABLE,IMMEDIATE,,IDMENSAJE
ZONA,MPO_ZON_NULL,C,CHECK,ENABLED,NOT DEFERRABLE,IMMEDIATE,,MPO_ID
ZONA,ZON_ID_NULL,C,CHECK,ENABLED,NOT DEFERRABLE,IMMEDIATE,,ZON_ID
ZONA,ZON_NOMBRE_NULL,C,CHECK,ENABLED,NOT DEFERRABLE,IMMEDIATE,,ZON_NOMBRE
ZONA,ZON_PK,P,PRIMARY KEY,ENABLED,NOT DEFERRABLE,IMMEDIATE,,ZON_ID
ZONA,MPO_ZON_FK,R,FOREIGN KEY,ENABLED,NOT DEFERRABLE,IMMEDIATE,MPO_PK,MPO_ID
