TABLA,NOMBRE_RESTRICCION,TIPO,TIPO_DESCRIPCION,ESTADO,DIFERIBLE,DIFERIDO,REFERENCIA,COLUMNAS,ESQUEMA_REFERENCIA,TABLA_REFERENCIA,COLUMNAS_REFERENCIA,REGLA_BORRADO,VALIDADA,CONDICION_CHECK
AAA_CRUCE_ARN_2018,SYS_C0023634,C,CHECK,ENABLED,NOT DEFERRABLE,IMMEDIATE,,NUM,,,,,VALIDATED,"""NUM"" IS NOT NULL"
AAA_CRUCE_ARN_201904,SYS_C0023320,C,CHECK,ENABLED,NOT DEFERRABLE,IMMEDIATE,,NUM,,,,,VALIDATED,"""NUM"" IS NOT NULL"
AAA_CRUCE_EMPRESAS,SYS_C0021809,C,CHECK,ENABLED,NOT DEFERRABLE,IMMEDIATE,,NUM,,,,,VALIDATED,"""NUM"" IS NOT NULL"
ACCION_SEGUIMIENTO_DEM,SYS_C0021829,C,CHECK,ENABLED,NOT DEFERRABLE,IMMEDIATE,,ASD_ID,,,,,VALIDATED,"""ASD_ID"" IS NOT NULL"
ACCION_SEGUIMIENTO_DEM,SYS_C0021830,C,CHECK,ENABLED,NOT DEFERRABLE,IMMEDIATE,,ASD_DEM,,,,,VALIDATED,"""ASD_DEM"" IS NOT NULL"
ACCION_SEGUIMIENTO_DEM,SYS_C0021831,C,CHECK,ENABLED,NOT DEFERRABLE,IMMEDIATE,,ASD_FUN_ID,,,,,VALIDATED,"""ASD_FUN_ID"" IS NOT NULL"
ACCION_SEGUIMIENTO_DEM,SYS_C0021832,C,CHECK,ENABLED,NOT DEFERRABLE,IMMEDIATE,,ASD_FECHA_REGISTRO,,,,,VALIDATED,"""ASD_FECHA_REGISTRO"" IS NOT NULL"
ACCION_SEGUIMIENTO_DEM,SYS_C0021833,C,CHECK,ENABLED,NOT DEFERRABLE,IMMEDIATE,,ASD_FECHA_SEGUIMIENTO,,,,,VALIDATED,"""ASD_FECHA_SEGUIMIENTO"" IS NOT NULL"
ACCION_SEGUIMIENTO_DEM,ASD_ID_PK,P,PRIMARY KEY,ENABLED,NOT DEFERRABLE,IMMEDIATE,,ASD_ID,,,,,VALIDATED,
ACCION_SEGUIMIENTO_DEM,ASD_DEM_FK,R,FOREIGN KEY,ENABLED,NOT DEFERRABLE,IMMEDIATE,DEM_PK,ASD_DEM,SPE,DEMANDA,DEM_ID,NO ACTION,VALIDATED,
ACCION_SEGUIMIENTO_DEM,ASD_FUN_ID_FK,R,FOREIGN KEY,ENABLED,NOT DEFERRABLE,IMMEDIATE,FUN_PK,ASD_FUN_ID,SPE,FUNCIONARIO,FUN_ID,NO ACTION,VALIDATED,
ANEXO_HIDRO_2616,SYS_C0022819,C,CHECK,ENABLED,NOT DEFERRABLE,IMMEDIATE,,ANE_ID,,,,,VALIDATED,"""ANE_ID"" IS NOT NULL"
ANEXO_HIDRO_2616,SYS_C0022820,C,CHECK,ENABLED,NOT DEFERRABLE,IMMEDIATE,,IND_ID,,,,,VALIDATED,"""IND_ID"" IS NOT NULL"
ANEXO_HIDRO_2616,SYS_C0022821,C,CHECK,ENABLED,NOT DEFERRABLE,IMMEDIATE,,DESCRIPCION,,,,,VALIDATED,"""DESCRIPCION"" IS NOT NULL"
ANEXO_HIDRO_2616,SYS_C0022822,C,CHECK,ENABLED,NOT DEFERRABLE,IMMEDIATE,,ESTADO,,,,,VALIDATED,"""ESTADO"" IS NOT NULL"
ANEXO_HIDRO_2616,SYS_C0022823,C,CHECK,ENABLED,NOT DEFERRABLE,IMMEDIATE,,FECHA_INICIO,,,,,VALIDATED,"""FECHA_INICIO"" IS NOT NULL"
ANEXO_HIDRO_2616,ANEXO_HIDRO_2616_PK,P,PRIMARY KEY,ENABLED,NOT DEFERRABLE,IMMEDIATE,,ANE_ID,,,,,VALIDATED,
ANEXO_HIDRO_2616,ANEXO_HIDRO_2616_INDICE_FK,R,FOREIGN KEY,ENABLED,NOT DEFERRABLE,IMMEDIATE,IND_PK,IND_ID,SPE,INDICE,IND_ID,NO ACTION,VALIDATED,
APRENDICES_ESTADO,SYS_C0022384,C,CHECK,ENABLED,NOT DEFERRABLE,IMMEDIATE,,AES_ID,,,,,VALIDATED,"""AES_ID"" IS NOT NULL"
APRENDICES_ESTADO,SYS_C0022385,C,CHECK,ENABLED,NOT DEFERRABLE,IMMEDIATE,,AES_NOMBRE,,,,,VALIDATED,"""AES_NOMBRE"" IS NOT NULL"
APRENDICES_ESTADO,APRENDICES_ESTADO_PK,P,PRIMARY KEY,ENABLED,NOT DEFERRABLE,IMMEDIATE,,AES_ID,,,,,VALIDATED,
APRENDICES_ESTADO_APE,SYS_C0021767,C,CHECK,ENABLED,NOT DEFERRABLE,IMMEDIATE,,AEA_ID,,,,,VALIDATED,"""AEA_ID"" IS NOT NULL"
APRENDICES_ESTADO_APE,SYS_C0021768,C,CHECK,ENABLED,NOT DEFERRABLE,IMMEDIATE,,AEA_NOMBRE,,,,,VALIDATED,"""AEA_NOMBRE"" IS NOT NULL"
APRENDICES_ESTADO_APE,APRENDICES_ESTADO_SPE_PK,P,PRIMARY KEY,ENABLED,NOT DEFERRABLE,IMMEDIATE,,AEA_ID,,,,,VALIDATED,
APRENDICES_MIG,SYS_C0023583,C,CHECK,ENABLED,NOT DEFERRABLE,IMMEDIATE,,AMI_NIS,,,,,VALIDATED,"""AMI_NIS"" IS NOT NULL"
APRENDICES_MIG,SYS_C0023584,C,CHECK,ENABLED,NOT DEFERRABLE,IMMEDIATE,,OFT_ID,,,,,VALIDATED,"""OFT_ID"" IS NOT NULL"
APRENDICES_MIG,APRENDICES_MIG_PK,P,PRIMARY KEY,ENABLED,NOT DEFERRABLE,IMMEDIATE,,AMI_NIS,,,,,VALIDATED,
APRENDICES_MIG_CERTIFICADOS,SYS_C0021477,C,CHECK,ENABLED,NOT DEFERRABLE,IMMEDIATE,,ACE_ID,,,,,VALIDATED,"""ACE_ID"" IS NOT NULL"
APRENDICES_MIG_CERTIFICADOS,SYS_C0021478,C,CHECK,ENABLED,NOT DEFERRABLE,IMMEDIATE,,NIS,,,,,VALIDATED,"""NIS"" IS NOT NULL"
APRENDICES_MIG_CERTIFICADOS,SYS_C0021479,C,CHECK,ENABLED,NOT DEFERRABLE,IMMEDIATE,,OFT_ID,,,,,VALIDATED,"""OFT_ID"" IS NOT NULL"
APRENDICES_MIG_CERTIFICADOS,SYS_C0021480,C,CHECK,ENABLED,NOT DEFERRABLE,IMMEDIATE,,PROGRAMA,,,,,VALIDATED,"""PROGRAMA"" IS NOT NULL"
APRENDICES_MIG_CERTIFICADOS,APRENDICES_MIG_CERTIFICADO_PK,P,PRIMARY KEY,ENABLED,NOT DEFERRABLE,IMMEDIATE,,ACE_ID,,,,,VALIDATED,
APRENDICES_MIG_CONF,SYS_C0022061,C,CHECK,ENABLED,NOT DEFERRABLE,IMMEDIATE,,AMC_ID,,,,,VALIDATED,"""AMC_ID"" IS NOT NULL"
APRENDICES_MIG_CONF,APRENDICES_MIG_CONF_PK,P,PRIMARY KEY,ENABLED,NOT DEFERRABLE,IMMEDIATE,,AMC_ID,,,,,VALIDATED,
APRENDICES_MIG_ORI,SYS_C0021473,C,CHECK,ENABLED,NOT DEFERRABLE,IMMEDIATE,,AMO_ID,,,,,VALIDATED,"""AMO_ID"" IS NOT NULL"
APRENDICES_MIG_ORI,SYS_C0021474,C,CHECK,ENABLED,NOT DEFERRABLE,IMMEDIATE,,AMI_NIS,,,,,VALIDATED,"""AMI_NIS"" IS NOT NULL"
APRENDICES_MIG_ORI,SYS_C0021475,C,CHECK,ENABLED,NOT DEFERRABLE,IMMEDIATE,,AES_ID,,,,,VALIDATED,"""AES_ID"" IS NOT NULL"
APRENDICES_MIG_ORI,SYS_C0021476,C,CHECK,ENABLED,NOT DEFERRABLE,IMMEDIATE,,AMO_ORIENTADO,,,,,VALIDATED,"""AMO_ORIENTADO"" IS NOT NULL"
APRENDICES_MIG_ORI,APRENDICES_MIG_ORI_PK,P,PRIMARY KEY,ENABLED,NOT DEFERRABLE,IMMEDIATE,,AMO_ID,,,,,VALIDATED,
AREA_CONOCIMIENTO,ARC_ID_NULL,C,CHECK,ENABLED,NOT DEFERRABLE,IMMEDIATE,,ARC_ID,,,,,VALIDATED,"""ARC_ID"" IS NOT NULL"
AREA_CONOCIMIENTO,ARC_NOMBRE_NULL,C,CHECK,ENABLED,NOT DEFERRABLE,IMMEDIATE,,ARC_NOMBRE,,,,,VALIDATED,"""ARC_NOMBRE"" IS NOT NULL"
AREA_CONOCIMIENTO,ARC_PK,P,PRIMARY KEY,ENABLED,NOT DEFERRABLE,IMMEDIATE,,ARC_ID,,,,,VALIDATED,
AREA_DESEMPENO,ARD_DESCRIPCION_NULL,C,CHECK,ENABLED,NOT DEFERRABLE,IMMEDIATE,,ARD_DESCRIPCION,,,,,VALIDATED,"""ARD_DESCRIPCION"" IS NOT NULL"
AREA_DESEMPENO,ARD_ID_NULL,C,CHECK,ENABLED,NOT DEFERRABLE,IMMEDIATE,,ARD_ID,,,,,VALIDATED,"""ARD_ID"" IS NOT NULL"
AREA_DESEMPENO,ARD_NOMBRE_NULL,C,CHECK,ENABLED,NOT DEFERRABLE,IMMEDIATE,,ARD_NOMBRE,,,,,VALIDATED,"""ARD_NOMBRE"" IS NOT NULL"
AREA_DESEMPENO,ARD_PK,P,PRIMARY KEY,ENABLED,NOT DEFERRABLE,IMMEDIATE,,ARD_ID,,,,,VALIDATED,
AREA_INFLUENCIA,SYS_C0022162,C,CHECK,ENABLED,NOT DEFERRABLE,IMMEDIATE,,ARI_ID,,,,,VALIDATED,"""ARI_ID"" IS NOT NULL"
AREA_INFLUENCIA,SYS_C0022163,C,CHECK,ENABLED,NOT DEFERRABLE,IMMEDIATE,,ARI_DESCRIPCION,,,,,VALIDATED,"""ARI_DESCRIPCION"" IS NOT NULL"
AREA_INFLUENCIA,ARI_PK,P,PRIMARY KEY,ENABLED,NOT DEFERRABLE,IMMEDIATE,,ARI_ID,,,,,VALIDATED,
AREA_OCUPACIONAL,ARD_ARO_NULL,C,CHECK,ENABLED,NOT DEFERRABLE,IMMEDIATE,,ARD_ID,,,,,VALIDATED,"""ARD_ID"" IS NOT NULL"
AREA_OCUPACIONAL,ARO_ID_NULL,C,CHECK,ENABLED,NOT DEFERRABLE,IMMEDIATE,,ARO_ID,,,,,VALIDATED,"""ARO_ID"" IS NOT NULL"
AREA_OCUPACIONAL,ARO_NOMBRE_NULL,C,CHECK,ENABLED,NOT DEFERRABLE,IMMEDIATE,,ARO_NOMBRE,,,,,VALIDATED,"""ARO_NOMBRE"" IS NOT NULL"
AREA_OCUPACIONAL,NIM_ARO_NULL,C,CHECK,ENABLED,NOT DEFERRABLE,IMMEDIATE,,NIM_ID,,,,,VALIDATED,"""NIM_ID"" IS NOT NULL"
AREA_OCUPACIONAL,ARO_PK,P,PRIMARY KEY,ENABLED,NOT DEFERRABLE,IMMEDIATE,,ARO_ID,,,,,VALIDATED,
AREA_OCUPACIONAL,ARD_ARO_FK,R,FOREIGN KEY,ENABLED,NOT DEFERRABLE,IMMEDIATE,ARD_PK,ARD_ID,SPE,AREA_DESEMPENO,ARD_ID,NO ACTION,VALIDATED,
AREA_OCUPACIONAL,NIM_ARO_FK,R,FOREIGN KEY,ENABLED,NOT DEFERRABLE,IMMEDIATE,NIM_PK,NIM_ID,SPE,NIVEL_CUALIFICACION_NUM,NIM_ID,NO ACTION,VALIDATED,
BARRIO,BAR_ID_NULL,C,CHECK,ENABLED,NOT DEFERRABLE,IMMEDIATE,,BAR_ID,,,,,VALIDATED,"""BAR_ID"" IS NOT NULL"
BARRIO,BAR_NOMBRE_NULL,C,CHECK,ENABLED,NOT DEFERRABLE,IMMEDIATE,,BAR_NOMBRE,,,,,VALIDATED,"""BAR_NOMBRE"" IS NOT NULL"
BARRIO,ZON_BAR_NULL,C,CHECK,ENABLED,NOT DEFERRABLE,IMMEDIATE,,ZON_ID,,,,,VALIDATED,"""ZON_ID"" IS NOT NULL"
BARRIO,BAR_PK,P,PRIMARY KEY,ENABLED,NOT DEFERRABLE,IMMEDIATE,,BAR_ID,,,,,VALIDATED,
BARRIO,ZON_BAR_FK,R,FOREIGN KEY,ENABLED,NOT DEFERRABLE,IMMEDIATE,ZON_PK,ZON_ID,SPE,ZONA,ZON_ID,NO ACTION,VALIDATED,
CAJA_HERRAMIENTAS,SYS_C0053887,C,CHECK,ENABLED,NOT DEFERRABLE,IMMEDIATE,,CJA_ID,,,,,VALIDATED,"""CJA_ID"" IS NOT NULL"
CAJA_HERRAMIENTAS,SYS_C0053888,C,CHECK,ENABLED,NOT DEFERRABLE,IMMEDIATE,,CJA_NOMBRE,,,,,VALIDATED,"""CJA_NOMBRE"" IS NOT NULL"
CAJA_HERRAMIENTAS,SYS_C0053889,C,CHECK,ENABLED,NOT DEFERRABLE,IMMEDIATE,,CJA_DESCRIPCION,,,,,VALIDATED,"""CJA_DESCRIPCION"" IS NOT NULL"
CAJA_HERRAMIENTAS,SYS_C0053890,C,CHECK,ENABLED,NOT DEFERRABLE,IMMEDIATE,,CJA_FECHA_CREACION,,,,,VALIDATED,"""CJA_FECHA_CREACION"" IS NOT NULL"
CAJA_HERRAMIENTAS,SYS_C0053891,C,CHECK,ENABLED,NOT DEFERRABLE,IMMEDIATE,,CJA_ESTADO,,,,,VALIDATED,"""CJA_ESTADO"" IS NOT NULL"
CAJA_HERRAMIENTAS,PK_CAJA_HERRAMIENTAS,P,PRIMARY KEY,ENABLED,NOT DEFERRABLE,IMMEDIATE,,CJA_ID,,,,,VALIDATED,
CAMBIOS_REGISTRO_ORO,ROWID_CAMREGORO_PK,P,PRIMARY KEY,ENABLED,NOT DEFERRABLE,IMMEDIATE,,"ROWID_OBJECT,FECHI_INICIO_PROCESO,FECHI_FIN_PROCESO",,,,,VALIDATED,
CAMPE_SENA_CNO,SYS_C0023635,C,CHECK,ENABLED,NOT DEFERRABLE,IMMEDIATE,,OCU_ID,,,,,VALIDATED,"""OCU_ID"" IS NOT NULL"
CAMPE_SENA_CNO,SYS_C0023636,C,CHECK,ENABLED,NOT DEFERRABLE,IMMEDIATE,,OCUPACION,,,,,VALIDATED,"""OCUPACION"" IS NOT NULL"
CAMPO_OCUPACIONAL,ARO_CAO_NULL,C,CHECK,ENABLED,NOT DEFERRABLE,IMMEDIATE,,ARO_ID,,,,,VALIDATED,"""ARO_ID"" IS NOT NULL"
CAMPO_OCUPACIONAL,CAO_ID_NULL,C,CHECK,ENABLED,NOT DEFERRABLE,IMMEDIATE,,CAO_ID,,,,,VALIDATED,"""CAO_ID"" IS NOT NULL"
CAMPO_OCUPACIONAL,CAO_NOMBRE_NULL,C,CHECK,ENABLED,NOT DEFERRABLE,IMMEDIATE,,CAO_NOMBRE,,,,,VALIDATED,"""CAO_NOMBRE"" IS NOT NULL"
CAMPO_OCUPACIONAL,CAO_PK,P,PRIMARY KEY,ENABLED,NOT DEFERRABLE,IMMEDIATE,,CAO_ID,,,,,VALIDATED,
CAMPO_OCUPACIONAL,ARO_CAO_FK,R,FOREIGN KEY,ENABLED,NOT DEFERRABLE,IMMEDIATE,ARO_PK,ARO_ID,SPE,AREA_OCUPACIONAL,ARO_ID,NO ACTION,VALIDATED,
CAP_CAPACITACIONES,SYS_C0022064,C,CHECK,ENABLED,NOT DEFERRABLE,IMMEDIATE,,CCA_ID,,,,,VALIDATED,"""CCA_ID"" IS NOT NULL"
CAP_CAPACITACIONES,SYS_C0022065,C,CHECK,ENABLED,NOT DEFERRABLE,IMMEDIATE,,OFT_ID,,,,,VALIDATED,"""OFT_ID"" IS NOT NULL"
CAP_CAPACITACIONES,CAP_ORIENTADOS_PK,P,PRIMARY KEY,ENABLED,NOT DEFERRABLE,IMMEDIATE,,CCA_ID,,,,,VALIDATED,
CAP_PROGRAMAS,SYS_C0021765,C,CHECK,ENABLED,NOT DEFERRABLE,IMMEDIATE,,CPR_ID,,,,,VALIDATED,"""CPR_ID"" IS NOT NULL"
CAP_PROGRAMAS,SYS_C0021766,C,CHECK,ENABLED,NOT DEFERRABLE,IMMEDIATE,,CPR_NOMBRE,,,,,VALIDATED,"""CPR_NOMBRE"" IS NOT NULL"
CAP_PROGRAMAS,CAP_PROGRAMAS_PK,P,PRIMARY KEY,ENABLED,NOT DEFERRABLE,IMMEDIATE,,CPR_ID,,,,,VALIDATED,
CARACTER,CAR_ID_NULL,C,CHECK,ENABLED,NOT DEFERRABLE,IMMEDIATE,,CAR_ID,,,,,VALIDATED,"""CAR_ID"" IS NOT NULL"
CARACTER,CAR_NOMBRE_NULL,C,CHECK,ENABLED,NOT DEFERRABLE,IMMEDIATE,,CAR_NOMBRE,,,,,VALIDATED,"""CAR_NOMBRE"" IS NOT NULL"
CARACTER,CAR_PK,P,PRIMARY KEY,ENABLED,NOT DEFERRABLE,IMMEDIATE,,CAR_ID,,,,,VALIDATED,
CENTRO_SPE,CSPE_DIRECCION_NULL,C,CHECK,ENABLED,NOT DEFERRABLE,IMMEDIATE,,CSPE_DIRECCION,,,,,VALIDATED,"""CSPE_DIRECCION"" IS NOT NULL"
CENTRO_SPE,CSPE_ESTADO_CHK,C,CHECK,ENABLED,NOT DEFERRABLE,IMMEDIATE,,CSPE_ESTADO,,,,,VALIDATED,"
		CSPE_ESTADO in (0,1)
		"
CENTRO_SPE,CSPE_ESTADO_NULL,C,CHECK,ENABLED,NOT DEFERRABLE,IMMEDIATE,,CSPE_ESTADO,,,,,VALIDATED,"""CSPE_ESTADO"" IS NOT NULL"
CENTRO_SPE,CSPE_ID_NULL,C,CHECK,ENABLED,NOT DEFERRABLE,IMMEDIATE,,CSPE_ID,,,,,VALIDATED,"""CSPE_ID"" IS NOT NULL"
CENTRO_SPE,CSPE_NOMBRE_NULL,C,CHECK,ENABLED,NOT DEFERRABLE,IMMEDIATE,,CSPE_NOMBRE,,,,,VALIDATED,"""CSPE_NOMBRE"" IS NOT NULL"
CENTRO_SPE,CSPE_TEL_NULL,C,CHECK,ENABLED,NOT DEFERRABLE,IMMEDIATE,,CSPE_TEL,,,,,VALIDATED,"""CSPE_TEL"" IS NOT NULL"
CENTRO_SPE,CSPE_TIPO_NULL,C,CHECK,ENABLED,NOT DEFERRABLE,IMMEDIATE,,TIPO_CSPE,,,,,VALIDATED,"""TIPO_CSPE"" IS NOT NULL"
CENTRO_SPE,MPO_CSPE_NULL,C,CHECK,ENABLED,NOT DEFERRABLE,IMMEDIATE,,MPO_ID,,,,,VALIDATED,"""MPO_ID"" IS NOT NULL"
CENTRO_SPE,REG_CSPE_NULL,C,CHECK,ENABLED,NOT DEFERRABLE,IMMEDIATE,,REG_ID,,,,,VALIDATED,"""REG_ID"" IS NOT NULL"
CENTRO_SPE,CSPE_PK,P,PRIMARY KEY,ENABLED,NOT DEFERRABLE,IMMEDIATE,,CSPE_ID,,,,,VALIDATED,
CENTRO_SPE,MPO_CSPE_FK,R,FOREIGN KEY,ENABLED,NOT DEFERRABLE,IMMEDIATE,MPO_PK,MPO_ID,SPE,MUNICIPIO,MPO_ID,NO ACTION,VALIDATED,
CENTRO_SPE,REG_CSPE_FK,R,FOREIGN KEY,ENABLED,NOT DEFERRABLE,IMMEDIATE,REG_PK,REG_ID,SPE,REGIONAL,REG_ID,NO ACTION,VALIDATED,
CENTRO_SPE_07122012,SYS_C0021711,C,CHECK,ENABLED,NOT DEFERRABLE,IMMEDIATE,,CSPE_ID,,,,,VALIDATED,"""CSPE_ID"" IS NOT NULL"
CENTRO_SPE_07122012,SYS_C0021712,C,CHECK,ENABLED,NOT DEFERRABLE,IMMEDIATE,,CSPE_NOMBRE,,,,,VALIDATED,"""CSPE_NOMBRE"" IS NOT NULL"
CENTRO_SPE_07122012,SYS_C0021713,C,CHECK,ENABLED,NOT DEFERRABLE,IMMEDIATE,,CSPE_DIRECCION,,,,,VALIDATED,"""CSPE_DIRECCION"" IS NOT NULL"
CENTRO_SPE_07122012,SYS_C0021714,C,CHECK,ENABLED,NOT DEFERRABLE,IMMEDIATE,,CSPE_TEL,,,,,VALIDATED,"""CSPE_TEL"" IS NOT NULL"
CENTRO_SPE_07122012,SYS_C0021715,C,CHECK,ENABLED,NOT DEFERRABLE,IMMEDIATE,,CSPE_ESTADO,,,,,VALIDATED,"""CSPE_ESTADO"" IS NOT NULL"
CENTRO_SPE_07122012,SYS_C0021716,C,CHECK,ENABLED,NOT DEFERRABLE,IMMEDIATE,,REG_ID,,,,,VALIDATED,"""REG_ID"" IS NOT NULL"
CENTRO_SPE_07122012,SYS_C0021717,C,CHECK,ENABLED,NOT DEFERRABLE,IMMEDIATE,,MPO_ID,,,,,VALIDATED,"""MPO_ID"" IS NOT NULL"
CENTRO_SPE_07122012,SYS_C0021718,C,CHECK,ENABLED,NOT DEFERRABLE,IMMEDIATE,,TIPO_CSPE,,,,,VALIDATED,"""TIPO_CSPE"" IS NOT NULL"
CENTRO_SPE_10062012,SYS_C0021675,C,CHECK,ENABLED,NOT DEFERRABLE,IMMEDIATE,,CSPE_ID,,,,,VALIDATED,"""CSPE_ID"" IS NOT NULL"
CENTRO_SPE_10062012,SYS_C0021676,C,CHECK,ENABLED,NOT DEFERRABLE,IMMEDIATE,,CSPE_NOMBRE,,,,,VALIDATED,"""CSPE_NOMBRE"" IS NOT NULL"
CENTRO_SPE_10062012,SYS_C0021677,C,CHECK,ENABLED,NOT DEFERRABLE,IMMEDIATE,,CSPE_DIRECCION,,,,,VALIDATED,"""CSPE_DIRECCION"" IS NOT NULL"
CENTRO_SPE_10062012,SYS_C0021678,C,CHECK,ENABLED,NOT DEFERRABLE,IMMEDIATE,,CSPE_TEL,,,,,VALIDATED,"""CSPE_TEL"" IS NOT NULL"
CENTRO_SPE_10062012,SYS_C0021679,C,CHECK,ENABLED,NOT DEFERRABLE,IMMEDIATE,,CSPE_ESTADO,,,,,VALIDATED,"""CSPE_ESTADO"" IS NOT NULL"
CENTRO_SPE_10062012,SYS_C0021680,C,CHECK,ENABLED,NOT DEFERRABLE,IMMEDIATE,,REG_ID,,,,,VALIDATED,"""REG_ID"" IS NOT NULL"
CENTRO_SPE_10062012,SYS_C0021681,C,CHECK,ENABLED,NOT DEFERRABLE,IMMEDIATE,,MPO_ID,,,,,VALIDATED,"""MPO_ID"" IS NOT NULL"
CENTRO_SPE_10062012,SYS_C0021682,C,CHECK,ENABLED,NOT DEFERRABLE,IMMEDIATE,,TIPO_CSPE,,,,,VALIDATED,"""TIPO_CSPE"" IS NOT NULL"
CENTRO_SPE_12102012,SYS_C0021996,C,CHECK,ENABLED,NOT DEFERRABLE,IMMEDIATE,,CSPE_ID,,,,,VALIDATED,"""CSPE_ID"" IS NOT NULL"
CENTRO_SPE_12102012,SYS_C0021997,C,CHECK,ENABLED,NOT DEFERRABLE,IMMEDIATE,,CSPE_NOMBRE,,,,,VALIDATED,"""CSPE_NOMBRE"" IS NOT NULL"
CENTRO_SPE_12102012,SYS_C0021998,C,CHECK,ENABLED,NOT DEFERRABLE,IMMEDIATE,,CSPE_DIRECCION,,,,,VALIDATED,"""CSPE_DIRECCION"" IS NOT NULL"
CENTRO_SPE_12102012,SYS_C0021999,C,CHECK,ENABLED,NOT DEFERRABLE,IMMEDIATE,,CSPE_TEL,,,,,VALIDATED,"""CSPE_TEL"" IS NOT NULL"
CENTRO_SPE_12102012,SYS_C0022000,C,CHECK,ENABLED,NOT DEFERRABLE,IMMEDIATE,,CSPE_ESTADO,,,,,VALIDATED,"""CSPE_ESTADO"" IS NOT NULL"
CENTRO_SPE_12102012,SYS_C0022001,C,CHECK,ENABLED,NOT DEFERRABLE,IMMEDIATE,,REG_ID,,,,,VALIDATED,"""REG_ID"" IS NOT NULL"
CENTRO_SPE_12102012,SYS_C0022002,C,CHECK,ENABLED,NOT DEFERRABLE,IMMEDIATE,,MPO_ID,,,,,VALIDATED,"""MPO_ID"" IS NOT NULL"
CENTRO_SPE_12102012,SYS_C0022003,C,CHECK,ENABLED,NOT DEFERRABLE,IMMEDIATE,,TIPO_CSPE,,,,,VALIDATED,"""TIPO_CSPE"" IS NOT NULL"
CENTRO_SPE_17052013,SYS_C0022973,C,CHECK,ENABLED,NOT DEFERRABLE,IMMEDIATE,,CSPE_ID,,,,,VALIDATED,"""CSPE_ID"" IS NOT NULL"
CENTRO_SPE_17052013,SYS_C0022974,C,CHECK,ENABLED,NOT DEFERRABLE,IMMEDIATE,,CSPE_NOMBRE,,,,,VALIDATED,"""CSPE_NOMBRE"" IS NOT NULL"
CENTRO_SPE_17052013,SYS_C0022975,C,CHECK,ENABLED,NOT DEFERRABLE,IMMEDIATE,,CSPE_DIRECCION,,,,,VALIDATED,"""CSPE_DIRECCION"" IS NOT NULL"
CENTRO_SPE_17052013,SYS_C0022976,C,CHECK,ENABLED,NOT DEFERRABLE,IMMEDIATE,,CSPE_TEL,,,,,VALIDATED,"""CSPE_TEL"" IS NOT NULL"
CENTRO_SPE_17052013,SYS_C0022977,C,CHECK,ENABLED,NOT DEFERRABLE,IMMEDIATE,,CSPE_ESTADO,,,,,VALIDATED,"""CSPE_ESTADO"" IS NOT NULL"
CENTRO_SPE_17052013,SYS_C0022978,C,CHECK,ENABLED,NOT DEFERRABLE,IMMEDIATE,,REG_ID,,,,,VALIDATED,"""REG_ID"" IS NOT NULL"
CENTRO_SPE_17052013,SYS_C0022979,C,CHECK,ENABLED,NOT DEFERRABLE,IMMEDIATE,,MPO_ID,,,,,VALIDATED,"""MPO_ID"" IS NOT NULL"
CENTRO_SPE_17052013,SYS_C0022980,C,CHECK,ENABLED,NOT DEFERRABLE,IMMEDIATE,,TIPO_CSPE,,,,,VALIDATED,"""TIPO_CSPE"" IS NOT NULL"
CENTRO_SPE_17072012,SYS_C0021683,C,CHECK,ENABLED,NOT DEFERRABLE,IMMEDIATE,,CSPE_ID,,,,,VALIDATED,"""CSPE_ID"" IS NOT NULL"
CENTRO_SPE_17072012,SYS_C0021684,C,CHECK,ENABLED,NOT DEFERRABLE,IMMEDIATE,,CSPE_NOMBRE,,,,,VALIDATED,"""CSPE_NOMBRE"" IS NOT NULL"
CENTRO_SPE_17072012,SYS_C0021685,C,CHECK,ENABLED,NOT DEFERRABLE,IMMEDIATE,,CSPE_DIRECCION,,,,,VALIDATED,"""CSPE_DIRECCION"" IS NOT NULL"
CENTRO_SPE_17072012,SYS_C0021686,C,CHECK,ENABLED,NOT DEFERRABLE,IMMEDIATE,,CSPE_TEL,,,,,VALIDATED,"""CSPE_TEL"" IS NOT NULL"
CENTRO_SPE_17072012,SYS_C0021687,C,CHECK,ENABLED,NOT DEFERRABLE,IMMEDIATE,,CSPE_ESTADO,,,,,VALIDATED,"""CSPE_ESTADO"" IS NOT NULL"
CENTRO_SPE_17072012,SYS_C0021688,C,CHECK,ENABLED,NOT DEFERRABLE,IMMEDIATE,,REG_ID,,,,,VALIDATED,"""REG_ID"" IS NOT NULL"
CENTRO_SPE_17072012,SYS_C0021689,C,CHECK,ENABLED,NOT DEFERRABLE,IMMEDIATE,,MPO_ID,,,,,VALIDATED,"""MPO_ID"" IS NOT NULL"
CENTRO_SPE_17072012,SYS_C0021690,C,CHECK,ENABLED,NOT DEFERRABLE,IMMEDIATE,,TIPO_CSPE,,,,,VALIDATED,"""TIPO_CSPE"" IS NOT NULL"
CENTRO_SPE_19102012,SYS_C0022365,C,CHECK,ENABLED,NOT DEFERRABLE,IMMEDIATE,,CSPE_ID,,,,,VALIDATED,"""CSPE_ID"" IS NOT NULL"
CENTRO_SPE_19102012,SYS_C0022366,C,CHECK,ENABLED,NOT DEFERRABLE,IMMEDIATE,,CSPE_NOMBRE,,,,,VALIDATED,"""CSPE_NOMBRE"" IS NOT NULL"
CENTRO_SPE_19102012,SYS_C0022367,C,CHECK,ENABLED,NOT DEFERRABLE,IMMEDIATE,,CSPE_DIRECCION,,,,,VALIDATED,"""CSPE_DIRECCION"" IS NOT NULL"
CENTRO_SPE_19102012,SYS_C0022368,C,CHECK,ENABLED,NOT DEFERRABLE,IMMEDIATE,,CSPE_TEL,,,,,VALIDATED,"""CSPE_TEL"" IS NOT NULL"
CENTRO_SPE_19102012,SYS_C0022369,C,CHECK,ENABLED,NOT DEFERRABLE,IMMEDIATE,,CSPE_ESTADO,,,,,VALIDATED,"""CSPE_ESTADO"" IS NOT NULL"
CENTRO_SPE_19102012,SYS_C0022370,C,CHECK,ENABLED,NOT DEFERRABLE,IMMEDIATE,,REG_ID,,,,,VALIDATED,"""REG_ID"" IS NOT NULL"
CENTRO_SPE_19102012,SYS_C0022371,C,CHECK,ENABLED,NOT DEFERRABLE,IMMEDIATE,,MPO_ID,,,,,VALIDATED,"""MPO_ID"" IS NOT NULL"
CENTRO_SPE_19102012,SYS_C0022372,C,CHECK,ENABLED,NOT DEFERRABLE,IMMEDIATE,,TIPO_CSPE,,,,,VALIDATED,"""TIPO_CSPE"" IS NOT NULL"
CENTRO_SPE_21122012,SYS_C0023264,C,CHECK,ENABLED,NOT DEFERRABLE,IMMEDIATE,,CSPE_ID,,,,,VALIDATED,"""CSPE_ID"" IS NOT NULL"
CENTRO_SPE_21122012,SYS_C0023265,C,CHECK,ENABLED,NOT DEFERRABLE,IMMEDIATE,,CSPE_NOMBRE,,,,,VALIDATED,"""CSPE_NOMBRE"" IS NOT NULL"
CENTRO_SPE_21122012,SYS_C0023266,C,CHECK,ENABLED,NOT DEFERRABLE,IMMEDIATE,,CSPE_DIRECCION,,,,,VALIDATED,"""CSPE_DIRECCION"" IS NOT NULL"
CENTRO_SPE_21122012,SYS_C0023267,C,CHECK,ENABLED,NOT DEFERRABLE,IMMEDIATE,,CSPE_TEL,,,,,VALIDATED,"""CSPE_TEL"" IS NOT NULL"
CENTRO_SPE_21122012,SYS_C0023268,C,CHECK,ENABLED,NOT DEFERRABLE,IMMEDIATE,,CSPE_ESTADO,,,,,VALIDATED,"""CSPE_ESTADO"" IS NOT NULL"
CENTRO_SPE_21122012,SYS_C0023269,C,CHECK,ENABLED,NOT DEFERRABLE,IMMEDIATE,,REG_ID,,,,,VALIDATED,"""REG_ID"" IS NOT NULL"
CENTRO_SPE_21122012,SYS_C0023270,C,CHECK,ENABLED,NOT DEFERRABLE,IMMEDIATE,,MPO_ID,,,,,VALIDATED,"""MPO_ID"" IS NOT NULL"
CENTRO_SPE_21122012,SYS_C0023271,C,CHECK,ENABLED,NOT DEFERRABLE,IMMEDIATE,,TIPO_CSPE,,,,,VALIDATED,"""TIPO_CSPE"" IS NOT NULL"
CENTRO_SPE_23112012,SYS_C0021445,C,CHECK,ENABLED,NOT DEFERRABLE,IMMEDIATE,,CSPE_ID,,,,,VALIDATED,"""CSPE_ID"" IS NOT NULL"
CENTRO_SPE_23112012,SYS_C0021446,C,CHECK,ENABLED,NOT DEFERRABLE,IMMEDIATE,,CSPE_NOMBRE,,,,,VALIDATED,"""CSPE_NOMBRE"" IS NOT NULL"
CENTRO_SPE_23112012,SYS_C0021447,C,CHECK,ENABLED,NOT DEFERRABLE,IMMEDIATE,,CSPE_DIRECCION,,,,,VALIDATED,"""CSPE_DIRECCION"" IS NOT NULL"
CENTRO_SPE_23112012,SYS_C0021448,C,CHECK,ENABLED,NOT DEFERRABLE,IMMEDIATE,,CSPE_TEL,,,,,VALIDATED,"""CSPE_TEL"" IS NOT NULL"
CENTRO_SPE_23112012,SYS_C0021449,C,CHECK,ENABLED,NOT DEFERRABLE,IMMEDIATE,,CSPE_ESTADO,,,,,VALIDATED,"""CSPE_ESTADO"" IS NOT NULL"
CENTRO_SPE_23112012,SYS_C0021450,C,CHECK,ENABLED,NOT DEFERRABLE,IMMEDIATE,,REG_ID,,,,,VALIDATED,"""REG_ID"" IS NOT NULL"
CENTRO_SPE_23112012,SYS_C0021451,C,CHECK,ENABLED,NOT DEFERRABLE,IMMEDIATE,,MPO_ID,,,,,VALIDATED,"""MPO_ID"" IS NOT NULL"
CENTRO_SPE_23112012,SYS_C0021452,C,CHECK,ENABLED,NOT DEFERRABLE,IMMEDIATE,,TIPO_CSPE,,,,,VALIDATED,"""TIPO_CSPE"" IS NOT NULL"
CIIU,CIIU_ID_NULL,C,CHECK,ENABLED,NOT DEFERRABLE,IMMEDIATE,,CIIU_ID,,,,,VALIDATED,"""CIIU_ID"" IS NOT NULL"
CIIU,CIIU_NOMBRE_NULL,C,CHECK,ENABLED,NOT DEFERRABLE,IMMEDIATE,,CIIU_NOMBRE,,,,,VALIDATED,"""CIIU_NOMBRE"" IS NOT NULL"
CIIU,GRC_CIIU_NULL,C,CHECK,ENABLED,NOT DEFERRABLE,IMMEDIATE,,GRC_ID,,,,,VALIDATED,"""GRC_ID"" IS NOT NULL"
CIIU,CIIU_PK,P,PRIMARY KEY,ENABLED,NOT DEFERRABLE,IMMEDIATE,,CIIU_ID,,,,,VALIDATED,
CIIU,GRC_CIIU_FK,R,FOREIGN KEY,ENABLED,NOT DEFERRABLE,IMMEDIATE,GRC_PK,GRC_ID,SPE,GRUPO_CIIU,GRC_ID,NO ACTION,VALIDATED,
CNO,CNO_ID_NULL,C,CHECK,ENABLED,NOT DEFERRABLE,IMMEDIATE,,CNO_ID,,,,,VALIDATED,"""CNO_ID"" IS NOT NULL"
CNO,CNO_OCU_NULL,C,CHECK,ENABLED,NOT DEFERRABLE,IMMEDIATE,,OCU_ID,,,,,VALIDATED,"""OCU_ID"" IS NOT NULL"
CNO,CNO_PK,P,PRIMARY KEY,ENABLED,NOT DEFERRABLE,IMMEDIATE,,CNO_ID,,,,,VALIDATED,
CNO,CNO_OCU_FK,R,FOREIGN KEY,ENABLED,NOT DEFERRABLE,IMMEDIATE,OCU_PK,OCU_ID,SPE,OCUPACION,OCU_ID,NO ACTION,VALIDATED,
CNO_CARGA,SYS_C0022069,C,CHECK,ENABLED,NOT DEFERRABLE,IMMEDIATE,,CNC_ID,,,,,VALIDATED,"""CNC_ID"" IS NOT NULL"
CNO_CARGA,SYS_C0022070,C,CHECK,ENABLED,NOT DEFERRABLE,IMMEDIATE,,CNC_ARCHIVO,,,,,VALIDATED,"""CNC_ARCHIVO"" IS NOT NULL"
CNO_CARGA,SYS_C0022071,C,CHECK,ENABLED,NOT DEFERRABLE,IMMEDIATE,,CNC_USUARIO,,,,,VALIDATED,"""CNC_USUARIO"" IS NOT NULL"
CNO_CARGA,SYS_C0022072,C,CHECK,ENABLED,NOT DEFERRABLE,IMMEDIATE,,CNC_FECHA_INICIO,,,,,VALIDATED,"""CNC_FECHA_INICIO"" IS NOT NULL"
CNO_CARGA,SYS_C0022073,C,CHECK,ENABLED,NOT DEFERRABLE,IMMEDIATE,,CNC_STATUS,,,,,VALIDATED,"""CNC_STATUS"" IS NOT NULL"
CNO_CARGA,CNOC_PK,P,PRIMARY KEY,ENABLED,NOT DEFERRABLE,IMMEDIATE,,CNC_ID,,,,,VALIDATED,
CNO_CARGA_LOG,SYS_C0023659,C,CHECK,ENABLED,NOT DEFERRABLE,IMMEDIATE,,CNC_ID,,,,,VALIDATED,"""CNC_ID"" IS NOT NULL"
CNO_CARGA_LOG,SYS_C0023660,C,CHECK,ENABLED,NOT DEFERRABLE,IMMEDIATE,,CCL_MENSAJE,,,,,VALIDATED,"""CCL_MENSAJE"" IS NOT NULL"
CNO_CARGA_LOG,SYS_C0023661,C,CHECK,ENABLED,NOT DEFERRABLE,IMMEDIATE,,CCL_ID,,,,,VALIDATED,"""CCL_ID"" IS NOT NULL"
CNO_CARGA_LOG,CNO_CARGA_LOG_PK,P,PRIMARY KEY,ENABLED,NOT DEFERRABLE,IMMEDIATE,,CCL_ID,,,,,VALIDATED,
CNO_CARGA_LOG,CNC_CCL_FK,R,FOREIGN KEY,ENABLED,NOT DEFERRABLE,IMMEDIATE,CNOC_PK,CNC_ID,SPE,CNO_CARGA,CNC_ID,NO ACTION,VALIDATED,
COMPETENCIA_LABORAL,SYS_C0021779,C,CHECK,ENABLED,NOT DEFERRABLE,IMMEDIATE,,CPL_ID,,,,,VALIDATED,"""CPL_ID"" IS NOT NULL"
COMPETENCIA_LABORAL,CPL_PK,P,PRIMARY KEY,ENABLED,NOT DEFERRABLE,IMMEDIATE,,CPL_ID,,,,,VALIDATED,
COMPETENCIA_LABORAL_1,SYS_C0021810,C,CHECK,ENABLED,NOT DEFERRABLE,IMMEDIATE,,CPL_ID,,,,,VALIDATED,"""CPL_ID"" IS NOT NULL"
CONTROL_CURSO,CCU_FCH_INSCRIPCION_NULL,C,CHECK,ENABLED,NOT DEFERRABLE,IMMEDIATE,,CCU_FCH_INSCRIPCION,,,,,VALIDATED,"""CCU_FCH_INSCRIPCION"" IS NOT NULL"
CONTROL_CURSO,CCU_FCH_ULT_EST_NULL,C,CHECK,ENABLED,NOT DEFERRABLE,IMMEDIATE,,CCU_FCH_ULT_EST,,,,,VALIDATED,"""CCU_FCH_ULT_EST"" IS NOT NULL"
CONTROL_CURSO,CCU_TOT_DESERTO_NULL,C,CHECK,ENABLED,NOT DEFERRABLE,IMMEDIATE,,CCU_TOT_DESERTO,,,,,VALIDATED,"""CCU_TOT_DESERTO"" IS NOT NULL"
CONTROL_CURSO,CCU_TOT_INS_CSPE_NULL,C,CHECK,ENABLED,NOT DEFERRABLE,IMMEDIATE,,CCU_TOT_INS_CSPE,,,,,VALIDATED,"""CCU_TOT_INS_CSPE"" IS NOT NULL"
CONTROL_CURSO,CCU_TOT_INS_IVR_NULL,C,CHECK,ENABLED,NOT DEFERRABLE,IMMEDIATE,,CCU_TOT_INS_IVR,,,,,VALIDATED,"""CCU_TOT_INS_IVR"" IS NOT NULL"
CONTROL_CURSO,CCU_TOT_INS_WEB_NULL,C,CHECK,ENABLED,NOT DEFERRABLE,IMMEDIATE,,CCU_TOT_INS_WEB,,,,,VALIDATED,"""CCU_TOT_INS_WEB"" IS NOT NULL"
CONTROL_CURSO,CCU_TOT_NO_PRESENTO_NULL,C,CHECK,ENABLED,NOT DEFERRABLE,IMMEDIATE,,CCU_TOT_NO_PRESENTO,,,,,VALIDATED,"""CCU_TOT_NO_PRESENTO"" IS NOT NULL"
CONTROL_CURSO,CCU_TOT_TERMINO_NULL,C,CHECK,ENABLED,NOT DEFERRABLE,IMMEDIATE,,CCU_TOT_TERMINO,,,,,VALIDATED,"""CCU_TOT_TERMINO"" IS NOT NULL"
CONTROL_CURSO,CUR_CCU_NULL,C,CHECK,ENABLED,NOT DEFERRABLE,IMMEDIATE,,CUR_ID,,,,,VALIDATED,"""CUR_ID"" IS NOT NULL"
CONTROL_CURSO,ECR_CCU_NULL,C,CHECK,ENABLED,NOT DEFERRABLE,IMMEDIATE,,ECR_ID,,,,,VALIDATED,"""ECR_ID"" IS NOT NULL"
CONTROL_CURSO,CCU_PK,P,PRIMARY KEY,ENABLED,NOT DEFERRABLE,IMMEDIATE,,CUR_ID,,,,,VALIDATED,
CONTROL_CURSO,CUR_CCU_FK,R,FOREIGN KEY,ENABLED,NOT DEFERRABLE,IMMEDIATE,CUR_PK,CUR_ID,SPE,CURSO,CUR_ID,NO ACTION,VALIDATED,
CONTROL_CURSO,ECR_CCU_FK,R,FOREIGN KEY,ENABLED,NOT DEFERRABLE,IMMEDIATE,ECR_PK,ECR_ID,SPE,ESTADO_CURSO,ECR_ID,NO ACTION,VALIDATED,
CONTROL_CURSO_05102012,SYS_C0023547,C,CHECK,ENABLED,NOT DEFERRABLE,IMMEDIATE,,CUR_ID,,,,,VALIDATED,"""CUR_ID"" IS NOT NULL"
CONTROL_CURSO_05102012,SYS_C0023548,C,CHECK,ENABLED,NOT DEFERRABLE,IMMEDIATE,,CCU_FCH_INSCRIPCION,,,,,VALIDATED,"""CCU_FCH_INSCRIPCION"" IS NOT NULL"
CONTROL_CURSO_05102012,SYS_C0023549,C,CHECK,ENABLED,NOT DEFERRABLE,IMMEDIATE,,ECR_ID,,,,,VALIDATED,"""ECR_ID"" IS NOT NULL"
CONTROL_CURSO_05102012,SYS_C0023550,C,CHECK,ENABLED,NOT DEFERRABLE,IMMEDIATE,,CCU_TOT_INS_CSPE,,,,,VALIDATED,"""CCU_TOT_INS_CSPE"" IS NOT NULL"
CONTROL_CURSO_05102012,SYS_C0023551,C,CHECK,ENABLED,NOT DEFERRABLE,IMMEDIATE,,CCU_TOT_INS_WEB,,,,,VALIDATED,"""CCU_TOT_INS_WEB"" IS NOT NULL"
CONTROL_CURSO_05102012,SYS_C0023552,C,CHECK,ENABLED,NOT DEFERRABLE,IMMEDIATE,,CCU_TOT_INS_IVR,,,,,VALIDATED,"""CCU_TOT_INS_IVR"" IS NOT NULL"
CONTROL_CURSO_05102012,SYS_C0023553,C,CHECK,ENABLED,NOT DEFERRABLE,IMMEDIATE,,CCU_TOT_TERMINO,,,,,VALIDATED,"""CCU_TOT_TERMINO"" IS NOT NULL"
CONTROL_CURSO_05102012,SYS_C0023554,C,CHECK,ENABLED,NOT DEFERRABLE,IMMEDIATE,,CCU_TOT_NO_PRESENTO,,,,,VALIDATED,"""CCU_TOT_NO_PRESENTO"" IS NOT NULL"
CONTROL_CURSO_05102012,SYS_C0023555,C,CHECK,ENABLED,NOT DEFERRABLE,IMMEDIATE,,CCU_TOT_DESERTO,,,,,VALIDATED,"""CCU_TOT_DESERTO"" IS NOT NULL"
CONTROL_CURSO_05102012,SYS_C0023556,C,CHECK,ENABLED,NOT DEFERRABLE,IMMEDIATE,,CCU_FCH_ULT_EST,,,,,VALIDATED,"""CCU_FCH_ULT_EST"" IS NOT NULL"
CONTROL_CURSO_07122012,SYS_C0022708,C,CHECK,ENABLED,NOT DEFERRABLE,IMMEDIATE,,CUR_ID,,,,,VALIDATED,"""CUR_ID"" IS NOT NULL"
CONTROL_CURSO_07122012,SYS_C0022709,C,CHECK,ENABLED,NOT DEFERRABLE,IMMEDIATE,,CCU_FCH_INSCRIPCION,,,,,VALIDATED,"""CCU_FCH_INSCRIPCION"" IS NOT NULL"
CONTROL_CURSO_07122012,SYS_C0022710,C,CHECK,ENABLED,NOT DEFERRABLE,IMMEDIATE,,ECR_ID,,,,,VALIDATED,"""ECR_ID"" IS NOT NULL"
CONTROL_CURSO_07122012,SYS_C0022711,C,CHECK,ENABLED,NOT DEFERRABLE,IMMEDIATE,,CCU_TOT_INS_CSPE,,,,,VALIDATED,"""CCU_TOT_INS_CSPE"" IS NOT NULL"
CONTROL_CURSO_07122012,SYS_C0022712,C,CHECK,ENABLED,NOT DEFERRABLE,IMMEDIATE,,CCU_TOT_INS_WEB,,,,,VALIDATED,"""CCU_TOT_INS_WEB"" IS NOT NULL"
CONTROL_CURSO_07122012,SYS_C0022713,C,CHECK,ENABLED,NOT DEFERRABLE,IMMEDIATE,,CCU_TOT_INS_IVR,,,,,VALIDATED,"""CCU_TOT_INS_IVR"" IS NOT NULL"
CONTROL_CURSO_07122012,SYS_C0022714,C,CHECK,ENABLED,NOT DEFERRABLE,IMMEDIATE,,CCU_TOT_TERMINO,,,,,VALIDATED,"""CCU_TOT_TERMINO"" IS NOT NULL"
CONTROL_CURSO_07122012,SYS_C0022715,C,CHECK,ENABLED,NOT DEFERRABLE,IMMEDIATE,,CCU_TOT_NO_PRESENTO,,,,,VALIDATED,"""CCU_TOT_NO_PRESENTO"" IS NOT NULL"
CONTROL_CURSO_07122012,SYS_C0022716,C,CHECK,ENABLED,NOT DEFERRABLE,IMMEDIATE,,CCU_TOT_DESERTO,,,,,VALIDATED,"""CCU_TOT_DESERTO"" IS NOT NULL"
CONTROL_CURSO_07122012,SYS_C0022717,C,CHECK,ENABLED,NOT DEFERRABLE,IMMEDIATE,,CCU_FCH_ULT_EST,,,,,VALIDATED,"""CCU_FCH_ULT_EST"" IS NOT NULL"
CONTROL_CURSO_12102012,SYS_C0021691,C,CHECK,ENABLED,NOT DEFERRABLE,IMMEDIATE,,CUR_ID,,,,,VALIDATED,"""CUR_ID"" IS NOT NULL"
CONTROL_CURSO_12102012,SYS_C0021692,C,CHECK,ENABLED,NOT DEFERRABLE,IMMEDIATE,,CCU_FCH_INSCRIPCION,,,,,VALIDATED,"""CCU_FCH_INSCRIPCION"" IS NOT NULL"
CONTROL_CURSO_12102012,SYS_C0021693,C,CHECK,ENABLED,NOT DEFERRABLE,IMMEDIATE,,ECR_ID,,,,,VALIDATED,"""ECR_ID"" IS NOT NULL"
CONTROL_CURSO_12102012,SYS_C0021694,C,CHECK,ENABLED,NOT DEFERRABLE,IMMEDIATE,,CCU_TOT_INS_CSPE,,,,,VALIDATED,"""CCU_TOT_INS_CSPE"" IS NOT NULL"
CONTROL_CURSO_12102012,SYS_C0021695,C,CHECK,ENABLED,NOT DEFERRABLE,IMMEDIATE,,CCU_TOT_INS_WEB,,,,,VALIDATED,"""CCU_TOT_INS_WEB"" IS NOT NULL"
CONTROL_CURSO_12102012,SYS_C0021696,C,CHECK,ENABLED,NOT DEFERRABLE,IMMEDIATE,,CCU_TOT_INS_IVR,,,,,VALIDATED,"""CCU_TOT_INS_IVR"" IS NOT NULL"
CONTROL_CURSO_12102012,SYS_C0021697,C,CHECK,ENABLED,NOT DEFERRABLE,IMMEDIATE,,CCU_TOT_TERMINO,,,,,VALIDATED,"""CCU_TOT_TERMINO"" IS NOT NULL"
CONTROL_CURSO_12102012,SYS_C0021698,C,CHECK,ENABLED,NOT DEFERRABLE,IMMEDIATE,,CCU_TOT_NO_PRESENTO,,,,,VALIDATED,"""CCU_TOT_NO_PRESENTO"" IS NOT NULL"
CONTROL_CURSO_12102012,SYS_C0021699,C,CHECK,ENABLED,NOT DEFERRABLE,IMMEDIATE,,CCU_TOT_DESERTO,,,,,VALIDATED,"""CCU_TOT_DESERTO"" IS NOT NULL"
CONTROL_CURSO_12102012,SYS_C0021700,C,CHECK,ENABLED,NOT DEFERRABLE,IMMEDIATE,,CCU_FCH_ULT_EST,,,,,VALIDATED,"""CCU_FCH_ULT_EST"" IS NOT NULL"
CONTROL_CURSO_17052013,SYS_C0022981,C,CHECK,ENABLED,NOT DEFERRABLE,IMMEDIATE,,CUR_ID,,,,,VALIDATED,"""CUR_ID"" IS NOT NULL"
CONTROL_CURSO_17052013,SYS_C0022982,C,CHECK,ENABLED,NOT DEFERRABLE,IMMEDIATE,,CCU_FCH_INSCRIPCION,,,,,VALIDATED,"""CCU_FCH_INSCRIPCION"" IS NOT NULL"
CONTROL_CURSO_17052013,SYS_C0022983,C,CHECK,ENABLED,NOT DEFERRABLE,IMMEDIATE,,ECR_ID,,,,,VALIDATED,"""ECR_ID"" IS NOT NULL"
CONTROL_CURSO_17052013,SYS_C0022984,C,CHECK,ENABLED,NOT DEFERRABLE,IMMEDIATE,,CCU_TOT_INS_CSPE,,,,,VALIDATED,"""CCU_TOT_INS_CSPE"" IS NOT NULL"
CONTROL_CURSO_17052013,SYS_C0022985,C,CHECK,ENABLED,NOT DEFERRABLE,IMMEDIATE,,CCU_TOT_INS_WEB,,,,,VALIDATED,"""CCU_TOT_INS_WEB"" IS NOT NULL"
CONTROL_CURSO_17052013,SYS_C0022986,C,CHECK,ENABLED,NOT DEFERRABLE,IMMEDIATE,,CCU_TOT_INS_IVR,,,,,VALIDATED,"""CCU_TOT_INS_IVR"" IS NOT NULL"
CONTROL_CURSO_17052013,SYS_C0022987,C,CHECK,ENABLED,NOT DEFERRABLE,IMMEDIATE,,CCU_TOT_TERMINO,,,,,VALIDATED,"""CCU_TOT_TERMINO"" IS NOT NULL"
CONTROL_CURSO_17052013,SYS_C0022988,C,CHECK,ENABLED,NOT DEFERRABLE,IMMEDIATE,,CCU_TOT_NO_PRESENTO,,,,,VALIDATED,"""CCU_TOT_NO_PRESENTO"" IS NOT NULL"
CONTROL_CURSO_17052013,SYS_C0022989,C,CHECK,ENABLED,NOT DEFERRABLE,IMMEDIATE,,CCU_TOT_DESERTO,,,,,VALIDATED,"""CCU_TOT_DESERTO"" IS NOT NULL"
CONTROL_CURSO_17052013,SYS_C0022990,C,CHECK,ENABLED,NOT DEFERRABLE,IMMEDIATE,,CCU_FCH_ULT_EST,,,,,VALIDATED,"""CCU_FCH_ULT_EST"" IS NOT NULL"
CONTROL_CURSO_17072012,SYS_C0022671,C,CHECK,ENABLED,NOT DEFERRABLE,IMMEDIATE,,CUR_ID,,,,,VALIDATED,"""CUR_ID"" IS NOT NULL"
CONTROL_CURSO_17072012,SYS_C0022672,C,CHECK,ENABLED,NOT DEFERRABLE,IMMEDIATE,,CCU_FCH_INSCRIPCION,,,,,VALIDATED,"""CCU_FCH_INSCRIPCION"" IS NOT NULL"
CONTROL_CURSO_17072012,SYS_C0022673,C,CHECK,ENABLED,NOT DEFERRABLE,IMMEDIATE,,ECR_ID,,,,,VALIDATED,"""ECR_ID"" IS NOT NULL"
CONTROL_CURSO_17072012,SYS_C0022674,C,CHECK,ENABLED,NOT DEFERRABLE,IMMEDIATE,,CCU_TOT_INS_CSPE,,,,,VALIDATED,"""CCU_TOT_INS_CSPE"" IS NOT NULL"
CONTROL_CURSO_17072012,SYS_C0022675,C,CHECK,ENABLED,NOT DEFERRABLE,IMMEDIATE,,CCU_TOT_INS_WEB,,,,,VALIDATED,"""CCU_TOT_INS_WEB"" IS NOT NULL"
CONTROL_CURSO_17072012,SYS_C0022676,C,CHECK,ENABLED,NOT DEFERRABLE,IMMEDIATE,,CCU_TOT_INS_IVR,,,,,VALIDATED,"""CCU_TOT_INS_IVR"" IS NOT NULL"
CONTROL_CURSO_17072012,SYS_C0022677,C,CHECK,ENABLED,NOT DEFERRABLE,IMMEDIATE,,CCU_TOT_TERMINO,,,,,VALIDATED,"""CCU_TOT_TERMINO"" IS NOT NULL"
CONTROL_CURSO_17072012,SYS_C0022678,C,CHECK,ENABLED,NOT DEFERRABLE,IMMEDIATE,,CCU_TOT_NO_PRESENTO,,,,,VALIDATED,"""CCU_TOT_NO_PRESENTO"" IS NOT NULL"
CONTROL_CURSO_17072012,SYS_C0022679,C,CHECK,ENABLED,NOT DEFERRABLE,IMMEDIATE,,CCU_TOT_DESERTO,,,,,VALIDATED,"""CCU_TOT_DESERTO"" IS NOT NULL"
CONTROL_CURSO_17072012,SYS_C0022680,C,CHECK,ENABLED,NOT DEFERRABLE,IMMEDIATE,,CCU_FCH_ULT_EST,,,,,VALIDATED,"""CCU_FCH_ULT_EST"" IS NOT NULL"
CONTROL_CURSO_19102012,SYS_C0023557,C,CHECK,ENABLED,NOT DEFERRABLE,IMMEDIATE,,CUR_ID,,,,,VALIDATED,"""CUR_ID"" IS NOT NULL"
CONTROL_CURSO_19102012,SYS_C0023558,C,CHECK,ENABLED,NOT DEFERRABLE,IMMEDIATE,,CCU_FCH_INSCRIPCION,,,,,VALIDATED,"""CCU_FCH_INSCRIPCION"" IS NOT NULL"
CONTROL_CURSO_19102012,SYS_C0023559,C,CHECK,ENABLED,NOT DEFERRABLE,IMMEDIATE,,ECR_ID,,,,,VALIDATED,"""ECR_ID"" IS NOT NULL"
CONTROL_CURSO_19102012,SYS_C0023560,C,CHECK,ENABLED,NOT DEFERRABLE,IMMEDIATE,,CCU_TOT_INS_CSPE,,,,,VALIDATED,"""CCU_TOT_INS_CSPE"" IS NOT NULL"
CONTROL_CURSO_19102012,SYS_C0023561,C,CHECK,ENABLED,NOT DEFERRABLE,IMMEDIATE,,CCU_TOT_INS_WEB,,,,,VALIDATED,"""CCU_TOT_INS_WEB"" IS NOT NULL"
CONTROL_CURSO_19102012,SYS_C0023562,C,CHECK,ENABLED,NOT DEFERRABLE,IMMEDIATE,,CCU_TOT_INS_IVR,,,,,VALIDATED,"""CCU_TOT_INS_IVR"" IS NOT NULL"
CONTROL_CURSO_19102012,SYS_C0023563,C,CHECK,ENABLED,NOT DEFERRABLE,IMMEDIATE,,CCU_TOT_TERMINO,,,,,VALIDATED,"""CCU_TOT_TERMINO"" IS NOT NULL"
CONTROL_CURSO_19102012,SYS_C0023564,C,CHECK,ENABLED,NOT DEFERRABLE,IMMEDIATE,,CCU_TOT_NO_PRESENTO,,,,,VALIDATED,"""CCU_TOT_NO_PRESENTO"" IS NOT NULL"
CONTROL_CURSO_19102012,SYS_C0023565,C,CHECK,ENABLED,NOT DEFERRABLE,IMMEDIATE,,CCU_TOT_DESERTO,,,,,VALIDATED,"""CCU_TOT_DESERTO"" IS NOT NULL"
CONTROL_CURSO_19102012,SYS_C0023566,C,CHECK,ENABLED,NOT DEFERRABLE,IMMEDIATE,,CCU_FCH_ULT_EST,,,,,VALIDATED,"""CCU_FCH_ULT_EST"" IS NOT NULL"
CONTROL_CURSO_21122012,SYS_C0021453,C,CHECK,ENABLED,NOT DEFERRABLE,IMMEDIATE,,CUR_ID,,,,,VALIDATED,"""CUR_ID"" IS NOT NULL"
CONTROL_CURSO_21122012,SYS_C0021454,C,CHECK,ENABLED,NOT DEFERRABLE,IMMEDIATE,,CCU_FCH_INSCRIPCION,,,,,VALIDATED,"""CCU_FCH_INSCRIPCION"" IS NOT NULL"
CONTROL_CURSO_21122012,SYS_C0021455,C,CHECK,ENABLED,NOT DEFERRABLE,IMMEDIATE,,ECR_ID,,,,,VALIDATED,"""ECR_ID"" IS NOT NULL"
CONTROL_CURSO_21122012,SYS_C0021456,C,CHECK,ENABLED,NOT DEFERRABLE,IMMEDIATE,,CCU_TOT_INS_CSPE,,,,,VALIDATED,"""CCU_TOT_INS_CSPE"" IS NOT NULL"
CONTROL_CURSO_21122012,SYS_C0021457,C,CHECK,ENABLED,NOT DEFERRABLE,IMMEDIATE,,CCU_TOT_INS_WEB,,,,,VALIDATED,"""CCU_TOT_INS_WEB"" IS NOT NULL"
CONTROL_CURSO_21122012,SYS_C0021458,C,CHECK,ENABLED,NOT DEFERRABLE,IMMEDIATE,,CCU_TOT_INS_IVR,,,,,VALIDATED,"""CCU_TOT_INS_IVR"" IS NOT NULL"
CONTROL_CURSO_21122012,SYS_C0021459,C,CHECK,ENABLED,NOT DEFERRABLE,IMMEDIATE,,CCU_TOT_TERMINO,,,,,VALIDATED,"""CCU_TOT_TERMINO"" IS NOT NULL"
CONTROL_CURSO_21122012,SYS_C0021460,C,CHECK,ENABLED,NOT DEFERRABLE,IMMEDIATE,,CCU_TOT_NO_PRESENTO,,,,,VALIDATED,"""CCU_TOT_NO_PRESENTO"" IS NOT NULL"
CONTROL_CURSO_21122012,SYS_C0021461,C,CHECK,ENABLED,NOT DEFERRABLE,IMMEDIATE,,CCU_TOT_DESERTO,,,,,VALIDATED,"""CCU_TOT_DESERTO"" IS NOT NULL"
CONTROL_CURSO_21122012,SYS_C0021462,C,CHECK,ENABLED,NOT DEFERRABLE,IMMEDIATE,,CCU_FCH_ULT_EST,,,,,VALIDATED,"""CCU_FCH_ULT_EST"" IS NOT NULL"
CONTROL_CURSO_23112012,SYS_C0023567,C,CHECK,ENABLED,NOT DEFERRABLE,IMMEDIATE,,CUR_ID,,,,,VALIDATED,"""CUR_ID"" IS NOT NULL"
CONTROL_CURSO_23112012,SYS_C0023568,C,CHECK,ENABLED,NOT DEFERRABLE,IMMEDIATE,,CCU_FCH_INSCRIPCION,,,,,VALIDATED,"""CCU_FCH_INSCRIPCION"" IS NOT NULL"
CONTROL_CURSO_23112012,SYS_C0023569,C,CHECK,ENABLED,NOT DEFERRABLE,IMMEDIATE,,ECR_ID,,,,,VALIDATED,"""ECR_ID"" IS NOT NULL"
CONTROL_CURSO_23112012,SYS_C0023570,C,CHECK,ENABLED,NOT DEFERRABLE,IMMEDIATE,,CCU_TOT_INS_CSPE,,,,,VALIDATED,"""CCU_TOT_INS_CSPE"" IS NOT NULL"
CONTROL_CURSO_23112012,SYS_C0023571,C,CHECK,ENABLED,NOT DEFERRABLE,IMMEDIATE,,CCU_TOT_INS_WEB,,,,,VALIDATED,"""CCU_TOT_INS_WEB"" IS NOT NULL"
CONTROL_CURSO_23112012,SYS_C0023572,C,CHECK,ENABLED,NOT DEFERRABLE,IMMEDIATE,,CCU_TOT_INS_IVR,,,,,VALIDATED,"""CCU_TOT_INS_IVR"" IS NOT NULL"
CONTROL_CURSO_23112012,SYS_C0023573,C,CHECK,ENABLED,NOT DEFERRABLE,IMMEDIATE,,CCU_TOT_TERMINO,,,,,VALIDATED,"""CCU_TOT_TERMINO"" IS NOT NULL"
CONTROL_CURSO_23112012,SYS_C0023574,C,CHECK,ENABLED,NOT DEFERRABLE,IMMEDIATE,,CCU_TOT_NO_PRESENTO,,,,,VALIDATED,"""CCU_TOT_NO_PRESENTO"" IS NOT NULL"
CONTROL_CURSO_23112012,SYS_C0023575,C,CHECK,ENABLED,NOT DEFERRABLE,IMMEDIATE,,CCU_TOT_DESERTO,,,,,VALIDATED,"""CCU_TOT_DESERTO"" IS NOT NULL"
CONTROL_CURSO_23112012,SYS_C0023576,C,CHECK,ENABLED,NOT DEFERRABLE,IMMEDIATE,,CCU_FCH_ULT_EST,,,,,VALIDATED,"""CCU_FCH_ULT_EST"" IS NOT NULL"
CONTROL_CURSO_26102012,SYS_C0021701,C,CHECK,ENABLED,NOT DEFERRABLE,IMMEDIATE,,CUR_ID,,,,,VALIDATED,"""CUR_ID"" IS NOT NULL"
CONTROL_CURSO_26102012,SYS_C0021702,C,CHECK,ENABLED,NOT DEFERRABLE,IMMEDIATE,,CCU_FCH_INSCRIPCION,,,,,VALIDATED,"""CCU_FCH_INSCRIPCION"" IS NOT NULL"
CONTROL_CURSO_26102012,SYS_C0021703,C,CHECK,ENABLED,NOT DEFERRABLE,IMMEDIATE,,ECR_ID,,,,,VALIDATED,"""ECR_ID"" IS NOT NULL"
CONTROL_CURSO_26102012,SYS_C0021704,C,CHECK,ENABLED,NOT DEFERRABLE,IMMEDIATE,,CCU_TOT_INS_CSPE,,,,,VALIDATED,"""CCU_TOT_INS_CSPE"" IS NOT NULL"
CONTROL_CURSO_26102012,SYS_C0021705,C,CHECK,ENABLED,NOT DEFERRABLE,IMMEDIATE,,CCU_TOT_INS_WEB,,,,,VALIDATED,"""CCU_TOT_INS_WEB"" IS NOT NULL"
CONTROL_CURSO_26102012,SYS_C0021706,C,CHECK,ENABLED,NOT DEFERRABLE,IMMEDIATE,,CCU_TOT_INS_IVR,,,,,VALIDATED,"""CCU_TOT_INS_IVR"" IS NOT NULL"
CONTROL_CURSO_26102012,SYS_C0021707,C,CHECK,ENABLED,NOT DEFERRABLE,IMMEDIATE,,CCU_TOT_TERMINO,,,,,VALIDATED,"""CCU_TOT_TERMINO"" IS NOT NULL"
CONTROL_CURSO_26102012,SYS_C0021708,C,CHECK,ENABLED,NOT DEFERRABLE,IMMEDIATE,,CCU_TOT_NO_PRESENTO,,,,,VALIDATED,"""CCU_TOT_NO_PRESENTO"" IS NOT NULL"
CONTROL_CURSO_26102012,SYS_C0021709,C,CHECK,ENABLED,NOT DEFERRABLE,IMMEDIATE,,CCU_TOT_DESERTO,,,,,VALIDATED,"""CCU_TOT_DESERTO"" IS NOT NULL"
CONTROL_CURSO_26102012,SYS_C0021710,C,CHECK,ENABLED,NOT DEFERRABLE,IMMEDIATE,,CCU_FCH_ULT_EST,,,,,VALIDATED,"""CCU_FCH_ULT_EST"" IS NOT NULL"
CONTROL_CURSO_BCK,SYS_C0021463,C,CHECK,ENABLED,NOT DEFERRABLE,IMMEDIATE,,CUR_ID,,,,,VALIDATED,"""CUR_ID"" IS NOT NULL"
CONTROL_CURSO_BCK,SYS_C0021464,C,CHECK,ENABLED,NOT DEFERRABLE,IMMEDIATE,,CCU_FCH_INSCRIPCION,,,,,VALIDATED,"""CCU_FCH_INSCRIPCION"" IS NOT NULL"
CONTROL_CURSO_BCK,SYS_C0021465,C,CHECK,ENABLED,NOT DEFERRABLE,IMMEDIATE,,ECR_ID,,,,,VALIDATED,"""ECR_ID"" IS NOT NULL"
CONTROL_CURSO_BCK,SYS_C0021466,C,CHECK,ENABLED,NOT DEFERRABLE,IMMEDIATE,,CCU_TOT_INS_CSPE,,,,,VALIDATED,"""CCU_TOT_INS_CSPE"" IS NOT NULL"
CONTROL_CURSO_BCK,SYS_C0021467,C,CHECK,ENABLED,NOT DEFERRABLE,IMMEDIATE,,CCU_TOT_INS_WEB,,,,,VALIDATED,"""CCU_TOT_INS_WEB"" IS NOT NULL"
CONTROL_CURSO_BCK,SYS_C0021468,C,CHECK,ENABLED,NOT DEFERRABLE,IMMEDIATE,,CCU_TOT_INS_IVR,,,,,VALIDATED,"""CCU_TOT_INS_IVR"" IS NOT NULL"
CONTROL_CURSO_BCK,SYS_C0021469,C,CHECK,ENABLED,NOT DEFERRABLE,IMMEDIATE,,CCU_TOT_TERMINO,,,,,VALIDATED,"""CCU_TOT_TERMINO"" IS NOT NULL"
CONTROL_CURSO_BCK,SYS_C0021470,C,CHECK,ENABLED,NOT DEFERRABLE,IMMEDIATE,,CCU_TOT_NO_PRESENTO,,,,,VALIDATED,"""CCU_TOT_NO_PRESENTO"" IS NOT NULL"
CONTROL_CURSO_BCK,SYS_C0021471,C,CHECK,ENABLED,NOT DEFERRABLE,IMMEDIATE,,CCU_TOT_DESERTO,,,,,VALIDATED,"""CCU_TOT_DESERTO"" IS NOT NULL"
CONTROL_CURSO_BCK,SYS_C0021472,C,CHECK,ENABLED,NOT DEFERRABLE,IMMEDIATE,,CCU_FCH_ULT_EST,,,,,VALIDATED,"""CCU_FCH_ULT_EST"" IS NOT NULL"
CONTROL_CURSO_BCK2,SYS_C0022745,C,CHECK,ENABLED,NOT DEFERRABLE,IMMEDIATE,,CUR_ID,,,,,VALIDATED,"""CUR_ID"" IS NOT NULL"
CONTROL_CURSO_BCK2,SYS_C0022746,C,CHECK,ENABLED,NOT DEFERRABLE,IMMEDIATE,,CCU_FCH_INSCRIPCION,,,,,VALIDATED,"""CCU_FCH_INSCRIPCION"" IS NOT NULL"
CONTROL_CURSO_BCK2,SYS_C0022747,C,CHECK,ENABLED,NOT DEFERRABLE,IMMEDIATE,,ECR_ID,,,,,VALIDATED,"""ECR_ID"" IS NOT NULL"
CONTROL_CURSO_BCK2,SYS_C0022748,C,CHECK,ENABLED,NOT DEFERRABLE,IMMEDIATE,,CCU_TOT_INS_CSPE,,,,,VALIDATED,"""CCU_TOT_INS_CSPE"" IS NOT NULL"
CONTROL_CURSO_BCK2,SYS_C0022749,C,CHECK,ENABLED,NOT DEFERRABLE,IMMEDIATE,,CCU_TOT_INS_WEB,,,,,VALIDATED,"""CCU_TOT_INS_WEB"" IS NOT NULL"
CONTROL_CURSO_BCK2,SYS_C0022750,C,CHECK,ENABLED,NOT DEFERRABLE,IMMEDIATE,,CCU_TOT_INS_IVR,,,,,VALIDATED,"""CCU_TOT_INS_IVR"" IS NOT NULL"
CONTROL_CURSO_BCK2,SYS_C0022751,C,CHECK,ENABLED,NOT DEFERRABLE,IMMEDIATE,,CCU_TOT_TERMINO,,,,,VALIDATED,"""CCU_TOT_TERMINO"" IS NOT NULL"
CONTROL_CURSO_BCK2,SYS_C0022752,C,CHECK,ENABLED,NOT DEFERRABLE,IMMEDIATE,,CCU_TOT_NO_PRESENTO,,,,,VALIDATED,"""CCU_TOT_NO_PRESENTO"" IS NOT NULL"
CONTROL_CURSO_BCK2,SYS_C0022753,C,CHECK,ENABLED,NOT DEFERRABLE,IMMEDIATE,,CCU_TOT_DESERTO,,,,,VALIDATED,"""CCU_TOT_DESERTO"" IS NOT NULL"
CONTROL_CURSO_BCK2,SYS_C0022754,C,CHECK,ENABLED,NOT DEFERRABLE,IMMEDIATE,,CCU_FCH_ULT_EST,,,,,VALIDATED,"""CCU_FCH_ULT_EST"" IS NOT NULL"
CONTROL_CURSO_BCK_1,SYS_C0022755,C,CHECK,ENABLED,NOT DEFERRABLE,IMMEDIATE,,CUR_ID,,,,,VALIDATED,"""CUR_ID"" IS NOT NULL"
CONTROL_CURSO_BCK_1,SYS_C0022756,C,CHECK,ENABLED,NOT DEFERRABLE,IMMEDIATE,,CCU_FCH_INSCRIPCION,,,,,VALIDATED,"""CCU_FCH_INSCRIPCION"" IS NOT NULL"
CONTROL_CURSO_BCK_1,SYS_C0022757,C,CHECK,ENABLED,NOT DEFERRABLE,IMMEDIATE,,ECR_ID,,,,,VALIDATED,"""ECR_ID"" IS NOT NULL"
CONTROL_CURSO_BCK_1,SYS_C0022758,C,CHECK,ENABLED,NOT DEFERRABLE,IMMEDIATE,,CCU_TOT_INS_CSPE,,,,,VALIDATED,"""CCU_TOT_INS_CSPE"" IS NOT NULL"
CONTROL_CURSO_BCK_1,SYS_C0022759,C,CHECK,ENABLED,NOT DEFERRABLE,IMMEDIATE,,CCU_TOT_INS_WEB,,,,,VALIDATED,"""CCU_TOT_INS_WEB"" IS NOT NULL"
CONTROL_CURSO_BCK_1,SYS_C0022760,C,CHECK,ENABLED,NOT DEFERRABLE,IMMEDIATE,,CCU_TOT_INS_IVR,,,,,VALIDATED,"""CCU_TOT_INS_IVR"" IS NOT NULL"
CONTROL_CURSO_BCK_1,SYS_C0022761,C,CHECK,ENABLED,NOT DEFERRABLE,IMMEDIATE,,CCU_TOT_TERMINO,,,,,VALIDATED,"""CCU_TOT_TERMINO"" IS NOT NULL"
CONTROL_CURSO_BCK_1,SYS_C0022762,C,CHECK,ENABLED,NOT DEFERRABLE,IMMEDIATE,,CCU_TOT_NO_PRESENTO,,,,,VALIDATED,"""CCU_TOT_NO_PRESENTO"" IS NOT NULL"
CONTROL_CURSO_BCK_1,SYS_C0022763,C,CHECK,ENABLED,NOT DEFERRABLE,IMMEDIATE,,CCU_TOT_DESERTO,,,,,VALIDATED,"""CCU_TOT_DESERTO"" IS NOT NULL"
CONTROL_CURSO_BCK_1,SYS_C0022764,C,CHECK,ENABLED,NOT DEFERRABLE,IMMEDIATE,,CCU_FCH_ULT_EST,,,,,VALIDATED,"""CCU_FCH_ULT_EST"" IS NOT NULL"
CONTROL_DEMANDA,CDE_FCH_INSCRIPCION_NULL,C,CHECK,ENABLED,NOT DEFERRABLE,IMMEDIATE,,CDE_FCH_INSCRIPCION,,,,,VALIDATED,"""CDE_FCH_INSCRIPCION"" IS NOT NULL"
CONTROL_DEMANDA,CDE_FCH_ULT_EST_NULL,C,CHECK,ENABLED,NOT DEFERRABLE,IMMEDIATE,,CDE_FCH_ULT_EST,,,,,VALIDATED,"""CDE_FCH_ULT_EST"" IS NOT NULL"
CONTROL_DEMANDA,CDE_TOT_ENV_CSPE_NULL,C,CHECK,ENABLED,NOT DEFERRABLE,IMMEDIATE,,CDE_TOT_ENV_CSPE,,,,,VALIDATED,"""CDE_TOT_ENV_CSPE"" IS NOT NULL"
CONTROL_DEMANDA,CDE_TOT_ENV_IVR_NULL,C,CHECK,ENABLED,NOT DEFERRABLE,IMMEDIATE,,CDE_TOT_ENV_IVR,,,,,VALIDATED,"""CDE_TOT_ENV_IVR"" IS NOT NULL"
CONTROL_DEMANDA,CDE_TOT_ENV_WEB_NULL,C,CHECK,ENABLED,NOT DEFERRABLE,IMMEDIATE,,CDE_TOT_ENV_WEB,,,,,VALIDATED,"""CDE_TOT_ENV_WEB"" IS NOT NULL"
CONTROL_DEMANDA,CDE_TOT_VTE_CAN_EMP_NULL,C,CHECK,ENABLED,NOT DEFERRABLE,IMMEDIATE,,CDE_TOT_VTE_CAN_EMP,,,,,VALIDATED,"""CDE_TOT_VTE_CAN_EMP"" IS NOT NULL"
CONTROL_DEMANDA,CDE_TOT_VTE_CUB_EMP_NULL,C,CHECK,ENABLED,NOT DEFERRABLE,IMMEDIATE,,CDE_TOT_VTE_CUB_EMP,,,,,VALIDATED,"""CDE_TOT_VTE_CUB_EMP"" IS NOT NULL"
CONTROL_DEMANDA,CDE_TOT_VTE_CUB_SPE_NULL,C,CHECK,ENABLED,NOT DEFERRABLE,IMMEDIATE,,CDE_TOT_VTE_CUB_SPE,,,,,VALIDATED,"""CDE_TOT_VTE_CUB_SPE"" IS NOT NULL"
CONTROL_DEMANDA,DEM_CDE_NULL,C,CHECK,ENABLED,NOT DEFERRABLE,IMMEDIATE,,DEM_ID,,,,,VALIDATED,"""DEM_ID"" IS NOT NULL"
CONTROL_DEMANDA,ESD_CDE_NULL,C,CHECK,ENABLED,NOT DEFERRABLE,IMMEDIATE,,ESD_ID,,,,,VALIDATED,"""ESD_ID"" IS NOT NULL"
CONTROL_DEMANDA,CDE_PK,P,PRIMARY KEY,ENABLED,NOT DEFERRABLE,IMMEDIATE,,DEM_ID,,,,,VALIDATED,
CONTROL_DEMANDA,DEM_CDE_FK,R,FOREIGN KEY,ENABLED,NOT DEFERRABLE,IMMEDIATE,DEM_PK,DEM_ID,SPE,DEMANDA,DEM_ID,NO ACTION,VALIDATED,
CONTROL_DEMANDA,ESD_CDE_FK,R,FOREIGN KEY,ENABLED,NOT DEFERRABLE,IMMEDIATE,ESD_PK,ESD_ID,SPE,ESTADO_DEMANDA,ESD_ID,NO ACTION,VALIDATED,
CONTROL_EMPRESA,CEM_ACU_SUSPENSION_NULL,C,CHECK,ENABLED,NOT DEFERRABLE,IMMEDIATE,,CEM_ACU_SUSPENSION,,,,,VALIDATED,"""CEM_ACU_SUSPENSION"" IS NOT NULL"
CONTROL_EMPRESA,CEM_FCH_INSCRIPCION_NULL,C,CHECK,ENABLED,NOT DEFERRABLE,IMMEDIATE,,CEM_FCH_INSCRIPCION,,,,,VALIDATED,"""CEM_FCH_INSCRIPCION"" IS NOT NULL"
CONTROL_EMPRESA,CEM_FCH_ULT_CONTACTO_NULL,C,CHECK,ENABLED,NOT DEFERRABLE,IMMEDIATE,,CEM_FCH_ULT_CONTACTO,,,,,VALIDATED,"""CEM_FCH_ULT_CONTACTO"" IS NOT NULL"
CONTROL_EMPRESA,CEM_FCH_ULT_ESTADO_NULL,C,CHECK,ENABLED,NOT DEFERRABLE,IMMEDIATE,,CEM_FCH_ULT_ESTADO,,,,,VALIDATED,"""CEM_FCH_ULT_ESTADO"" IS NOT NULL"
CONTROL_EMPRESA,CEM_TOT_COL_EMP_NULL,C,CHECK,ENABLED,NOT DEFERRABLE,IMMEDIATE,,CEM_TOT_COL_EMP,,,,,VALIDATED,"""CEM_TOT_COL_EMP"" IS NOT NULL"
CONTROL_EMPRESA,CEM_TOT_COL_SPE_NULL,C,CHECK,ENABLED,NOT DEFERRABLE,IMMEDIATE,,CEM_TOT_COL_SPE,,,,,VALIDATED,"""CEM_TOT_COL_SPE"" IS NOT NULL"
CONTROL_EMPRESA,CEM_TOT_DEMANDAS_NULL,C,CHECK,ENABLED,NOT DEFERRABLE,IMMEDIATE,,CEM_TOT_DEMANDAS,,,,,VALIDATED,"""CEM_TOT_DEMANDAS"" IS NOT NULL"
CONTROL_EMPRESA,CEM_TOT_DEM_ACT_NULL,C,CHECK,ENABLED,NOT DEFERRABLE,IMMEDIATE,,CEM_TOT_DEM_ACT,,,,,VALIDATED,"""CEM_TOT_DEM_ACT"" IS NOT NULL"
CONTROL_EMPRESA,CEM_TOT_VACANTES_NULL,C,CHECK,ENABLED,NOT DEFERRABLE,IMMEDIATE,,CEM_TOT_VACANTES,,,,,VALIDATED,"""CEM_TOT_VACANTES"" IS NOT NULL"
CONTROL_EMPRESA,CEM_TOT_VAC_ACT_NULL,C,CHECK,ENABLED,NOT DEFERRABLE,IMMEDIATE,,CEM_TOT_VAC_ACT,,,,,VALIDATED,"""CEM_TOT_VAC_ACT"" IS NOT NULL"
CONTROL_EMPRESA,CEM_TOT_VAC_CAN_EMP_NULL,C,CHECK,ENABLED,NOT DEFERRABLE,IMMEDIATE,,CEM_TOT_VAC_CAN_EMP,,,,,VALIDATED,"""CEM_TOT_VAC_CAN_EMP"" IS NOT NULL"
CONTROL_EMPRESA,EMP_CEM_NULL,C,CHECK,ENABLED,NOT DEFERRABLE,IMMEDIATE,,EMP_ID,,,,,VALIDATED,"""EMP_ID"" IS NOT NULL"
CONTROL_EMPRESA,ESE_CEM_NULL,C,CHECK,ENABLED,NOT DEFERRABLE,IMMEDIATE,,ESE_ID,,,,,VALIDATED,"""ESE_ID"" IS NOT NULL"
CONTROL_EMPRESA,CEM_PK,P,PRIMARY KEY,ENABLED,NOT DEFERRABLE,IMMEDIATE,,EMP_ID,,,,,VALIDATED,
CONTROL_EMPRESA,EMP_CEM_FK,R,FOREIGN KEY,ENABLED,NOT DEFERRABLE,IMMEDIATE,EMP_PK,EMP_ID,SPE,EMPRESA,EMP_ID,NO ACTION,VALIDATED,
CONTROL_EMPRESA,ESE_CEM_FK,R,FOREIGN KEY,ENABLED,NOT DEFERRABLE,IMMEDIATE,ESE_PK,ESE_ID,SPE,ESTADO_EMPRESA,ESE_ID,NO ACTION,VALIDATED,
CONTROL_OFERTA,COF_ACU_SUSPENSION_NULL,C,CHECK,ENABLED,NOT DEFERRABLE,IMMEDIATE,,COF_ACU_SUSPENSION,,,,,VALIDATED,"""COF_ACU_SUSPENSION"" IS NOT NULL"
CONTROL_OFERTA,COF_CONSULT_DIA_CSPE_NULL,C,CHECK,ENABLED,NOT DEFERRABLE,IMMEDIATE,,COF_CONSULT_DIA_CSPE,,,,,VALIDATED,"""COF_CONSULT_DIA_CSPE"" IS NOT NULL"
CONTROL_OFERTA,COF_CONSULT_DIA_IVR_NULL,C,CHECK,ENABLED,NOT DEFERRABLE,IMMEDIATE,,COF_CONSULT_DIA_IVR,,,,,VALIDATED,"""COF_CONSULT_DIA_IVR"" IS NOT NULL"
CONTROL_OFERTA,COF_CONSULT_DIA_WEB_NULL,C,CHECK,ENABLED,NOT DEFERRABLE,IMMEDIATE,,COF_CONSULT_DIA_WEB,,,,,VALIDATED,"""COF_CONSULT_DIA_WEB"" IS NOT NULL"
CONTROL_OFERTA,COF_CON_DIA_CSPE_CUR_NULL,C,CHECK,ENABLED,NOT DEFERRABLE,IMMEDIATE,,COF_CON_DIA_CSPE_CUR,,,,,VALIDATED,"""COF_CON_DIA_CSPE_CUR"" IS NOT NULL"
CONTROL_OFERTA,COF_CON_DIA_IVR_CUR_NULL,C,CHECK,ENABLED,NOT DEFERRABLE,IMMEDIATE,,COF_CON_DIA_IVR_CUR,,,,,VALIDATED,"""COF_CON_DIA_IVR_CUR"" IS NOT NULL"
CONTROL_OFERTA,COF_CON_DIA_WEB_CUR_NULL,C,CHECK,ENABLED,NOT DEFERRABLE,IMMEDIATE,,COF_CON_DIA_WEB_CUR,,,,,VALIDATED,"""COF_CON_DIA_WEB_CUR"" IS NOT NULL"
CONTROL_OFERTA,COF_ENVIO_DIA_CSPE_NULL,C,CHECK,ENABLED,NOT DEFERRABLE,IMMEDIATE,,COF_ENVIO_DIA_CSPE,,,,,VALIDATED,"""COF_ENVIO_DIA_CSPE"" IS NOT NULL"
CONTROL_OFERTA,COF_ENVIO_DIA_IVR_NULL,C,CHECK,ENABLED,NOT DEFERRABLE,IMMEDIATE,,COF_ENVIO_DIA_IVR,,,,,VALIDATED,"""COF_ENVIO_DIA_IVR"" IS NOT NULL"
CONTROL_OFERTA,COF_ENVIO_DIA_WEB_NULL,C,CHECK,ENABLED,NOT DEFERRABLE,IMMEDIATE,,COF_ENVIO_DIA_WEB,,,,,VALIDATED,"""COF_ENVIO_DIA_WEB"" IS NOT NULL"
CONTROL_OFERTA,COF_FCH_INI_BUSQUEDA_NULL,C,CHECK,ENABLED,NOT DEFERRABLE,IMMEDIATE,,COF_FCH_INI_BUSQUEDA,,,,,VALIDATED,"""COF_FCH_INI_BUSQUEDA"" IS NOT NULL"
CONTROL_OFERTA,COF_FCH_INSCRIPCION_NULL,C,CHECK,ENABLED,NOT DEFERRABLE,IMMEDIATE,,COF_FCH_INSCRIPCION,,,,,VALIDATED,"""COF_FCH_INSCRIPCION"" IS NOT NULL"
CONTROL_OFERTA,COF_FCH_ULT_ACTUALIZA_NULL,C,CHECK,ENABLED,NOT DEFERRABLE,IMMEDIATE,,COF_FCH_ULT_ACTUALIZA,,,,,VALIDATED,"""COF_FCH_ULT_ACTUALIZA"" IS NOT NULL"
CONTROL_OFERTA,COF_FCH_ULT_CONTACTO_NULL,C,CHECK,ENABLED,NOT DEFERRABLE,IMMEDIATE,,COF_FCH_ULT_CONTACTO,,,,,VALIDATED,"""COF_FCH_ULT_CONTACTO"" IS NOT NULL"
CONTROL_OFERTA,COF_FCH_ULT_ESTADO_NULL,C,CHECK,ENABLED,NOT DEFERRABLE,IMMEDIATE,,COF_FCH_ULT_ESTADO,,,,,VALIDATED,"""COF_FCH_ULT_ESTADO"" IS NOT NULL"
CONTROL_OFERTA,COF_INS_DIA_CSPE_CUR_NULL,C,CHECK,ENABLED,NOT DEFERRABLE,IMMEDIATE,,COF_INS_DIA_CSPE_CUR,,,,,VALIDATED,"""COF_INS_DIA_CSPE_CUR"" IS NOT NULL"
CONTROL_OFERTA,COF_INS_DIA_IVR_CUR_NULL,C,CHECK,ENABLED,NOT DEFERRABLE,IMMEDIATE,,COF_INS_DIA_IVR_CUR,,,,,VALIDATED,"""COF_INS_DIA_IVR_CUR"" IS NOT NULL"
CONTROL_OFERTA,COF_INS_DIA_WEB_CUR_NULL,C,CHECK,ENABLED,NOT DEFERRABLE,IMMEDIATE,,COF_INS_DIA_WEB_CUR,,,,,VALIDATED,"""COF_INS_DIA_WEB_CUR"" IS NOT NULL"
CONTROL_OFERTA,COF_SAL_MIN_NULL,C,CHECK,ENABLED,NOT DEFERRABLE,IMMEDIATE,,COF_SAL_MIN,,,,,VALIDATED,"""COF_SAL_MIN"" IS NOT NULL"
CONTROL_OFERTA,COF_SPT_EXPERIENCIA_CHK,C,CHECK,ENABLED,NOT DEFERRABLE,IMMEDIATE,,COF_SPT_EXPERIENCIA,,,,,VALIDATED,"
		COF_SPT_EXPERIENCIA in (0,1,2)
		"
CONTROL_OFERTA,COF_SPT_EXPERIENCIA_NULL,C,CHECK,ENABLED,NOT DEFERRABLE,IMMEDIATE,,COF_SPT_EXPERIENCIA,,,,,VALIDATED,"""COF_SPT_EXPERIENCIA"" IS NOT NULL"
CONTROL_OFERTA,COF_SPT_E_FORMAL_CHK,C,CHECK,ENABLED,NOT DEFERRABLE,IMMEDIATE,,COF_SPT_E_FORMAL,,,,,VALIDATED,"
		COF_SPT_E_FORMAL in (0,1,2)
		"
CONTROL_OFERTA,COF_SPT_E_FORMAL_NULL,C,CHECK,ENABLED,NOT DEFERRABLE,IMMEDIATE,,COF_SPT_E_FORMAL,,,,,VALIDATED,"""COF_SPT_E_FORMAL"" IS NOT NULL"
CONTROL_OFERTA,COF_SPT_E_NO_FORMAL_CHK,C,CHECK,ENABLED,NOT DEFERRABLE,IMMEDIATE,,COF_SPT_E_NO_FORMAL,,,,,VALIDATED,"
		COF_SPT_E_NO_FORMAL in (0,1,2)
		"
CONTROL_OFERTA,COF_SPT_E_NO_FORMAL_NULL,C,CHECK,ENABLED,NOT DEFERRABLE,IMMEDIATE,,COF_SPT_E_NO_FORMAL,,,,,VALIDATED,"""COF_SPT_E_NO_FORMAL"" IS NOT NULL"
CONTROL_OFERTA,COF_SPT_GENERAL_CHK,C,CHECK,ENABLED,NOT DEFERRABLE,IMMEDIATE,,COF_SPT_GENERAL,,,,,VALIDATED,"
		COF_SPT_GENERAL in (0,1,2)
		"
CONTROL_OFERTA,COF_SPT_GENERAL_NULL,C,CHECK,ENABLED,NOT DEFERRABLE,IMMEDIATE,,COF_SPT_GENERAL,,,,,VALIDATED,"""COF_SPT_GENERAL"" IS NOT NULL"
CONTROL_OFERTA,COF_SPT_IDIOMA_CHK,C,CHECK,ENABLED,NOT DEFERRABLE,IMMEDIATE,,COF_SPT_IDIOMA,,,,,VALIDATED,"
		COF_SPT_IDIOMA in (0,1,2)
		"
CONTROL_OFERTA,COF_SPT_IDIOMA_NULL,C,CHECK,ENABLED,NOT DEFERRABLE,IMMEDIATE,,COF_SPT_IDIOMA,,,,,VALIDATED,"""COF_SPT_IDIOMA"" IS NOT NULL"
CONTROL_OFERTA,COF_TOT_COLOCACIONES_NULL,C,CHECK,ENABLED,NOT DEFERRABLE,IMMEDIATE,,COF_TOT_COLOCACIONES,,,,,VALIDATED,"""COF_TOT_COLOCACIONES"" IS NOT NULL"
CONTROL_OFERTA,COF_TOT_CONSULT_CSPE_NULL,C,CHECK,ENABLED,NOT DEFERRABLE,IMMEDIATE,,COF_TOT_CONSULT_CSPE,,,,,VALIDATED,"""COF_TOT_CONSULT_CSPE"" IS NOT NULL"
CONTROL_OFERTA,COF_TOT_CONSULT_IVR_NULL,C,CHECK,ENABLED,NOT DEFERRABLE,IMMEDIATE,,COF_TOT_CONSULT_IVR,,,,,VALIDATED,"""COF_TOT_CONSULT_IVR"" IS NOT NULL"
CONTROL_OFERTA,COF_TOT_CONSULT_WEB_NULL,C,CHECK,ENABLED,NOT DEFERRABLE,IMMEDIATE,,COF_TOT_CONSULT_WEB,,,,,VALIDATED,"""COF_TOT_CONSULT_WEB"" IS NOT NULL"
CONTROL_OFERTA,COF_TOT_CON_CSPE_CUR_NULL,C,CHECK,ENABLED,NOT DEFERRABLE,IMMEDIATE,,COF_TOT_CON_CSPE_CUR,,,,,VALIDATED,"""COF_TOT_CON_CSPE_CUR"" IS NOT NULL"
CONTROL_OFERTA,COF_TOT_CON_IVR_CUR_NULL,C,CHECK,ENABLED,NOT DEFERRABLE,IMMEDIATE,,COF_TOT_CON_IVR_CUR,,,,,VALIDATED,"""COF_TOT_CON_IVR_CUR"" IS NOT NULL"
CONTROL_OFERTA,COF_TOT_CON_WEB_CUR_NULL,C,CHECK,ENABLED,NOT DEFERRABLE,IMMEDIATE,,COF_TOT_CON_WEB_CUR,,,,,VALIDATED,"""COF_TOT_CON_WEB_CUR"" IS NOT NULL"
CONTROL_OFERTA,COF_TOT_ENVIO_CSPE_NULL,C,CHECK,ENABLED,NOT DEFERRABLE,IMMEDIATE,,COF_TOT_ENVIO_CSPE,,,,,VALIDATED,"""COF_TOT_ENVIO_CSPE"" IS NOT NULL"
CONTROL_OFERTA,COF_TOT_ENVIO_IVR_NULL,C,CHECK,ENABLED,NOT DEFERRABLE,IMMEDIATE,,COF_TOT_ENVIO_IVR,,,,,VALIDATED,"""COF_TOT_ENVIO_IVR"" IS NOT NULL"
CONTROL_OFERTA,COF_TOT_ENVIO_WEB_NULL,C,CHECK,ENABLED,NOT DEFERRABLE,IMMEDIATE,,COF_TOT_ENVIO_WEB,,,,,VALIDATED,"""COF_TOT_ENVIO_WEB"" IS NOT NULL"
CONTROL_OFERTA,COF_TOT_INS_CSPE_CUR_NULL,C,CHECK,ENABLED,NOT DEFERRABLE,IMMEDIATE,,COF_TOT_INS_CSPE_CUR,,,,,VALIDATED,"""COF_TOT_INS_CSPE_CUR"" IS NOT NULL"
CONTROL_OFERTA,COF_TOT_INS_IVR_CUR_NULL,C,CHECK,ENABLED,NOT DEFERRABLE,IMMEDIATE,,COF_TOT_INS_IVR_CUR,,,,,VALIDATED,"""COF_TOT_INS_IVR_CUR"" IS NOT NULL"
CONTROL_OFERTA,COF_TOT_INS_WEB_CUR_NULL,C,CHECK,ENABLED,NOT DEFERRABLE,IMMEDIATE,,COF_TOT_INS_WEB_CUR,,,,,VALIDATED,"""COF_TOT_INS_WEB_CUR"" IS NOT NULL"
CONTROL_OFERTA,ESO_COF_NULL,C,CHECK,ENABLED,NOT DEFERRABLE,IMMEDIATE,,ESO_ID,,,,,VALIDATED,"""ESO_ID"" IS NOT NULL"
CONTROL_OFERTA,OFT_COF_NULL,C,CHECK,ENABLED,NOT DEFERRABLE,IMMEDIATE,,OFT_ID,,,,,VALIDATED,"""OFT_ID"" IS NOT NULL"
CONTROL_OFERTA,SIO_COF_NULL,C,CHECK,ENABLED,NOT DEFERRABLE,IMMEDIATE,,SIO_ID,,,,,VALIDATED,"""SIO_ID"" IS NOT NULL"
CONTROL_OFERTA,CONTROL_OFERTA_PK,P,PRIMARY KEY,ENABLED,NOT DEFERRABLE,IMMEDIATE,,OFT_ID,,,,,VALIDATED,
CONTROL_OFERTA,ESO_COF_FK,R,FOREIGN KEY,ENABLED,NOT DEFERRABLE,IMMEDIATE,ESO_PK,ESO_ID,SPE,ESTADO_OFERTA,ESO_ID,NO ACTION,VALIDATED,
CONTROL_OFERTA,OFT_COF_FK,R,FOREIGN KEY,ENABLED,NOT DEFERRABLE,IMMEDIATE,OFT_PK,OFT_ID,SPE,OFERTA,OFT_ID,NO ACTION,VALIDATED,
CONTROL_OFERTA,SIO_COF_FK,R,FOREIGN KEY,ENABLED,NOT DEFERRABLE,IMMEDIATE,SIO_PK,SIO_ID,SPE,SITUACION_OCUPACIONAL,SIO_ID,NO ACTION,VALIDATED,
CONVENIO_ACCION,CAC_CEN_NULL,C,CHECK,ENABLED,NOT DEFERRABLE,IMMEDIATE,,CEN_ID,,,,,VALIDATED,"""CEN_ID"" IS NOT NULL"
CONVENIO_ACCION,CAC_DEMANDA_CHK,C,CHECK,ENABLED,NOT DEFERRABLE,IMMEDIATE,,CAC_DEMANDA,,,,,VALIDATED,"
  CAC_DEMANDA IN (0,1)
"
CONVENIO_ACCION,CAC_DEMANDA_NULL,C,CHECK,ENABLED,NOT DEFERRABLE,IMMEDIATE,,CAC_DEMANDA,,,,,VALIDATED,"""CAC_DEMANDA"" IS NOT NULL"
CONVENIO_ACCION,CAC_EMPRESA_CHK,C,CHECK,ENABLED,NOT DEFERRABLE,IMMEDIATE,,CAC_EMPRESA,,,,,VALIDATED,"
  CAC_EMPRESA IN (0,1)
"
CONVENIO_ACCION,CAC_EMPRESA_NULL,C,CHECK,ENABLED,NOT DEFERRABLE,IMMEDIATE,,CAC_EMPRESA,,,,,VALIDATED,"""CAC_EMPRESA"" IS NOT NULL"
CONVENIO_ACCION,CAC_ENVIO_CHK,C,CHECK,ENABLED,NOT DEFERRABLE,IMMEDIATE,,CAC_ENVIO,,,,,VALIDATED,"
  CAC_ENVIO IN (0,1)
"
CONVENIO_ACCION,CAC_ENVIO_NULL,C,CHECK,ENABLED,NOT DEFERRABLE,IMMEDIATE,,CAC_ENVIO,,,,,VALIDATED,"""CAC_ENVIO"" IS NOT NULL"
CONVENIO_ACCION,CAC_ID_NULL,C,CHECK,ENABLED,NOT DEFERRABLE,IMMEDIATE,,CAC_ID,,,,,VALIDATED,"""CAC_ID"" IS NOT NULL"
CONVENIO_ACCION,CAC_METODO_NULL,C,CHECK,ENABLED,NOT DEFERRABLE,IMMEDIATE,,CAC_METODO,,,,,VALIDATED,"""CAC_METODO"" IS NOT NULL"
CONVENIO_ACCION,CAC_NOMBRE_NULL,C,CHECK,ENABLED,NOT DEFERRABLE,IMMEDIATE,,CAC_NOMBRE,,,,,VALIDATED,"""CAC_NOMBRE"" IS NOT NULL"
CONVENIO_ACCION,CAC_OFERTA_CHK,C,CHECK,ENABLED,NOT DEFERRABLE,IMMEDIATE,,CAC_OFERTA,,,,,VALIDATED,"
 CAC_OFERTA IN (0,1)
"
CONVENIO_ACCION,CAC_OFERTA_NULL,C,CHECK,ENABLED,NOT DEFERRABLE,IMMEDIATE,,CAC_OFERTA,,,,,VALIDATED,"""CAC_OFERTA"" IS NOT NULL"
CONVENIO_ACCION,CAC_PK,P,PRIMARY KEY,ENABLED,NOT DEFERRABLE,IMMEDIATE,,CAC_ID,,,,,VALIDATED,
CONVENIO_ACCION,CEN_CAC_FK,R,FOREIGN KEY,ENABLED,NOT DEFERRABLE,IMMEDIATE,CCF_PK,CEN_ID,SPE,CONVENIO_ENTIDAD,CEN_ID,NO ACTION,VALIDATED,
CONVENIO_ACCION,CAC_NOM_CON_UK,U,UNIQUE,ENABLED,NOT DEFERRABLE,IMMEDIATE,,"CEN_ID,CAC_NOMBRE",,,,,VALIDATED,
CONVENIO_ENTIDAD,CEN_ESTADO_CHK,C,CHECK,ENABLED,NOT DEFERRABLE,IMMEDIATE,,CEN_ESTADO,,,,,VALIDATED,"CEN_ESTADO IN (0,1)"
CONVENIO_ENTIDAD,CEN_ESTADO_NULL,C,CHECK,ENABLED,NOT DEFERRABLE,IMMEDIATE,,CEN_ESTADO,,,,,VALIDATED,"""CEN_ESTADO"" IS NOT NULL"
CONVENIO_ENTIDAD,CEN_ID_NULL,C,CHECK,ENABLED,NOT DEFERRABLE,IMMEDIATE,,CEN_ID,,,,,VALIDATED,"""CEN_ID"" IS NOT NULL"
CONVENIO_ENTIDAD,CEN_NOMBRE_NULL,C,CHECK,ENABLED,NOT DEFERRABLE,IMMEDIATE,,CEN_NOMBRE,,,,,VALIDATED,"""CEN_NOMBRE"" IS NOT NULL"
CONVENIO_ENTIDAD,CCF_PK,P,PRIMARY KEY,ENABLED,NOT DEFERRABLE,IMMEDIATE,,CEN_ID,,,,,VALIDATED,
CONVENIO_ENTIDAD,DPT_CCF_FK,R,FOREIGN KEY,ENABLED,NOT DEFERRABLE,IMMEDIATE,DPT_PK,DPT_ID,SPE,DEPARTAMENTO,DPT_ID,NO ACTION,VALIDATED,
CONVENIO_GESTION,CAC_CGE_NULL,C,CHECK,ENABLED,NOT DEFERRABLE,IMMEDIATE,,CAC_ID,,,,,VALIDATED,"""CAC_ID"" IS NOT NULL"
CONVENIO_GESTION,CEN_CGE_NULL,C,CHECK,ENABLED,NOT DEFERRABLE,IMMEDIATE,,CEN_ID,,,,,VALIDATED,"""CEN_ID"" IS NOT NULL"
CONVENIO_GESTION,CGE_FCH_REGISTRO_NULL,C,CHECK,ENABLED,NOT DEFERRABLE,IMMEDIATE,,CGE_FCH_REGISTRO,,,,,VALIDATED,"""CGE_FCH_REGISTRO"" IS NOT NULL"
CONVENIO_GESTION,CGE_ID_NULL,C,CHECK,ENABLED,NOT DEFERRABLE,IMMEDIATE,,CGE_ID,,,,,VALIDATED,"""CGE_ID"" IS NOT NULL"
CONVENIO_GESTION,CGE_PK,P,PRIMARY KEY,ENABLED,NOT DEFERRABLE,IMMEDIATE,,CGE_ID,,,,,VALIDATED,
CONVENIO_GESTION,CAC_CGE_FK,R,FOREIGN KEY,ENABLED,NOT DEFERRABLE,IMMEDIATE,CAC_PK,CAC_ID,SPE,CONVENIO_ACCION,CAC_ID,NO ACTION,VALIDATED,
CONVENIO_GESTION,CEN_CGE_FK,R,FOREIGN KEY,ENABLED,NOT DEFERRABLE,IMMEDIATE,CCF_PK,CEN_ID,SPE,CONVENIO_ENTIDAD,CEN_ID,NO ACTION,VALIDATED,
CONVENIO_GESTION,DEM_CGE_FK,R,FOREIGN KEY,ENABLED,NOT DEFERRABLE,IMMEDIATE,DEM_PK,DEM_ID,SPE,DEMANDA,DEM_ID,NO ACTION,VALIDATED,
CONVENIO_GESTION,EMP_CGE_FK,R,FOREIGN KEY,ENABLED,NOT DEFERRABLE,IMMEDIATE,EMP_PK,EMP_ID,SPE,EMPRESA,EMP_ID,NO ACTION,VALIDATED,
CONVENIO_GESTION,ENV_CGE_FK,R,FOREIGN KEY,ENABLED,NOT DEFERRABLE,IMMEDIATE,ENV_PK,ENV_ID,SPE,ENVIO,ENV_ID,NO ACTION,VALIDATED,
CONVENIO_GESTION,OFT_CGE_FK,R,FOREIGN KEY,ENABLED,NOT DEFERRABLE,IMMEDIATE,OFT_PK,OFT_ID,SPE,OFERTA,OFT_ID,NO ACTION,VALIDATED,
CONVOCATORIA_2011,SYS_C0022359,C,CHECK,ENABLED,NOT DEFERRABLE,IMMEDIATE,,REG_ID,,,,,VALIDATED,"""REG_ID"" IS NOT NULL"
CONVOCATORIA_2011,SYS_C0022360,C,CHECK,ENABLED,NOT DEFERRABLE,IMMEDIATE,,CENTRO_ID,,,,,VALIDATED,"""CENTRO_ID"" IS NOT NULL"
CONVOCATORIA_2011,SYS_C0022361,C,CHECK,ENABLED,NOT DEFERRABLE,IMMEDIATE,,CONSECUTIVO,,,,,VALIDATED,"""CONSECUTIVO"" IS NOT NULL"
CONVOCATORIA_2011,SYS_C0022362,C,CHECK,ENABLED,NOT DEFERRABLE,IMMEDIATE,,CEDULA,,,,,VALIDATED,"""CEDULA"" IS NOT NULL"
CONVOCATORIA_2011,SYS_C0022363,C,CHECK,ENABLED,NOT DEFERRABLE,IMMEDIATE,,CONVOCATORIA,,,,,VALIDATED,"""CONVOCATORIA"" IS NOT NULL"
CONVOCATORIA_2011,SYS_C0022364,C,CHECK,ENABLED,NOT DEFERRABLE,IMMEDIATE,,FECHA_REGISTRO,,,,,VALIDATED,"""FECHA_REGISTRO"" IS NOT NULL"
CORREO_OFT_EMP,COE_FCH_REGISTRO_NULL,C,CHECK,ENABLED,NOT DEFERRABLE,IMMEDIATE,,COE_FCH_REGISTRO,,,,,VALIDATED,"""COE_FCH_REGISTRO"" IS NOT NULL"
CORREO_OFT_EMP,COE_ID_NULL,C,CHECK,ENABLED,NOT DEFERRABLE,IMMEDIATE,,COE_ID,,,,,VALIDATED,"""COE_ID"" IS NOT NULL"
CORREO_OFT_EMP,TIC_COE_NULL,C,CHECK,ENABLED,NOT DEFERRABLE,IMMEDIATE,,TIC_ID,,,,,VALIDATED,"""TIC_ID"" IS NOT NULL"
CORREO_OFT_EMP,COE_PK,P,PRIMARY KEY,ENABLED,NOT DEFERRABLE,IMMEDIATE,,COE_ID,,,,,VALIDATED,
CORREO_OFT_EMP,CUR_COE_FK,R,FOREIGN KEY,ENABLED,NOT DEFERRABLE,IMMEDIATE,CUR_PK,CUR_ID,SPE,CURSO,CUR_ID,NO ACTION,VALIDATED,
CORREO_OFT_EMP,DEM_COE_FK,R,FOREIGN KEY,ENABLED,NOT DEFERRABLE,IMMEDIATE,DEM_PK,DEM_ID,SPE,DEMANDA,DEM_ID,NO ACTION,VALIDATED,
CORREO_OFT_EMP,EMP_COE_FK,R,FOREIGN KEY,ENABLED,NOT DEFERRABLE,IMMEDIATE,EMP_PK,EMP_ID,SPE,EMPRESA,EMP_ID,NO ACTION,VALIDATED,
CORREO_OFT_EMP,OFT_CEO_FK,R,FOREIGN KEY,ENABLED,NOT DEFERRABLE,IMMEDIATE,OFT_PK,OFT_ID,SPE,OFERTA,OFT_ID,NO ACTION,VALIDATED,
CORREO_OFT_EMP,TIC_COE_FK,R,FOREIGN KEY,ENABLED,NOT DEFERRABLE,IMMEDIATE,TIC_PK,TIC_ID,SPE,TIPO_CORREO,TIC_ID,NO ACTION,VALIDATED,
CRU_CONF_VARIABLE,SYS_C0022788,C,CHECK,ENABLED,NOT DEFERRABLE,IMMEDIATE,,CCV_ID,,,,,VALIDATED,"""CCV_ID"" IS NOT NULL"
CRU_CONF_VARIABLE,SYS_C0022789,C,CHECK,ENABLED,NOT DEFERRABLE,IMMEDIATE,,CCV_NOMBRE,,,,,VALIDATED,"""CCV_NOMBRE"" IS NOT NULL"
CRU_CONF_VARIABLE,SYS_C0022790,C,CHECK,ENABLED,NOT DEFERRABLE,IMMEDIATE,,CCV_ACTIVA,,,,,VALIDATED,"""CCV_ACTIVA"" IS NOT NULL"
CRU_CONF_VARIABLE,SYS_C0022791,C,CHECK,ENABLED,NOT DEFERRABLE,IMMEDIATE,,CCV_PESO,,,,,VALIDATED,"""CCV_PESO"" IS NOT NULL"
CRU_CONF_VARIABLE,SYS_C0022792,C,CHECK,ENABLED,NOT DEFERRABLE,IMMEDIATE,,CCV_TOLERANCIA,,,,,VALIDATED,"""CCV_TOLERANCIA"" IS NOT NULL"
CRU_CONF_VARIABLE,CRU_CONF_VARIABLE_PK,P,PRIMARY KEY,ENABLED,NOT DEFERRABLE,IMMEDIATE,,CCV_ID,,,,,VALIDATED,
CRU_EVENTO_CAMBIO,SYS_C0022074,C,CHECK,ENABLED,NOT DEFERRABLE,IMMEDIATE,,CEC_ID,,,,,VALIDATED,"""CEC_ID"" IS NOT NULL"
CRU_EVENTO_CAMBIO,SYS_C0022075,C,CHECK,ENABLED,NOT DEFERRABLE,IMMEDIATE,,CEC_FCH,,,,,VALIDATED,"""CEC_FCH"" IS NOT NULL"
CRU_EVENTO_CAMBIO,SYS_C0022076,C,CHECK,ENABLED,NOT DEFERRABLE,IMMEDIATE,,CEC_TIPO,,,,,VALIDATED,"""CEC_TIPO"" IS NOT NULL"
CRU_EVENTO_CAMBIO,CRU_EVENTO_CAMBIO_PK,P,PRIMARY KEY,ENABLED,NOT DEFERRABLE,IMMEDIATE,,CEC_ID,,,,,VALIDATED,
CRU_SERVER_LOCK,SYS_C0022031,C,CHECK,ENABLED,NOT DEFERRABLE,IMMEDIATE,,SERVER_ID,,,,,VALIDATED,"""SERVER_ID"" IS NOT NULL"
CRU_SERVER_LOCK,SYS_C0022032,C,CHECK,ENABLED,NOT DEFERRABLE,IMMEDIATE,,BEAT_DATE,,,,,VALIDATED,"""BEAT_DATE"" IS NOT NULL"
CRU_SERVER_LOCK,SYS_C0022033,C,CHECK,ENABLED,NOT DEFERRABLE,IMMEDIATE,,CLUSTER_ID,,,,,VALIDATED,"""CLUSTER_ID"" IS NOT NULL"
CRU_SERVER_LOCK,SYS_C0022034,C,CHECK,ENABLED,NOT DEFERRABLE,IMMEDIATE,,PROCESS_ID,,,,,VALIDATED,"""PROCESS_ID"" IS NOT NULL"
CRU_SERVER_LOCK,SYS_C0022035,C,CHECK,ENABLED,NOT DEFERRABLE,IMMEDIATE,,URL,,,,,VALIDATED,"""URL"" IS NOT NULL"
CRU_SERVER_LOCK,CRU_SERVER_LOCK_PK,P,PRIMARY KEY,ENABLED,NOT DEFERRABLE,IMMEDIATE,,SERVER_ID,,,,,VALIDATED,
CUESTIONARIO_TALLER,CSPE_CUT_NULL,C,CHECK,ENABLED,NOT DEFERRABLE,IMMEDIATE,,CSPE_ID,,,,,VALIDATED,"""CSPE_ID"" IS NOT NULL"
CUESTIONARIO_TALLER,CUT_FCH_REGISTRO_NULL,C,CHECK,ENABLED,NOT DEFERRABLE,IMMEDIATE,,CUT_FCH_REGISTRO,,,,,VALIDATED,"""CUT_FCH_REGISTRO"" IS NOT NULL"
CUESTIONARIO_TALLER,CUT_ID_NULL,C,CHECK,ENABLED,NOT DEFERRABLE,IMMEDIATE,,CUT_ID,,,,,VALIDATED,"""CUT_ID"" IS NOT NULL"
CUESTIONARIO_TALLER,CUT_OPCION_A_NULL,C,CHECK,ENABLED,NOT DEFERRABLE,IMMEDIATE,,CUT_OPCION_A,,,,,VALIDATED,"""CUT_OPCION_A"" IS NOT NULL"
CUESTIONARIO_TALLER,CUT_OPCION_B_NULL,C,CHECK,ENABLED,NOT DEFERRABLE,IMMEDIATE,,CUT_OPCION_B,,,,,VALIDATED,"""CUT_OPCION_B"" IS NOT NULL"
CUESTIONARIO_TALLER,CUT_OPCION_C_NULL,C,CHECK,ENABLED,NOT DEFERRABLE,IMMEDIATE,,CUT_OPCION_C,,,,,VALIDATED,"""CUT_OPCION_C"" IS NOT NULL"
CUESTIONARIO_TALLER,CUT_OPCION_D_NULL,C,CHECK,ENABLED,NOT DEFERRABLE,IMMEDIATE,,CUT_OPCION_D,,,,,VALIDATED,"""CUT_OPCION_D"" IS NOT NULL"
CUESTIONARIO_TALLER,CUT_PREGUNTA_NULL,C,CHECK,ENABLED,NOT DEFERRABLE,IMMEDIATE,,CUT_PREGUNTA,,,,,VALIDATED,"""CUT_PREGUNTA"" IS NOT NULL"
CUESTIONARIO_TALLER,CUT_RESPUESTA_CHK,C,CHECK,ENABLED,NOT DEFERRABLE,IMMEDIATE,,CUT_RESPUESTA,,,,,VALIDATED,"
		CUT_RESPUESTA in ('A','B','C','D')
		"
CUESTIONARIO_TALLER,CUT_RESPUESTA_NULL,C,CHECK,ENABLED,NOT DEFERRABLE,IMMEDIATE,,CUT_RESPUESTA,,,,,VALIDATED,"""CUT_RESPUESTA"" IS NOT NULL"
CUESTIONARIO_TALLER,FUN_CUT_NULL,C,CHECK,ENABLED,NOT DEFERRABLE,IMMEDIATE,,FUN_ID,,,,,VALIDATED,"""FUN_ID"" IS NOT NULL"
CUESTIONARIO_TALLER,CUT_PK,P,PRIMARY KEY,ENABLED,NOT DEFERRABLE,IMMEDIATE,,CUT_ID,,,,,VALIDATED,
CUESTIONARIO_TALLER,CSPE_CUT_FK,R,FOREIGN KEY,ENABLED,NOT DEFERRABLE,IMMEDIATE,CSPE_PK,CSPE_ID,SPE,CENTRO_SPE,CSPE_ID,NO ACTION,VALIDATED,
CUESTIONARIO_TALLER,FUN_CUT_FK,R,FOREIGN KEY,ENABLED,NOT DEFERRABLE,IMMEDIATE,FUN_PK,FUN_ID,SPE,FUNCIONARIO,FUN_ID,NO ACTION,VALIDATED,
CURSO,CSPE_CUR_NULL,C,CHECK,ENABLED,NOT DEFERRABLE,IMMEDIATE,,CSPE_ID,,,,,VALIDATED,"""CSPE_ID"" IS NOT NULL"
CURSO,CUR_AULA_NULL,C,CHECK,ENABLED,NOT DEFERRABLE,IMMEDIATE,,CUR_AULA,,,,,VALIDATED,"""CUR_AULA"" IS NOT NULL"
CURSO,CUR_CONTACTO_NULL,C,CHECK,ENABLED,NOT DEFERRABLE,IMMEDIATE,,CUR_CONTACTO,,,,,VALIDATED,"""CUR_CONTACTO"" IS NOT NULL"
CURSO,CUR_DESCRIPCION_NULL,C,CHECK,ENABLED,NOT DEFERRABLE,IMMEDIATE,,CUR_DESCRIPCION,,,,,VALIDATED,"""CUR_DESCRIPCION"" IS NOT NULL"
CURSO,CUR_DIRECCION_NULL,C,CHECK,ENABLED,NOT DEFERRABLE,IMMEDIATE,,CUR_DIRECCION,,,,,VALIDATED,"""CUR_DIRECCION"" IS NOT NULL"
CURSO,CUR_DURACION_NULL,C,CHECK,ENABLED,NOT DEFERRABLE,IMMEDIATE,,CUR_DURACION,,,,,VALIDATED,"""CUR_DURACION"" IS NOT NULL"
CURSO,CUR_EDAD_MAX_CHK,C,CHECK,ENABLED,NOT DEFERRABLE,IMMEDIATE,,CUR_EDAD_MAX,,,,,VALIDATED,"
		CUR_EDAD_MAX between 14 and 99
		"
CURSO,CUR_EDAD_MAX_NULL,C,CHECK,ENABLED,NOT DEFERRABLE,IMMEDIATE,,CUR_EDAD_MAX,,,,,VALIDATED,"""CUR_EDAD_MAX"" IS NOT NULL"
CURSO,CUR_EDAD_MIN_CHK,C,CHECK,ENABLED,NOT DEFERRABLE,IMMEDIATE,,CUR_EDAD_MIN,,,,,VALIDATED,"
		CUR_EDAD_MIN between 14 and 99
		"
CURSO,CUR_EDAD_MIN_NULL,C,CHECK,ENABLED,NOT DEFERRABLE,IMMEDIATE,,CUR_EDAD_MIN,,,,,VALIDATED,"""CUR_EDAD_MIN"" IS NOT NULL"
CURSO,CUR_FCH_FIN_INSC_NULL,C,CHECK,ENABLED,NOT DEFERRABLE,IMMEDIATE,,CUR_FCH_FIN_INSC,,,,,VALIDATED,"""CUR_FCH_FIN_INSC"" IS NOT NULL"
CURSO,CUR_FCH_FIN_NULL,C,CHECK,ENABLED,NOT DEFERRABLE,IMMEDIATE,,CUR_FCH_FIN,,,,,VALIDATED,"""CUR_FCH_FIN"" IS NOT NULL"
CURSO,CUR_FCH_INICIO_NULL,C,CHECK,ENABLED,NOT DEFERRABLE,IMMEDIATE,,CUR_FCH_INICIO,,,,,VALIDATED,"""CUR_FCH_INICIO"" IS NOT NULL"
CURSO,CUR_FCH_INI_INSC_NULL,C,CHECK,ENABLED,NOT DEFERRABLE,IMMEDIATE,,CUR_FCH_INI_INSC,,,,,VALIDATED,"""CUR_FCH_INI_INSC"" IS NOT NULL"
CURSO,CUR_GENERO_CHK,C,CHECK,ENABLED,NOT DEFERRABLE,IMMEDIATE,,CUR_GENERO,,,,,VALIDATED,"
		CUR_GENERO in (0,1,2)
		"
CURSO,CUR_GENERO_NULL,C,CHECK,ENABLED,NOT DEFERRABLE,IMMEDIATE,,CUR_GENERO,,,,,VALIDATED,"""CUR_GENERO"" IS NOT NULL"
CURSO,CUR_HORARIO_NULL,C,CHECK,ENABLED,NOT DEFERRABLE,IMMEDIATE,,CUR_HORARIO,,,,,VALIDATED,"""CUR_HORARIO"" IS NOT NULL"
CURSO,CUR_ID_NULL,C,CHECK,ENABLED,NOT DEFERRABLE,IMMEDIATE,,CUR_ID,,,,,VALIDATED,"""CUR_ID"" IS NOT NULL"
CURSO,CUR_LIB_MILITAR_CHK,C,CHECK,ENABLED,NOT DEFERRABLE,IMMEDIATE,,CUR_LIB_MILITAR,,,,,VALIDATED,"
		CUR_LIB_MILITAR in (0,1,2)
		"
CURSO,CUR_LIB_MILITAR_NULL,C,CHECK,ENABLED,NOT DEFERRABLE,IMMEDIATE,,CUR_LIB_MILITAR,,,,,VALIDATED,"""CUR_LIB_MILITAR"" IS NOT NULL"
CURSO,CUR_MODALIDAD_CHK,C,CHECK,ENABLED,NOT DEFERRABLE,IMMEDIATE,,CUR_MODALIDAD,,,,,VALIDATED,"
		CUR_MODALIDAD in (0,1)
		"
CURSO,CUR_MODALIDAD_NULL,C,CHECK,ENABLED,NOT DEFERRABLE,IMMEDIATE,,CUR_MODALIDAD,,,,,VALIDATED,"""CUR_MODALIDAD"" IS NOT NULL"
CURSO,CUR_NUM_CUPOS_NULL,C,CHECK,ENABLED,NOT DEFERRABLE,IMMEDIATE,,CUR_NUM_CUPOS,,,,,VALIDATED,"""CUR_NUM_CUPOS"" IS NOT NULL"
CURSO,CUR_SISBEN_NIV_FIN_CHK,C,CHECK,ENABLED,NOT DEFERRABLE,IMMEDIATE,,CUR_SISBEN_NIV_FIN,,,,,VALIDATED,"
		CUR_SISBEN_NIV_FIN between 1 and 6
		"
CURSO,CUR_SISBEN_NIV_INI_CHK,C,CHECK,ENABLED,NOT DEFERRABLE,IMMEDIATE,,CUR_SISBEN_NIV_INI,,,,,VALIDATED,"
		CUR_SISBEN_NIV_INI between 1 and 6
		"
CURSO,CUR_SISBEN_TIPO_CHK,C,CHECK,ENABLED,NOT DEFERRABLE,IMMEDIATE,,CUR_SISBEN_TIPO,,,,,VALIDATED,"
		CUR_SISBEN_TIPO in (0,1,2)
		"
CURSO,CUR_TEL_CONTACTO_NULL,C,CHECK,ENABLED,NOT DEFERRABLE,IMMEDIATE,,CUR_TEL_CONTACTO,,,,,VALIDATED,"""CUR_TEL_CONTACTO"" IS NOT NULL"
CURSO,DUR_CUR_NULL,C,CHECK,ENABLED,NOT DEFERRABLE,IMMEDIATE,,DUR_ID,,,,,VALIDATED,"""DUR_ID"" IS NOT NULL"
CURSO,EMP_CUR_NULL,C,CHECK,ENABLED,NOT DEFERRABLE,IMMEDIATE,,EMP_ID,,,,,VALIDATED,"""EMP_ID"" IS NOT NULL"
CURSO,ENF_CUR_NULL,C,CHECK,ENABLED,NOT DEFERRABLE,IMMEDIATE,,ENF_ID,,,,,VALIDATED,"""ENF_ID"" IS NOT NULL"
CURSO,ESC_CUR_NULL,C,CHECK,ENABLED,NOT DEFERRABLE,IMMEDIATE,,ESC_ID,,,,,VALIDATED,"""ESC_ID"" IS NOT NULL"
CURSO,FUN_CUR_NULL,C,CHECK,ENABLED,NOT DEFERRABLE,IMMEDIATE,,FUN_ID,,,,,VALIDATED,"""FUN_ID"" IS NOT NULL"
CURSO,OFT_CUR_NULL,C,CHECK,ENABLED,NOT DEFERRABLE,IMMEDIATE,,OFT_ID,,,,,VALIDATED,"""OFT_ID"" IS NOT NULL"
CURSO,PAI_CUR_NULL,C,CHECK,ENABLED,NOT DEFERRABLE,IMMEDIATE,,PAI_ID,,,,,VALIDATED,"""PAI_ID"" IS NOT NULL"
CURSO,REG_CUR_NULL,C,CHECK,ENABLED,NOT DEFERRABLE,IMMEDIATE,,REG_ID,,,,,VALIDATED,"""REG_ID"" IS NOT NULL"
CURSO,CUR_PK,P,PRIMARY KEY,ENABLED,NOT DEFERRABLE,IMMEDIATE,,CUR_ID,,,,,VALIDATED,
CURSO,BAR_CUR_FK,R,FOREIGN KEY,ENABLED,NOT DEFERRABLE,IMMEDIATE,BAR_PK,BAR_ID,SPE,BARRIO,BAR_ID,NO ACTION,VALIDATED,
CURSO,CSPE_CUR_FK,R,FOREIGN KEY,ENABLED,NOT DEFERRABLE,IMMEDIATE,CSPE_PK,CSPE_ID,SPE,CENTRO_SPE,CSPE_ID,NO ACTION,VALIDATED,
CURSO,DPT_CUR_FK,R,FOREIGN KEY,ENABLED,NOT DEFERRABLE,IMMEDIATE,DPT_PK,DPT_ID,SPE,DEPARTAMENTO,DPT_ID,NO ACTION,VALIDATED,
CURSO,DUR_CUR_FK,R,FOREIGN KEY,ENABLED,NOT DEFERRABLE,IMMEDIATE,DUR_PK,DUR_ID,SPE,DURACION,DUR_ID,NO ACTION,VALIDATED,
CURSO,EMP_CUR_FK,R,FOREIGN KEY,ENABLED,NOT DEFERRABLE,IMMEDIATE,EMP_PK,EMP_ID,SPE,EMPRESA,EMP_ID,NO ACTION,VALIDATED,
CURSO,ENF_CUR_FK,R,FOREIGN KEY,ENABLED,NOT DEFERRABLE,IMMEDIATE,ENF_PK,ENF_ID,SPE,ESTUDIO_NO_FORMAL,ENF_ID,NO ACTION,VALIDATED,
CURSO,ESC_CUR_FK,R,FOREIGN KEY,ENABLED,NOT DEFERRABLE,IMMEDIATE,ESC_PK,ESC_ID,SPE,ESTADO_CIVIL,ESC_ID,NO ACTION,VALIDATED,
CURSO,ETR_FIN_CUR_FK,R,FOREIGN KEY,ENABLED,NOT DEFERRABLE,IMMEDIATE,ETR_PK,ETR_FIN,SPE,ESTRATO,ETR_ID,NO ACTION,VALIDATED,
CURSO,ETR_INI_CUR_FK,R,FOREIGN KEY,ENABLED,NOT DEFERRABLE,IMMEDIATE,ETR_PK,ETR_INI,SPE,ESTRATO,ETR_ID,NO ACTION,VALIDATED,
CURSO,FUN_CUR_FK,R,FOREIGN KEY,ENABLED,NOT DEFERRABLE,IMMEDIATE,FUN_PK,FUN_ID,SPE,FUNCIONARIO,FUN_ID,NO ACTION,VALIDATED,
CURSO,MPO_CUR_FK,R,FOREIGN KEY,ENABLED,NOT DEFERRABLE,IMMEDIATE,MPO_PK,MPO_ID,SPE,MUNICIPIO,MPO_ID,NO ACTION,VALIDATED,
CURSO,OFT_CUR_FK,R,FOREIGN KEY,ENABLED,NOT DEFERRABLE,IMMEDIATE,OFT_PK,OFT_ID,SPE,OFERTA,OFT_ID,NO ACTION,VALIDATED,
CURSO,PAI_CUR_FK,R,FOREIGN KEY,ENABLED,NOT DEFERRABLE,IMMEDIATE,PAI_PK,PAI_ID,SPE,PAIS,PAI_ID,NO ACTION,VALIDATED,
CURSO,PSF_CUR_FK,R,FOREIGN KEY,ENABLED,NOT DEFERRABLE,IMMEDIATE,PSF_PK,PSF_ID,SPE,POSICION_FAMILIAR,PSF_ID,NO ACTION,VALIDATED,
CURSO,REG_CUR_FK,R,FOREIGN KEY,ENABLED,NOT DEFERRABLE,IMMEDIATE,REG_PK,REG_ID,SPE,REGIONAL,REG_ID,NO ACTION,VALIDATED,
CURSO,ZON_CUR_FK,R,FOREIGN KEY,ENABLED,NOT DEFERRABLE,IMMEDIATE,ZON_PK,ZON_ID,SPE,ZONA,ZON_ID,NO ACTION,VALIDATED,
CURSO_05102012,SYS_C0021969,C,CHECK,ENABLED,NOT DEFERRABLE,IMMEDIATE,,CUR_ID,,,,,VALIDATED,"""CUR_ID"" IS NOT NULL"
CURSO_05102012,SYS_C0021970,C,CHECK,ENABLED,NOT DEFERRABLE,IMMEDIATE,,ENF_ID,,,,,VALIDATED,"""ENF_ID"" IS NOT NULL"
CURSO_05102012,SYS_C0021971,C,CHECK,ENABLED,NOT DEFERRABLE,IMMEDIATE,,CUR_DESCRIPCION,,,,,VALIDATED,"""CUR_DESCRIPCION"" IS NOT NULL"
CURSO_05102012,SYS_C0021972,C,CHECK,ENABLED,NOT DEFERRABLE,IMMEDIATE,,EMP_ID,,,,,VALIDATED,"""EMP_ID"" IS NOT NULL"
CURSO_05102012,SYS_C0021973,C,CHECK,ENABLED,NOT DEFERRABLE,IMMEDIATE,,OFT_ID,,,,,VALIDATED,"""OFT_ID"" IS NOT NULL"
CURSO_05102012,SYS_C0021974,C,CHECK,ENABLED,NOT DEFERRABLE,IMMEDIATE,,CUR_NUM_CUPOS,,,,,VALIDATED,"""CUR_NUM_CUPOS"" IS NOT NULL"
CURSO_05102012,SYS_C0021975,C,CHECK,ENABLED,NOT DEFERRABLE,IMMEDIATE,,CUR_MODALIDAD,,,,,VALIDATED,"""CUR_MODALIDAD"" IS NOT NULL"
CURSO_05102012,SYS_C0021976,C,CHECK,ENABLED,NOT DEFERRABLE,IMMEDIATE,,CUR_HORARIO,,,,,VALIDATED,"""CUR_HORARIO"" IS NOT NULL"
CURSO_05102012,SYS_C0021977,C,CHECK,ENABLED,NOT DEFERRABLE,IMMEDIATE,,CUR_DURACION,,,,,VALIDATED,"""CUR_DURACION"" IS NOT NULL"
CURSO_05102012,SYS_C0021978,C,CHECK,ENABLED,NOT DEFERRABLE,IMMEDIATE,,DUR_ID,,,,,VALIDATED,"""DUR_ID"" IS NOT NULL"
CURSO_05102012,SYS_C0021979,C,CHECK,ENABLED,NOT DEFERRABLE,IMMEDIATE,,CUR_AULA,,,,,VALIDATED,"""CUR_AULA"" IS NOT NULL"
CURSO_05102012,SYS_C0021980,C,CHECK,ENABLED,NOT DEFERRABLE,IMMEDIATE,,CUR_FCH_INI_INSC,,,,,VALIDATED,"""CUR_FCH_INI_INSC"" IS NOT NULL"
CURSO_05102012,SYS_C0021981,C,CHECK,ENABLED,NOT DEFERRABLE,IMMEDIATE,,CUR_FCH_FIN_INSC,,,,,VALIDATED,"""CUR_FCH_FIN_INSC"" IS NOT NULL"
CURSO_05102012,SYS_C0021982,C,CHECK,ENABLED,NOT DEFERRABLE,IMMEDIATE,,CUR_FCH_INICIO,,,,,VALIDATED,"""CUR_FCH_INICIO"" IS NOT NULL"
CURSO_05102012,SYS_C0021983,C,CHECK,ENABLED,NOT DEFERRABLE,IMMEDIATE,,CUR_FCH_FIN,,,,,VALIDATED,"""CUR_FCH_FIN"" IS NOT NULL"
CURSO_05102012,SYS_C0021984,C,CHECK,ENABLED,NOT DEFERRABLE,IMMEDIATE,,PAI_ID,,,,,VALIDATED,"""PAI_ID"" IS NOT NULL"
CURSO_05102012,SYS_C0021985,C,CHECK,ENABLED,NOT DEFERRABLE,IMMEDIATE,,CUR_DIRECCION,,,,,VALIDATED,"""CUR_DIRECCION"" IS NOT NULL"
CURSO_05102012,SYS_C0021986,C,CHECK,ENABLED,NOT DEFERRABLE,IMMEDIATE,,CUR_CONTACTO,,,,,VALIDATED,"""CUR_CONTACTO"" IS NOT NULL"
CURSO_05102012,SYS_C0021987,C,CHECK,ENABLED,NOT DEFERRABLE,IMMEDIATE,,CUR_TEL_CONTACTO,,,,,VALIDATED,"""CUR_TEL_CONTACTO"" IS NOT NULL"
CURSO_05102012,SYS_C0021988,C,CHECK,ENABLED,NOT DEFERRABLE,IMMEDIATE,,CUR_GENERO,,,,,VALIDATED,"""CUR_GENERO"" IS NOT NULL"
CURSO_05102012,SYS_C0021989,C,CHECK,ENABLED,NOT DEFERRABLE,IMMEDIATE,,CUR_EDAD_MAX,,,,,VALIDATED,"""CUR_EDAD_MAX"" IS NOT NULL"
CURSO_05102012,SYS_C0021990,C,CHECK,ENABLED,NOT DEFERRABLE,IMMEDIATE,,CUR_EDAD_MIN,,,,,VALIDATED,"""CUR_EDAD_MIN"" IS NOT NULL"
CURSO_05102012,SYS_C0021991,C,CHECK,ENABLED,NOT DEFERRABLE,IMMEDIATE,,ESC_ID,,,,,VALIDATED,"""ESC_ID"" IS NOT NULL"
CURSO_05102012,SYS_C0021992,C,CHECK,ENABLED,NOT DEFERRABLE,IMMEDIATE,,CUR_LIB_MILITAR,,,,,VALIDATED,"""CUR_LIB_MILITAR"" IS NOT NULL"
CURSO_05102012,SYS_C0021993,C,CHECK,ENABLED,NOT DEFERRABLE,IMMEDIATE,,FUN_ID,,,,,VALIDATED,"""FUN_ID"" IS NOT NULL"
CURSO_05102012,SYS_C0021994,C,CHECK,ENABLED,NOT DEFERRABLE,IMMEDIATE,,CSPE_ID,,,,,VALIDATED,"""CSPE_ID"" IS NOT NULL"
CURSO_05102012,SYS_C0021995,C,CHECK,ENABLED,NOT DEFERRABLE,IMMEDIATE,,REG_ID,,,,,VALIDATED,"""REG_ID"" IS NOT NULL"
CURSO_07122012,SYS_C0022718,C,CHECK,ENABLED,NOT DEFERRABLE,IMMEDIATE,,CUR_ID,,,,,VALIDATED,"""CUR_ID"" IS NOT NULL"
CURSO_07122012,SYS_C0022719,C,CHECK,ENABLED,NOT DEFERRABLE,IMMEDIATE,,ENF_ID,,,,,VALIDATED,"""ENF_ID"" IS NOT NULL"
CURSO_07122012,SYS_C0022720,C,CHECK,ENABLED,NOT DEFERRABLE,IMMEDIATE,,CUR_DESCRIPCION,,,,,VALIDATED,"""CUR_DESCRIPCION"" IS NOT NULL"
CURSO_07122012,SYS_C0022721,C,CHECK,ENABLED,NOT DEFERRABLE,IMMEDIATE,,EMP_ID,,,,,VALIDATED,"""EMP_ID"" IS NOT NULL"
CURSO_07122012,SYS_C0022722,C,CHECK,ENABLED,NOT DEFERRABLE,IMMEDIATE,,OFT_ID,,,,,VALIDATED,"""OFT_ID"" IS NOT NULL"
CURSO_07122012,SYS_C0022723,C,CHECK,ENABLED,NOT DEFERRABLE,IMMEDIATE,,CUR_NUM_CUPOS,,,,,VALIDATED,"""CUR_NUM_CUPOS"" IS NOT NULL"
CURSO_07122012,SYS_C0022724,C,CHECK,ENABLED,NOT DEFERRABLE,IMMEDIATE,,CUR_MODALIDAD,,,,,VALIDATED,"""CUR_MODALIDAD"" IS NOT NULL"
CURSO_07122012,SYS_C0022725,C,CHECK,ENABLED,NOT DEFERRABLE,IMMEDIATE,,CUR_HORARIO,,,,,VALIDATED,"""CUR_HORARIO"" IS NOT NULL"
CURSO_07122012,SYS_C0022726,C,CHECK,ENABLED,NOT DEFERRABLE,IMMEDIATE,,CUR_DURACION,,,,,VALIDATED,"""CUR_DURACION"" IS NOT NULL"
CURSO_07122012,SYS_C0022727,C,CHECK,ENABLED,NOT DEFERRABLE,IMMEDIATE,,DUR_ID,,,,,VALIDATED,"""DUR_ID"" IS NOT NULL"
CURSO_07122012,SYS_C0022728,C,CHECK,ENABLED,NOT DEFERRABLE,IMMEDIATE,,CUR_AULA,,,,,VALIDATED,"""CUR_AULA"" IS NOT NULL"
CURSO_07122012,SYS_C0022729,C,CHECK,ENABLED,NOT DEFERRABLE,IMMEDIATE,,CUR_FCH_INI_INSC,,,,,VALIDATED,"""CUR_FCH_INI_INSC"" IS NOT NULL"
CURSO_07122012,SYS_C0022730,C,CHECK,ENABLED,NOT DEFERRABLE,IMMEDIATE,,CUR_FCH_FIN_INSC,,,,,VALIDATED,"""CUR_FCH_FIN_INSC"" IS NOT NULL"
CURSO_07122012,SYS_C0022731,C,CHECK,ENABLED,NOT DEFERRABLE,IMMEDIATE,,CUR_FCH_INICIO,,,,,VALIDATED,"""CUR_FCH_INICIO"" IS NOT NULL"
CURSO_07122012,SYS_C0022732,C,CHECK,ENABLED,NOT DEFERRABLE,IMMEDIATE,,CUR_FCH_FIN,,,,,VALIDATED,"""CUR_FCH_FIN"" IS NOT NULL"
CURSO_07122012,SYS_C0022733,C,CHECK,ENABLED,NOT DEFERRABLE,IMMEDIATE,,PAI_ID,,,,,VALIDATED,"""PAI_ID"" IS NOT NULL"
CURSO_07122012,SYS_C0022734,C,CHECK,ENABLED,NOT DEFERRABLE,IMMEDIATE,,CUR_DIRECCION,,,,,VALIDATED,"""CUR_DIRECCION"" IS NOT NULL"
CURSO_07122012,SYS_C0022735,C,CHECK,ENABLED,NOT DEFERRABLE,IMMEDIATE,,CUR_CONTACTO,,,,,VALIDATED,"""CUR_CONTACTO"" IS NOT NULL"
CURSO_07122012,SYS_C0022736,C,CHECK,ENABLED,NOT DEFERRABLE,IMMEDIATE,,CUR_TEL_CONTACTO,,,,,VALIDATED,"""CUR_TEL_CONTACTO"" IS NOT NULL"
CURSO_07122012,SYS_C0022737,C,CHECK,ENABLED,NOT DEFERRABLE,IMMEDIATE,,CUR_GENERO,,,,,VALIDATED,"""CUR_GENERO"" IS NOT NULL"
CURSO_07122012,SYS_C0022738,C,CHECK,ENABLED,NOT DEFERRABLE,IMMEDIATE,,CUR_EDAD_MAX,,,,,VALIDATED,"""CUR_EDAD_MAX"" IS NOT NULL"
CURSO_07122012,SYS_C0022739,C,CHECK,ENABLED,NOT DEFERRABLE,IMMEDIATE,,CUR_EDAD_MIN,,,,,VALIDATED,"""CUR_EDAD_MIN"" IS NOT NULL"
CURSO_07122012,SYS_C0022740,C,CHECK,ENABLED,NOT DEFERRABLE,IMMEDIATE,,ESC_ID,,,,,VALIDATED,"""ESC_ID"" IS NOT NULL"
CURSO_07122012,SYS_C0022741,C,CHECK,ENABLED,NOT DEFERRABLE,IMMEDIATE,,CUR_LIB_MILITAR,,,,,VALIDATED,"""CUR_LIB_MILITAR"" IS NOT NULL"
CURSO_07122012,SYS_C0022742,C,CHECK,ENABLED,NOT DEFERRABLE,IMMEDIATE,,FUN_ID,,,,,VALIDATED,"""FUN_ID"" IS NOT NULL"
CURSO_07122012,SYS_C0022743,C,CHECK,ENABLED,NOT DEFERRABLE,IMMEDIATE,,CSPE_ID,,,,,VALIDATED,"""CSPE_ID"" IS NOT NULL"
CURSO_07122012,SYS_C0022744,C,CHECK,ENABLED,NOT DEFERRABLE,IMMEDIATE,,REG_ID,,,,,VALIDATED,"""REG_ID"" IS NOT NULL"
CURSO_12102012,SYS_C0022946,C,CHECK,ENABLED,NOT DEFERRABLE,IMMEDIATE,,CUR_ID,,,,,VALIDATED,"""CUR_ID"" IS NOT NULL"
CURSO_12102012,SYS_C0022947,C,CHECK,ENABLED,NOT DEFERRABLE,IMMEDIATE,,ENF_ID,,,,,VALIDATED,"""ENF_ID"" IS NOT NULL"
CURSO_12102012,SYS_C0022948,C,CHECK,ENABLED,NOT DEFERRABLE,IMMEDIATE,,CUR_DESCRIPCION,,,,,VALIDATED,"""CUR_DESCRIPCION"" IS NOT NULL"
CURSO_12102012,SYS_C0022949,C,CHECK,ENABLED,NOT DEFERRABLE,IMMEDIATE,,EMP_ID,,,,,VALIDATED,"""EMP_ID"" IS NOT NULL"
CURSO_12102012,SYS_C0022950,C,CHECK,ENABLED,NOT DEFERRABLE,IMMEDIATE,,OFT_ID,,,,,VALIDATED,"""OFT_ID"" IS NOT NULL"
CURSO_12102012,SYS_C0022951,C,CHECK,ENABLED,NOT DEFERRABLE,IMMEDIATE,,CUR_NUM_CUPOS,,,,,VALIDATED,"""CUR_NUM_CUPOS"" IS NOT NULL"
CURSO_12102012,SYS_C0022952,C,CHECK,ENABLED,NOT DEFERRABLE,IMMEDIATE,,CUR_MODALIDAD,,,,,VALIDATED,"""CUR_MODALIDAD"" IS NOT NULL"
CURSO_12102012,SYS_C0022953,C,CHECK,ENABLED,NOT DEFERRABLE,IMMEDIATE,,CUR_HORARIO,,,,,VALIDATED,"""CUR_HORARIO"" IS NOT NULL"
CURSO_12102012,SYS_C0022954,C,CHECK,ENABLED,NOT DEFERRABLE,IMMEDIATE,,CUR_DURACION,,,,,VALIDATED,"""CUR_DURACION"" IS NOT NULL"
CURSO_12102012,SYS_C0022955,C,CHECK,ENABLED,NOT DEFERRABLE,IMMEDIATE,,DUR_ID,,,,,VALIDATED,"""DUR_ID"" IS NOT NULL"
CURSO_12102012,SYS_C0022956,C,CHECK,ENABLED,NOT DEFERRABLE,IMMEDIATE,,CUR_AULA,,,,,VALIDATED,"""CUR_AULA"" IS NOT NULL"
CURSO_12102012,SYS_C0022957,C,CHECK,ENABLED,NOT DEFERRABLE,IMMEDIATE,,CUR_FCH_INI_INSC,,,,,VALIDATED,"""CUR_FCH_INI_INSC"" IS NOT NULL"
CURSO_12102012,SYS_C0022958,C,CHECK,ENABLED,NOT DEFERRABLE,IMMEDIATE,,CUR_FCH_FIN_INSC,,,,,VALIDATED,"""CUR_FCH_FIN_INSC"" IS NOT NULL"
CURSO_12102012,SYS_C0022959,C,CHECK,ENABLED,NOT DEFERRABLE,IMMEDIATE,,CUR_FCH_INICIO,,,,,VALIDATED,"""CUR_FCH_INICIO"" IS NOT NULL"
CURSO_12102012,SYS_C0022960,C,CHECK,ENABLED,NOT DEFERRABLE,IMMEDIATE,,CUR_FCH_FIN,,,,,VALIDATED,"""CUR_FCH_FIN"" IS NOT NULL"
CURSO_12102012,SYS_C0022961,C,CHECK,ENABLED,NOT DEFERRABLE,IMMEDIATE,,PAI_ID,,,,,VALIDATED,"""PAI_ID"" IS NOT NULL"
CURSO_12102012,SYS_C0022962,C,CHECK,ENABLED,NOT DEFERRABLE,IMMEDIATE,,CUR_DIRECCION,,,,,VALIDATED,"""CUR_DIRECCION"" IS NOT NULL"
CURSO_12102012,SYS_C0022963,C,CHECK,ENABLED,NOT DEFERRABLE,IMMEDIATE,,CUR_CONTACTO,,,,,VALIDATED,"""CUR_CONTACTO"" IS NOT NULL"
CURSO_12102012,SYS_C0022964,C,CHECK,ENABLED,NOT DEFERRABLE,IMMEDIATE,,CUR_TEL_CONTACTO,,,,,VALIDATED,"""CUR_TEL_CONTACTO"" IS NOT NULL"
CURSO_12102012,SYS_C0022965,C,CHECK,ENABLED,NOT DEFERRABLE,IMMEDIATE,,CUR_GENERO,,,,,VALIDATED,"""CUR_GENERO"" IS NOT NULL"
CURSO_12102012,SYS_C0022966,C,CHECK,ENABLED,NOT DEFERRABLE,IMMEDIATE,,CUR_EDAD_MAX,,,,,VALIDATED,"""CUR_EDAD_MAX"" IS NOT NULL"
CURSO_12102012,SYS_C0022967,C,CHECK,ENABLED,NOT DEFERRABLE,IMMEDIATE,,CUR_EDAD_MIN,,,,,VALIDATED,"""CUR_EDAD_MIN"" IS NOT NULL"
CURSO_12102012,SYS_C0022968,C,CHECK,ENABLED,NOT DEFERRABLE,IMMEDIATE,,ESC_ID,,,,,VALIDATED,"""ESC_ID"" IS NOT NULL"
CURSO_12102012,SYS_C0022969,C,CHECK,ENABLED,NOT DEFERRABLE,IMMEDIATE,,CUR_LIB_MILITAR,,,,,VALIDATED,"""CUR_LIB_MILITAR"" IS NOT NULL"
CURSO_12102012,SYS_C0022970,C,CHECK,ENABLED,NOT DEFERRABLE,IMMEDIATE,,FUN_ID,,,,,VALIDATED,"""FUN_ID"" IS NOT NULL"
CURSO_12102012,SYS_C0022971,C,CHECK,ENABLED,NOT DEFERRABLE,IMMEDIATE,,CSPE_ID,,,,,VALIDATED,"""CSPE_ID"" IS NOT NULL"
CURSO_12102012,SYS_C0022972,C,CHECK,ENABLED,NOT DEFERRABLE,IMMEDIATE,,REG_ID,,,,,VALIDATED,"""REG_ID"" IS NOT NULL"
CURSO_19102012,SYS_C0022681,C,CHECK,ENABLED,NOT DEFERRABLE,IMMEDIATE,,CUR_ID,,,,,VALIDATED,"""CUR_ID"" IS NOT NULL"
CURSO_19102012,SYS_C0022682,C,CHECK,ENABLED,NOT DEFERRABLE,IMMEDIATE,,ENF_ID,,,,,VALIDATED,"""ENF_ID"" IS NOT NULL"
CURSO_19102012,SYS_C0022683,C,CHECK,ENABLED,NOT DEFERRABLE,IMMEDIATE,,CUR_DESCRIPCION,,,,,VALIDATED,"""CUR_DESCRIPCION"" IS NOT NULL"
CURSO_19102012,SYS_C0022684,C,CHECK,ENABLED,NOT DEFERRABLE,IMMEDIATE,,EMP_ID,,,,,VALIDATED,"""EMP_ID"" IS NOT NULL"
CURSO_19102012,SYS_C0022685,C,CHECK,ENABLED,NOT DEFERRABLE,IMMEDIATE,,OFT_ID,,,,,VALIDATED,"""OFT_ID"" IS NOT NULL"
CURSO_19102012,SYS_C0022686,C,CHECK,ENABLED,NOT DEFERRABLE,IMMEDIATE,,CUR_NUM_CUPOS,,,,,VALIDATED,"""CUR_NUM_CUPOS"" IS NOT NULL"
CURSO_19102012,SYS_C0022687,C,CHECK,ENABLED,NOT DEFERRABLE,IMMEDIATE,,CUR_MODALIDAD,,,,,VALIDATED,"""CUR_MODALIDAD"" IS NOT NULL"
CURSO_19102012,SYS_C0022688,C,CHECK,ENABLED,NOT DEFERRABLE,IMMEDIATE,,CUR_HORARIO,,,,,VALIDATED,"""CUR_HORARIO"" IS NOT NULL"
CURSO_19102012,SYS_C0022689,C,CHECK,ENABLED,NOT DEFERRABLE,IMMEDIATE,,CUR_DURACION,,,,,VALIDATED,"""CUR_DURACION"" IS NOT NULL"
CURSO_19102012,SYS_C0022690,C,CHECK,ENABLED,NOT DEFERRABLE,IMMEDIATE,,DUR_ID,,,,,VALIDATED,"""DUR_ID"" IS NOT NULL"
CURSO_19102012,SYS_C0022691,C,CHECK,ENABLED,NOT DEFERRABLE,IMMEDIATE,,CUR_AULA,,,,,VALIDATED,"""CUR_AULA"" IS NOT NULL"
CURSO_19102012,SYS_C0022692,C,CHECK,ENABLED,NOT DEFERRABLE,IMMEDIATE,,CUR_FCH_INI_INSC,,,,,VALIDATED,"""CUR_FCH_INI_INSC"" IS NOT NULL"
CURSO_19102012,SYS_C0022693,C,CHECK,ENABLED,NOT DEFERRABLE,IMMEDIATE,,CUR_FCH_FIN_INSC,,,,,VALIDATED,"""CUR_FCH_FIN_INSC"" IS NOT NULL"
CURSO_19102012,SYS_C0022694,C,CHECK,ENABLED,NOT DEFERRABLE,IMMEDIATE,,CUR_FCH_INICIO,,,,,VALIDATED,"""CUR_FCH_INICIO"" IS NOT NULL"
CURSO_19102012,SYS_C0022695,C,CHECK,ENABLED,NOT DEFERRABLE,IMMEDIATE,,CUR_FCH_FIN,,,,,VALIDATED,"""CUR_FCH_FIN"" IS NOT NULL"
CURSO_19102012,SYS_C0022696,C,CHECK,ENABLED,NOT DEFERRABLE,IMMEDIATE,,PAI_ID,,,,,VALIDATED,"""PAI_ID"" IS NOT NULL"
CURSO_19102012,SYS_C0022697,C,CHECK,ENABLED,NOT DEFERRABLE,IMMEDIATE,,CUR_DIRECCION,,,,,VALIDATED,"""CUR_DIRECCION"" IS NOT NULL"
CURSO_19102012,SYS_C0022698,C,CHECK,ENABLED,NOT DEFERRABLE,IMMEDIATE,,CUR_CONTACTO,,,,,VALIDATED,"""CUR_CONTACTO"" IS NOT NULL"
CURSO_19102012,SYS_C0022699,C,CHECK,ENABLED,NOT DEFERRABLE,IMMEDIATE,,CUR_TEL_CONTACTO,,,,,VALIDATED,"""CUR_TEL_CONTACTO"" IS NOT NULL"
CURSO_19102012,SYS_C0022700,C,CHECK,ENABLED,NOT DEFERRABLE,IMMEDIATE,,CUR_GENERO,,,,,VALIDATED,"""CUR_GENERO"" IS NOT NULL"
CURSO_19102012,SYS_C0022701,C,CHECK,ENABLED,NOT DEFERRABLE,IMMEDIATE,,CUR_EDAD_MAX,,,,,VALIDATED,"""CUR_EDAD_MAX"" IS NOT NULL"
CURSO_19102012,SYS_C0022702,C,CHECK,ENABLED,NOT DEFERRABLE,IMMEDIATE,,CUR_EDAD_MIN,,,,,VALIDATED,"""CUR_EDAD_MIN"" IS NOT NULL"
CURSO_19102012,SYS_C0022703,C,CHECK,ENABLED,NOT DEFERRABLE,IMMEDIATE,,ESC_ID,,,,,VALIDATED,"""ESC_ID"" IS NOT NULL"
CURSO_19102012,SYS_C0022704,C,CHECK,ENABLED,NOT DEFERRABLE,IMMEDIATE,,CUR_LIB_MILITAR,,,,,VALIDATED,"""CUR_LIB_MILITAR"" IS NOT NULL"
CURSO_19102012,SYS_C0022705,C,CHECK,ENABLED,NOT DEFERRABLE,IMMEDIATE,,FUN_ID,,,,,VALIDATED,"""FUN_ID"" IS NOT NULL"
CURSO_19102012,SYS_C0022706,C,CHECK,ENABLED,NOT DEFERRABLE,IMMEDIATE,,CSPE_ID,,,,,VALIDATED,"""CSPE_ID"" IS NOT NULL"
CURSO_19102012,SYS_C0022707,C,CHECK,ENABLED,NOT DEFERRABLE,IMMEDIATE,,REG_ID,,,,,VALIDATED,"""REG_ID"" IS NOT NULL"
CURSO_21122012,SYS_C0021719,C,CHECK,ENABLED,NOT DEFERRABLE,IMMEDIATE,,CUR_ID,,,,,VALIDATED,"""CUR_ID"" IS NOT NULL"
CURSO_21122012,SYS_C0021720,C,CHECK,ENABLED,NOT DEFERRABLE,IMMEDIATE,,ENF_ID,,,,,VALIDATED,"""ENF_ID"" IS NOT NULL"
CURSO_21122012,SYS_C0021721,C,CHECK,ENABLED,NOT DEFERRABLE,IMMEDIATE,,CUR_DESCRIPCION,,,,,VALIDATED,"""CUR_DESCRIPCION"" IS NOT NULL"
CURSO_21122012,SYS_C0021722,C,CHECK,ENABLED,NOT DEFERRABLE,IMMEDIATE,,EMP_ID,,,,,VALIDATED,"""EMP_ID"" IS NOT NULL"
CURSO_21122012,SYS_C0021723,C,CHECK,ENABLED,NOT DEFERRABLE,IMMEDIATE,,OFT_ID,,,,,VALIDATED,"""OFT_ID"" IS NOT NULL"
CURSO_21122012,SYS_C0021724,C,CHECK,ENABLED,NOT DEFERRABLE,IMMEDIATE,,CUR_NUM_CUPOS,,,,,VALIDATED,"""CUR_NUM_CUPOS"" IS NOT NULL"
CURSO_21122012,SYS_C0021725,C,CHECK,ENABLED,NOT DEFERRABLE,IMMEDIATE,,CUR_MODALIDAD,,,,,VALIDATED,"""CUR_MODALIDAD"" IS NOT NULL"
CURSO_21122012,SYS_C0021726,C,CHECK,ENABLED,NOT DEFERRABLE,IMMEDIATE,,CUR_HORARIO,,,,,VALIDATED,"""CUR_HORARIO"" IS NOT NULL"
CURSO_21122012,SYS_C0021727,C,CHECK,ENABLED,NOT DEFERRABLE,IMMEDIATE,,CUR_DURACION,,,,,VALIDATED,"""CUR_DURACION"" IS NOT NULL"
CURSO_21122012,SYS_C0021728,C,CHECK,ENABLED,NOT DEFERRABLE,IMMEDIATE,,DUR_ID,,,,,VALIDATED,"""DUR_ID"" IS NOT NULL"
CURSO_21122012,SYS_C0021729,C,CHECK,ENABLED,NOT DEFERRABLE,IMMEDIATE,,CUR_AULA,,,,,VALIDATED,"""CUR_AULA"" IS NOT NULL"
CURSO_21122012,SYS_C0021730,C,CHECK,ENABLED,NOT DEFERRABLE,IMMEDIATE,,CUR_FCH_INI_INSC,,,,,VALIDATED,"""CUR_FCH_INI_INSC"" IS NOT NULL"
CURSO_21122012,SYS_C0021731,C,CHECK,ENABLED,NOT DEFERRABLE,IMMEDIATE,,CUR_FCH_FIN_INSC,,,,,VALIDATED,"""CUR_FCH_FIN_INSC"" IS NOT NULL"
CURSO_21122012,SYS_C0021732,C,CHECK,ENABLED,NOT DEFERRABLE,IMMEDIATE,,CUR_FCH_INICIO,,,,,VALIDATED,"""CUR_FCH_INICIO"" IS NOT NULL"
CURSO_21122012,SYS_C0021733,C,CHECK,ENABLED,NOT DEFERRABLE,IMMEDIATE,,CUR_FCH_FIN,,,,,VALIDATED,"""CUR_FCH_FIN"" IS NOT NULL"
CURSO_21122012,SYS_C0021734,C,CHECK,ENABLED,NOT DEFERRABLE,IMMEDIATE,,PAI_ID,,,,,VALIDATED,"""PAI_ID"" IS NOT NULL"
CURSO_21122012,SYS_C0021735,C,CHECK,ENABLED,NOT DEFERRABLE,IMMEDIATE,,CUR_DIRECCION,,,,,VALIDATED,"""CUR_DIRECCION"" IS NOT NULL"
CURSO_21122012,SYS_C0021736,C,CHECK,ENABLED,NOT DEFERRABLE,IMMEDIATE,,CUR_CONTACTO,,,,,VALIDATED,"""CUR_CONTACTO"" IS NOT NULL"
CURSO_21122012,SYS_C0021737,C,CHECK,ENABLED,NOT DEFERRABLE,IMMEDIATE,,CUR_TEL_CONTACTO,,,,,VALIDATED,"""CUR_TEL_CONTACTO"" IS NOT NULL"
CURSO_21122012,SYS_C0021738,C,CHECK,ENABLED,NOT DEFERRABLE,IMMEDIATE,,CUR_GENERO,,,,,VALIDATED,"""CUR_GENERO"" IS NOT NULL"
CURSO_21122012,SYS_C0021739,C,CHECK,ENABLED,NOT DEFERRABLE,IMMEDIATE,,CUR_EDAD_MAX,,,,,VALIDATED,"""CUR_EDAD_MAX"" IS NOT NULL"
CURSO_21122012,SYS_C0021740,C,CHECK,ENABLED,NOT DEFERRABLE,IMMEDIATE,,CUR_EDAD_MIN,,,,,VALIDATED,"""CUR_EDAD_MIN"" IS NOT NULL"
CURSO_21122012,SYS_C0021741,C,CHECK,ENABLED,NOT DEFERRABLE,IMMEDIATE,,ESC_ID,,,,,VALIDATED,"""ESC_ID"" IS NOT NULL"
CURSO_21122012,SYS_C0021742,C,CHECK,ENABLED,NOT DEFERRABLE,IMMEDIATE,,CUR_LIB_MILITAR,,,,,VALIDATED,"""CUR_LIB_MILITAR"" IS NOT NULL"
CURSO_21122012,SYS_C0021743,C,CHECK,ENABLED,NOT DEFERRABLE,IMMEDIATE,,FUN_ID,,,,,VALIDATED,"""FUN_ID"" IS NOT NULL"
CURSO_21122012,SYS_C0021744,C,CHECK,ENABLED,NOT DEFERRABLE,IMMEDIATE,,CSPE_ID,,,,,VALIDATED,"""CSPE_ID"" IS NOT NULL"
CURSO_21122012,SYS_C0021745,C,CHECK,ENABLED,NOT DEFERRABLE,IMMEDIATE,,REG_ID,,,,,VALIDATED,"""REG_ID"" IS NOT NULL"
CURSO_23112012,SYS_C0022004,C,CHECK,ENABLED,NOT DEFERRABLE,IMMEDIATE,,CUR_ID,,,,,VALIDATED,"""CUR_ID"" IS NOT NULL"
CURSO_23112012,SYS_C0022005,C,CHECK,ENABLED,NOT DEFERRABLE,IMMEDIATE,,ENF_ID,,,,,VALIDATED,"""ENF_ID"" IS NOT NULL"
CURSO_23112012,SYS_C0022006,C,CHECK,ENABLED,NOT DEFERRABLE,IMMEDIATE,,CUR_DESCRIPCION,,,,,VALIDATED,"""CUR_DESCRIPCION"" IS NOT NULL"
CURSO_23112012,SYS_C0022007,C,CHECK,ENABLED,NOT DEFERRABLE,IMMEDIATE,,EMP_ID,,,,,VALIDATED,"""EMP_ID"" IS NOT NULL"
CURSO_23112012,SYS_C0022008,C,CHECK,ENABLED,NOT DEFERRABLE,IMMEDIATE,,OFT_ID,,,,,VALIDATED,"""OFT_ID"" IS NOT NULL"
CURSO_23112012,SYS_C0022009,C,CHECK,ENABLED,NOT DEFERRABLE,IMMEDIATE,,CUR_NUM_CUPOS,,,,,VALIDATED,"""CUR_NUM_CUPOS"" IS NOT NULL"
CURSO_23112012,SYS_C0022010,C,CHECK,ENABLED,NOT DEFERRABLE,IMMEDIATE,,CUR_MODALIDAD,,,,,VALIDATED,"""CUR_MODALIDAD"" IS NOT NULL"
CURSO_23112012,SYS_C0022011,C,CHECK,ENABLED,NOT DEFERRABLE,IMMEDIATE,,CUR_HORARIO,,,,,VALIDATED,"""CUR_HORARIO"" IS NOT NULL"
CURSO_23112012,SYS_C0022012,C,CHECK,ENABLED,NOT DEFERRABLE,IMMEDIATE,,CUR_DURACION,,,,,VALIDATED,"""CUR_DURACION"" IS NOT NULL"
CURSO_23112012,SYS_C0022013,C,CHECK,ENABLED,NOT DEFERRABLE,IMMEDIATE,,DUR_ID,,,,,VALIDATED,"""DUR_ID"" IS NOT NULL"
CURSO_23112012,SYS_C0022014,C,CHECK,ENABLED,NOT DEFERRABLE,IMMEDIATE,,CUR_AULA,,,,,VALIDATED,"""CUR_AULA"" IS NOT NULL"
CURSO_23112012,SYS_C0022015,C,CHECK,ENABLED,NOT DEFERRABLE,IMMEDIATE,,CUR_FCH_INI_INSC,,,,,VALIDATED,"""CUR_FCH_INI_INSC"" IS NOT NULL"
CURSO_23112012,SYS_C0022016,C,CHECK,ENABLED,NOT DEFERRABLE,IMMEDIATE,,CUR_FCH_FIN_INSC,,,,,VALIDATED,"""CUR_FCH_FIN_INSC"" IS NOT NULL"
CURSO_23112012,SYS_C0022017,C,CHECK,ENABLED,NOT DEFERRABLE,IMMEDIATE,,CUR_FCH_INICIO,,,,,VALIDATED,"""CUR_FCH_INICIO"" IS NOT NULL"
CURSO_23112012,SYS_C0022018,C,CHECK,ENABLED,NOT DEFERRABLE,IMMEDIATE,,CUR_FCH_FIN,,,,,VALIDATED,"""CUR_FCH_FIN"" IS NOT NULL"
CURSO_23112012,SYS_C0022019,C,CHECK,ENABLED,NOT DEFERRABLE,IMMEDIATE,,PAI_ID,,,,,VALIDATED,"""PAI_ID"" IS NOT NULL"
CURSO_23112012,SYS_C0022020,C,CHECK,ENABLED,NOT DEFERRABLE,IMMEDIATE,,CUR_DIRECCION,,,,,VALIDATED,"""CUR_DIRECCION"" IS NOT NULL"
CURSO_23112012,SYS_C0022021,C,CHECK,ENABLED,NOT DEFERRABLE,IMMEDIATE,,CUR_CONTACTO,,,,,VALIDATED,"""CUR_CONTACTO"" IS NOT NULL"
CURSO_23112012,SYS_C0022022,C,CHECK,ENABLED,NOT DEFERRABLE,IMMEDIATE,,CUR_TEL_CONTACTO,,,,,VALIDATED,"""CUR_TEL_CONTACTO"" IS NOT NULL"
CURSO_23112012,SYS_C0022023,C,CHECK,ENABLED,NOT DEFERRABLE,IMMEDIATE,,CUR_GENERO,,,,,VALIDATED,"""CUR_GENERO"" IS NOT NULL"
CURSO_23112012,SYS_C0022024,C,CHECK,ENABLED,NOT DEFERRABLE,IMMEDIATE,,CUR_EDAD_MAX,,,,,VALIDATED,"""CUR_EDAD_MAX"" IS NOT NULL"
CURSO_23112012,SYS_C0022025,C,CHECK,ENABLED,NOT DEFERRABLE,IMMEDIATE,,CUR_EDAD_MIN,,,,,VALIDATED,"""CUR_EDAD_MIN"" IS NOT NULL"
CURSO_23112012,SYS_C0022026,C,CHECK,ENABLED,NOT DEFERRABLE,IMMEDIATE,,ESC_ID,,,,,VALIDATED,"""ESC_ID"" IS NOT NULL"
CURSO_23112012,SYS_C0022027,C,CHECK,ENABLED,NOT DEFERRABLE,IMMEDIATE,,CUR_LIB_MILITAR,,,,,VALIDATED,"""CUR_LIB_MILITAR"" IS NOT NULL"
CURSO_23112012,SYS_C0022028,C,CHECK,ENABLED,NOT DEFERRABLE,IMMEDIATE,,FUN_ID,,,,,VALIDATED,"""FUN_ID"" IS NOT NULL"
CURSO_23112012,SYS_C0022029,C,CHECK,ENABLED,NOT DEFERRABLE,IMMEDIATE,,CSPE_ID,,,,,VALIDATED,"""CSPE_ID"" IS NOT NULL"
CURSO_23112012,SYS_C0022030,C,CHECK,ENABLED,NOT DEFERRABLE,IMMEDIATE,,REG_ID,,,,,VALIDATED,"""REG_ID"" IS NOT NULL"
CURSO_26102012,SYS_C0021418,C,CHECK,ENABLED,NOT DEFERRABLE,IMMEDIATE,,CUR_ID,,,,,VALIDATED,"""CUR_ID"" IS NOT NULL"
CURSO_26102012,SYS_C0021419,C,CHECK,ENABLED,NOT DEFERRABLE,IMMEDIATE,,ENF_ID,,,,,VALIDATED,"""ENF_ID"" IS NOT NULL"
CURSO_26102012,SYS_C0021420,C,CHECK,ENABLED,NOT DEFERRABLE,IMMEDIATE,,CUR_DESCRIPCION,,,,,VALIDATED,"""CUR_DESCRIPCION"" IS NOT NULL"
CURSO_26102012,SYS_C0021421,C,CHECK,ENABLED,NOT DEFERRABLE,IMMEDIATE,,EMP_ID,,,,,VALIDATED,"""EMP_ID"" IS NOT NULL"
CURSO_26102012,SYS_C0021422,C,CHECK,ENABLED,NOT DEFERRABLE,IMMEDIATE,,OFT_ID,,,,,VALIDATED,"""OFT_ID"" IS NOT NULL"
CURSO_26102012,SYS_C0021423,C,CHECK,ENABLED,NOT DEFERRABLE,IMMEDIATE,,CUR_NUM_CUPOS,,,,,VALIDATED,"""CUR_NUM_CUPOS"" IS NOT NULL"
CURSO_26102012,SYS_C0021424,C,CHECK,ENABLED,NOT DEFERRABLE,IMMEDIATE,,CUR_MODALIDAD,,,,,VALIDATED,"""CUR_MODALIDAD"" IS NOT NULL"
CURSO_26102012,SYS_C0021425,C,CHECK,ENABLED,NOT DEFERRABLE,IMMEDIATE,,CUR_HORARIO,,,,,VALIDATED,"""CUR_HORARIO"" IS NOT NULL"
CURSO_26102012,SYS_C0021426,C,CHECK,ENABLED,NOT DEFERRABLE,IMMEDIATE,,CUR_DURACION,,,,,VALIDATED,"""CUR_DURACION"" IS NOT NULL"
CURSO_26102012,SYS_C0021427,C,CHECK,ENABLED,NOT DEFERRABLE,IMMEDIATE,,DUR_ID,,,,,VALIDATED,"""DUR_ID"" IS NOT NULL"
CURSO_26102012,SYS_C0021428,C,CHECK,ENABLED,NOT DEFERRABLE,IMMEDIATE,,CUR_AULA,,,,,VALIDATED,"""CUR_AULA"" IS NOT NULL"
CURSO_26102012,SYS_C0021429,C,CHECK,ENABLED,NOT DEFERRABLE,IMMEDIATE,,CUR_FCH_INI_INSC,,,,,VALIDATED,"""CUR_FCH_INI_INSC"" IS NOT NULL"
CURSO_26102012,SYS_C0021430,C,CHECK,ENABLED,NOT DEFERRABLE,IMMEDIATE,,CUR_FCH_FIN_INSC,,,,,VALIDATED,"""CUR_FCH_FIN_INSC"" IS NOT NULL"
CURSO_26102012,SYS_C0021431,C,CHECK,ENABLED,NOT DEFERRABLE,IMMEDIATE,,CUR_FCH_INICIO,,,,,VALIDATED,"""CUR_FCH_INICIO"" IS NOT NULL"
CURSO_26102012,SYS_C0021432,C,CHECK,ENABLED,NOT DEFERRABLE,IMMEDIATE,,CUR_FCH_FIN,,,,,VALIDATED,"""CUR_FCH_FIN"" IS NOT NULL"
CURSO_26102012,SYS_C0021433,C,CHECK,ENABLED,NOT DEFERRABLE,IMMEDIATE,,PAI_ID,,,,,VALIDATED,"""PAI_ID"" IS NOT NULL"
CURSO_26102012,SYS_C0021434,C,CHECK,ENABLED,NOT DEFERRABLE,IMMEDIATE,,CUR_DIRECCION,,,,,VALIDATED,"""CUR_DIRECCION"" IS NOT NULL"
CURSO_26102012,SYS_C0021435,C,CHECK,ENABLED,NOT DEFERRABLE,IMMEDIATE,,CUR_CONTACTO,,,,,VALIDATED,"""CUR_CONTACTO"" IS NOT NULL"
CURSO_26102012,SYS_C0021436,C,CHECK,ENABLED,NOT DEFERRABLE,IMMEDIATE,,CUR_TEL_CONTACTO,,,,,VALIDATED,"""CUR_TEL_CONTACTO"" IS NOT NULL"
CURSO_26102012,SYS_C0021437,C,CHECK,ENABLED,NOT DEFERRABLE,IMMEDIATE,,CUR_GENERO,,,,,VALIDATED,"""CUR_GENERO"" IS NOT NULL"
CURSO_26102012,SYS_C0021438,C,CHECK,ENABLED,NOT DEFERRABLE,IMMEDIATE,,CUR_EDAD_MAX,,,,,VALIDATED,"""CUR_EDAD_MAX"" IS NOT NULL"
CURSO_26102012,SYS_C0021439,C,CHECK,ENABLED,NOT DEFERRABLE,IMMEDIATE,,CUR_EDAD_MIN,,,,,VALIDATED,"""CUR_EDAD_MIN"" IS NOT NULL"
CURSO_26102012,SYS_C0021440,C,CHECK,ENABLED,NOT DEFERRABLE,IMMEDIATE,,ESC_ID,,,,,VALIDATED,"""ESC_ID"" IS NOT NULL"
CURSO_26102012,SYS_C0021441,C,CHECK,ENABLED,NOT DEFERRABLE,IMMEDIATE,,CUR_LIB_MILITAR,,,,,VALIDATED,"""CUR_LIB_MILITAR"" IS NOT NULL"
CURSO_26102012,SYS_C0021442,C,CHECK,ENABLED,NOT DEFERRABLE,IMMEDIATE,,FUN_ID,,,,,VALIDATED,"""FUN_ID"" IS NOT NULL"
CURSO_26102012,SYS_C0021443,C,CHECK,ENABLED,NOT DEFERRABLE,IMMEDIATE,,CSPE_ID,,,,,VALIDATED,"""CSPE_ID"" IS NOT NULL"
CURSO_26102012,SYS_C0021444,C,CHECK,ENABLED,NOT DEFERRABLE,IMMEDIATE,,REG_ID,,,,,VALIDATED,"""REG_ID"" IS NOT NULL"
CURXCNO,CNC_FCH_REGISTRO_NULL,C,CHECK,ENABLED,NOT DEFERRABLE,IMMEDIATE,,CNC_FCH_REGISTRO,,,,,VALIDATED,"""CNC_FCH_REGISTRO"" IS NOT NULL"
CURXCNO,CNC_ID_NULL,C,CHECK,ENABLED,NOT DEFERRABLE,IMMEDIATE,,CNC_ID,,,,,VALIDATED,"""CNC_ID"" IS NOT NULL"
CURXCNO,CNC_MESES_EXP_NULL,C,CHECK,ENABLED,NOT DEFERRABLE,IMMEDIATE,,CNC_MESES_EXP,,,,,VALIDATED,"""CNC_MESES_EXP"" IS NOT NULL"
CURXCNO,CSPE_CNC_NULL,C,CHECK,ENABLED,NOT DEFERRABLE,IMMEDIATE,,CSPE_ID,,,,,VALIDATED,"""CSPE_ID"" IS NOT NULL"
CURXCNO,CUR_CNC_NULL,C,CHECK,ENABLED,NOT DEFERRABLE,IMMEDIATE,,CUR_ID,,,,,VALIDATED,"""CUR_ID"" IS NOT NULL"
CURXCNO,FUN_CNC_NULL,C,CHECK,ENABLED,NOT DEFERRABLE,IMMEDIATE,,FUN_ID,,,,,VALIDATED,"""FUN_ID"" IS NOT NULL"
CURXCNO,IND_CNC_NULL,C,CHECK,ENABLED,NOT DEFERRABLE,IMMEDIATE,,IND_ID,,,,,VALIDATED,"""IND_ID"" IS NOT NULL"
CURXCNO,CNC_PK,P,PRIMARY KEY,ENABLED,NOT DEFERRABLE,IMMEDIATE,,CNC_ID,,,,,VALIDATED,
CURXCNO,CSPE_CNC_FK,R,FOREIGN KEY,ENABLED,NOT DEFERRABLE,IMMEDIATE,CSPE_PK,CSPE_ID,SPE,CENTRO_SPE,CSPE_ID,NO ACTION,VALIDATED,
CURXCNO,CUR_CNC_FK,R,FOREIGN KEY,ENABLED,NOT DEFERRABLE,IMMEDIATE,CUR_PK,CUR_ID,SPE,CURSO,CUR_ID,NO ACTION,VALIDATED,
CURXCNO,FUN_CNC_FK,R,FOREIGN KEY,ENABLED,NOT DEFERRABLE,IMMEDIATE,FUN_PK,FUN_ID,SPE,FUNCIONARIO,FUN_ID,NO ACTION,VALIDATED,
CURXCNO,IND_CNC_FK,R,FOREIGN KEY,ENABLED,NOT DEFERRABLE,IMMEDIATE,IND_PK,IND_ID,SPE,INDICE,IND_ID,NO ACTION,VALIDATED,
CURXCNO,CURXIND_UK_UC,U,UNIQUE,ENABLED,NOT DEFERRABLE,IMMEDIATE,,"CUR_ID,IND_ID",,,,,VALIDATED,
CURXPES,CPE_FCH_REGISTRO_NULL,C,CHECK,ENABLED,NOT DEFERRABLE,IMMEDIATE,,CPE_FCH_REGISTRO,,,,,VALIDATED,"""CPE_FCH_REGISTRO"" IS NOT NULL"
CURXPES,CPE_ID_NULL,C,CHECK,ENABLED,NOT DEFERRABLE,IMMEDIATE,,CPE_ID,,,,,VALIDATED,"""CPE_ID"" IS NOT NULL"
CURXPES,CSPE_CPE_NULL,C,CHECK,ENABLED,NOT DEFERRABLE,IMMEDIATE,,CSPE_ID,,,,,VALIDATED,"""CSPE_ID"" IS NOT NULL"
CURXPES,CUR_CPE_NULL,C,CHECK,ENABLED,NOT DEFERRABLE,IMMEDIATE,,CUR_ID,,,,,VALIDATED,"""CUR_ID"" IS NOT NULL"
CURXPES,FUN_CPE_NULL,C,CHECK,ENABLED,NOT DEFERRABLE,IMMEDIATE,,FUN_ID,,,,,VALIDATED,"""FUN_ID"" IS NOT NULL"
CURXPES,PES_CPE_NULL,C,CHECK,ENABLED,NOT DEFERRABLE,IMMEDIATE,,PES_ID,,,,,VALIDATED,"""PES_ID"" IS NOT NULL"
CURXPES,CPE_PK,P,PRIMARY KEY,ENABLED,NOT DEFERRABLE,IMMEDIATE,,CPE_ID,,,,,VALIDATED,
CURXPES,CSPE_CPE_FK,R,FOREIGN KEY,ENABLED,NOT DEFERRABLE,IMMEDIATE,CSPE_PK,CSPE_ID,SPE,CENTRO_SPE,CSPE_ID,NO ACTION,VALIDATED,
CURXPES,CUR_CPE_FK,R,FOREIGN KEY,ENABLED,NOT DEFERRABLE,IMMEDIATE,CUR_PK,CUR_ID,SPE,CURSO,CUR_ID,NO ACTION,VALIDATED,
CURXPES,FUN_CPE_FK,R,FOREIGN KEY,ENABLED,NOT DEFERRABLE,IMMEDIATE,FUN_PK,FUN_ID,SPE,FUNCIONARIO,FUN_ID,NO ACTION,VALIDATED,
CURXPES,PES_CPE_FK,R,FOREIGN KEY,ENABLED,NOT DEFERRABLE,IMMEDIATE,PES_PK,PES_ID,SPE,PROGRAMA_ESPECIAL,PES_ID,NO ACTION,VALIDATED,
CURXPES,CURXPES_UK_UC,U,UNIQUE,ENABLED,NOT DEFERRABLE,IMMEDIATE,,"CUR_ID,PES_ID",,,,,VALIDATED,
CUR_ETD_FORMAL,CEF_FCH_REGISTRO_NULL,C,CHECK,ENABLED,NOT DEFERRABLE,IMMEDIATE,,CEF_FCH_REGISTRO,,,,,VALIDATED,"""CEF_FCH_REGISTRO"" IS NOT NULL"
CUR_ETD_FORMAL,CEF_FORMACION_SENA_CHK,C,CHECK,ENABLED,NOT DEFERRABLE,IMMEDIATE,,CEF_FORMACION_SENA,,,,,VALIDATED,"
		CEF_FORMACION_SENA in (0,1)
		"
CUR_ETD_FORMAL,CEF_FORMACION_SENA_NULL,C,CHECK,ENABLED,NOT DEFERRABLE,IMMEDIATE,,CEF_FORMACION_SENA,,,,,VALIDATED,"""CEF_FORMACION_SENA"" IS NOT NULL"
CUR_ETD_FORMAL,CEF_GRADUADO_CHK,C,CHECK,ENABLED,NOT DEFERRABLE,IMMEDIATE,,CEF_GRADUADO,,,,,VALIDATED,"
		CEF_GRADUADO in (0,1)
		"
CUR_ETD_FORMAL,CEF_GRADUADO_NULL,C,CHECK,ENABLED,NOT DEFERRABLE,IMMEDIATE,,CEF_GRADUADO,,,,,VALIDATED,"""CEF_GRADUADO"" IS NOT NULL"
CUR_ETD_FORMAL,CEF_ID_NULL,C,CHECK,ENABLED,NOT DEFERRABLE,IMMEDIATE,,CEF_ID,,,,,VALIDATED,"""CEF_ID"" IS NOT NULL"
CUR_ETD_FORMAL,CEF_NUM_GRADOS_NULL,C,CHECK,ENABLED,NOT DEFERRABLE,IMMEDIATE,,CEF_NUM_GRADOS,,,,,VALIDATED,"""CEF_NUM_GRADOS"" IS NOT NULL"
CUR_ETD_FORMAL,CSPE_CEF_NULL,C,CHECK,ENABLED,NOT DEFERRABLE,IMMEDIATE,,CSPE_ID,,,,,VALIDATED,"""CSPE_ID"" IS NOT NULL"
CUR_ETD_FORMAL,CUR_CEF_NULL,C,CHECK,ENABLED,NOT DEFERRABLE,IMMEDIATE,,CUR_ID,,,,,VALIDATED,"""CUR_ID"" IS NOT NULL"
CUR_ETD_FORMAL,FUN_CEF_NULL,C,CHECK,ENABLED,NOT DEFERRABLE,IMMEDIATE,,FUN_ID,,,,,VALIDATED,"""FUN_ID"" IS NOT NULL"
CUR_ETD_FORMAL,NIA_CEF_NULL,C,CHECK,ENABLED,NOT DEFERRABLE,IMMEDIATE,,NIA_ID,,,,,VALIDATED,"""NIA_ID"" IS NOT NULL"
CUR_ETD_FORMAL,TIT_CEF_NULL,C,CHECK,ENABLED,NOT DEFERRABLE,IMMEDIATE,,TIT_ID,,,,,VALIDATED,"""TIT_ID"" IS NOT NULL"
CUR_ETD_FORMAL,CEF_PK,P,PRIMARY KEY,ENABLED,NOT DEFERRABLE,IMMEDIATE,,CEF_ID,,,,,VALIDATED,
CUR_ETD_FORMAL,CUR_CEF_FK,R,FOREIGN KEY,ENABLED,NOT DEFERRABLE,IMMEDIATE,CUR_PK,CUR_ID,SPE,CURSO,CUR_ID,NO ACTION,VALIDATED,
CUR_ETD_FORMAL,FUN_CEF_FK,R,FOREIGN KEY,ENABLED,NOT DEFERRABLE,IMMEDIATE,FUN_PK,FUN_ID,SPE,FUNCIONARIO,FUN_ID,NO ACTION,VALIDATED,
CUR_ETD_FORMAL,INS_CEF_FK,R,FOREIGN KEY,ENABLED,NOT DEFERRABLE,IMMEDIATE,INS_PK,INS_ID,SPE,INSTITUCION,INS_ID,NO ACTION,VALIDATED,
CUR_ETD_FORMAL,NIA_CEF_FK,R,FOREIGN KEY,ENABLED,NOT DEFERRABLE,IMMEDIATE,NIA_PK,NIA_ID,SPE,NIVEL_ACADEMICO,NIA_ID,NO ACTION,VALIDATED,
CUR_ETD_FORMAL,TIT_CEF_FK,R,FOREIGN KEY,ENABLED,NOT DEFERRABLE,IMMEDIATE,TIT_PK,TIT_ID,SPE,TITULO,TIT_ID,NO ACTION,VALIDATED,
CUR_ETD_FORMAL,CUR_TIT_UK_UC,U,UNIQUE,DISABLED,NOT DEFERRABLE,IMMEDIATE,,"CUR_ID,TIT_ID",,,,,NOT VALIDATED,
CUR_ETD_NO_FORMAL,CNF_FCH_REGISTRO_NULL,C,CHECK,ENABLED,NOT DEFERRABLE,IMMEDIATE,,CNF_FCH_REGISTRO,,,,,VALIDATED,"""CNF_FCH_REGISTRO"" IS NOT NULL"
CUR_ETD_NO_FORMAL,CNF_FORMACION_SENA_CHK,C,CHECK,ENABLED,NOT DEFERRABLE,IMMEDIATE,,CNF_FORMACION_SENA,,,,,VALIDATED,"
		CNF_FORMACION_SENA in (0,1)
		"
CUR_ETD_NO_FORMAL,CNF_FORMACION_SENA_NULL,C,CHECK,ENABLED,NOT DEFERRABLE,IMMEDIATE,,CNF_FORMACION_SENA,,,,,VALIDATED,"""CNF_FORMACION_SENA"" IS NOT NULL"
CUR_ETD_NO_FORMAL,CNF_ID_NULL,C,CHECK,ENABLED,NOT DEFERRABLE,IMMEDIATE,,CNF_ID,,,,,VALIDATED,"""CNF_ID"" IS NOT NULL"
CUR_ETD_NO_FORMAL,CNF_TERMINADO_CHK,C,CHECK,ENABLED,NOT DEFERRABLE,IMMEDIATE,,CNF_TERMINADO,,,,,VALIDATED,"
		CNF_TERMINADO in (0,1)
		"
CUR_ETD_NO_FORMAL,CNF_TERMINADO_NULL,C,CHECK,ENABLED,NOT DEFERRABLE,IMMEDIATE,,CNF_TERMINADO,,,,,VALIDATED,"""CNF_TERMINADO"" IS NOT NULL"
CUR_ETD_NO_FORMAL,CSPE_CNF_NULL,C,CHECK,ENABLED,NOT DEFERRABLE,IMMEDIATE,,CSPE_ID,,,,,VALIDATED,"""CSPE_ID"" IS NOT NULL"
CUR_ETD_NO_FORMAL,CUR_CNF_NULL,C,CHECK,ENABLED,NOT DEFERRABLE,IMMEDIATE,,CUR_ID,,,,,VALIDATED,"""CUR_ID"" IS NOT NULL"
CUR_ETD_NO_FORMAL,ENF_CNF_NULL,C,CHECK,ENABLED,NOT DEFERRABLE,IMMEDIATE,,ENF_ID,,,,,VALIDATED,"""ENF_ID"" IS NOT NULL"
CUR_ETD_NO_FORMAL,FUN_CNF_NULL,C,CHECK,ENABLED,NOT DEFERRABLE,IMMEDIATE,,FUN_ID,,,,,VALIDATED,"""FUN_ID"" IS NOT NULL"
CUR_ETD_NO_FORMAL,CNF_PK,P,PRIMARY KEY,ENABLED,NOT DEFERRABLE,IMMEDIATE,,CNF_ID,,,,,VALIDATED,
CUR_ETD_NO_FORMAL,CSPE_CNF_FK,R,FOREIGN KEY,ENABLED,NOT DEFERRABLE,IMMEDIATE,CSPE_PK,CSPE_ID,SPE,CENTRO_SPE,CSPE_ID,NO ACTION,VALIDATED,
CUR_ETD_NO_FORMAL,CUR_CNF_FK,R,FOREIGN KEY,ENABLED,NOT DEFERRABLE,IMMEDIATE,CUR_PK,CUR_ID,SPE,CURSO,CUR_ID,NO ACTION,VALIDATED,
CUR_ETD_NO_FORMAL,ENF_CNF_FK,R,FOREIGN KEY,ENABLED,NOT DEFERRABLE,IMMEDIATE,ENF_PK,ENF_ID,SPE,ESTUDIO_NO_FORMAL,ENF_ID,NO ACTION,VALIDATED,
CUR_ETD_NO_FORMAL,FUN_CNF_FK,R,FOREIGN KEY,ENABLED,NOT DEFERRABLE,IMMEDIATE,FUN_PK,FUN_ID,SPE,FUNCIONARIO,FUN_ID,NO ACTION,VALIDATED,
CUR_ETD_NO_FORMAL,CUR_ENF_UK_UC,U,UNIQUE,ENABLED,NOT DEFERRABLE,IMMEDIATE,,"CUR_ID,ENF_ID",,,,,VALIDATED,
CUR_IDIOMA,CSPE_CUI_NULL,C,CHECK,ENABLED,NOT DEFERRABLE,IMMEDIATE,,CSPE_ID,,,,,VALIDATED,"""CSPE_ID"" IS NOT NULL"
CUR_IDIOMA,CUI_ESCRIBE_CHK,C,CHECK,ENABLED,NOT DEFERRABLE,IMMEDIATE,,CUI_ESCRIBE,,,,,VALIDATED,"
		CUI_ESCRIBE in (0,1)
		"
CUR_IDIOMA,CUI_ESCRIBE_NULL,C,CHECK,ENABLED,NOT DEFERRABLE,IMMEDIATE,,CUI_ESCRIBE,,,,,VALIDATED,"""CUI_ESCRIBE"" IS NOT NULL"
CUR_IDIOMA,CUI_FCH_REGISTRO_NULL,C,CHECK,ENABLED,NOT DEFERRABLE,IMMEDIATE,,CUI_FCH_REGISTRO,,,,,VALIDATED,"""CUI_FCH_REGISTRO"" IS NOT NULL"
CUR_IDIOMA,CUI_HABLA_CHK,C,CHECK,ENABLED,NOT DEFERRABLE,IMMEDIATE,,CUI_HABLA,,,,,VALIDATED,"
		CUI_HABLA in (0,1)
		"
CUR_IDIOMA,CUI_HABLA_NULL,C,CHECK,ENABLED,NOT DEFERRABLE,IMMEDIATE,,CUI_HABLA,,,,,VALIDATED,"""CUI_HABLA"" IS NOT NULL"
CUR_IDIOMA,CUI_ID_NULL,C,CHECK,ENABLED,NOT DEFERRABLE,IMMEDIATE,,CUI_ID,,,,,VALIDATED,"""CUI_ID"" IS NOT NULL"
CUR_IDIOMA,CUI_LEE_CHK,C,CHECK,ENABLED,NOT DEFERRABLE,IMMEDIATE,,CUI_LEE,,,,,VALIDATED,"
		CUI_LEE in (0,1)
		"
CUR_IDIOMA,CUI_LEE_NULL,C,CHECK,ENABLED,NOT DEFERRABLE,IMMEDIATE,,CUI_LEE,,,,,VALIDATED,"""CUI_LEE"" IS NOT NULL"
CUR_IDIOMA,CUR_CUI_NULL,C,CHECK,ENABLED,NOT DEFERRABLE,IMMEDIATE,,CUR_ID,,,,,VALIDATED,"""CUR_ID"" IS NOT NULL"
CUR_IDIOMA,FUN_CUI_NULL,C,CHECK,ENABLED,NOT DEFERRABLE,IMMEDIATE,,FUN_ID,,,,,VALIDATED,"""FUN_ID"" IS NOT NULL"
CUR_IDIOMA,IDM_CUI_NULL,C,CHECK,ENABLED,NOT DEFERRABLE,IMMEDIATE,,IDM_ID,,,,,VALIDATED,"""IDM_ID"" IS NOT NULL"
CUR_IDIOMA,CUI_PK,P,PRIMARY KEY,ENABLED,NOT DEFERRABLE,IMMEDIATE,,CUI_ID,,,,,VALIDATED,
CUR_IDIOMA,CSPE_CUI_FK,R,FOREIGN KEY,ENABLED,NOT DEFERRABLE,IMMEDIATE,CSPE_PK,CSPE_ID,SPE,CENTRO_SPE,CSPE_ID,NO ACTION,VALIDATED,
CUR_IDIOMA,CUR_IDM_UK,R,FOREIGN KEY,ENABLED,NOT DEFERRABLE,IMMEDIATE,CUR_PK,CUR_ID,SPE,CURSO,CUR_ID,NO ACTION,VALIDATED,
CUR_IDIOMA,FUN_CUI_FK,R,FOREIGN KEY,ENABLED,NOT DEFERRABLE,IMMEDIATE,FUN_PK,FUN_ID,SPE,FUNCIONARIO,FUN_ID,NO ACTION,VALIDATED,
CUR_IDIOMA,IDM_CUI_FK,R,FOREIGN KEY,ENABLED,NOT DEFERRABLE,IMMEDIATE,IDM_PK,IDM_ID,SPE,IDIOMA,IDM_ID,NO ACTION,VALIDATED,
CUR_IDIOMA,CUR_IDM_UK_UC,U,UNIQUE,ENABLED,NOT DEFERRABLE,IMMEDIATE,,"CUR_ID,IDM_ID",,,,,VALIDATED,
CUR_INSTRUCTOR_CORREO,CIC_CLAVE_NULL,C,CHECK,ENABLED,NOT DEFERRABLE,IMMEDIATE,,CIC_CLAVE,,,,,VALIDATED,"""CIC_CLAVE"" IS NOT NULL"
CUR_INSTRUCTOR_CORREO,CIC_ID_NULL,C,CHECK,ENABLED,NOT DEFERRABLE,IMMEDIATE,,CIC_ID,,,,,VALIDATED,"""CIC_ID"" IS NOT NULL"
CUR_INSTRUCTOR_CORREO,CUR_CIC_NULL,C,CHECK,ENABLED,NOT DEFERRABLE,IMMEDIATE,,CUR_ID,,,,,VALIDATED,"""CUR_ID"" IS NOT NULL"
CUR_INSTRUCTOR_CORREO,OFT_CIC_NULL,C,CHECK,ENABLED,NOT DEFERRABLE,IMMEDIATE,,OFT_ID,,,,,VALIDATED,"""OFT_ID"" IS NOT NULL"
CUR_INSTRUCTOR_CORREO,CIC_PK,P,PRIMARY KEY,ENABLED,NOT DEFERRABLE,IMMEDIATE,,CIC_ID,,,,,VALIDATED,
CUR_INSTRUCTOR_CORREO,CUR_CIC_FK,R,FOREIGN KEY,ENABLED,NOT DEFERRABLE,IMMEDIATE,CUR_PK,CUR_ID,SPE,CURSO,CUR_ID,NO ACTION,VALIDATED,
CUR_INSTRUCTOR_CORREO,OFT_CIC_FK,R,FOREIGN KEY,ENABLED,NOT DEFERRABLE,IMMEDIATE,OFT_PK,OFT_ID,SPE,OFERTA,OFT_ID,NO ACTION,VALIDATED,
CUR_INSTRUCTOR_CORREO,CUR_CIC_UK_UC,U,UNIQUE,ENABLED,NOT DEFERRABLE,IMMEDIATE,,CUR_ID,,,,,VALIDATED,
CUR_LICENCIA,CUL_ID_NULL,C,CHECK,ENABLED,NOT DEFERRABLE,IMMEDIATE,,CUL_ID,,,,,VALIDATED,"""CUL_ID"" IS NOT NULL"
CUR_LICENCIA,CUR_CUL_NULL,C,CHECK,ENABLED,NOT DEFERRABLE,IMMEDIATE,,CUR_ID,,,,,VALIDATED,"""CUR_ID"" IS NOT NULL"
CUR_LICENCIA,LIC_CUL_NULL,C,CHECK,ENABLED,NOT DEFERRABLE,IMMEDIATE,,LIC_ID,,,,,VALIDATED,"""LIC_ID"" IS NOT NULL"
CUR_LICENCIA,CUL_PK,P,PRIMARY KEY,ENABLED,NOT DEFERRABLE,IMMEDIATE,,CUL_ID,,,,,VALIDATED,
CUR_LICENCIA,CUR_CUL_FK,R,FOREIGN KEY,ENABLED,NOT DEFERRABLE,IMMEDIATE,CUR_PK,CUR_ID,SPE,CURSO,CUR_ID,NO ACTION,VALIDATED,
CUR_LICENCIA,LIC_CUL_FK,R,FOREIGN KEY,ENABLED,NOT DEFERRABLE,IMMEDIATE,LIC_PK,LIC_ID,SPE,LICENCIA_CONDUCCION,LIC_ID,NO ACTION,VALIDATED,
CUR_LICENCIA,CUR_LIC_UK_UC,U,UNIQUE,ENABLED,NOT DEFERRABLE,IMMEDIATE,,"CUR_ID,LIC_ID",,,,,VALIDATED,
CUR_SISBEN_MPO,CSM_ID_NULL,C,CHECK,ENABLED,NOT DEFERRABLE,IMMEDIATE,,CSM_ID,,,,,VALIDATED,"""CSM_ID"" IS NOT NULL"
CUR_SISBEN_MPO,CUR_CSM_NULL,C,CHECK,ENABLED,NOT DEFERRABLE,IMMEDIATE,,CUR_ID,,,,,VALIDATED,"""CUR_ID"" IS NOT NULL"
CUR_SISBEN_MPO,MPO_CSM_NULL,C,CHECK,ENABLED,NOT DEFERRABLE,IMMEDIATE,,MPO_ID,,,,,VALIDATED,"""MPO_ID"" IS NOT NULL"
CUR_SISBEN_MPO,CSM_PK,P,PRIMARY KEY,ENABLED,NOT DEFERRABLE,IMMEDIATE,,CSM_ID,,,,,VALIDATED,
CUR_SISBEN_MPO,CUR_CSM_FK,R,FOREIGN KEY,ENABLED,NOT DEFERRABLE,IMMEDIATE,CUR_PK,CUR_ID,SPE,CURSO,CUR_ID,NO ACTION,VALIDATED,
CUR_SISBEN_MPO,MPO_CSM_FK,R,FOREIGN KEY,ENABLED,NOT DEFERRABLE,IMMEDIATE,MPO_PK,MPO_ID,SPE,MUNICIPIO,MPO_ID,NO ACTION,VALIDATED,
CUR_SISBEN_MPO,CUR_MPO_UK_UC,U,UNIQUE,ENABLED,NOT DEFERRABLE,IMMEDIATE,,"CUR_ID,MPO_ID",,,,,VALIDATED,
CUR_TALLER,CTA_ID_NULL,C,CHECK,ENABLED,NOT DEFERRABLE,IMMEDIATE,,CTA_ID,,,,,VALIDATED,"""CTA_ID"" IS NOT NULL"
CUR_TALLER,CUR_CTA_NULL,C,CHECK,ENABLED,NOT DEFERRABLE,IMMEDIATE,,CUR_ID,,,,,VALIDATED,"""CUR_ID"" IS NOT NULL"
CUR_TALLER,GUT_CTA_NULL,C,CHECK,ENABLED,NOT DEFERRABLE,IMMEDIATE,,GUT_ID,,,,,VALIDATED,"""GUT_ID"" IS NOT NULL"
CUR_TALLER,CTA_PK,P,PRIMARY KEY,ENABLED,NOT DEFERRABLE,IMMEDIATE,,CTA_ID,,,,,VALIDATED,
CUR_TALLER,CUR_CTA_FK,R,FOREIGN KEY,ENABLED,NOT DEFERRABLE,IMMEDIATE,CUR_PK,CUR_ID,SPE,CURSO,CUR_ID,NO ACTION,VALIDATED,
CUR_TALLER,GUT_CTA_FK,R,FOREIGN KEY,ENABLED,NOT DEFERRABLE,IMMEDIATE,GUT_PK,GUT_ID,SPE,GUIA_TALLER,GUT_ID,NO ACTION,VALIDATED,
CUR_TALLER,CUR_GUT_UK_UC,U,UNIQUE,ENABLED,NOT DEFERRABLE,IMMEDIATE,,"CUR_ID,GUT_ID",,,,,VALIDATED,
CZ_CURSO,CUR_CZC_NULL,C,CHECK,ENABLED,NOT DEFERRABLE,IMMEDIATE,,CUR_ID,,,,,VALIDATED,"""CUR_ID"" IS NOT NULL"
CZ_CURSO,CZC_EDAD_MAX_CHK,C,CHECK,ENABLED,NOT DEFERRABLE,IMMEDIATE,,CZC_EDAD_MAX,,,,,VALIDATED,"
		CZC_EDAD_MAX between 14 and 99
		"
CZ_CURSO,CZC_EDAD_MAX_NULL,C,CHECK,ENABLED,NOT DEFERRABLE,IMMEDIATE,,CZC_EDAD_MAX,,,,,VALIDATED,"""CZC_EDAD_MAX"" IS NOT NULL"
CZ_CURSO,CZC_EDAD_MIN_CHK,C,CHECK,ENABLED,NOT DEFERRABLE,IMMEDIATE,,CZC_EDAD_MIN,,,,,VALIDATED,"
		CZC_EDAD_MIN between 14 and 99
		"
CZ_CURSO,CZC_EDAD_MIN_NULL,C,CHECK,ENABLED,NOT DEFERRABLE,IMMEDIATE,,CZC_EDAD_MIN,,,,,VALIDATED,"""CZC_EDAD_MIN"" IS NOT NULL"
CZ_CURSO,CZC_GENERO_CHK,C,CHECK,ENABLED,NOT DEFERRABLE,IMMEDIATE,,CZC_GENERO,,,,,VALIDATED,"
		CZC_GENERO in (0,1,2)
		"
CZ_CURSO,CZC_GENERO_NULL,C,CHECK,ENABLED,NOT DEFERRABLE,IMMEDIATE,,CZC_GENERO,,,,,VALIDATED,"""CZC_GENERO"" IS NOT NULL"
CZ_CURSO,CZC_LIB_MILITAR_CHK,C,CHECK,ENABLED,NOT DEFERRABLE,IMMEDIATE,,CZC_LIB_MILITAR,,,,,VALIDATED,"
		CZC_LIB_MILITAR in (0,1,2)
		"
CZ_CURSO,CZC_LIB_MILITAR_NULL,C,CHECK,ENABLED,NOT DEFERRABLE,IMMEDIATE,,CZC_LIB_MILITAR,,,,,VALIDATED,"""CZC_LIB_MILITAR"" IS NOT NULL"
CZ_CURSO,CZC_SISBEN_NIV_FIN_CHK,C,CHECK,ENABLED,NOT DEFERRABLE,IMMEDIATE,,CZC_SISBEN_NIV_FIN,,,,,VALIDATED,"
		CZC_SISBEN_NIV_FIN between 1 and 6
		"
CZ_CURSO,CZC_SISBEN_NIV_INI_CHK,C,CHECK,ENABLED,NOT DEFERRABLE,IMMEDIATE,,CZC_SISBEN_NIV_INI,,,,,VALIDATED,"
		CZC_SISBEN_NIV_INI between 1 and 6
		"
CZ_CURSO,CZC_SISBEN_TIPO_CHK,C,CHECK,ENABLED,NOT DEFERRABLE,IMMEDIATE,,CZC_SISBEN_TIPO,,,,,VALIDATED,"
		CZC_SISBEN_TIPO in (0,1,2)
		"
CZ_CURSO,ESC_CZC_NULL,C,CHECK,ENABLED,NOT DEFERRABLE,IMMEDIATE,,ESC_ID,,,,,VALIDATED,"""ESC_ID"" IS NOT NULL"
CZ_CURSO,REG_CZC_NULL,C,CHECK,ENABLED,NOT DEFERRABLE,IMMEDIATE,,REG_ID,,,,,VALIDATED,"""REG_ID"" IS NOT NULL"
CZ_CURSO,CZC_PK,P,PRIMARY KEY,ENABLED,NOT DEFERRABLE,IMMEDIATE,,CUR_ID,,,,,VALIDATED,
CZ_CURSO,CUR_CZC_FK,R,FOREIGN KEY,ENABLED,NOT DEFERRABLE,IMMEDIATE,CUR_PK,CUR_ID,SPE,CURSO,CUR_ID,NO ACTION,VALIDATED,
CZ_CURSO,ESC_CZC_FK,R,FOREIGN KEY,ENABLED,NOT DEFERRABLE,IMMEDIATE,ESC_PK,ESC_ID,SPE,ESTADO_CIVIL,ESC_ID,NO ACTION,VALIDATED,
CZ_CURSO,ETR_FIN_CZC_FK,R,FOREIGN KEY,ENABLED,NOT DEFERRABLE,IMMEDIATE,ETR_PK,ETR_FIN,SPE,ESTRATO,ETR_ID,NO ACTION,VALIDATED,
CZ_CURSO,ETR_INI_CZC_FK,R,FOREIGN KEY,ENABLED,NOT DEFERRABLE,IMMEDIATE,ETR_PK,ETR_INI,SPE,ESTRATO,ETR_ID,NO ACTION,VALIDATED,
CZ_CURSO,PSF_CZC_FK,R,FOREIGN KEY,ENABLED,NOT DEFERRABLE,IMMEDIATE,PSF_PK,PSF_ID,SPE,POSICION_FAMILIAR,PSF_ID,NO ACTION,VALIDATED,
CZ_CURSO,REG_CZC_FK,R,FOREIGN KEY,ENABLED,NOT DEFERRABLE,IMMEDIATE,REG_PK,REG_ID,SPE,REGIONAL,REG_ID,NO ACTION,VALIDATED,
CZ_CURXCNO,CCC_MESES_EXP_NULL,C,CHECK,ENABLED,NOT DEFERRABLE,IMMEDIATE,,CCC_MESES_EXP,,,,,VALIDATED,"""CCC_MESES_EXP"" IS NOT NULL"
CZ_CURXCNO,CNO_CCC_NULL,C,CHECK,ENABLED,NOT DEFERRABLE,IMMEDIATE,,CNO_ID,,,,,VALIDATED,"""CNO_ID"" IS NOT NULL"
CZ_CURXCNO,CUR_CCC_NULL,C,CHECK,ENABLED,NOT DEFERRABLE,IMMEDIATE,,CUR_ID,,,,,VALIDATED,"""CUR_ID"" IS NOT NULL"
CZ_CURXCNO,CUR_CCC_FK,R,FOREIGN KEY,ENABLED,NOT DEFERRABLE,IMMEDIATE,CUR_PK,CUR_ID,SPE,CURSO,CUR_ID,NO ACTION,VALIDATED,
CZ_CURXCNO,CZ_CURXCNO_UK_UC,U,UNIQUE,ENABLED,NOT DEFERRABLE,IMMEDIATE,,"CUR_ID,CNO_ID",,,,,VALIDATED,
CZ_CURXPES,CUR_CCP_NULL,C,CHECK,ENABLED,NOT DEFERRABLE,IMMEDIATE,,CUR_ID,,,,,VALIDATED,"""CUR_ID"" IS NOT NULL"
CZ_CURXPES,PES_CCP_NULL,C,CHECK,ENABLED,NOT DEFERRABLE,IMMEDIATE,,PES_ID,,,,,VALIDATED,"""PES_ID"" IS NOT NULL"
CZ_CURXPES,CUR_CCP_FK,R,FOREIGN KEY,ENABLED,NOT DEFERRABLE,IMMEDIATE,CUR_PK,CUR_ID,SPE,CURSO,CUR_ID,NO ACTION,VALIDATED,
CZ_CURXPES,PES_CCP_FK,R,FOREIGN KEY,ENABLED,NOT DEFERRABLE,IMMEDIATE,PES_PK,PES_ID,SPE,PROGRAMA_ESPECIAL,PES_ID,NO ACTION,VALIDATED,
CZ_CURXPES,CZ_CURXPES_UK_UC,U,UNIQUE,ENABLED,NOT DEFERRABLE,IMMEDIATE,,"CUR_ID,PES_ID",,,,,VALIDATED,
CZ_CUR_ETD_FORM,CCF_FORMACION_SENA_CHK,C,CHECK,ENABLED,NOT DEFERRABLE,IMMEDIATE,,CCF_FORMACION_SENA,,,,,VALIDATED,"
		CCF_FORMACION_SENA in (0,1)
		"
CZ_CUR_ETD_FORM,CCF_FORMACION_SENA_NULL,C,CHECK,ENABLED,NOT DEFERRABLE,IMMEDIATE,,CCF_FORMACION_SENA,,,,,VALIDATED,"""CCF_FORMACION_SENA"" IS NOT NULL"
CZ_CUR_ETD_FORM,CCF_GRADUADO_CHK,C,CHECK,ENABLED,NOT DEFERRABLE,IMMEDIATE,,CCF_GRADUADO,,,,,VALIDATED,"
		CCF_GRADUADO in (0,1)
		"
CZ_CUR_ETD_FORM,CCF_GRADUADO_NULL,C,CHECK,ENABLED,NOT DEFERRABLE,IMMEDIATE,,CCF_GRADUADO,,,,,VALIDATED,"""CCF_GRADUADO"" IS NOT NULL"
CZ_CUR_ETD_FORM,CCF_NUM_GRADOS_NULL,C,CHECK,ENABLED,NOT DEFERRABLE,IMMEDIATE,,CCF_NUM_GRADOS,,,,,VALIDATED,"""CCF_NUM_GRADOS"" IS NOT NULL"
CZ_CUR_ETD_FORM,CUR_CCF_NULL,C,CHECK,ENABLED,NOT DEFERRABLE,IMMEDIATE,,CUR_ID,,,,,VALIDATED,"""CUR_ID"" IS NOT NULL"
CZ_CUR_ETD_FORM,NIO_CCF_NULL,C,CHECK,ENABLED,NOT DEFERRABLE,IMMEDIATE,,NIA_ORDEN,,,,,VALIDATED,"""NIA_ORDEN"" IS NOT NULL"
CZ_CUR_ETD_FORM,TIT_CCF_NULL,C,CHECK,ENABLED,NOT DEFERRABLE,IMMEDIATE,,TIT_ID,,,,,VALIDATED,"""TIT_ID"" IS NOT NULL"
CZ_CUR_ETD_FORM,CUR_CCF_FK,R,FOREIGN KEY,ENABLED,NOT DEFERRABLE,IMMEDIATE,CUR_PK,CUR_ID,SPE,CURSO,CUR_ID,NO ACTION,VALIDATED,
CZ_CUR_ETD_FORM,INS_CCF_FK,R,FOREIGN KEY,ENABLED,NOT DEFERRABLE,IMMEDIATE,INS_PK,INS_ID,SPE,INSTITUCION,INS_ID,NO ACTION,VALIDATED,
CZ_CUR_ETD_FORM,NIO_CCF_FK,R,FOREIGN KEY,ENABLED,NOT DEFERRABLE,IMMEDIATE,NIA_ORDEN_UK_UC,NIA_ORDEN,SPE,NIVEL_ACADEMICO,NIA_ORDEN,NO ACTION,VALIDATED,
CZ_CUR_ETD_FORM,TIT_CCF_FK,R,FOREIGN KEY,ENABLED,NOT DEFERRABLE,IMMEDIATE,TIT_PK,TIT_ID,SPE,TITULO,TIT_ID,NO ACTION,VALIDATED,
CZ_CUR_ETD_FORM,CZ_CURXTIT_UK_UC,U,UNIQUE,ENABLED,NOT DEFERRABLE,IMMEDIATE,,"CUR_ID,TIT_ID",,,,,VALIDATED,
CZ_CUR_ETD_NFORM,CCN_FORMACION_SENA_CHK,C,CHECK,ENABLED,NOT DEFERRABLE,IMMEDIATE,,CCN_FORMACION_SENA,,,,,VALIDATED,"
		CCN_FORMACION_SENA in (0,1)
		"
CZ_CUR_ETD_NFORM,CCN_FORMACION_SENA_NULL,C,CHECK,ENABLED,NOT DEFERRABLE,IMMEDIATE,,CCN_FORMACION_SENA,,,,,VALIDATED,"""CCN_FORMACION_SENA"" IS NOT NULL"
CZ_CUR_ETD_NFORM,CCN_TERMINADO_CHK,C,CHECK,ENABLED,NOT DEFERRABLE,IMMEDIATE,,CCN_TERMINADO,,,,,VALIDATED,"
		CCN_TERMINADO in (0,1)
		"
CZ_CUR_ETD_NFORM,CCN_TERMINADO_NULL,C,CHECK,ENABLED,NOT DEFERRABLE,IMMEDIATE,,CCN_TERMINADO,,,,,VALIDATED,"""CCN_TERMINADO"" IS NOT NULL"
CZ_CUR_ETD_NFORM,CUR_CCN_NULL,C,CHECK,ENABLED,NOT DEFERRABLE,IMMEDIATE,,CUR_ID,,,,,VALIDATED,"""CUR_ID"" IS NOT NULL"
CZ_CUR_ETD_NFORM,ENF_CCN_NULL,C,CHECK,ENABLED,NOT DEFERRABLE,IMMEDIATE,,ENF_ID,,,,,VALIDATED,"""ENF_ID"" IS NOT NULL"
CZ_CUR_ETD_NFORM,CUR_CCN_FK,R,FOREIGN KEY,ENABLED,NOT DEFERRABLE,IMMEDIATE,CUR_PK,CUR_ID,SPE,CURSO,CUR_ID,NO ACTION,VALIDATED,
CZ_CUR_ETD_NFORM,ENF_CCN_FK,R,FOREIGN KEY,ENABLED,NOT DEFERRABLE,IMMEDIATE,ENF_PK,ENF_ID,SPE,ESTUDIO_NO_FORMAL,ENF_ID,NO ACTION,VALIDATED,
CZ_CUR_ETD_NFORM,CZ_CURXENF_UK_UC,U,UNIQUE,ENABLED,NOT DEFERRABLE,IMMEDIATE,,"CUR_ID,ENF_ID",,,,,VALIDATED,
CZ_CUR_IDIOMA,CCI_ESCRIBE_CHK,C,CHECK,ENABLED,NOT DEFERRABLE,IMMEDIATE,,CCI_ESCRIBE,,,,,VALIDATED,"
		CCI_ESCRIBE in (0,1)
		"
CZ_CUR_IDIOMA,CCI_ESCRIBE_NULL,C,CHECK,ENABLED,NOT DEFERRABLE,IMMEDIATE,,CCI_ESCRIBE,,,,,VALIDATED,"""CCI_ESCRIBE"" IS NOT NULL"
CZ_CUR_IDIOMA,CCI_HABLA_CHK,C,CHECK,ENABLED,NOT DEFERRABLE,IMMEDIATE,,CCI_HABLA,,,,,VALIDATED,"
		CCI_HABLA in (0,1)
		"
CZ_CUR_IDIOMA,CCI_HABLA_NULL,C,CHECK,ENABLED,NOT DEFERRABLE,IMMEDIATE,,CCI_HABLA,,,,,VALIDATED,"""CCI_HABLA"" IS NOT NULL"
CZ_CUR_IDIOMA,CCI_LEE_CHK,C,CHECK,ENABLED,NOT DEFERRABLE,IMMEDIATE,,CCI_LEE,,,,,VALIDATED,"
		CCI_LEE in (0,1)
		"
CZ_CUR_IDIOMA,CCI_LEE_NULL,C,CHECK,ENABLED,NOT DEFERRABLE,IMMEDIATE,,CCI_LEE,,,,,VALIDATED,"""CCI_LEE"" IS NOT NULL"
CZ_CUR_IDIOMA,CUR_CCI_NULL,C,CHECK,ENABLED,NOT DEFERRABLE,IMMEDIATE,,CUR_ID,,,,,VALIDATED,"""CUR_ID"" IS NOT NULL"
CZ_CUR_IDIOMA,IDM_CCI_NULL,C,CHECK,ENABLED,NOT DEFERRABLE,IMMEDIATE,,IDM_ID,,,,,VALIDATED,"""IDM_ID"" IS NOT NULL"
CZ_CUR_IDIOMA,CUR_CCI_FK,R,FOREIGN KEY,ENABLED,NOT DEFERRABLE,IMMEDIATE,CUR_PK,CUR_ID,SPE,CURSO,CUR_ID,NO ACTION,VALIDATED,
CZ_CUR_IDIOMA,IDM_CCI_FK,R,FOREIGN KEY,ENABLED,NOT DEFERRABLE,IMMEDIATE,IDM_PK,IDM_ID,SPE,IDIOMA,IDM_ID,NO ACTION,VALIDATED,
CZ_CUR_IDIOMA,CZ_CURXIDM_UK_UC,U,UNIQUE,ENABLED,NOT DEFERRABLE,IMMEDIATE,,"CUR_ID,IDM_ID",,,,,VALIDATED,
CZ_CUR_LICENCIA,CUR_CCL_NULL,C,CHECK,ENABLED,NOT DEFERRABLE,IMMEDIATE,,CUR_ID,,,,,VALIDATED,"""CUR_ID"" IS NOT NULL"
CZ_CUR_LICENCIA,LIC_CCL_NULL,C,CHECK,ENABLED,NOT DEFERRABLE,IMMEDIATE,,LIC_ID,,,,,VALIDATED,"""LIC_ID"" IS NOT NULL"
CZ_CUR_LICENCIA,CUR_CCL_FK,R,FOREIGN KEY,ENABLED,NOT DEFERRABLE,IMMEDIATE,CUR_PK,CUR_ID,SPE,CURSO,CUR_ID,NO ACTION,VALIDATED,
CZ_CUR_LICENCIA,LIC_CCL_FK,R,FOREIGN KEY,ENABLED,NOT DEFERRABLE,IMMEDIATE,LIC_PK,LIC_ID,SPE,LICENCIA_CONDUCCION,LIC_ID,NO ACTION,VALIDATED,
CZ_CUR_LICENCIA,CZ_CURXLIC_UK_UC,U,UNIQUE,ENABLED,NOT DEFERRABLE,IMMEDIATE,,"CUR_ID,LIC_ID",,,,,VALIDATED,
CZ_CUR_SISBEN_MPO,CUR_CCM_NULL,C,CHECK,ENABLED,NOT DEFERRABLE,IMMEDIATE,,CUR_ID,,,,,VALIDATED,"""CUR_ID"" IS NOT NULL"
CZ_CUR_SISBEN_MPO,MPO_CCM_NULL,C,CHECK,ENABLED,NOT DEFERRABLE,IMMEDIATE,,MPO_ID,,,,,VALIDATED,"""MPO_ID"" IS NOT NULL"
CZ_CUR_SISBEN_MPO,CUR_CCM_FK,R,FOREIGN KEY,ENABLED,NOT DEFERRABLE,IMMEDIATE,CUR_PK,CUR_ID,SPE,CURSO,CUR_ID,NO ACTION,VALIDATED,
CZ_CUR_SISBEN_MPO,MPO_CCM_FK,R,FOREIGN KEY,ENABLED,NOT DEFERRABLE,IMMEDIATE,MPO_PK,MPO_ID,SPE,MUNICIPIO,MPO_ID,NO ACTION,VALIDATED,
CZ_CUR_SISBEN_MPO,CZ_CURXMPO_UK_UC,U,UNIQUE,ENABLED,NOT DEFERRABLE,IMMEDIATE,,"CUR_ID,MPO_ID",,,,,VALIDATED,
CZ_CUR_TALLER,CUR_CCT_NULL,C,CHECK,ENABLED,NOT DEFERRABLE,IMMEDIATE,,CUR_ID,,,,,VALIDATED,"""CUR_ID"" IS NOT NULL"
CZ_CUR_TALLER,GUT_CCT_NULL,C,CHECK,ENABLED,NOT DEFERRABLE,IMMEDIATE,,GUT_ID,,,,,VALIDATED,"""GUT_ID"" IS NOT NULL"
CZ_CUR_TALLER,CUR_CCT_FK,R,FOREIGN KEY,ENABLED,NOT DEFERRABLE,IMMEDIATE,CUR_PK,CUR_ID,SPE,CURSO,CUR_ID,NO ACTION,VALIDATED,
CZ_CUR_TALLER,GUT_CCT_FK,R,FOREIGN KEY,ENABLED,NOT DEFERRABLE,IMMEDIATE,GUT_PK,GUT_ID,SPE,GUIA_TALLER,GUT_ID,NO ACTION,VALIDATED,
CZ_CUR_TALLER,CUR_GUT_CCT_UK_UC,U,UNIQUE,ENABLED,NOT DEFERRABLE,IMMEDIATE,,"CUR_ID,GUT_ID",,,,,VALIDATED,
CZ_DEMANDA,CNO_CZD_NULL,C,CHECK,ENABLED,NOT DEFERRABLE,IMMEDIATE,,CNO_ID,,,,,VALIDATED,"""CNO_ID"" IS NOT NULL"
CZ_DEMANDA,CZD_DATOS_SOPORTADOS_CHK,C,CHECK,ENABLED,NOT DEFERRABLE,IMMEDIATE,,CDE_DATOS_SOPORTADOS,,,,,VALIDATED,"
  CDE_DATOS_SOPORTADOS IN (0,1)
  "
CZ_DEMANDA,CZD_DATOS_SOPORTADOS_NULL,C,CHECK,ENABLED,NOT DEFERRABLE,IMMEDIATE,,CDE_DATOS_SOPORTADOS,,,,,VALIDATED,"""CDE_DATOS_SOPORTADOS"" IS NOT NULL"
CZ_DEMANDA,CZD_LIB_MILITAR_CHK,C,CHECK,ENABLED,NOT DEFERRABLE,IMMEDIATE,,CDE_LIB_MILITAR,,,,,VALIDATED,"
  CDE_LIB_MILITAR IN (0,1,2)
  "
CZ_DEMANDA,CZD_LIB_MILITAR_NULL,C,CHECK,ENABLED,NOT DEFERRABLE,IMMEDIATE,,CDE_LIB_MILITAR,,,,,VALIDATED,"""CDE_LIB_MILITAR"" IS NOT NULL"
CZ_DEMANDA,CZD_MESES_EXP_NULL,C,CHECK,ENABLED,NOT DEFERRABLE,IMMEDIATE,,CDE_MESES_EXP,,,,,VALIDATED,"""CDE_MESES_EXP"" IS NOT NULL"
CZ_DEMANDA,CZ_DEM_ADMITE_POSTULACION_CHK,C,CHECK,ENABLED,NOT DEFERRABLE,IMMEDIATE,,ADMITE_POSTULACION,,,,,VALIDATED,"
  ADMITE_POSTULACION IN (0,1)
  "
CZ_DEMANDA,DEM_CZD_NULL,C,CHECK,ENABLED,NOT DEFERRABLE,IMMEDIATE,,DEM_ID,,,,,VALIDATED,"""DEM_ID"" IS NOT NULL"
CZ_DEMANDA,ESC_CZD_NULL,C,CHECK,ENABLED,NOT DEFERRABLE,IMMEDIATE,,ESC_ID,,,,,VALIDATED,"""ESC_ID"" IS NOT NULL"
CZ_DEMANDA,IND_CZD_NULL,C,CHECK,ENABLED,NOT DEFERRABLE,IMMEDIATE,,IND_ID,,,,,VALIDATED,IND_ID IS NOT NULL
CZ_DEMANDA,REG_CZD_NULL,C,CHECK,ENABLED,NOT DEFERRABLE,IMMEDIATE,,REG_ID,,,,,VALIDATED,"""REG_ID"" IS NOT NULL"
CZ_DEMANDA,SYS_C0023535,C,CHECK,ENABLED,NOT DEFERRABLE,IMMEDIATE,,IND_ID,,,,,VALIDATED,"""IND_ID"" IS NOT NULL"
CZ_DEMANDA,SYS_C0023536,C,CHECK,ENABLED,NOT DEFERRABLE,IMMEDIATE,,ADMITE_POSTULACION,,,,,VALIDATED,"""ADMITE_POSTULACION"" IS NOT NULL"
CZ_DEMANDA,CZD_PK,P,PRIMARY KEY,ENABLED,NOT DEFERRABLE,IMMEDIATE,,DEM_ID,,,,,VALIDATED,
CZ_DEMANDA,BAR_RESIDENCIA_CZD_FK,R,FOREIGN KEY,ENABLED,NOT DEFERRABLE,IMMEDIATE,BAR_PK,BAR_ID_RESIDENCIA,SPE,BARRIO,BAR_ID,NO ACTION,VALIDATED,
CZ_DEMANDA,DEM_CZD_FK,R,FOREIGN KEY,ENABLED,NOT DEFERRABLE,IMMEDIATE,DEM_PK,DEM_ID,SPE,DEMANDA,DEM_ID,NO ACTION,VALIDATED,
CZ_DEMANDA,DPT_RESIDENCIA_CZD_FK,R,FOREIGN KEY,ENABLED,NOT DEFERRABLE,IMMEDIATE,DPT_PK,DPT_ID_RESIDENCIA,SPE,DEPARTAMENTO,DPT_ID,NO ACTION,VALIDATED,
CZ_DEMANDA,ESC_CZD_FK,R,FOREIGN KEY,ENABLED,NOT DEFERRABLE,IMMEDIATE,ESC_PK,ESC_ID,SPE,ESTADO_CIVIL,ESC_ID,NO ACTION,VALIDATED,
CZ_DEMANDA,IND_CZD_FK,R,FOREIGN KEY,ENABLED,NOT DEFERRABLE,IMMEDIATE,IND_PK,IND_ID,SPE,INDICE,IND_ID,NO ACTION,VALIDATED,
CZ_DEMANDA,MPO_RESIDENCIA_CZD_FK,R,FOREIGN KEY,ENABLED,NOT DEFERRABLE,IMMEDIATE,MPO_PK,MPO_ID_RESIDENCIA,SPE,MUNICIPIO,MPO_ID,NO ACTION,VALIDATED,
CZ_DEMANDA,PAI_RESIDENCIA_CZD_FK,R,FOREIGN KEY,ENABLED,NOT DEFERRABLE,IMMEDIATE,PAI_PK,PAI_ID_RESIDENCIA,SPE,PAIS,PAI_ID,NO ACTION,VALIDATED,
CZ_DEMANDA,REG_CZD_FK,R,FOREIGN KEY,ENABLED,NOT DEFERRABLE,IMMEDIATE,REG_PK,REG_ID,SPE,REGIONAL,REG_ID,NO ACTION,VALIDATED,
CZ_DEMANDA,ZON_RESIDENCIA_CZD_FK,R,FOREIGN KEY,ENABLED,NOT DEFERRABLE,IMMEDIATE,ZON_PK,ZON_ID_RESIDENCIA,SPE,ZONA,ZON_ID,NO ACTION,VALIDATED,
CZ_DEMANDA$REORG,CNO_CZD_NULL$REORG0,C,CHECK,ENABLED,NOT DEFERRABLE,IMMEDIATE,,CNO_ID,,,,,VALIDATED,"""CNO_ID"" IS NOT NULL"
CZ_DEMANDA$REORG,CZD_DATOS_SOPORTADOS_CH$REORG0,C,CHECK,ENABLED,NOT DEFERRABLE,IMMEDIATE,,CDE_DATOS_SOPORTADOS,,,,,VALIDATED,"
		CDE_DATOS_SOPORTADOS in (0,1)
		"
CZ_DEMANDA$REORG,CZD_DATOS_SOPORTADOS_NU$REORG0,C,CHECK,ENABLED,NOT DEFERRABLE,IMMEDIATE,,CDE_DATOS_SOPORTADOS,,,,,VALIDATED,"""CDE_DATOS_SOPORTADOS"" IS NOT NULL"
CZ_DEMANDA$REORG,CZD_LIB_MILITAR_CHK$REORG0,C,CHECK,ENABLED,NOT DEFERRABLE,IMMEDIATE,,CDE_LIB_MILITAR,,,,,VALIDATED,"
		CDE_LIB_MILITAR in (0,1,2)
		"
CZ_DEMANDA$REORG,CZD_LIB_MILITAR_NULL$REORG0,C,CHECK,ENABLED,NOT DEFERRABLE,IMMEDIATE,,CDE_LIB_MILITAR,,,,,VALIDATED,"""CDE_LIB_MILITAR"" IS NOT NULL"
CZ_DEMANDA$REORG,CZD_MESES_EXP_NULL$REORG0,C,CHECK,ENABLED,NOT DEFERRABLE,IMMEDIATE,,CDE_MESES_EXP,,,,,VALIDATED,"""CDE_MESES_EXP"" IS NOT NULL"
CZ_DEMANDA$REORG,ESC_CZD_NULL$REORG0,C,CHECK,ENABLED,NOT DEFERRABLE,IMMEDIATE,,ESC_ID,,,,,VALIDATED,"""ESC_ID"" IS NOT NULL"
CZ_DEMANDA$REORG,REG_CZD_NULL$REORG0,C,CHECK,ENABLED,NOT DEFERRABLE,IMMEDIATE,,REG_ID,,,,,VALIDATED,"""REG_ID"" IS NOT NULL"
CZ_DEMANDA$REORG,CZD_PK$REORG0,P,PRIMARY KEY,ENABLED,NOT DEFERRABLE,IMMEDIATE,,DEM_ID,,,,,VALIDATED,
CZ_DEMANDA$REORG,CNO_CZD_FK$REORG0,R,FOREIGN KEY,DISABLED,NOT DEFERRABLE,IMMEDIATE,CNO_PK,CNO_ID,SPE,CNO,CNO_ID,NO ACTION,NOT VALIDATED,
CZ_DEMANDA$REORG,DEM_CZD_FK$REORG0,R,FOREIGN KEY,DISABLED,NOT DEFERRABLE,IMMEDIATE,DEM_PK,DEM_ID,SPE,DEMANDA,DEM_ID,NO ACTION,NOT VALIDATED,
CZ_DEMANDA$REORG,DPT_RESIDENCIA_CZD_FK$REORG0,R,FOREIGN KEY,DISABLED,NOT DEFERRABLE,IMMEDIATE,DPT_PK,DPT_ID_RESIDENCIA,SPE,DEPARTAMENTO,DPT_ID,NO ACTION,NOT VALIDATED,
CZ_DEMANDA$REORG,ESC_CZD_FK$REORG0,R,FOREIGN KEY,DISABLED,NOT DEFERRABLE,IMMEDIATE,ESC_PK,ESC_ID,SPE,ESTADO_CIVIL,ESC_ID,NO ACTION,NOT VALIDATED,
CZ_DEMANDA$REORG,MPO_RESIDENCIA_CZD_FK$REORG0,R,FOREIGN KEY,DISABLED,NOT DEFERRABLE,IMMEDIATE,MPO_PK,MPO_ID_RESIDENCIA,SPE,MUNICIPIO,MPO_ID,NO ACTION,NOT VALIDATED,
CZ_DEMANDA$REORG,PAI_RESIDENCIA_CZD_FK$REORG0,R,FOREIGN KEY,DISABLED,NOT DEFERRABLE,IMMEDIATE,PAI_PK,PAI_ID_RESIDENCIA,SPE,PAIS,PAI_ID,NO ACTION,NOT VALIDATED,
CZ_DEMANDA$REORG,REG_CZD_FK$REORG0,R,FOREIGN KEY,DISABLED,NOT DEFERRABLE,IMMEDIATE,REG_PK,REG_ID,SPE,REGIONAL,REG_ID,NO ACTION,NOT VALIDATED,
CZ_DEMXPES,DEM_CDP_NULL,C,CHECK,ENABLED,NOT DEFERRABLE,IMMEDIATE,,DEM_ID,,,,,VALIDATED,"""DEM_ID"" IS NOT NULL"
CZ_DEMXPES,PES_CDP_NULL,C,CHECK,ENABLED,NOT DEFERRABLE,IMMEDIATE,,PES_ID,,,,,VALIDATED,"""PES_ID"" IS NOT NULL"
CZ_DEMXPES,DEM_CDP_FK,R,FOREIGN KEY,ENABLED,NOT DEFERRABLE,IMMEDIATE,DEM_PK,DEM_ID,SPE,DEMANDA,DEM_ID,NO ACTION,VALIDATED,
CZ_DEMXPES,PES_CDP_FK,R,FOREIGN KEY,ENABLED,NOT DEFERRABLE,IMMEDIATE,PES_PK,PES_ID,SPE,PROGRAMA_ESPECIAL,PES_ID,NO ACTION,VALIDATED,
CZ_DEMXPES,CZ_DEMXPES_UK_UC,U,UNIQUE,ENABLED,NOT DEFERRABLE,IMMEDIATE,,"DEM_ID,PES_ID",,,,,VALIDATED,
CZ_DEM_ETD_FORM,CDF_FORMACION_SENA_CHK,C,CHECK,ENABLED,NOT DEFERRABLE,IMMEDIATE,,CDF_FORMACION_SENA,,,,,VALIDATED,"
		CDF_FORMACION_SENA in (0,1)
		"
CZ_DEM_ETD_FORM,CDF_FORMACION_SENA_NULL,C,CHECK,ENABLED,NOT DEFERRABLE,IMMEDIATE,,CDF_FORMACION_SENA,,,,,VALIDATED,"""CDF_FORMACION_SENA"" IS NOT NULL"
CZ_DEM_ETD_FORM,CDF_GRADUADO_CHK,C,CHECK,ENABLED,NOT DEFERRABLE,IMMEDIATE,,CDF_GRADUADO,,,,,VALIDATED,"
		CDF_GRADUADO in (0,1)
		"
CZ_DEM_ETD_FORM,CDF_GRADUADO_NULL,C,CHECK,ENABLED,NOT DEFERRABLE,IMMEDIATE,,CDF_GRADUADO,,,,,VALIDATED,"""CDF_GRADUADO"" IS NOT NULL"
CZ_DEM_ETD_FORM,CDF_NUM_GRADOS_NULL,C,CHECK,ENABLED,NOT DEFERRABLE,IMMEDIATE,,CDF_NUM_GRADOS,,,,,VALIDATED,"""CDF_NUM_GRADOS"" IS NOT NULL"
CZ_DEM_ETD_FORM,DEM_CDF_NULL,C,CHECK,ENABLED,NOT DEFERRABLE,IMMEDIATE,,DEM_ID,,,,,VALIDATED,"""DEM_ID"" IS NOT NULL"
CZ_DEM_ETD_FORM,NIO_CDF_NULL,C,CHECK,ENABLED,NOT DEFERRABLE,IMMEDIATE,,NIA_ORDEN,,,,,VALIDATED,"""NIA_ORDEN"" IS NOT NULL"
CZ_DEM_ETD_FORM,TIT_CDF_NULL,C,CHECK,ENABLED,NOT DEFERRABLE,IMMEDIATE,,TIT_ID,,,,,VALIDATED,"""TIT_ID"" IS NOT NULL"
CZ_DEM_ETD_FORM,DEM_CDF_FK,R,FOREIGN KEY,ENABLED,NOT DEFERRABLE,IMMEDIATE,DEM_PK,DEM_ID,SPE,DEMANDA,DEM_ID,NO ACTION,VALIDATED,
CZ_DEM_ETD_FORM,INS_CDF_FK,R,FOREIGN KEY,ENABLED,NOT DEFERRABLE,IMMEDIATE,INS_PK,INS_ID,SPE,INSTITUCION,INS_ID,NO ACTION,VALIDATED,
CZ_DEM_ETD_FORM,NIO_CDF_FK,R,FOREIGN KEY,ENABLED,NOT DEFERRABLE,IMMEDIATE,NIA_ORDEN_UK_UC,NIA_ORDEN,SPE,NIVEL_ACADEMICO,NIA_ORDEN,NO ACTION,VALIDATED,
CZ_DEM_ETD_FORM,TIT_CDF_FK,R,FOREIGN KEY,ENABLED,NOT DEFERRABLE,IMMEDIATE,TIT_PK,TIT_ID,SPE,TITULO,TIT_ID,NO ACTION,VALIDATED,
CZ_DEM_ETD_FORM,CZ_DEMXTIT_UK_UC,U,UNIQUE,DISABLED,NOT DEFERRABLE,IMMEDIATE,,"DEM_ID,TIT_ID,INS_ID",,,,,NOT VALIDATED,
CZ_DEM_ETD_NFORM,CDN_FORMACION_SENA_CHK,C,CHECK,ENABLED,NOT DEFERRABLE,IMMEDIATE,,CDN_FORMACION_SENA,,,,,VALIDATED,"
		CDN_FORMACION_SENA in (0,1)
		"
CZ_DEM_ETD_NFORM,CDN_FORMACION_SENA_NULL,C,CHECK,ENABLED,NOT DEFERRABLE,IMMEDIATE,,CDN_FORMACION_SENA,,,,,VALIDATED,"""CDN_FORMACION_SENA"" IS NOT NULL"
CZ_DEM_ETD_NFORM,CDN_TERMINADO_CHK,C,CHECK,ENABLED,NOT DEFERRABLE,IMMEDIATE,,CDN_TERMINADO,,,,,VALIDATED,"
		CDN_TERMINADO in (0,1)
		"
CZ_DEM_ETD_NFORM,CDN_TERMINADO_NULL,C,CHECK,ENABLED,NOT DEFERRABLE,IMMEDIATE,,CDN_TERMINADO,,,,,VALIDATED,"""CDN_TERMINADO"" IS NOT NULL"
CZ_DEM_ETD_NFORM,DEM_CDN_NULL,C,CHECK,ENABLED,NOT DEFERRABLE,IMMEDIATE,,DEM_ID,,,,,VALIDATED,"""DEM_ID"" IS NOT NULL"
CZ_DEM_ETD_NFORM,ENF_CDN_NULL,C,CHECK,ENABLED,NOT DEFERRABLE,IMMEDIATE,,ENF_ID,,,,,VALIDATED,"""ENF_ID"" IS NOT NULL"
CZ_DEM_ETD_NFORM,DEM_CDN_FK,R,FOREIGN KEY,ENABLED,NOT DEFERRABLE,IMMEDIATE,DEM_PK,DEM_ID,SPE,DEMANDA,DEM_ID,NO ACTION,VALIDATED,
CZ_DEM_ETD_NFORM,ENF_CDN_FK,R,FOREIGN KEY,ENABLED,NOT DEFERRABLE,IMMEDIATE,ENF_PK,ENF_ID,SPE,ESTUDIO_NO_FORMAL,ENF_ID,NO ACTION,VALIDATED,
CZ_DEM_ETD_NFORM,CZ_DEMXENF_UK_UC,U,UNIQUE,ENABLED,NOT DEFERRABLE,IMMEDIATE,,"DEM_ID,ENF_ID",,,,,VALIDATED,
CZ_DEM_IDIOMA,CDI_ESCRIBE_NULL,C,CHECK,ENABLED,NOT DEFERRABLE,IMMEDIATE,,CDI_ESCRIBE,,,,,VALIDATED,"""CDI_ESCRIBE"" IS NOT NULL"
CZ_DEM_IDIOMA,CDI_HABLA_NULL,C,CHECK,ENABLED,NOT DEFERRABLE,IMMEDIATE,,CDI_HABLA,,,,,VALIDATED,"""CDI_HABLA"" IS NOT NULL"
CZ_DEM_IDIOMA,CDI_LEE_NULL,C,CHECK,ENABLED,NOT DEFERRABLE,IMMEDIATE,,CDI_LEE,,,,,VALIDATED,"""CDI_LEE"" IS NOT NULL"
CZ_DEM_IDIOMA,DEM_CDI_NULL,C,CHECK,ENABLED,NOT DEFERRABLE,IMMEDIATE,,DEM_ID,,,,,VALIDATED,"""DEM_ID"" IS NOT NULL"
CZ_DEM_IDIOMA,IDM_CDI_NULL,C,CHECK,ENABLED,NOT DEFERRABLE,IMMEDIATE,,IDM_ID,,,,,VALIDATED,"""IDM_ID"" IS NOT NULL"
CZ_DEM_IDIOMA,DEM_CDI_FK,R,FOREIGN KEY,ENABLED,NOT DEFERRABLE,IMMEDIATE,DEM_PK,DEM_ID,SPE,DEMANDA,DEM_ID,NO ACTION,VALIDATED,
CZ_DEM_IDIOMA,IDM_CDI_FK,R,FOREIGN KEY,ENABLED,NOT DEFERRABLE,IMMEDIATE,IDM_PK,IDM_ID,SPE,IDIOMA,IDM_ID,NO ACTION,VALIDATED,
CZ_DEM_IDIOMA,CZ_DEMXIDM_UK_UC,U,UNIQUE,ENABLED,NOT DEFERRABLE,IMMEDIATE,,"DEM_ID,IDM_ID",,,,,VALIDATED,
CZ_DEM_LICENCIA,DEM_CDL_NULL,C,CHECK,ENABLED,NOT DEFERRABLE,IMMEDIATE,,DEM_ID,,,,,VALIDATED,"""DEM_ID"" IS NOT NULL"
CZ_DEM_LICENCIA,LIC_CDL_NULL,C,CHECK,ENABLED,NOT DEFERRABLE,IMMEDIATE,,LIC_ID,,,,,VALIDATED,"""LIC_ID"" IS NOT NULL"
CZ_DEM_LICENCIA,DEM_CDL_FK,R,FOREIGN KEY,ENABLED,NOT DEFERRABLE,IMMEDIATE,DEM_PK,DEM_ID,SPE,DEMANDA,DEM_ID,NO ACTION,VALIDATED,
CZ_DEM_LICENCIA,LIC_CDL_FK,R,FOREIGN KEY,ENABLED,NOT DEFERRABLE,IMMEDIATE,LIC_PK,LIC_ID,SPE,LICENCIA_CONDUCCION,LIC_ID,NO ACTION,VALIDATED,
CZ_DEM_LICENCIA,CZ_DEMXLIC_UK_UC,U,UNIQUE,ENABLED,NOT DEFERRABLE,IMMEDIATE,,"DEM_ID,LIC_ID",,,,,VALIDATED,
CZ_DEM_VARIABLE,DEM_CDVA_NULL,C,CHECK,ENABLED,NOT DEFERRABLE,IMMEDIATE,,DEM_ID,,,,,VALIDATED,"""DEM_ID"" IS NOT NULL"
CZ_DEM_VARIABLE,VAC_CDVA_NULL,C,CHECK,ENABLED,NOT DEFERRABLE,IMMEDIATE,,VAC_CODIGO,,,,,VALIDATED,"""VAC_CODIGO"" IS NOT NULL"
CZ_DEM_VARIABLE,DEM_CDVA_FK,R,FOREIGN KEY,ENABLED,NOT DEFERRABLE,IMMEDIATE,DEM_PK,DEM_ID,SPE,DEMANDA,DEM_ID,NO ACTION,VALIDATED,
CZ_DEM_VARIABLE,VAR_CDVA_FK,R,FOREIGN KEY,ENABLED,NOT DEFERRABLE,IMMEDIATE,VAC_PK,VAC_CODIGO,SPE,VARIABLE_CRUCE,VAC_CODIGO,NO ACTION,VALIDATED,
CZ_DEM_VARIABLE,CZ_DEMXVAC_UK_UC,U,UNIQUE,ENABLED,NOT DEFERRABLE,IMMEDIATE,,"DEM_ID,VAC_CODIGO",,,,,VALIDATED,
CZ_DEM_VEHICULO,DEM_CDV_NULL,C,CHECK,ENABLED,NOT DEFERRABLE,IMMEDIATE,,DEM_ID,,,,,VALIDATED,"""DEM_ID"" IS NOT NULL"
CZ_DEM_VEHICULO,VEH_CDV_NULL,C,CHECK,ENABLED,NOT DEFERRABLE,IMMEDIATE,,VEH_ID,,,,,VALIDATED,"""VEH_ID"" IS NOT NULL"
CZ_DEM_VEHICULO,DEM_CDV_FK,R,FOREIGN KEY,ENABLED,NOT DEFERRABLE,IMMEDIATE,DEM_PK,DEM_ID,SPE,DEMANDA,DEM_ID,NO ACTION,VALIDATED,
CZ_DEM_VEHICULO,VEH_CDV_FK,R,FOREIGN KEY,ENABLED,NOT DEFERRABLE,IMMEDIATE,VEH_PK,VEH_ID,SPE,VEHICULO,VEH_ID,NO ACTION,VALIDATED,
CZ_DEM_VEHICULO,CZ_DEMXVEH_UK_UC,U,UNIQUE,ENABLED,NOT DEFERRABLE,IMMEDIATE,,"DEM_ID,VEH_ID",,,,,VALIDATED,
CZ_OFERTA,COF_SISBEN_NIVEL_CHK,C,CHECK,ENABLED,NOT DEFERRABLE,IMMEDIATE,,COF_SISBEN_NIVEL,,,,,VALIDATED,"
		COF_SISBEN_NIVEL between 1 and 6
		"
CZ_OFERTA,COF_SISBEN_TIPO_CHK,C,CHECK,ENABLED,NOT DEFERRABLE,IMMEDIATE,,COF_SISBEN_TIPO,,,,,VALIDATED,"
		COF_SISBEN_TIPO in (0,1)
		"
CZ_OFERTA,CZO_AUTORIZA_CHK,C,CHECK,ENABLED,NOT DEFERRABLE,IMMEDIATE,,OFT_AUTORIZA,,,,,VALIDATED,"
  OFT_AUTORIZA in (0,1,2,3)
  "
CZ_OFERTA,CZO_FCH_NACIMIENTO_NULL,C,CHECK,ENABLED,NOT DEFERRABLE,IMMEDIATE,,COF_FCH_NACIMIENTO,,,,,VALIDATED,"""COF_FCH_NACIMIENTO"" IS NOT NULL"
CZ_OFERTA,CZO_GENERO_CHK,C,CHECK,ENABLED,NOT DEFERRABLE,IMMEDIATE,,COF_GENERO,,,,,VALIDATED,"
		COF_GENERO in (0,1)
		"
CZ_OFERTA,CZO_GENERO_NULL,C,CHECK,ENABLED,NOT DEFERRABLE,IMMEDIATE,,COF_GENERO,,,,,VALIDATED,"""COF_GENERO"" IS NOT NULL"
CZ_OFERTA,CZO_LIB_MILITAR_CHK,C,CHECK,ENABLED,NOT DEFERRABLE,IMMEDIATE,,COF_LIB_MILITAR,,,,,VALIDATED,"
		COF_LIB_MILITAR in (0,1,2)
		"
CZ_OFERTA,CZO_LIB_MILITAR_NULL,C,CHECK,ENABLED,NOT DEFERRABLE,IMMEDIATE,,COF_LIB_MILITAR,,,,,VALIDATED,"""COF_LIB_MILITAR"" IS NOT NULL"
CZ_OFERTA,ESC_CZO_NULL,C,CHECK,ENABLED,NOT DEFERRABLE,IMMEDIATE,,ESC_ID,,,,,VALIDATED,"""ESC_ID"" IS NOT NULL"
CZ_OFERTA,ETR_CZO_NULL,C,CHECK,ENABLED,NOT DEFERRABLE,IMMEDIATE,,ETR_ID,,,,,VALIDATED,"""ETR_ID"" IS NOT NULL"
CZ_OFERTA,OFT_CZO_NULL,C,CHECK,ENABLED,NOT DEFERRABLE,IMMEDIATE,,OFT_ID,,,,,VALIDATED,"""OFT_ID"" IS NOT NULL"
CZ_OFERTA,PSF_CZO_NULL,C,CHECK,ENABLED,NOT DEFERRABLE,IMMEDIATE,,PSF_ID,,,,,VALIDATED,"""PSF_ID"" IS NOT NULL"
CZ_OFERTA,REG_CZO_NULL,C,CHECK,ENABLED,NOT DEFERRABLE,IMMEDIATE,,REG_ID,,,,,VALIDATED,"""REG_ID"" IS NOT NULL"
CZ_OFERTA,CZO_PK,P,PRIMARY KEY,ENABLED,NOT DEFERRABLE,IMMEDIATE,,OFT_ID,,,,,VALIDATED,
CZ_OFERTA,BAR_RESIDENCIA_OFT_FK,R,FOREIGN KEY,ENABLED,NOT DEFERRABLE,IMMEDIATE,BAR_PK,BAR_ID_RESIDENCIA,SPE,BARRIO,BAR_ID,NO ACTION,VALIDATED,
CZ_OFERTA,DPT_RESIDENCIA_OFT_FK,R,FOREIGN KEY,ENABLED,NOT DEFERRABLE,IMMEDIATE,DPT_PK,DPT_ID_RESIDENCIA,SPE,DEPARTAMENTO,DPT_ID,NO ACTION,VALIDATED,
CZ_OFERTA,ESC_CZO_FK,R,FOREIGN KEY,ENABLED,NOT DEFERRABLE,IMMEDIATE,ESC_PK,ESC_ID,SPE,ESTADO_CIVIL,ESC_ID,NO ACTION,VALIDATED,
CZ_OFERTA,ETR_CZO_FK,R,FOREIGN KEY,ENABLED,NOT DEFERRABLE,IMMEDIATE,ETR_PK,ETR_ID,SPE,ESTRATO,ETR_ID,NO ACTION,VALIDATED,
CZ_OFERTA,MPO_RESIDENCIA_OFT_FK,R,FOREIGN KEY,ENABLED,NOT DEFERRABLE,IMMEDIATE,MPO_PK,MPO_ID_RESIDENCIA,SPE,MUNICIPIO,MPO_ID,NO ACTION,VALIDATED,
CZ_OFERTA,MPO_SISBEN_CZO_FK,R,FOREIGN KEY,ENABLED,NOT DEFERRABLE,IMMEDIATE,MPO_PK,COF_SISBEN_MPO,SPE,MUNICIPIO,MPO_ID,NO ACTION,VALIDATED,
CZ_OFERTA,OFT_CZO_FK,R,FOREIGN KEY,ENABLED,NOT DEFERRABLE,IMMEDIATE,OFT_PK,OFT_ID,SPE,OFERTA,OFT_ID,NO ACTION,VALIDATED,
CZ_OFERTA,PAI_RESIDENCIA_OFT_FK,R,FOREIGN KEY,ENABLED,NOT DEFERRABLE,IMMEDIATE,PAI_PK,PAI_ID_RESIDENCIA,SPE,PAIS,PAI_ID,NO ACTION,VALIDATED,
CZ_OFERTA,PSF_CZO_FK,R,FOREIGN KEY,ENABLED,NOT DEFERRABLE,IMMEDIATE,PSF_PK,PSF_ID,SPE,POSICION_FAMILIAR,PSF_ID,NO ACTION,VALIDATED,
CZ_OFERTA,REG_CZO_FK,R,FOREIGN KEY,ENABLED,NOT DEFERRABLE,IMMEDIATE,REG_PK,REG_ID,SPE,REGIONAL,REG_ID,NO ACTION,VALIDATED,
CZ_OFERTA,ZON_RESIDENCIA_OFT_FK,R,FOREIGN KEY,ENABLED,NOT DEFERRABLE,IMMEDIATE,ZON_PK,ZON_ID_RESIDENCIA,SPE,ZONA,ZON_ID,NO ACTION,VALIDATED,
CZ_OFTXPES,OFT_COP_NULL,C,CHECK,ENABLED,NOT DEFERRABLE,IMMEDIATE,,OFT_ID,,,,,VALIDATED,"""OFT_ID"" IS NOT NULL"
CZ_OFTXPES,PES_COP_NULL,C,CHECK,ENABLED,NOT DEFERRABLE,IMMEDIATE,,PES_ID,,,,,VALIDATED,"""PES_ID"" IS NOT NULL"
CZ_OFTXPES,OFT_COP_FK,R,FOREIGN KEY,ENABLED,NOT DEFERRABLE,IMMEDIATE,OFT_PK,OFT_ID,SPE,OFERTA,OFT_ID,NO ACTION,VALIDATED,
CZ_OFTXPES,PES_COP_FK,R,FOREIGN KEY,ENABLED,NOT DEFERRABLE,IMMEDIATE,PES_PK,PES_ID,SPE,PROGRAMA_ESPECIAL,PES_ID,NO ACTION,VALIDATED,
CZ_OFTXPES,CZ_OFTXPES_UK_UC,U,UNIQUE,ENABLED,NOT DEFERRABLE,IMMEDIATE,,"OFT_ID,PES_ID",,,,,VALIDATED,
CZ_OFT_ETD_FORM,CZF_FORMACION_SENA_CHK,C,CHECK,ENABLED,NOT DEFERRABLE,IMMEDIATE,,COF_FORMACION_SENA,,,,,VALIDATED,"
		COF_FORMACION_SENA in (0,1)
		"
CZ_OFT_ETD_FORM,CZF_FORMACION_SENA_NULL,C,CHECK,ENABLED,NOT DEFERRABLE,IMMEDIATE,,COF_FORMACION_SENA,,,,,VALIDATED,"""COF_FORMACION_SENA"" IS NOT NULL"
CZ_OFT_ETD_FORM,CZF_GRADUADO_CHK,C,CHECK,ENABLED,NOT DEFERRABLE,IMMEDIATE,,COF_GRADUADO,,,,,VALIDATED,"
		COF_GRADUADO in (0,1)
		"
CZ_OFT_ETD_FORM,CZF_GRADUADO_NULL,C,CHECK,ENABLED,NOT DEFERRABLE,IMMEDIATE,,COF_GRADUADO,,,,,VALIDATED,"""COF_GRADUADO"" IS NOT NULL"
CZ_OFT_ETD_FORM,CZF_SOPORTE_CHK,C,CHECK,ENABLED,NOT DEFERRABLE,IMMEDIATE,,COF_SOPORTE,,,,,VALIDATED,"
		COF_SOPORTE in (0,1)
		"
CZ_OFT_ETD_FORM,CZF_SOPORTE_NULL,C,CHECK,ENABLED,NOT DEFERRABLE,IMMEDIATE,,COF_SOPORTE,,,,,VALIDATED,"""COF_SOPORTE"" IS NOT NULL"
CZ_OFT_ETD_FORM,CZF_ULT_GRADO_NULL,C,CHECK,ENABLED,NOT DEFERRABLE,IMMEDIATE,,COF_ULT_GRADO,,,,,VALIDATED,"""COF_ULT_GRADO"" IS NOT NULL"
CZ_OFT_ETD_FORM,INS_CZF_NULL,C,CHECK,ENABLED,NOT DEFERRABLE,IMMEDIATE,,INS_ID,,,,,VALIDATED,"""INS_ID"" IS NOT NULL"
CZ_OFT_ETD_FORM,NIO_CZF_NULL,C,CHECK,ENABLED,NOT DEFERRABLE,IMMEDIATE,,NIA_ORDEN,,,,,VALIDATED,"""NIA_ORDEN"" IS NOT NULL"
CZ_OFT_ETD_FORM,OFT_CZF_NULL,C,CHECK,ENABLED,NOT DEFERRABLE,IMMEDIATE,,OFT_ID,,,,,VALIDATED,"""OFT_ID"" IS NOT NULL"
CZ_OFT_ETD_FORM,TIT_CZF_NULL,C,CHECK,ENABLED,NOT DEFERRABLE,IMMEDIATE,,TIT_ID,,,,,VALIDATED,"""TIT_ID"" IS NOT NULL"
CZ_OFT_ETD_FORM,INS_CZF_FK,R,FOREIGN KEY,ENABLED,NOT DEFERRABLE,IMMEDIATE,INS_PK,INS_ID,SPE,INSTITUCION,INS_ID,NO ACTION,VALIDATED,
CZ_OFT_ETD_FORM,NIO_CZF_FK,R,FOREIGN KEY,ENABLED,NOT DEFERRABLE,IMMEDIATE,NIA_ORDEN_UK_UC,NIA_ORDEN,SPE,NIVEL_ACADEMICO,NIA_ORDEN,NO ACTION,VALIDATED,
CZ_OFT_ETD_FORM,OFT_CZF_FK,R,FOREIGN KEY,ENABLED,NOT DEFERRABLE,IMMEDIATE,OFT_PK,OFT_ID,SPE,OFERTA,OFT_ID,NO ACTION,VALIDATED,
CZ_OFT_ETD_FORM,TIT_CZF_FK,R,FOREIGN KEY,ENABLED,NOT DEFERRABLE,IMMEDIATE,TIT_PK,TIT_ID,SPE,TITULO,TIT_ID,NO ACTION,VALIDATED,
CZ_OFT_ETD_NFORM,CON_FORMACION_SENA_CHK,C,CHECK,ENABLED,NOT DEFERRABLE,IMMEDIATE,,CON_FORMACION_SENA,,,,,VALIDATED,"
		CON_FORMACION_SENA in (0,1)
		"
CZ_OFT_ETD_NFORM,CON_FORMACION_SENA_NULL,C,CHECK,ENABLED,NOT DEFERRABLE,IMMEDIATE,,CON_FORMACION_SENA,,,,,VALIDATED,"""CON_FORMACION_SENA"" IS NOT NULL"
CZ_OFT_ETD_NFORM,CON_SOPORTE_CHK,C,CHECK,ENABLED,NOT DEFERRABLE,IMMEDIATE,,CON_SOPORTE,,,,,VALIDATED,"
		CON_SOPORTE in (0,1)
		"
CZ_OFT_ETD_NFORM,CON_SOPORTE_NULL,C,CHECK,ENABLED,NOT DEFERRABLE,IMMEDIATE,,CON_SOPORTE,,,,,VALIDATED,"""CON_SOPORTE"" IS NOT NULL"
CZ_OFT_ETD_NFORM,CON_TERMINO_CHK,C,CHECK,ENABLED,NOT DEFERRABLE,IMMEDIATE,,CON_TERMINO,,,,,VALIDATED,"
		CON_TERMINO in (0,1)
		"
CZ_OFT_ETD_NFORM,CON_TERMINO_NULL,C,CHECK,ENABLED,NOT DEFERRABLE,IMMEDIATE,,CON_TERMINO,,,,,VALIDATED,"""CON_TERMINO"" IS NOT NULL"
CZ_OFT_ETD_NFORM,ENF_CON_NULL,C,CHECK,ENABLED,NOT DEFERRABLE,IMMEDIATE,,ENF_ID,,,,,VALIDATED,"""ENF_ID"" IS NOT NULL"
CZ_OFT_ETD_NFORM,OFT_CON_NULL,C,CHECK,ENABLED,NOT DEFERRABLE,IMMEDIATE,,OFT_ID,,,,,VALIDATED,"""OFT_ID"" IS NOT NULL"
CZ_OFT_ETD_NFORM,ENF_CON_FK,R,FOREIGN KEY,ENABLED,NOT DEFERRABLE,IMMEDIATE,ENF_PK,ENF_ID,SPE,ESTUDIO_NO_FORMAL,ENF_ID,NO ACTION,VALIDATED,
CZ_OFT_ETD_NFORM,OFT_CON_FK,R,FOREIGN KEY,ENABLED,NOT DEFERRABLE,IMMEDIATE,OFT_PK,OFT_ID,SPE,OFERTA,OFT_ID,NO ACTION,VALIDATED,
CZ_OFT_ETD_NFORM,CZ_OFTXENF_UK_UC,U,UNIQUE,ENABLED,NOT DEFERRABLE,IMMEDIATE,,"OFT_ID,ENF_ID",,,,,VALIDATED,
CZ_OFT_EXP,CNO_COE_NULL,C,CHECK,ENABLED,NOT DEFERRABLE,IMMEDIATE,,CNO_ID,,,,,VALIDATED,"""CNO_ID"" IS NOT NULL"
CZ_OFT_EXP,COE_MESES_NULL,C,CHECK,ENABLED,NOT DEFERRABLE,IMMEDIATE,,COE_MESES,,,,,VALIDATED,"""COE_MESES"" IS NOT NULL"
CZ_OFT_EXP,COE_MESES_SOP_NULL,C,CHECK,ENABLED,NOT DEFERRABLE,IMMEDIATE,,COE_MESES_SOP,,,,,VALIDATED,"""COE_MESES_SOP"" IS NOT NULL"
CZ_OFT_EXP,OFT_COE_NULL,C,CHECK,ENABLED,NOT DEFERRABLE,IMMEDIATE,,OFT_ID,,,,,VALIDATED,"""OFT_ID"" IS NOT NULL"
CZ_OFT_EXP,OFT_COE_FK,R,FOREIGN KEY,ENABLED,NOT DEFERRABLE,IMMEDIATE,OFT_PK,OFT_ID,SPE,OFERTA,OFT_ID,NO ACTION,VALIDATED,
CZ_OFT_EXP,CZ_OFTXCNO_UK_UC,U,UNIQUE,ENABLED,NOT DEFERRABLE,IMMEDIATE,,"OFT_ID,CNO_ID",,,,,VALIDATED,
CZ_OFT_EXP_IND,CNO_COEI_NULL,C,CHECK,ENABLED,NOT DEFERRABLE,IMMEDIATE,,IND_ID,,,,,VALIDATED,"""IND_ID"" IS NOT NULL"
CZ_OFT_EXP_IND,COEI_MESES_NULL,C,CHECK,ENABLED,NOT DEFERRABLE,IMMEDIATE,,COE_MESES,,,,,VALIDATED,"""COE_MESES"" IS NOT NULL"
CZ_OFT_EXP_IND,COEI_MES_SOP_NULL,C,CHECK,ENABLED,NOT DEFERRABLE,IMMEDIATE,,COE_MESES_SOP,,,,,VALIDATED,"""COE_MESES_SOP"" IS NOT NULL"
CZ_OFT_EXP_IND,OFT_COEI_NULL,C,CHECK,ENABLED,NOT DEFERRABLE,IMMEDIATE,,OFT_ID,,,,,VALIDATED,"""OFT_ID"" IS NOT NULL"
CZ_OFT_EXP_IND,OFT_COEI_FK,R,FOREIGN KEY,ENABLED,NOT DEFERRABLE,IMMEDIATE,OFT_PK,OFT_ID,SPE,OFERTA,OFT_ID,NO ACTION,VALIDATED,
CZ_OFT_EXP_IND,CZ_OFTXIND_UK_UC,U,UNIQUE,ENABLED,NOT DEFERRABLE,IMMEDIATE,,"OFT_ID,IND_ID",,,,,VALIDATED,
CZ_OFT_IDIOMA,COI_ESCRIBE_NULL,C,CHECK,ENABLED,NOT DEFERRABLE,IMMEDIATE,,COI_ESCRIBE,,,,,VALIDATED,"""COI_ESCRIBE"" IS NOT NULL"
CZ_OFT_IDIOMA,COI_HABLA_NULL,C,CHECK,ENABLED,NOT DEFERRABLE,IMMEDIATE,,COI_HABLA,,,,,VALIDATED,"""COI_HABLA"" IS NOT NULL"
CZ_OFT_IDIOMA,COI_LEE_NULL,C,CHECK,ENABLED,NOT DEFERRABLE,IMMEDIATE,,COI_LEE,,,,,VALIDATED,"""COI_LEE"" IS NOT NULL"
CZ_OFT_IDIOMA,COI_SOPORTE_CHK,C,CHECK,ENABLED,NOT DEFERRABLE,IMMEDIATE,,COI_SOPORTE,,,,,VALIDATED,"
		COI_SOPORTE in (0,1)
		"
CZ_OFT_IDIOMA,COI_SOPORTE_NULL,C,CHECK,ENABLED,NOT DEFERRABLE,IMMEDIATE,,COI_SOPORTE,,,,,VALIDATED,"""COI_SOPORTE"" IS NOT NULL"
CZ_OFT_IDIOMA,IDM_COI_NULL,C,CHECK,ENABLED,NOT DEFERRABLE,IMMEDIATE,,IDM_ID,,,,,VALIDATED,"""IDM_ID"" IS NOT NULL"
CZ_OFT_IDIOMA,OFT_COI_NULL,C,CHECK,ENABLED,NOT DEFERRABLE,IMMEDIATE,,OFT_ID,,,,,VALIDATED,"""OFT_ID"" IS NOT NULL"
CZ_OFT_IDIOMA,IDM_COI_FK,R,FOREIGN KEY,ENABLED,NOT DEFERRABLE,IMMEDIATE,IDM_PK,IDM_ID,SPE,IDIOMA,IDM_ID,NO ACTION,VALIDATED,
CZ_OFT_IDIOMA,OFT_COI_FK,R,FOREIGN KEY,ENABLED,NOT DEFERRABLE,IMMEDIATE,OFT_PK,OFT_ID,SPE,OFERTA,OFT_ID,NO ACTION,VALIDATED,
CZ_OFT_IDIOMA,CZ_OFTXIDM_UK_UC,U,UNIQUE,ENABLED,NOT DEFERRABLE,IMMEDIATE,,"OFT_ID,IDM_ID",,,,,VALIDATED,
CZ_OFT_LICENCIA,LIC_COL_NULL,C,CHECK,ENABLED,NOT DEFERRABLE,IMMEDIATE,,LIC_ID,,,,,VALIDATED,"""LIC_ID"" IS NOT NULL"
CZ_OFT_LICENCIA,OFT_COL_NULL,C,CHECK,ENABLED,NOT DEFERRABLE,IMMEDIATE,,OFT_ID,,,,,VALIDATED,"""OFT_ID"" IS NOT NULL"
CZ_OFT_LICENCIA,LIC_COL_FK,R,FOREIGN KEY,ENABLED,NOT DEFERRABLE,IMMEDIATE,LIC_PK,LIC_ID,SPE,LICENCIA_CONDUCCION,LIC_ID,NO ACTION,VALIDATED,
CZ_OFT_LICENCIA,OFT_COL_FK,R,FOREIGN KEY,ENABLED,NOT DEFERRABLE,IMMEDIATE,OFT_PK,OFT_ID,SPE,OFERTA,OFT_ID,NO ACTION,VALIDATED,
CZ_OFT_LICENCIA,CZ_OFTXLIC_UK_UC,U,UNIQUE,ENABLED,NOT DEFERRABLE,IMMEDIATE,,"OFT_ID,LIC_ID",,,,,VALIDATED,
CZ_OFT_TALLER,GUT_COT_NULL,C,CHECK,ENABLED,NOT DEFERRABLE,IMMEDIATE,,GUT_ID,,,,,VALIDATED,"""GUT_ID"" IS NOT NULL"
CZ_OFT_TALLER,OFT_COT_NULL,C,CHECK,ENABLED,NOT DEFERRABLE,IMMEDIATE,,OFT_ID,,,,,VALIDATED,"""OFT_ID"" IS NOT NULL"
CZ_OFT_TALLER,GUT_COT_FK,R,FOREIGN KEY,ENABLED,NOT DEFERRABLE,IMMEDIATE,GUT_PK,GUT_ID,SPE,GUIA_TALLER,GUT_ID,NO ACTION,VALIDATED,
CZ_OFT_TALLER,OFT_COT_FK,R,FOREIGN KEY,ENABLED,NOT DEFERRABLE,IMMEDIATE,OFT_PK,OFT_ID,SPE,OFERTA,OFT_ID,NO ACTION,VALIDATED,
CZ_OFT_TALLER,OFT_GUT_COT_UK_UC,U,UNIQUE,ENABLED,NOT DEFERRABLE,IMMEDIATE,,"OFT_ID,GUT_ID",,,,,VALIDATED,
CZ_OFT_VEHICULO,OFT_COH_NULL,C,CHECK,ENABLED,NOT DEFERRABLE,IMMEDIATE,,OFT_ID,,,,,VALIDATED,"""OFT_ID"" IS NOT NULL"
CZ_OFT_VEHICULO,VEH_COH_NULL,C,CHECK,ENABLED,NOT DEFERRABLE,IMMEDIATE,,VEH_ID,,,,,VALIDATED,"""VEH_ID"" IS NOT NULL"
CZ_OFT_VEHICULO,OFT_COH_FK,R,FOREIGN KEY,ENABLED,NOT DEFERRABLE,IMMEDIATE,OFT_PK,OFT_ID,SPE,OFERTA,OFT_ID,NO ACTION,VALIDATED,
CZ_OFT_VEHICULO,VEH_COH_FK,R,FOREIGN KEY,ENABLED,NOT DEFERRABLE,IMMEDIATE,VEH_PK,VEH_ID,SPE,VEHICULO,VEH_ID,NO ACTION,VALIDATED,
CZ_OFT_VEHICULO,CZ_OFTXVEH_UK_UC,U,UNIQUE,ENABLED,NOT DEFERRABLE,IMMEDIATE,,"OFT_ID,VEH_ID",,,,,VALIDATED,
DEMANDA,CSPE_DEM_NULL,C,CHECK,ENABLED,NOT DEFERRABLE,IMMEDIATE,,CSPE_ID,,,,,VALIDATED,"""CSPE_ID"" IS NOT NULL"
DEMANDA,DEM_CARGO_NUEVO_CHK,C,CHECK,ENABLED,NOT DEFERRABLE,IMMEDIATE,,DEM_CARGO_NUEVO,,,,,VALIDATED,"
		DEM_CARGO_NUEVO in (0,1)
		"
DEMANDA,DEM_CARGO_NUEVO_NULL,C,CHECK,ENABLED,NOT DEFERRABLE,IMMEDIATE,,DEM_CARGO_NUEVO,,,,,VALIDATED,"""DEM_CARGO_NUEVO"" IS NOT NULL"
DEMANDA,DEM_CONTACTO_NULL,C,CHECK,ENABLED,NOT DEFERRABLE,IMMEDIATE,,DEM_CONTACTO,,,,,VALIDATED,"""DEM_CONTACTO"" IS NOT NULL"
DEMANDA,DEM_DATOS_SOPORTADOS_CHK,C,CHECK,ENABLED,NOT DEFERRABLE,IMMEDIATE,,DEM_DATOS_SOPORTADOS,,,,,VALIDATED,"
		DEM_DATOS_SOPORTADOS in (0,1)
		"
DEMANDA,DEM_DATOS_SOPORTADOS_NULL,C,CHECK,ENABLED,NOT DEFERRABLE,IMMEDIATE,,DEM_DATOS_SOPORTADOS,,,,,VALIDATED,"""DEM_DATOS_SOPORTADOS"" IS NOT NULL"
DEMANDA,DEM_DIRECCION_NULL,C,CHECK,ENABLED,NOT DEFERRABLE,IMMEDIATE,,DEM_DIRECCION,,,,,VALIDATED,"""DEM_DIRECCION"" IS NOT NULL"
DEMANDA,DEM_FCH_LIMITE_NULL,C,CHECK,ENABLED,NOT DEFERRABLE,IMMEDIATE,,DEM_FCH_LIMITE,,,,,VALIDATED,"""DEM_FCH_LIMITE"" IS NOT NULL"
DEMANDA,DEM_FORMA_ENVIO_CHK,C,CHECK,ENABLED,NOT DEFERRABLE,IMMEDIATE,,DEM_FORMA_ENVIO,,,,,VALIDATED,"
		DEM_FORMA_ENVIO in (0,1,2,3)
		"
DEMANDA,DEM_FORMA_ENVIO_NULL,C,CHECK,ENABLED,NOT DEFERRABLE,IMMEDIATE,,DEM_FORMA_ENVIO,,,,,VALIDATED,"""DEM_FORMA_ENVIO"" IS NOT NULL"
DEMANDA,DEM_HORARIO_NULL,C,CHECK,ENABLED,NOT DEFERRABLE,IMMEDIATE,,DEM_HORARIO,,,,,VALIDATED,"""DEM_HORARIO"" IS NOT NULL"
DEMANDA,DEM_ID_NULL,C,CHECK,ENABLED,NOT DEFERRABLE,IMMEDIATE,,DEM_ID,,,,,VALIDATED,"""DEM_ID"" IS NOT NULL"
DEMANDA,DEM_LIB_MILITAR_CHK,C,CHECK,ENABLED,NOT DEFERRABLE,IMMEDIATE,,DEM_LIB_MILITAR,,,,,VALIDATED,"
		DEM_LIB_MILITAR in (0,1,2)
		"
DEMANDA,DEM_LIB_MILITAR_NULL,C,CHECK,ENABLED,NOT DEFERRABLE,IMMEDIATE,,DEM_LIB_MILITAR,,,,,VALIDATED,"""DEM_LIB_MILITAR"" IS NOT NULL"
DEMANDA,DEM_MANEJO_DINERO_CHK,C,CHECK,ENABLED,NOT DEFERRABLE,IMMEDIATE,,DEM_MANEJO_DINERO,,,,,VALIDATED,"
		DEM_MANEJO_DINERO in (0,1)
		"
DEMANDA,DEM_MANEJO_DINERO_NULL,C,CHECK,ENABLED,NOT DEFERRABLE,IMMEDIATE,,DEM_MANEJO_DINERO,,,,,VALIDATED,"""DEM_MANEJO_DINERO"" IS NOT NULL"
DEMANDA,DEM_MANEJO_PERSONAL_CHK,C,CHECK,ENABLED,NOT DEFERRABLE,IMMEDIATE,,DEM_MANEJO_PERSONAL,,,,,VALIDATED,"
		DEM_MANEJO_PERSONAL in (0,1)
		"
DEMANDA,DEM_MANEJO_PERSONAL_NULL,C,CHECK,ENABLED,NOT DEFERRABLE,IMMEDIATE,,DEM_MANEJO_PERSONAL,,,,,VALIDATED,"""DEM_MANEJO_PERSONAL"" IS NOT NULL"
DEMANDA,DEM_MED_INSCRIPCION_CHK,C,CHECK,ENABLED,NOT DEFERRABLE,IMMEDIATE,,DEM_MED_INSCRIPCION,,,,,VALIDATED,"
		DEM_MED_INSCRIPCION in (0,1)
		"
DEMANDA,DEM_MED_INSCRIPCION_NULL,C,CHECK,ENABLED,NOT DEFERRABLE,IMMEDIATE,,DEM_MED_INSCRIPCION,,,,,VALIDATED,"""DEM_MED_INSCRIPCION"" IS NOT NULL"
DEMANDA,DEM_MESES_EXP_NULL,C,CHECK,ENABLED,NOT DEFERRABLE,IMMEDIATE,,DEM_MESES_EXP,,,,,VALIDATED,"""DEM_MESES_EXP"" IS NOT NULL"
DEMANDA,DEM_NUM_CANDIDATOS_NULL,C,CHECK,ENABLED,NOT DEFERRABLE,IMMEDIATE,,DEM_NUM_CANDIDATOS,,,,,VALIDATED,"""DEM_NUM_CANDIDATOS"" IS NOT NULL"
DEMANDA,DEM_NUM_VACANTES_NULL,C,CHECK,ENABLED,NOT DEFERRABLE,IMMEDIATE,,DEM_NUM_VACANTES,,,,,VALIDATED,"""DEM_NUM_VACANTES"" IS NOT NULL"
DEMANDA,DEM_SUELDO_MES_NULL,C,CHECK,ENABLED,NOT DEFERRABLE,IMMEDIATE,,DEM_SUELDO_MES,,,,,VALIDATED,"""DEM_SUELDO_MES"" IS NOT NULL"
DEMANDA,DEM_TEL_CONTACTO_NULL,C,CHECK,ENABLED,NOT DEFERRABLE,IMMEDIATE,,DEM_TEL_CONTACTO,,,,,VALIDATED,"""DEM_TEL_CONTACTO"" IS NOT NULL"
DEMANDA,EMP_DEM_NULL,C,CHECK,ENABLED,NOT DEFERRABLE,IMMEDIATE,,EMP_ID,,,,,VALIDATED,"""EMP_ID"" IS NOT NULL"
DEMANDA,ESC_DEM_NULL,C,CHECK,ENABLED,NOT DEFERRABLE,IMMEDIATE,,ESC_ID,,,,,VALIDATED,"""ESC_ID"" IS NOT NULL"
DEMANDA,IND_DEM_NULL,C,CHECK,ENABLED,NOT DEFERRABLE,IMMEDIATE,,IND_ID,,,,,VALIDATED,"""IND_ID"" IS NOT NULL"
DEMANDA,JTR_DEM_NULL,C,CHECK,ENABLED,NOT DEFERRABLE,IMMEDIATE,,JTR_ID,,,,,VALIDATED,"""JTR_ID"" IS NOT NULL"
DEMANDA,PAI_DEM_NULL,C,CHECK,ENABLED,NOT DEFERRABLE,IMMEDIATE,,PAI_ID,,,,,VALIDATED,"""PAI_ID"" IS NOT NULL"
DEMANDA,REG_DEM_NULL,C,CHECK,ENABLED,NOT DEFERRABLE,IMMEDIATE,,REG_ID,,,,,VALIDATED,"""REG_ID"" IS NOT NULL"
DEMANDA,TCO_DEM_NULL,C,CHECK,ENABLED,NOT DEFERRABLE,IMMEDIATE,,TCO_ID,,,,,VALIDATED,"""TCO_ID"" IS NOT NULL"
DEMANDA,TSU_DEM_NULL,C,CHECK,ENABLED,NOT DEFERRABLE,IMMEDIATE,,TSU_ID,,,,,VALIDATED,"""TSU_ID"" IS NOT NULL"
DEMANDA,DEM_PK,P,PRIMARY KEY,ENABLED,NOT DEFERRABLE,IMMEDIATE,,DEM_ID,,,,,VALIDATED,
DEMANDA,BAR_DEM_FK,R,FOREIGN KEY,ENABLED,NOT DEFERRABLE,IMMEDIATE,BAR_PK,BAR_ID,SPE,BARRIO,BAR_ID,NO ACTION,VALIDATED,
DEMANDA,BAR_RESIDENCIA_DEM_FK,R,FOREIGN KEY,ENABLED,NOT DEFERRABLE,IMMEDIATE,BAR_PK,BAR_ID_RESIDENCIA,SPE,BARRIO,BAR_ID,NO ACTION,VALIDATED,
DEMANDA,CIIU_DEM_FK,R,FOREIGN KEY,ENABLED,NOT DEFERRABLE,IMMEDIATE,CIIU_PK,CIIU_DEM_ORG_TMP,SPE,CIIU,CIIU_ID,NO ACTION,VALIDATED,
DEMANDA,CSPE_ACTUALIZA_DEM_FK,R,FOREIGN KEY,ENABLED,NOT DEFERRABLE,IMMEDIATE,CSPE_PK,CSPE_ID_ACTUALIZA,SPE,CENTRO_SPE,CSPE_ID,NO ACTION,VALIDATED,
DEMANDA,CSPE_DEM_FK,R,FOREIGN KEY,ENABLED,NOT DEFERRABLE,IMMEDIATE,CSPE_PK,CSPE_ID,SPE,CENTRO_SPE,CSPE_ID,NO ACTION,VALIDATED,
DEMANDA,DEM_ARI_ID,R,FOREIGN KEY,ENABLED,NOT DEFERRABLE,IMMEDIATE,ARI_PK,ARI_ID,SPE,AREA_INFLUENCIA,ARI_ID,NO ACTION,VALIDATED,
DEMANDA,DPT_DEM_FK,R,FOREIGN KEY,ENABLED,NOT DEFERRABLE,IMMEDIATE,DPT_PK,DPT_ID,SPE,DEPARTAMENTO,DPT_ID,NO ACTION,VALIDATED,
DEMANDA,DPT_RESIDENCIA_DEM_FK,R,FOREIGN KEY,ENABLED,NOT DEFERRABLE,IMMEDIATE,DPT_PK,DPT_ID_RESIDENCIA,SPE,DEPARTAMENTO,DPT_ID,NO ACTION,VALIDATED,
DEMANDA,EMP_DEM_FK,R,FOREIGN KEY,ENABLED,NOT DEFERRABLE,IMMEDIATE,EMP_PK,EMP_ID,SPE,EMPRESA,EMP_ID,NO ACTION,VALIDATED,
DEMANDA,ESC_DEM_FK,R,FOREIGN KEY,ENABLED,NOT DEFERRABLE,IMMEDIATE,ESC_PK,ESC_ID,SPE,ESTADO_CIVIL,ESC_ID,NO ACTION,VALIDATED,
DEMANDA,FUN_ACTUALIZA_DEM_FK,R,FOREIGN KEY,ENABLED,NOT DEFERRABLE,IMMEDIATE,FUN_PK,FUN_ID_ACTUALIZA,SPE,FUNCIONARIO,FUN_ID,NO ACTION,VALIDATED,
DEMANDA,FUN_DEM_FK,R,FOREIGN KEY,ENABLED,NOT DEFERRABLE,IMMEDIATE,FUN_PK,FUN_ID,SPE,FUNCIONARIO,FUN_ID,NO ACTION,VALIDATED,
DEMANDA,FUN_VALIDA_DEM_FK,R,FOREIGN KEY,ENABLED,NOT DEFERRABLE,IMMEDIATE,FUN_PK,FUN_ID_VALIDA_DEM,SPE,FUNCIONARIO,FUN_ID,NO ACTION,VALIDATED,
DEMANDA,IND_2_DEM_FK,R,FOREIGN KEY,ENABLED,NOT DEFERRABLE,IMMEDIATE,IND_PK,IND_ID_2,SPE,INDICE,IND_ID,NO ACTION,VALIDATED,
DEMANDA,IND_3_DEM_FK,R,FOREIGN KEY,ENABLED,NOT DEFERRABLE,IMMEDIATE,IND_PK,IND_ID_3,SPE,INDICE,IND_ID,NO ACTION,VALIDATED,
DEMANDA,IND_DEM_FK,R,FOREIGN KEY,ENABLED,NOT DEFERRABLE,IMMEDIATE,IND_PK,IND_ID,SPE,INDICE,IND_ID,NO ACTION,VALIDATED,
DEMANDA,JTR_DEM_FK,R,FOREIGN KEY,ENABLED,NOT DEFERRABLE,IMMEDIATE,JTR_PK,JTR_ID,SPE,JORNADA_TRABAJO,JTR_ID,NO ACTION,VALIDATED,
DEMANDA,MPO_DEM_FK,R,FOREIGN KEY,ENABLED,NOT DEFERRABLE,IMMEDIATE,MPO_PK,MPO_ID,SPE,MUNICIPIO,MPO_ID,NO ACTION,VALIDATED,
DEMANDA,MPO_RESIDENCIA_DEM_FK,R,FOREIGN KEY,ENABLED,NOT DEFERRABLE,IMMEDIATE,MPO_PK,MPO_ID_RESIDENCIA,SPE,MUNICIPIO,MPO_ID,NO ACTION,VALIDATED,
DEMANDA,PAI_DEM_FK,R,FOREIGN KEY,ENABLED,NOT DEFERRABLE,IMMEDIATE,PAI_PK,PAI_ID,SPE,PAIS,PAI_ID,NO ACTION,VALIDATED,
DEMANDA,PAI_RESIDENCIA_DEM_FK,R,FOREIGN KEY,ENABLED,NOT DEFERRABLE,IMMEDIATE,PAI_PK,PAI_ID_RESIDENCIA,SPE,PAIS,PAI_ID,NO ACTION,VALIDATED,
DEMANDA,REG_DEM_FK,R,FOREIGN KEY,ENABLED,NOT DEFERRABLE,IMMEDIATE,REG_PK,REG_ID,SPE,REGIONAL,REG_ID,NO ACTION,VALIDATED,
DEMANDA,TCO_DEM_FK,R,FOREIGN KEY,ENABLED,NOT DEFERRABLE,IMMEDIATE,TCO_PK,TCO_ID,SPE,TIPO_CONTRATO,TCO_ID,NO ACTION,VALIDATED,
DEMANDA,TSU_DEM_FK,R,FOREIGN KEY,ENABLED,NOT DEFERRABLE,IMMEDIATE,TSU_PK,TSU_ID,SPE,TIPO_SUELDO,TSU_ID,NO ACTION,VALIDATED,
DEMANDA,ZON_DEM_FK,R,FOREIGN KEY,ENABLED,NOT DEFERRABLE,IMMEDIATE,ZON_PK,ZON_ID,SPE,ZONA,ZON_ID,NO ACTION,VALIDATED,
DEMANDA,ZON_RESIDENCIA_DEM_FK,R,FOREIGN KEY,ENABLED,NOT DEFERRABLE,IMMEDIATE,ZON_PK,ZON_ID_RESIDENCIA,SPE,ZONA,ZON_ID,NO ACTION,VALIDATED,
DEMANDAS_CONVOCATORIA_PT_2017,SYS_C0021553,C,CHECK,ENABLED,NOT DEFERRABLE,IMMEDIATE,,DEM_ID,,,,,VALIDATED,"""DEM_ID"" IS NOT NULL"
DEMANDA_FUNCION_CPL,SYS_C0023078,C,CHECK,ENABLED,NOT DEFERRABLE,IMMEDIATE,,ID_DEM_FNC_CPL,,,,,VALIDATED,"""ID_DEM_FNC_CPL"" IS NOT NULL"
DEMANDA_FUNCION_CPL,SYS_C0023079,C,CHECK,ENABLED,NOT DEFERRABLE,IMMEDIATE,,DEM_FNC_CPL_ID,,,,,VALIDATED,"""DEM_FNC_CPL_ID"" IS NOT NULL"
DEMANDA_FUNCION_CPL,SYS_C0023080,C,CHECK,ENABLED,NOT DEFERRABLE,IMMEDIATE,,FNC_CPL_ID,,,,,VALIDATED,"""FNC_CPL_ID"" IS NOT NULL"
DEMANDA_FUNCION_CPL,DEM_FNC_CPL_PK,P,PRIMARY KEY,ENABLED,NOT DEFERRABLE,IMMEDIATE,,ID_DEM_FNC_CPL,,,,,VALIDATED,
DEMANDA_FUNCION_CPL,FK_DEM_FNC_CPL_ID,R,FOREIGN KEY,ENABLED,NOT DEFERRABLE,IMMEDIATE,DEM_PK,DEM_FNC_CPL_ID,SPE,DEMANDA,DEM_ID,NO ACTION,VALIDATED,
DEMANDA_FUNCION_CPL,FK_FNC_CPL_ID,R,FOREIGN KEY,ENABLED,NOT DEFERRABLE,IMMEDIATE,FNC_CCPL_ID_PK,FNC_CPL_ID,SPE,FUNCION_COMPETENCIA_LABORAL,FNC_CPL_ID,NO ACTION,VALIDATED,
DEMANDA_INDICE,SYS_C0022151,C,CHECK,ENABLED,NOT DEFERRABLE,IMMEDIATE,,DEI_ID,,,,,VALIDATED,"""DEI_ID"" IS NOT NULL"
DEMANDA_INDICE,SYS_C0022152,C,CHECK,ENABLED,NOT DEFERRABLE,IMMEDIATE,,DEM_ID,,,,,VALIDATED,"""DEM_ID"" IS NOT NULL"
DEMANDA_INDICE,SYS_C0022153,C,CHECK,ENABLED,NOT DEFERRABLE,IMMEDIATE,,IND_ID,,,,,VALIDATED,"""IND_ID"" IS NOT NULL"
DEMANDA_INDICE,SYS_C0022154,C,CHECK,ENABLED,NOT DEFERRABLE,IMMEDIATE,,FECHA_REGISTRO,,,,,VALIDATED,"""FECHA_REGISTRO"" IS NOT NULL"
DEMANDA_INDICE,PK_DEI_ID,P,PRIMARY KEY,ENABLED,NOT DEFERRABLE,IMMEDIATE,,DEI_ID,,,,,VALIDATED,
DEMANDA_INDICE,FK_DEM_ID_DEI,R,FOREIGN KEY,ENABLED,NOT DEFERRABLE,IMMEDIATE,DEM_PK,DEM_ID,SPE,DEMANDA,DEM_ID,NO ACTION,VALIDATED,
DEMANDA_INDICE,FK_FUN_ID_DEI,R,FOREIGN KEY,ENABLED,NOT DEFERRABLE,IMMEDIATE,FUN_PK,FUN_ID,SPE,FUNCIONARIO,FUN_ID,NO ACTION,VALIDATED,
DEMANDA_INDICE,FK_IND_ID_DEI,R,FOREIGN KEY,ENABLED,NOT DEFERRABLE,IMMEDIATE,IND_PK,IND_ID,SPE,INDICE,IND_ID,NO ACTION,VALIDATED,
DEMANDA_INDICE,UQ_FK__ID_DEM_IND,U,UNIQUE,ENABLED,NOT DEFERRABLE,IMMEDIATE,,"DEM_ID,IND_ID",,,,,VALIDATED,
DEMANDA_OCUPACION,SYS_C0022155,C,CHECK,ENABLED,NOT DEFERRABLE,IMMEDIATE,,DEO_ID,,,,,VALIDATED,"""DEO_ID"" IS NOT NULL"
DEMANDA_OCUPACION,SYS_C0022156,C,CHECK,ENABLED,NOT DEFERRABLE,IMMEDIATE,,DEM_ID,,,,,VALIDATED,"""DEM_ID"" IS NOT NULL"
DEMANDA_OCUPACION,SYS_C0022157,C,CHECK,ENABLED,NOT DEFERRABLE,IMMEDIATE,,OCU_ID,,,,,VALIDATED,"""OCU_ID"" IS NOT NULL"
DEMANDA_OCUPACION,SYS_C0022158,C,CHECK,ENABLED,NOT DEFERRABLE,IMMEDIATE,,DEO_FECHA_REGISTRO,,,,,VALIDATED,"""DEO_FECHA_REGISTRO"" IS NOT NULL"
DEMANDA_OCUPACION,PK_DEO_ID,P,PRIMARY KEY,ENABLED,NOT DEFERRABLE,IMMEDIATE,,DEO_ID,,,,,VALIDATED,
DEMANDA_OCUPACION,FK_DEM_ID_DEO,R,FOREIGN KEY,ENABLED,NOT DEFERRABLE,IMMEDIATE,DEM_PK,DEM_ID,SPE,DEMANDA,DEM_ID,NO ACTION,VALIDATED,
DEMANDA_OCUPACION,FK_FUN_ID_DEO,R,FOREIGN KEY,ENABLED,NOT DEFERRABLE,IMMEDIATE,FUN_PK,FUN_ID,SPE,FUNCIONARIO,FUN_ID,NO ACTION,VALIDATED,
DEMANDA_OCUPACION,FK_OCU_ID_DEO,R,FOREIGN KEY,ENABLED,NOT DEFERRABLE,IMMEDIATE,OCU_PK,OCU_ID,SPE,OCUPACION,OCU_ID,NO ACTION,VALIDATED,
DEMANDA_OCUPACION,UQ_FK_DEM_OCU,U,UNIQUE,ENABLED,NOT DEFERRABLE,IMMEDIATE,,"DEM_ID,OCU_ID",,,,,VALIDATED,
DEMANDA_SENA,SYS_C0024116,P,PRIMARY KEY,ENABLED,NOT DEFERRABLE,IMMEDIATE,,"COS_ID,DEMS_ID",,,,,VALIDATED,
DEMXFUNCION,DEM_DFN_NULL,C,CHECK,ENABLED,NOT DEFERRABLE,IMMEDIATE,,DEM_ID,,,,,VALIDATED,"""DEM_ID"" IS NOT NULL"
DEMXFUNCION,DFN_ID_NULL,C,CHECK,ENABLED,NOT DEFERRABLE,IMMEDIATE,,DFN_ID,,,,,VALIDATED,"""DFN_ID"" IS NOT NULL"
DEMXFUNCION,FNC_DFN_NULL,C,CHECK,ENABLED,NOT DEFERRABLE,IMMEDIATE,,FNC_ID,,,,,VALIDATED,"""FNC_ID"" IS NOT NULL"
DEMXFUNCION,DFN_PK,P,PRIMARY KEY,ENABLED,NOT DEFERRABLE,IMMEDIATE,,DFN_ID,,,,,VALIDATED,
DEMXFUNCION,DEM_DFN_FK,R,FOREIGN KEY,ENABLED,NOT DEFERRABLE,IMMEDIATE,DEM_PK,DEM_ID,SPE,DEMANDA,DEM_ID,NO ACTION,VALIDATED,
DEMXFUNCION,FNC_DFN_FK,R,FOREIGN KEY,ENABLED,NOT DEFERRABLE,IMMEDIATE,FNC_PK,FNC_ID,SPE,FUNCION,FNC_ID,NO ACTION,VALIDATED,
DEMXFUNCION,DEMXFNC_UK_UC,U,UNIQUE,ENABLED,NOT DEFERRABLE,IMMEDIATE,,"DEM_ID,FNC_ID",,,,,VALIDATED,
DEMXFUNCIONREL1,SYS_C0022058,C,CHECK,ENABLED,NOT DEFERRABLE,IMMEDIATE,,DFNR_1_ID,,,,,VALIDATED,"""DFNR_1_ID"" IS NOT NULL"
DEMXFUNCIONREL1,SYS_C0022059,C,CHECK,ENABLED,NOT DEFERRABLE,IMMEDIATE,,DEM_ID,,,,,VALIDATED,"""DEM_ID"" IS NOT NULL"
DEMXFUNCIONREL1,SYS_C0022060,C,CHECK,ENABLED,NOT DEFERRABLE,IMMEDIATE,,FNC_ID,,,,,VALIDATED,"""FNC_ID"" IS NOT NULL"
DEMXFUNCIONREL1,SYS_C0023855,P,PRIMARY KEY,ENABLED,NOT DEFERRABLE,IMMEDIATE,,DFNR_1_ID,,,,,VALIDATED,
DEMXFUNCIONREL1,DEM_DFNR_1_FK,R,FOREIGN KEY,ENABLED,NOT DEFERRABLE,IMMEDIATE,DEM_PK,DEM_ID,SPE,DEMANDA,DEM_ID,NO ACTION,VALIDATED,
DEMXFUNCIONREL1,FNC_DFNR_1_FK,R,FOREIGN KEY,ENABLED,NOT DEFERRABLE,IMMEDIATE,FNC_PK,FNC_ID,SPE,FUNCION,FNC_ID,NO ACTION,VALIDATED,
DEMXFUNCIONREL2,SYS_C0023278,C,CHECK,ENABLED,NOT DEFERRABLE,IMMEDIATE,,DFNR_2_ID,,,,,VALIDATED,"""DFNR_2_ID"" IS NOT NULL"
DEMXFUNCIONREL2,SYS_C0023279,C,CHECK,ENABLED,NOT DEFERRABLE,IMMEDIATE,,DEM_ID,,,,,VALIDATED,"""DEM_ID"" IS NOT NULL"
DEMXFUNCIONREL2,SYS_C0023280,C,CHECK,ENABLED,NOT DEFERRABLE,IMMEDIATE,,FNC_ID,,,,,VALIDATED,"""FNC_ID"" IS NOT NULL"
DEMXFUNCIONREL2,SYS_C0024203,P,PRIMARY KEY,ENABLED,NOT DEFERRABLE,IMMEDIATE,,DFNR_2_ID,,,,,VALIDATED,
DEMXFUNCIONREL2,DEM_DFNR_2_FK,R,FOREIGN KEY,ENABLED,NOT DEFERRABLE,IMMEDIATE,DEM_PK,DEM_ID,SPE,DEMANDA,DEM_ID,NO ACTION,VALIDATED,
DEMXFUNCIONREL2,FNC_DFNR_2_FK,R,FOREIGN KEY,ENABLED,NOT DEFERRABLE,IMMEDIATE,FNC_PK,FNC_ID,SPE,FUNCION,FNC_ID,NO ACTION,VALIDATED,
DEMXPES,DEM_PES_NULL,C,CHECK,ENABLED,NOT DEFERRABLE,IMMEDIATE,,DEM_ID,,,,,VALIDATED,"""DEM_ID"" IS NOT NULL"
DEMXPES,DPE_FCH_REGISTRO_NULL,C,CHECK,ENABLED,NOT DEFERRABLE,IMMEDIATE,,DPE_FCH_REGISTRO,,,,,VALIDATED,"""DPE_FCH_REGISTRO"" IS NOT NULL"
DEMXPES,DPE_ID_NULL,C,CHECK,ENABLED,NOT DEFERRABLE,IMMEDIATE,,DPE_ID,,,,,VALIDATED,"""DPE_ID"" IS NOT NULL"
DEMXPES,PES_DEM_NULL,C,CHECK,ENABLED,NOT DEFERRABLE,IMMEDIATE,,PES_ID,,,,,VALIDATED,"""PES_ID"" IS NOT NULL"
DEMXPES,DPE_PK,P,PRIMARY KEY,ENABLED,NOT DEFERRABLE,IMMEDIATE,,DPE_ID,,,,,VALIDATED,
DEMXPES,CSPE_DPE_FK,R,FOREIGN KEY,ENABLED,NOT DEFERRABLE,IMMEDIATE,CSPE_PK,CSPE_ID,SPE,CENTRO_SPE,CSPE_ID,NO ACTION,VALIDATED,
DEMXPES,DEM_DPE_FK,R,FOREIGN KEY,ENABLED,NOT DEFERRABLE,IMMEDIATE,DEM_PK,DEM_ID,SPE,DEMANDA,DEM_ID,NO ACTION,VALIDATED,
DEMXPES,FUN_DPE_FK,R,FOREIGN KEY,ENABLED,NOT DEFERRABLE,IMMEDIATE,FUN_PK,FUN_ID,SPE,FUNCIONARIO,FUN_ID,NO ACTION,VALIDATED,
DEMXPES,PES_DPE_FK,R,FOREIGN KEY,ENABLED,NOT DEFERRABLE,IMMEDIATE,PES_PK,PES_ID,SPE,PROGRAMA_ESPECIAL,PES_ID,NO ACTION,VALIDATED,
DEMXPES,DEMXPES_UK_UC,U,UNIQUE,ENABLED,NOT DEFERRABLE,IMMEDIATE,,"DEM_ID,PES_ID",,,,,VALIDATED,
DEM_COMP_LABORAL,SYS_C0022776,C,CHECK,ENABLED,NOT DEFERRABLE,IMMEDIATE,,DCL_ID,,,,,VALIDATED,"""DCL_ID"" IS NOT NULL"
DEM_COMP_LABORAL,SYS_C0022777,C,CHECK,ENABLED,NOT DEFERRABLE,IMMEDIATE,,DEM_ID,,,,,VALIDATED,"""DEM_ID"" IS NOT NULL"
DEM_COMP_LABORAL,SYS_C0022778,C,CHECK,ENABLED,NOT DEFERRABLE,IMMEDIATE,,CPL_ID,,,,,VALIDATED,"""CPL_ID"" IS NOT NULL"
DEM_COMP_LABORAL,DEM_COMP_LABORAL_PK,P,PRIMARY KEY,ENABLED,NOT DEFERRABLE,IMMEDIATE,,DCL_ID,,,,,VALIDATED,
DEM_COMP_LABORAL,DEM_COMP_LABORAL_CPL_ID,R,FOREIGN KEY,ENABLED,NOT DEFERRABLE,IMMEDIATE,CPL_PK,CPL_ID,SPE,COMPETENCIA_LABORAL,CPL_ID,NO ACTION,VALIDATED,
DEM_COMP_LABORAL,DEM_COMP_LABORAL_DEM_ID,R,FOREIGN KEY,ENABLED,NOT DEFERRABLE,IMMEDIATE,DEM_PK,DEM_ID,SPE,DEMANDA,DEM_ID,NO ACTION,VALIDATED,
DEM_ESTUDIOS,SYS_C0024201,P,PRIMARY KEY,ENABLED,NOT DEFERRABLE,IMMEDIATE,,DES_ID,,,,,VALIDATED,
DEM_ETD_FORMAL,CSPE_DEF_NULL,C,CHECK,ENABLED,NOT DEFERRABLE,IMMEDIATE,,CSPE_ID,,,,,VALIDATED,"""CSPE_ID"" IS NOT NULL"
DEM_ETD_FORMAL,DEF_FCH_REGISTRO_NULL,C,CHECK,ENABLED,NOT DEFERRABLE,IMMEDIATE,,DEF_FCH_REGISTRO,,,,,VALIDATED,"""DEF_FCH_REGISTRO"" IS NOT NULL"
DEM_ETD_FORMAL,DEF_FORMACION_SENA_CHK,C,CHECK,ENABLED,NOT DEFERRABLE,IMMEDIATE,,DEF_FORMACION_SENA,,,,,VALIDATED,"
		DEF_FORMACION_SENA in (0,1)
		"
DEM_ETD_FORMAL,DEF_FORMACION_SENA_NULL,C,CHECK,ENABLED,NOT DEFERRABLE,IMMEDIATE,,DEF_FORMACION_SENA,,,,,VALIDATED,"""DEF_FORMACION_SENA"" IS NOT NULL"
DEM_ETD_FORMAL,DEF_GRADUADO_CHK,C,CHECK,ENABLED,NOT DEFERRABLE,IMMEDIATE,,DEF_GRADUADO,,,,,VALIDATED,"
		DEF_GRADUADO in (0,1)
		"
DEM_ETD_FORMAL,DEF_GRADUADO_NULL,C,CHECK,ENABLED,NOT DEFERRABLE,IMMEDIATE,,DEF_GRADUADO,,,,,VALIDATED,"""DEF_GRADUADO"" IS NOT NULL"
DEM_ETD_FORMAL,DEF_ID_NULL,C,CHECK,ENABLED,NOT DEFERRABLE,IMMEDIATE,,DEF_ID,,,,,VALIDATED,"""DEF_ID"" IS NOT NULL"
DEM_ETD_FORMAL,DEF_NUM_GRADOS_NULL,C,CHECK,ENABLED,NOT DEFERRABLE,IMMEDIATE,,DEF_NUM_GRADOS,,,,,VALIDATED,"""DEF_NUM_GRADOS"" IS NOT NULL"
DEM_ETD_FORMAL,DEM_DEF_NULL,C,CHECK,ENABLED,NOT DEFERRABLE,IMMEDIATE,,DEM_ID,,,,,VALIDATED,"""DEM_ID"" IS NOT NULL"
DEM_ETD_FORMAL,NIA_DEF_NULL,C,CHECK,ENABLED,NOT DEFERRABLE,IMMEDIATE,,NIA_ID,,,,,VALIDATED,"""NIA_ID"" IS NOT NULL"
DEM_ETD_FORMAL,TIT_DEF_NULL,C,CHECK,ENABLED,NOT DEFERRABLE,IMMEDIATE,,TIT_ID,,,,,VALIDATED,"""TIT_ID"" IS NOT NULL"
DEM_ETD_FORMAL,DEF_PK,P,PRIMARY KEY,ENABLED,NOT DEFERRABLE,IMMEDIATE,,DEF_ID,,,,,VALIDATED,
DEM_ETD_FORMAL,CSPE_DEF_FK,R,FOREIGN KEY,ENABLED,NOT DEFERRABLE,IMMEDIATE,CSPE_PK,CSPE_ID,SPE,CENTRO_SPE,CSPE_ID,NO ACTION,VALIDATED,
DEM_ETD_FORMAL,DEM_DEF_FK,R,FOREIGN KEY,ENABLED,NOT DEFERRABLE,IMMEDIATE,DEM_PK,DEM_ID,SPE,DEMANDA,DEM_ID,NO ACTION,VALIDATED,
DEM_ETD_FORMAL,FUN_DEF_FK,R,FOREIGN KEY,ENABLED,NOT DEFERRABLE,IMMEDIATE,FUN_PK,FUN_ID,SPE,FUNCIONARIO,FUN_ID,NO ACTION,VALIDATED,
DEM_ETD_FORMAL,INS_DEF_FK,R,FOREIGN KEY,ENABLED,NOT DEFERRABLE,IMMEDIATE,INS_PK,INS_ID,SPE,INSTITUCION,INS_ID,NO ACTION,VALIDATED,
DEM_ETD_FORMAL,NIA_DEF_FK,R,FOREIGN KEY,ENABLED,NOT DEFERRABLE,IMMEDIATE,NIA_PK,NIA_ID,SPE,NIVEL_ACADEMICO,NIA_ID,NO ACTION,VALIDATED,
DEM_ETD_FORMAL,TIT_DEF_FK,R,FOREIGN KEY,ENABLED,NOT DEFERRABLE,IMMEDIATE,TIT_PK,TIT_ID,SPE,TITULO,TIT_ID,NO ACTION,VALIDATED,
DEM_ETD_FORMAL,DEMXTIT_UK_UC,U,UNIQUE,DISABLED,NOT DEFERRABLE,IMMEDIATE,,"DEM_ID,TIT_ID",,,,,NOT VALIDATED,
DEM_ETD_NO_FORMAL,CSPE_DNF_NULL,C,CHECK,ENABLED,NOT DEFERRABLE,IMMEDIATE,,CSPE_ID,,,,,VALIDATED,"""CSPE_ID"" IS NOT NULL"
DEM_ETD_NO_FORMAL,DEM_DNF_NULL,C,CHECK,ENABLED,NOT DEFERRABLE,IMMEDIATE,,DEM_ID,,,,,VALIDATED,"""DEM_ID"" IS NOT NULL"
DEM_ETD_NO_FORMAL,DNF_FCH_REGISTRO_NULL,C,CHECK,ENABLED,NOT DEFERRABLE,IMMEDIATE,,DNF_FCH_REGISTRO,,,,,VALIDATED,"""DNF_FCH_REGISTRO"" IS NOT NULL"
DEM_ETD_NO_FORMAL,DNF_FORMACION_SENA_CHK,C,CHECK,ENABLED,NOT DEFERRABLE,IMMEDIATE,,DNF_FORMACION_SENA,,,,,VALIDATED,"
		DNF_FORMACION_SENA in (0,1)
		"
DEM_ETD_NO_FORMAL,DNF_FORMACION_SENA_NULL,C,CHECK,ENABLED,NOT DEFERRABLE,IMMEDIATE,,DNF_FORMACION_SENA,,,,,VALIDATED,"""DNF_FORMACION_SENA"" IS NOT NULL"
DEM_ETD_NO_FORMAL,DNF_ID_NULL,C,CHECK,ENABLED,NOT DEFERRABLE,IMMEDIATE,,DNF_ID,,,,,VALIDATED,"""DNF_ID"" IS NOT NULL"
DEM_ETD_NO_FORMAL,DNF_TERMINADO_CHK,C,CHECK,ENABLED,NOT DEFERRABLE,IMMEDIATE,,DNF_TERMINADO,,,,,VALIDATED,"
		DNF_TERMINADO in (0,1)
		"
DEM_ETD_NO_FORMAL,DNF_TERMINADO_NULL,C,CHECK,ENABLED,NOT DEFERRABLE,IMMEDIATE,,DNF_TERMINADO,,,,,VALIDATED,"""DNF_TERMINADO"" IS NOT NULL"
DEM_ETD_NO_FORMAL,ENF_DNF_NULL,C,CHECK,ENABLED,NOT DEFERRABLE,IMMEDIATE,,ENF_ID,,,,,VALIDATED,"""ENF_ID"" IS NOT NULL"
DEM_ETD_NO_FORMAL,DNF_PK,P,PRIMARY KEY,ENABLED,NOT DEFERRABLE,IMMEDIATE,,DNF_ID,,,,,VALIDATED,
DEM_ETD_NO_FORMAL,CSPE_DNF_FK,R,FOREIGN KEY,ENABLED,NOT DEFERRABLE,IMMEDIATE,CSPE_PK,CSPE_ID,SPE,CENTRO_SPE,CSPE_ID,NO ACTION,VALIDATED,
DEM_ETD_NO_FORMAL,DEM_DNF_FK,R,FOREIGN KEY,ENABLED,NOT DEFERRABLE,IMMEDIATE,DEM_PK,DEM_ID,SPE,DEMANDA,DEM_ID,NO ACTION,VALIDATED,
DEM_ETD_NO_FORMAL,ENF_DNF_FK,R,FOREIGN KEY,ENABLED,NOT DEFERRABLE,IMMEDIATE,ENF_PK,ENF_ID,SPE,ESTUDIO_NO_FORMAL,ENF_ID,NO ACTION,VALIDATED,
DEM_ETD_NO_FORMAL,FUN_DNF_FK,R,FOREIGN KEY,ENABLED,NOT DEFERRABLE,IMMEDIATE,FUN_PK,FUN_ID,SPE,FUNCIONARIO,FUN_ID,NO ACTION,VALIDATED,
DEM_ETD_NO_FORMAL,DEM_ENF_UK_UC,U,UNIQUE,ENABLED,NOT DEFERRABLE,IMMEDIATE,,"DEM_ID,ENF_ID",,,,,VALIDATED,
DEM_EVENTO,SYS_C0022818,C,CHECK,ENABLED,NOT DEFERRABLE,IMMEDIATE,,DEE_ID,,,,,VALIDATED,"""DEE_ID"" IS NOT NULL"
DEM_EVENTO,DEM_EVENTO_PK,P,PRIMARY KEY,ENABLED,NOT DEFERRABLE,IMMEDIATE,,DEE_ID,,,,,VALIDATED,
DEM_EVENTO,DEMANDA,R,FOREIGN KEY,ENABLED,NOT DEFERRABLE,IMMEDIATE,DEM_PK,DEM_ID,SPE,DEMANDA,DEM_ID,NO ACTION,VALIDATED,
DEM_EVENTO,EVENTOS,R,FOREIGN KEY,ENABLED,NOT DEFERRABLE,IMMEDIATE,EVENTOS_PK,EVENTO_ID,SPE,EVENTOS,EVENTO_ID,NO ACTION,VALIDATED,
DEM_IDIOMA,CSPE_DEI_NULL,C,CHECK,ENABLED,NOT DEFERRABLE,IMMEDIATE,,CSPE_ID,,,,,VALIDATED,"""CSPE_ID"" IS NOT NULL"
DEM_IDIOMA,DEI_ESCRIBE_NULL,C,CHECK,ENABLED,NOT DEFERRABLE,IMMEDIATE,,DEI_ESCRIBE,,,,,VALIDATED,"""DEI_ESCRIBE"" IS NOT NULL"
DEM_IDIOMA,DEI_FCH_REGISTRO_NULL,C,CHECK,ENABLED,NOT DEFERRABLE,IMMEDIATE,,DEI_FCH_REGISTRO,,,,,VALIDATED,"""DEI_FCH_REGISTRO"" IS NOT NULL"
DEM_IDIOMA,DEI_HABLA_NULL,C,CHECK,ENABLED,NOT DEFERRABLE,IMMEDIATE,,DEI_HABLA,,,,,VALIDATED,"""DEI_HABLA"" IS NOT NULL"
DEM_IDIOMA,DEI_ID_NULL,C,CHECK,ENABLED,NOT DEFERRABLE,IMMEDIATE,,DEI_ID,,,,,VALIDATED,"""DEI_ID"" IS NOT NULL"
DEM_IDIOMA,DEI_LEE_NULL,C,CHECK,ENABLED,NOT DEFERRABLE,IMMEDIATE,,DEI_LEE,,,,,VALIDATED,"""DEI_LEE"" IS NOT NULL"
DEM_IDIOMA,DEM_DEI_NULL,C,CHECK,ENABLED,NOT DEFERRABLE,IMMEDIATE,,DEM_ID,,,,,VALIDATED,"""DEM_ID"" IS NOT NULL"
DEM_IDIOMA,IDM_DEI_NULL,C,CHECK,ENABLED,NOT DEFERRABLE,IMMEDIATE,,IDM_ID,,,,,VALIDATED,"""IDM_ID"" IS NOT NULL"
DEM_IDIOMA,DEI_PK,P,PRIMARY KEY,ENABLED,NOT DEFERRABLE,IMMEDIATE,,DEI_ID,,,,,VALIDATED,
DEM_IDIOMA,CSPE_DEI_FK,R,FOREIGN KEY,ENABLED,NOT DEFERRABLE,IMMEDIATE,CSPE_PK,CSPE_ID,SPE,CENTRO_SPE,CSPE_ID,NO ACTION,VALIDATED,
DEM_IDIOMA,DEM_DEI_FK,R,FOREIGN KEY,ENABLED,NOT DEFERRABLE,IMMEDIATE,DEM_PK,DEM_ID,SPE,DEMANDA,DEM_ID,NO ACTION,VALIDATED,
DEM_IDIOMA,FUN_DEI_FK,R,FOREIGN KEY,ENABLED,NOT DEFERRABLE,IMMEDIATE,FUN_PK,FUN_ID,SPE,FUNCIONARIO,FUN_ID,NO ACTION,VALIDATED,
DEM_IDIOMA,IDM_DEI_FK,R,FOREIGN KEY,ENABLED,NOT DEFERRABLE,IMMEDIATE,IDM_PK,IDM_ID,SPE,IDIOMA,IDM_ID,NO ACTION,VALIDATED,
DEM_IDIOMA,DEMXIDM_UK_UC,U,UNIQUE,ENABLED,NOT DEFERRABLE,IMMEDIATE,,"DEM_ID,IDM_ID",,,,,VALIDATED,
DEM_LICENCIA,DEL_ID_NULL,C,CHECK,ENABLED,NOT DEFERRABLE,IMMEDIATE,,DEL_ID,,,,,VALIDATED,"""DEL_ID"" IS NOT NULL"
DEM_LICENCIA,DEM_DEL_NULL,C,CHECK,ENABLED,NOT DEFERRABLE,IMMEDIATE,,DEM_ID,,,,,VALIDATED,"""DEM_ID"" IS NOT NULL"
DEM_LICENCIA,LIC_DEL_NULL,C,CHECK,ENABLED,NOT DEFERRABLE,IMMEDIATE,,LIC_ID,,,,,VALIDATED,"""LIC_ID"" IS NOT NULL"
DEM_LICENCIA,DEL_PK,P,PRIMARY KEY,ENABLED,NOT DEFERRABLE,IMMEDIATE,,DEL_ID,,,,,VALIDATED,
DEM_LICENCIA,DEM_DEL_FK,R,FOREIGN KEY,ENABLED,NOT DEFERRABLE,IMMEDIATE,DEM_PK,DEM_ID,SPE,DEMANDA,DEM_ID,NO ACTION,VALIDATED,
DEM_LICENCIA,LIC_DEL_FK,R,FOREIGN KEY,ENABLED,NOT DEFERRABLE,IMMEDIATE,LIC_PK,LIC_ID,SPE,LICENCIA_CONDUCCION,LIC_ID,NO ACTION,VALIDATED,
DEM_MUN_HID,SYS_C0023100,C,CHECK,ENABLED,NOT DEFERRABLE,IMMEDIATE,,DMH_ID,,,,,VALIDATED,"""DMH_ID"" IS NOT NULL"
DEM_MUN_HID,SYS_C0023101,C,CHECK,ENABLED,NOT DEFERRABLE,IMMEDIATE,,DEM_ID,,,,,VALIDATED,"""DEM_ID"" IS NOT NULL"
DEM_MUN_HID,SYS_C0023102,C,CHECK,ENABLED,NOT DEFERRABLE,IMMEDIATE,,ARI_ID,,,,,VALIDATED,"""ARI_ID"" IS NOT NULL"
DEM_MUN_HID,SYS_C0023103,C,CHECK,ENABLED,NOT DEFERRABLE,IMMEDIATE,,PAI_ID,,,,,VALIDATED,"""PAI_ID"" IS NOT NULL"
DEM_MUN_HID,DMH_PK,P,PRIMARY KEY,ENABLED,NOT DEFERRABLE,IMMEDIATE,,DMH_ID,,,,,VALIDATED,
DEM_MUN_HID,ARI_DMH_FK,R,FOREIGN KEY,ENABLED,NOT DEFERRABLE,IMMEDIATE,ARI_PK,ARI_ID,SPE,AREA_INFLUENCIA,ARI_ID,NO ACTION,VALIDATED,
DEM_MUN_HID,DEM_DMH_FK,R,FOREIGN KEY,ENABLED,NOT DEFERRABLE,IMMEDIATE,DEM_PK,DEM_ID,SPE,DEMANDA,DEM_ID,NO ACTION,VALIDATED,
DEM_MUN_HID,DPT_DMH_FK,R,FOREIGN KEY,ENABLED,NOT DEFERRABLE,IMMEDIATE,DPT_PK,DPT_ID,SPE,DEPARTAMENTO,DPT_ID,NO ACTION,VALIDATED,
DEM_MUN_HID,MPO_DMH_FK,R,FOREIGN KEY,ENABLED,NOT DEFERRABLE,IMMEDIATE,MPO_PK,MPO_ID,SPE,MUNICIPIO,MPO_ID,NO ACTION,VALIDATED,
DEM_MUN_HID,PAI_DMH_FK,R,FOREIGN KEY,ENABLED,NOT DEFERRABLE,IMMEDIATE,PAI_PK,PAI_ID,SPE,PAIS,PAI_ID,NO ACTION,VALIDATED,
DEM_MUN_HID,DMH_DEM_PAI_DPT_MUN_UK_UC,U,UNIQUE,ENABLED,NOT DEFERRABLE,IMMEDIATE,,"DEM_ID,PAI_ID,DPT_ID,MPO_ID",,,,,VALIDATED,
DEM_PRESELECCION,SYS_C0021754,C,CHECK,ENABLED,NOT DEFERRABLE,IMMEDIATE,,DPS_ID,,,,,VALIDATED,"""DPS_ID"" IS NOT NULL"
DEM_PRESELECCION,SYS_C0021755,C,CHECK,ENABLED,NOT DEFERRABLE,IMMEDIATE,,DEM_ID,,,,,VALIDATED,"""DEM_ID"" IS NOT NULL"
DEM_PRESELECCION,SYS_C0021756,C,CHECK,ENABLED,NOT DEFERRABLE,IMMEDIATE,,DPS_FECHA,,,,,VALIDATED,"""DPS_FECHA"" IS NOT NULL"
DEM_PRESELECCION,SYS_C0021757,C,CHECK,ENABLED,NOT DEFERRABLE,IMMEDIATE,,DPS_ESTADO,,,,,VALIDATED,"""DPS_ESTADO"" IS NOT NULL"
DEM_PRESELECCION,DEM_PRESELECCION_PK,P,PRIMARY KEY,ENABLED,NOT DEFERRABLE,IMMEDIATE,,DPS_ID,,,,,VALIDATED,
DEM_VARIABLE_CRUCE,DEM_DVC_NULL,C,CHECK,ENABLED,NOT DEFERRABLE,IMMEDIATE,,DEM_ID,,,,,VALIDATED,"""DEM_ID"" IS NOT NULL"
DEM_VARIABLE_CRUCE,DVC_ID_NULL,C,CHECK,ENABLED,NOT DEFERRABLE,IMMEDIATE,,DVC_ID,,,,,VALIDATED,"""DVC_ID"" IS NOT NULL"
DEM_VARIABLE_CRUCE,VAC_DVC_NULL,C,CHECK,ENABLED,NOT DEFERRABLE,IMMEDIATE,,VAC_CODIGO,,,,,VALIDATED,"""VAC_CODIGO"" IS NOT NULL"
DEM_VARIABLE_CRUCE,DVC_PK,P,PRIMARY KEY,ENABLED,NOT DEFERRABLE,IMMEDIATE,,DVC_ID,,,,,VALIDATED,
DEM_VARIABLE_CRUCE,DEM_DVC_FK,R,FOREIGN KEY,ENABLED,NOT DEFERRABLE,IMMEDIATE,DEM_PK,DEM_ID,SPE,DEMANDA,DEM_ID,NO ACTION,VALIDATED,
DEM_VARIABLE_CRUCE,VAC_DVC_FK,R,FOREIGN KEY,ENABLED,NOT DEFERRABLE,IMMEDIATE,VAC_PK,VAC_CODIGO,SPE,VARIABLE_CRUCE,VAC_CODIGO,NO ACTION,VALIDATED,
DEM_VEHICULO,DEM_DEV_NULL,C,CHECK,ENABLED,NOT DEFERRABLE,IMMEDIATE,,DEM_ID,,,,,VALIDATED,"""DEM_ID"" IS NOT NULL"
DEM_VEHICULO,DEV_ID_NULL,C,CHECK,ENABLED,NOT DEFERRABLE,IMMEDIATE,,DEV_ID,,,,,VALIDATED,"""DEV_ID"" IS NOT NULL"
DEM_VEHICULO,VEH_DEV_NULL,C,CHECK,ENABLED,NOT DEFERRABLE,IMMEDIATE,,VEH_ID,,,,,VALIDATED,"""VEH_ID"" IS NOT NULL"
DEM_VEHICULO,DEV_PK,P,PRIMARY KEY,ENABLED,NOT DEFERRABLE,IMMEDIATE,,DEV_ID,,,,,VALIDATED,
DEM_VEHICULO,DEM_DEV_FK,R,FOREIGN KEY,ENABLED,NOT DEFERRABLE,IMMEDIATE,DEM_PK,DEM_ID,SPE,DEMANDA,DEM_ID,NO ACTION,VALIDATED,
DEM_VEHICULO,VEH_DEV_FK,R,FOREIGN KEY,ENABLED,NOT DEFERRABLE,IMMEDIATE,VEH_PK,VEH_ID,SPE,VEHICULO,VEH_ID,NO ACTION,VALIDATED,
DENOMINACIONES_ECO_NAR,IND_DEN_ECONAR_FK,R,FOREIGN KEY,ENABLED,NOT DEFERRABLE,IMMEDIATE,IND_PK,IND_ID,SPE,INDICE,IND_ID,NO ACTION,VALIDATED,
DENOMINACIONES_EPL_CULT,IND_DEN_EMPLEO_FK,R,FOREIGN KEY,ENABLED,NOT DEFERRABLE,IMMEDIATE,IND_PK,IND_ID,SPE,INDICE,IND_ID,NO ACTION,VALIDATED,
DEPARTAMENTO,DPT_ID_NULL,C,CHECK,ENABLED,NOT DEFERRABLE,IMMEDIATE,,DPT_ID,,,,,VALIDATED,"""DPT_ID"" IS NOT NULL"
DEPARTAMENTO,DPT_NOMBRE_NULL,C,CHECK,ENABLED,NOT DEFERRABLE,IMMEDIATE,,DPT_NOMBRE,,,,,VALIDATED,"""DPT_NOMBRE"" IS NOT NULL"
DEPARTAMENTO,PAI_DPT_NULL,C,CHECK,ENABLED,NOT DEFERRABLE,IMMEDIATE,,PAI_ID,,,,,VALIDATED,"""PAI_ID"" IS NOT NULL"
DEPARTAMENTO,DPT_PK,P,PRIMARY KEY,ENABLED,NOT DEFERRABLE,IMMEDIATE,,DPT_ID,,,,,VALIDATED,
DEPARTAMENTO,PAI_DPT_FK,R,FOREIGN KEY,ENABLED,NOT DEFERRABLE,IMMEDIATE,PAI_PK,PAI_ID,SPE,PAIS,PAI_ID,NO ACTION,VALIDATED,
DIA_NO_LABORABLE,DNL_FCH_NULL,C,CHECK,ENABLED,NOT DEFERRABLE,IMMEDIATE,,DNL_FCH,,,,,VALIDATED,"""DNL_FCH"" IS NOT NULL"
DIA_NO_LABORABLE,DNL_ID_NULL,C,CHECK,ENABLED,NOT DEFERRABLE,IMMEDIATE,,DNL_ID,,,,,VALIDATED,"""DNL_ID"" IS NOT NULL"
DIA_NO_LABORABLE,DNL_PK,P,PRIMARY KEY,ENABLED,NOT DEFERRABLE,IMMEDIATE,,DNL_ID,,,,,VALIDATED,
DIA_NO_LABORABLE,CSPE_DNL_FK,R,FOREIGN KEY,ENABLED,NOT DEFERRABLE,IMMEDIATE,CSPE_PK,CSPE_ID,SPE,CENTRO_SPE,CSPE_ID,NO ACTION,VALIDATED,
DIA_NO_LABORABLE,DNL_FCH_CSPE_UK_UC,U,UNIQUE,ENABLED,NOT DEFERRABLE,IMMEDIATE,,"DNL_FCH,CSPE_ID",,,,,VALIDATED,
DICCIONARIO,DICC_ID_NULL,C,CHECK,ENABLED,NOT DEFERRABLE,IMMEDIATE,,DIC_ID,,,,,VALIDATED,"""DIC_ID"" IS NOT NULL"
DICCIONARIO,DIC_PAL_CORRECTA_NULL,C,CHECK,ENABLED,NOT DEFERRABLE,IMMEDIATE,,DIC_PAL_CORRECTA,,,,,VALIDATED,"""DIC_PAL_CORRECTA"" IS NOT NULL"
DICCIONARIO,DIC_PAL_ERRONEA_NULL,C,CHECK,ENABLED,NOT DEFERRABLE,IMMEDIATE,,DIC_PAL_ERRONEA,,,,,VALIDATED,"""DIC_PAL_ERRONEA"" IS NOT NULL"
DICCIONARIO,DICCIONARIO_PK,P,PRIMARY KEY,ENABLED,NOT DEFERRABLE,IMMEDIATE,,DIC_ID,,,,,VALIDATED,
DICCIONARIO,DIC_PAL_ERR_UK_UC,U,UNIQUE,ENABLED,NOT DEFERRABLE,IMMEDIATE,,DIC_PAL_ERRONEA,,,,,VALIDATED,
DIVISION_CIIU,DIC_ID_NULL,C,CHECK,ENABLED,NOT DEFERRABLE,IMMEDIATE,,DIC_ID,,,,,VALIDATED,"""DIC_ID"" IS NOT NULL"
DIVISION_CIIU,DIC_NOMBRE_NULL,C,CHECK,ENABLED,NOT DEFERRABLE,IMMEDIATE,,DIC_NOMBRE,,,,,VALIDATED,"""DIC_NOMBRE"" IS NOT NULL"
DIVISION_CIIU,SCC_DIC_NULL,C,CHECK,ENABLED,NOT DEFERRABLE,IMMEDIATE,,SCC_ID,,,,,VALIDATED,"""SCC_ID"" IS NOT NULL"
DIVISION_CIIU,DIC_PK,P,PRIMARY KEY,ENABLED,NOT DEFERRABLE,IMMEDIATE,,DIC_ID,,,,,VALIDATED,
DIVISION_CIIU,SCC_DIC_FK,R,FOREIGN KEY,ENABLED,NOT DEFERRABLE,IMMEDIATE,SCC_PK,SCC_ID,SPE,SECCION_CIIU,SCC_ID,NO ACTION,VALIDATED,
DURACION,DUR_ID_NULL,C,CHECK,ENABLED,NOT DEFERRABLE,IMMEDIATE,,DUR_ID,,,,,VALIDATED,"""DUR_ID"" IS NOT NULL"
DURACION,DUR_NOMBRE_NULL,C,CHECK,ENABLED,NOT DEFERRABLE,IMMEDIATE,,DUR_NOMBRE,,,,,VALIDATED,"""DUR_NOMBRE"" IS NOT NULL"
DURACION,DUR_ORDEN_NULL,C,CHECK,ENABLED,NOT DEFERRABLE,IMMEDIATE,,DUR_ORDEN,,,,,VALIDATED,"""DUR_ORDEN"" IS NOT NULL"
DURACION,DUR_VAL_OFT_CHK,C,CHECK,ENABLED,NOT DEFERRABLE,IMMEDIATE,,DUR_VAL_OFT,,,,,VALIDATED,"
		DUR_VAL_OFT in (0,1)
		"
DURACION,DUR_VAL_OFT_MAX_NULL,C,CHECK,ENABLED,NOT DEFERRABLE,IMMEDIATE,,DUR_VAL_OFT_MAX,,,,,VALIDATED,"""DUR_VAL_OFT_MAX"" IS NOT NULL"
DURACION,DUR_VAL_OFT_NULL,C,CHECK,ENABLED,NOT DEFERRABLE,IMMEDIATE,,DUR_VAL_OFT,,,,,VALIDATED,"""DUR_VAL_OFT"" IS NOT NULL"
DURACION,DUR_VAL_ONF_CHK,C,CHECK,ENABLED,NOT DEFERRABLE,IMMEDIATE,,DUR_VAL_ONF,,,,,VALIDATED,"
		DUR_VAL_ONF in (0,1)
		"
DURACION,DUR_VAL_ONF_MAX_NULL,C,CHECK,ENABLED,NOT DEFERRABLE,IMMEDIATE,,DUR_VAL_ONF_MAX,,,,,VALIDATED,"""DUR_VAL_ONF_MAX"" IS NOT NULL"
DURACION,DUR_VAL_ONF_NULL,C,CHECK,ENABLED,NOT DEFERRABLE,IMMEDIATE,,DUR_VAL_ONF,,,,,VALIDATED,"""DUR_VAL_ONF"" IS NOT NULL"
DURACION,DUR_PK,P,PRIMARY KEY,ENABLED,NOT DEFERRABLE,IMMEDIATE,,DUR_ID,,,,,VALIDATED,
DWH_COLO_FUN,SYS_C0022077,C,CHECK,ENABLED,NOT DEFERRABLE,IMMEDIATE,,PERIODO,,,,,VALIDATED,"""PERIODO"" IS NOT NULL"
DWH_COLO_FUN,SYS_C0022078,C,CHECK,ENABLED,NOT DEFERRABLE,IMMEDIATE,,CONTEO,,,,,VALIDATED,"""CONTEO"" IS NOT NULL"
DWH_COLO_MUN,SYS_C0022081,C,CHECK,ENABLED,NOT DEFERRABLE,IMMEDIATE,,PERIODO,,,,,VALIDATED,"""PERIODO"" IS NOT NULL"
DWH_COLO_MUN,SYS_C0022082,C,CHECK,ENABLED,NOT DEFERRABLE,IMMEDIATE,,CONTEO,,,,,VALIDATED,"""CONTEO"" IS NOT NULL"
DWH_CURS_FUN,SYS_C0023608,C,CHECK,ENABLED,NOT DEFERRABLE,IMMEDIATE,,PERIODO,,,,,VALIDATED,"""PERIODO"" IS NOT NULL"
DWH_CURS_FUN,SYS_C0023609,C,CHECK,ENABLED,NOT DEFERRABLE,IMMEDIATE,,CONTEO,,,,,VALIDATED,"""CONTEO"" IS NOT NULL"
DWH_CURS_MUN,SYS_C0022083,C,CHECK,ENABLED,NOT DEFERRABLE,IMMEDIATE,,PERIODO,,,,,VALIDATED,"""PERIODO"" IS NOT NULL"
DWH_CURS_MUN,SYS_C0022084,C,CHECK,ENABLED,NOT DEFERRABLE,IMMEDIATE,,CONTEO,,,,,VALIDATED,"""CONTEO"" IS NOT NULL"
DWH_DEMA_FUN,SYS_C0022799,C,CHECK,ENABLED,NOT DEFERRABLE,IMMEDIATE,,PERIODO,,,,,VALIDATED,"""PERIODO"" IS NOT NULL"
DWH_DEMA_FUN,SYS_C0022800,C,CHECK,ENABLED,NOT DEFERRABLE,IMMEDIATE,,CONTEO,,,,,VALIDATED,"""CONTEO"" IS NOT NULL"
DWH_DEMA_MUN,SYS_C0022803,C,CHECK,ENABLED,NOT DEFERRABLE,IMMEDIATE,,PERIODO,,,,,VALIDATED,"""PERIODO"" IS NOT NULL"
DWH_DEMA_MUN,SYS_C0022804,C,CHECK,ENABLED,NOT DEFERRABLE,IMMEDIATE,,CONTEO,,,,,VALIDATED,"""CONTEO"" IS NOT NULL"
DWH_EMPR_FUN,SYS_C0022797,C,CHECK,ENABLED,NOT DEFERRABLE,IMMEDIATE,,PERIODO,,,,,VALIDATED,"""PERIODO"" IS NOT NULL"
DWH_EMPR_FUN,SYS_C0022798,C,CHECK,ENABLED,NOT DEFERRABLE,IMMEDIATE,,CONTEO,,,,,VALIDATED,"""CONTEO"" IS NOT NULL"
DWH_EMPR_MUN,SYS_C0022403,C,CHECK,ENABLED,NOT DEFERRABLE,IMMEDIATE,,PERIODO,,,,,VALIDATED,"""PERIODO"" IS NOT NULL"
DWH_EMPR_MUN,SYS_C0022404,C,CHECK,ENABLED,NOT DEFERRABLE,IMMEDIATE,,CONTEO,,,,,VALIDATED,"""CONTEO"" IS NOT NULL"
DWH_INSC,SYS_C0021515,C,CHECK,ENABLED,NOT DEFERRABLE,IMMEDIATE,,TRIMESTRE,,,,,VALIDATED,"""TRIMESTRE"" IS NOT NULL"
DWH_INSC,SYS_C0021516,C,CHECK,ENABLED,NOT DEFERRABLE,IMMEDIATE,,MUNICIPIO,,,,,VALIDATED,"""MUNICIPIO"" IS NOT NULL"
DWH_INSC,SYS_C0021517,C,CHECK,ENABLED,NOT DEFERRABLE,IMMEDIATE,,CONTEO,,,,,VALIDATED,"""CONTEO"" IS NOT NULL"
DWH_INSC,SYS_C0021518,C,CHECK,ENABLED,NOT DEFERRABLE,IMMEDIATE,,DEPARTAMENTO,,,,,VALIDATED,"""DEPARTAMENTO"" IS NOT NULL"
DWH_INSC,SYS_C0021519,C,CHECK,ENABLED,NOT DEFERRABLE,IMMEDIATE,,OCUPACION,,,,,VALIDATED,"""OCUPACION"" IS NOT NULL"
DWH_INSC,SYS_C0021520,C,CHECK,ENABLED,NOT DEFERRABLE,IMMEDIATE,,SEXO,,,,,VALIDATED,"""SEXO"" IS NOT NULL"
DWH_INSC,SYS_C0021521,C,CHECK,ENABLED,NOT DEFERRABLE,IMMEDIATE,,EDAD,,,,,VALIDATED,"""EDAD"" IS NOT NULL"
DWH_INSC,SYS_C0021522,C,CHECK,ENABLED,NOT DEFERRABLE,IMMEDIATE,,ASPIRACION,,,,,VALIDATED,"""ASPIRACION"" IS NOT NULL"
DWH_INSC,SYS_C0021523,C,CHECK,ENABLED,NOT DEFERRABLE,IMMEDIATE,,ESTRATO,,,,,VALIDATED,"""ESTRATO"" IS NOT NULL"
DWH_INSC,SYS_C0021524,C,CHECK,ENABLED,NOT DEFERRABLE,IMMEDIATE,,SITUACION,,,,,VALIDATED,"""SITUACION"" IS NOT NULL"
DWH_INSC_FUN,SYS_C0021527,C,CHECK,ENABLED,NOT DEFERRABLE,IMMEDIATE,,PERIODO,,,,,VALIDATED,"""PERIODO"" IS NOT NULL"
DWH_INSC_FUN,SYS_C0021528,C,CHECK,ENABLED,NOT DEFERRABLE,IMMEDIATE,,CONTEO,,,,,VALIDATED,"""CONTEO"" IS NOT NULL"
DWH_INSC_MUN,SYS_C0022405,C,CHECK,ENABLED,NOT DEFERRABLE,IMMEDIATE,,PERIODO,,,,,VALIDATED,"""PERIODO"" IS NOT NULL"
DWH_INSC_MUN,SYS_C0022406,C,CHECK,ENABLED,NOT DEFERRABLE,IMMEDIATE,,CONTEO,,,,,VALIDATED,"""CONTEO"" IS NOT NULL"
DWH_ORIE_FUN,SYS_C0021525,C,CHECK,ENABLED,NOT DEFERRABLE,IMMEDIATE,,PERIODO,,,,,VALIDATED,"""PERIODO"" IS NOT NULL"
DWH_ORIE_FUN,SYS_C0021526,C,CHECK,ENABLED,NOT DEFERRABLE,IMMEDIATE,,CONTEO,,,,,VALIDATED,"""CONTEO"" IS NOT NULL"
DWH_ORIE_MUN,SYS_C0023007,C,CHECK,ENABLED,NOT DEFERRABLE,IMMEDIATE,,PERIODO,,,,,VALIDATED,"""PERIODO"" IS NOT NULL"
DWH_ORIE_MUN,SYS_C0023008,C,CHECK,ENABLED,NOT DEFERRABLE,IMMEDIATE,,CONTEO,,,,,VALIDATED,"""CONTEO"" IS NOT NULL"
DWH_POST_FUN,SYS_C0022079,C,CHECK,ENABLED,NOT DEFERRABLE,IMMEDIATE,,PERIODO,,,,,VALIDATED,"""PERIODO"" IS NOT NULL"
DWH_POST_FUN,SYS_C0022080,C,CHECK,ENABLED,NOT DEFERRABLE,IMMEDIATE,,CONTEO,,,,,VALIDATED,"""CONTEO"" IS NOT NULL"
DWH_POST_MUN,SYS_C0023289,C,CHECK,ENABLED,NOT DEFERRABLE,IMMEDIATE,,PERIODO,,,,,VALIDATED,"""PERIODO"" IS NOT NULL"
DWH_POST_MUN,SYS_C0023290,C,CHECK,ENABLED,NOT DEFERRABLE,IMMEDIATE,,CONTEO,,,,,VALIDATED,"""CONTEO"" IS NOT NULL"
DWH_SEGU_FUN,SYS_C0023287,C,CHECK,ENABLED,NOT DEFERRABLE,IMMEDIATE,,PERIODO,,,,,VALIDATED,"""PERIODO"" IS NOT NULL"
DWH_SEGU_FUN,SYS_C0023288,C,CHECK,ENABLED,NOT DEFERRABLE,IMMEDIATE,,CONTEO,,,,,VALIDATED,"""CONTEO"" IS NOT NULL"
DWH_SEGU_MUN,SYS_C0023009,C,CHECK,ENABLED,NOT DEFERRABLE,IMMEDIATE,,PERIODO,,,,,VALIDATED,"""PERIODO"" IS NOT NULL"
DWH_SEGU_MUN,SYS_C0023010,C,CHECK,ENABLED,NOT DEFERRABLE,IMMEDIATE,,CONTEO,,,,,VALIDATED,"""CONTEO"" IS NOT NULL"
DWH_VACA_FUN,SYS_C0021780,C,CHECK,ENABLED,NOT DEFERRABLE,IMMEDIATE,,PERIODO,,,,,VALIDATED,"""PERIODO"" IS NOT NULL"
DWH_VACA_FUN,SYS_C0021781,C,CHECK,ENABLED,NOT DEFERRABLE,IMMEDIATE,,CONTEO,,,,,VALIDATED,"""CONTEO"" IS NOT NULL"
DWH_VACA_MUN,SYS_C0021787,C,CHECK,ENABLED,NOT DEFERRABLE,IMMEDIATE,,PERIODO,,,,,VALIDATED,"""PERIODO"" IS NOT NULL"
DWH_VACA_MUN,SYS_C0021788,C,CHECK,ENABLED,NOT DEFERRABLE,IMMEDIATE,,CONTEO,,,,,VALIDATED,"""CONTEO"" IS NOT NULL"
EESXPES,EEP_ID_NULL,C,CHECK,ENABLED,NOT DEFERRABLE,IMMEDIATE,,EEP_ID,,,,,VALIDATED,"""EEP_ID"" IS NOT NULL"
EESXPES,EES_EEP_NULL,C,CHECK,ENABLED,NOT DEFERRABLE,IMMEDIATE,,EES_ID,,,,,VALIDATED,"""EES_ID"" IS NOT NULL"
EESXPES,PES_EEP_NULL,C,CHECK,ENABLED,NOT DEFERRABLE,IMMEDIATE,,PES_ID,,,,,VALIDATED,"""PES_ID"" IS NOT NULL"
EESXPES,EEP_PK,P,PRIMARY KEY,ENABLED,NOT DEFERRABLE,IMMEDIATE,,EEP_ID,,,,,VALIDATED,
EESXPES,EEP_EES_FK,R,FOREIGN KEY,ENABLED,NOT DEFERRABLE,IMMEDIATE,EES_PK,EES_ID,SPE,EMPRESA_ESPECIAL,EES_ID,NO ACTION,VALIDATED,
EESXPES,EEP_PES_FK,R,FOREIGN KEY,ENABLED,NOT DEFERRABLE,IMMEDIATE,PES_PK,PES_ID,SPE,PROGRAMA_ESPECIAL,PES_ID,NO ACTION,VALIDATED,
EJECUCION_TALLER,CSPE_ETA_NULL,C,CHECK,ENABLED,NOT DEFERRABLE,IMMEDIATE,,CSPE_ID,,,,,VALIDATED,"""CSPE_ID"" IS NOT NULL"
EJECUCION_TALLER,ETA_FCH_EJECUCION_NULL,C,CHECK,ENABLED,NOT DEFERRABLE,IMMEDIATE,,ETA_FCH_EJECUCION,,,,,VALIDATED,"""ETA_FCH_EJECUCION"" IS NOT NULL"
EJECUCION_TALLER,ETA_FCH_REGISTRO_NULL,C,CHECK,ENABLED,NOT DEFERRABLE,IMMEDIATE,,ETA_FCH_REGISTRO,,,,,VALIDATED,"""ETA_FCH_REGISTRO"" IS NOT NULL"
EJECUCION_TALLER,ETA_ID_NULL,C,CHECK,ENABLED,NOT DEFERRABLE,IMMEDIATE,,ETA_ID,,,,,VALIDATED,"""ETA_ID"" IS NOT NULL"
EJECUCION_TALLER,ETA_LUGAR_NULL,C,CHECK,ENABLED,NOT DEFERRABLE,IMMEDIATE,,ETA_LUGAR,,,,,VALIDATED,"""ETA_LUGAR"" IS NOT NULL"
EJECUCION_TALLER,FUN_ETA_NULL,C,CHECK,ENABLED,NOT DEFERRABLE,IMMEDIATE,,FUN_ID,,,,,VALIDATED,"""FUN_ID"" IS NOT NULL"
EJECUCION_TALLER,GUT_ETA_NULL,C,CHECK,ENABLED,NOT DEFERRABLE,IMMEDIATE,,GUT_ID,,,,,VALIDATED,"""GUT_ID"" IS NOT NULL"
EJECUCION_TALLER,SYS_C0021494,C,CHECK,ENABLED,NOT DEFERRABLE,IMMEDIATE,,ETA_ID,,,,,VALIDATED,"""ETA_ID"" IS NOT NULL"
EJECUCION_TALLER,SYS_C0021495,C,CHECK,ENABLED,NOT DEFERRABLE,IMMEDIATE,,GUT_ID,,,,,VALIDATED,"""GUT_ID"" IS NOT NULL"
EJECUCION_TALLER,SYS_C0021496,C,CHECK,ENABLED,NOT DEFERRABLE,IMMEDIATE,,ETA_FCH_EJECUCION,,,,,VALIDATED,"""ETA_FCH_EJECUCION"" IS NOT NULL"
EJECUCION_TALLER,SYS_C0021497,C,CHECK,ENABLED,NOT DEFERRABLE,IMMEDIATE,,ETA_LUGAR,,,,,VALIDATED,"""ETA_LUGAR"" IS NOT NULL"
EJECUCION_TALLER,SYS_C0021498,C,CHECK,ENABLED,NOT DEFERRABLE,IMMEDIATE,,ETA_FCH_REGISTRO,,,,,VALIDATED,"""ETA_FCH_REGISTRO"" IS NOT NULL"
EJECUCION_TALLER,SYS_C0021499,C,CHECK,ENABLED,NOT DEFERRABLE,IMMEDIATE,,FUN_ID,,,,,VALIDATED,"""FUN_ID"" IS NOT NULL"
EJECUCION_TALLER,SYS_C0021500,C,CHECK,ENABLED,NOT DEFERRABLE,IMMEDIATE,,CSPE_ID,,,,,VALIDATED,"""CSPE_ID"" IS NOT NULL"
EJECUCION_TALLER,ETA_PK,P,PRIMARY KEY,ENABLED,NOT DEFERRABLE,IMMEDIATE,,ETA_ID,,,,,VALIDATED,
EJECUCION_TALLER,CSPE_ETA_FK,R,FOREIGN KEY,ENABLED,NOT DEFERRABLE,IMMEDIATE,CSPE_PK,CSPE_ID,SPE,CENTRO_SPE,CSPE_ID,NO ACTION,VALIDATED,
EJECUCION_TALLER,FK_EJEC_TALLER_PDC,R,FOREIGN KEY,ENABLED,NOT DEFERRABLE,IMMEDIATE,PDC_ID_PK,PDC_ID,SPE,PERSONAL_DE_CONVENIO,PDC_ID,NO ACTION,VALIDATED,
EJECUCION_TALLER,FUN_ETA_FK,R,FOREIGN KEY,ENABLED,NOT DEFERRABLE,IMMEDIATE,FUN_PK,FUN_ID,SPE,FUNCIONARIO,FUN_ID,NO ACTION,VALIDATED,
EJECUCION_TALLER,GUT_ETA_FK,R,FOREIGN KEY,ENABLED,NOT DEFERRABLE,IMMEDIATE,GUT_PK,GUT_ID,SPE,GUIA_TALLER,GUT_ID,NO ACTION,VALIDATED,
EMPRESA,CIIU_EMP_NULL,C,CHECK,ENABLED,NOT DEFERRABLE,IMMEDIATE,,CIIU_ID,,,,,VALIDATED,"""CIIU_ID"" IS NOT NULL"
EMPRESA,EMP_CLAVE_NULL,C,CHECK,ENABLED,NOT DEFERRABLE,IMMEDIATE,,EMP_CLAVE,,,,,VALIDATED,"""EMP_CLAVE"" IS NOT NULL"
EMPRESA,EMP_DIRECCION_NULL,C,CHECK,ENABLED,NOT DEFERRABLE,IMMEDIATE,,EMP_DIRECCION,,,,,VALIDATED,"""EMP_DIRECCION"" IS NOT NULL"
EMPRESA,EMP_IDENTIFICACION_NULL,C,CHECK,ENABLED,NOT DEFERRABLE,IMMEDIATE,,EMP_IDENTIFICACION,,,,,VALIDATED,"""EMP_IDENTIFICACION"" IS NOT NULL"
EMPRESA,EMP_ID_NULL,C,CHECK,ENABLED,NOT DEFERRABLE,IMMEDIATE,,EMP_ID,,,,,VALIDATED,"""EMP_ID"" IS NOT NULL"
EMPRESA,EMP_MED_INSCRIPCION_CHK,C,CHECK,ENABLED,NOT DEFERRABLE,IMMEDIATE,,EMP_MED_INSCRIPCION,,,,,VALIDATED,"
		EMP_MED_INSCRIPCION in (0,1)
		"
EMPRESA,EMP_MED_INSCRIPCION_NULL,C,CHECK,ENABLED,NOT DEFERRABLE,IMMEDIATE,,EMP_MED_INSCRIPCION,,,,,VALIDATED,"""EMP_MED_INSCRIPCION"" IS NOT NULL"
EMPRESA,EMP_NATURALEZA_CHK,C,CHECK,ENABLED,NOT DEFERRABLE,IMMEDIATE,,EMP_NATURALEZA,,,,,VALIDATED,"
		EMP_NATURALEZA in (0,1,2)
		"
EMPRESA,EMP_NATURALEZA_NULL,C,CHECK,ENABLED,NOT DEFERRABLE,IMMEDIATE,,EMP_NATURALEZA,,,,,VALIDATED,"""EMP_NATURALEZA"" IS NOT NULL"
EMPRESA,EMP_NUM_TRABAJADORES_NULL,C,CHECK,ENABLED,NOT DEFERRABLE,IMMEDIATE,,EMP_NUM_TRABAJADORES,,,,,VALIDATED,"""EMP_NUM_TRABAJADORES"" IS NOT NULL"
EMPRESA,EMP_PREGUNTA_NULL,C,CHECK,ENABLED,NOT DEFERRABLE,IMMEDIATE,,EMP_PREGUNTA,,,,,VALIDATED,"""EMP_PREGUNTA"" IS NOT NULL"
EMPRESA,EMP_RAZON_SOCIAL_NULL,C,CHECK,ENABLED,NOT DEFERRABLE,IMMEDIATE,,EMP_RAZON_SOCIAL,,,,,VALIDATED,"""EMP_RAZON_SOCIAL"" IS NOT NULL"
EMPRESA,EMP_RECURSOS_HUMANOS_NULL,C,CHECK,ENABLED,NOT DEFERRABLE,IMMEDIATE,,EMP_RECURSOS_HUMANOS,,,,,VALIDATED,"""EMP_RECURSOS_HUMANOS"" IS NOT NULL"
EMPRESA,EMP_REP_LEGAL_NULL,C,CHECK,ENABLED,NOT DEFERRABLE,IMMEDIATE,,EMP_REP_LEGAL,,,,,VALIDATED,"""EMP_REP_LEGAL"" IS NOT NULL"
EMPRESA,EMP_RESPUESTA_NULL,C,CHECK,ENABLED,NOT DEFERRABLE,IMMEDIATE,,EMP_RESPUESTA,,,,,VALIDATED,"""EMP_RESPUESTA"" IS NOT NULL"
EMPRESA,EMP_SEDE_CHK,C,CHECK,ENABLED,NOT DEFERRABLE,IMMEDIATE,,EMP_SEDE,,,,,VALIDATED,"
		EMP_SEDE in (0,1)
		"
EMPRESA,EMP_SEDE_NULL,C,CHECK,ENABLED,NOT DEFERRABLE,IMMEDIATE,,EMP_SEDE,,,,,VALIDATED,"""EMP_SEDE"" IS NOT NULL"
EMPRESA,EMP_TEL_NULL,C,CHECK,ENABLED,NOT DEFERRABLE,IMMEDIATE,,EMP_TEL,,,,,VALIDATED,"""EMP_TEL"" IS NOT NULL"
EMPRESA,EMP_TEL_RECURSOS_NULL,C,CHECK,ENABLED,NOT DEFERRABLE,IMMEDIATE,,EMP_TEL_RECURSOS,,,,,VALIDATED,"""EMP_TEL_RECURSOS"" IS NOT NULL"
EMPRESA,PAI_EMP_NULL,C,CHECK,ENABLED,NOT DEFERRABLE,IMMEDIATE,,PAI_ID,,,,,VALIDATED,"""PAI_ID"" IS NOT NULL"
EMPRESA,REG_EMP_NULL,C,CHECK,ENABLED,NOT DEFERRABLE,IMMEDIATE,,REG_ID,,,,,VALIDATED,"""REG_ID"" IS NOT NULL"
EMPRESA,TDI_EMP_NULL,C,CHECK,ENABLED,NOT DEFERRABLE,IMMEDIATE,,TDI_ID,,,,,VALIDATED,"""TDI_ID"" IS NOT NULL"
EMPRESA,TEM_EMP_NULL,C,CHECK,ENABLED,NOT DEFERRABLE,IMMEDIATE,,TEM_ID,,,,,VALIDATED,"""TEM_ID"" IS NOT NULL"
EMPRESA,EMP_PK,P,PRIMARY KEY,ENABLED,NOT DEFERRABLE,IMMEDIATE,,EMP_ID,,,,,VALIDATED,
EMPRESA,BAR_EMP_FK,R,FOREIGN KEY,ENABLED,NOT DEFERRABLE,IMMEDIATE,BAR_PK,BAR_ID,SPE,BARRIO,BAR_ID,NO ACTION,VALIDATED,
EMPRESA,CIIU_EMP_FK,R,FOREIGN KEY,ENABLED,NOT DEFERRABLE,IMMEDIATE,CIIU_PK,CIIU_ID,SPE,CIIU,CIIU_ID,NO ACTION,VALIDATED,
EMPRESA,CSPE_EMP_FK,R,FOREIGN KEY,ENABLED,NOT DEFERRABLE,IMMEDIATE,CSPE_PK,CSPE_ID,SPE,CENTRO_SPE,CSPE_ID,NO ACTION,VALIDATED,
EMPRESA,DPT_EMP_FK,R,FOREIGN KEY,ENABLED,NOT DEFERRABLE,IMMEDIATE,DPT_PK,DPT_ID,SPE,DEPARTAMENTO,DPT_ID,NO ACTION,VALIDATED,
EMPRESA,FUN_EMP_FK,R,FOREIGN KEY,ENABLED,NOT DEFERRABLE,IMMEDIATE,FUN_PK,FUN_ID,SPE,FUNCIONARIO,FUN_ID,NO ACTION,VALIDATED,
EMPRESA,MPO_EMP_FK,R,FOREIGN KEY,ENABLED,NOT DEFERRABLE,IMMEDIATE,MPO_PK,MPO_ID,SPE,MUNICIPIO,MPO_ID,NO ACTION,VALIDATED,
EMPRESA,PAI_EMP_FK,R,FOREIGN KEY,ENABLED,NOT DEFERRABLE,IMMEDIATE,PAI_PK,PAI_ID,SPE,PAIS,PAI_ID,NO ACTION,VALIDATED,
EMPRESA,REG_EMP_FK,R,FOREIGN KEY,ENABLED,NOT DEFERRABLE,IMMEDIATE,REG_PK,REG_ID,SPE,REGIONAL,REG_ID,NO ACTION,VALIDATED,
EMPRESA,TDI_EMP_FK,R,FOREIGN KEY,ENABLED,NOT DEFERRABLE,IMMEDIATE,TDI_PK,TDI_ID,SPE,TIPO_DOC_IDENT,TDI_ID,NO ACTION,VALIDATED,
EMPRESA,TEM_EMP_FK,R,FOREIGN KEY,ENABLED,NOT DEFERRABLE,IMMEDIATE,TEM_PK,TEM_ID,SPE,TIPO_EMPRESA,TEM_ID,NO ACTION,VALIDATED,
EMPRESA,ZON_EMP_FK,R,FOREIGN KEY,ENABLED,NOT DEFERRABLE,IMMEDIATE,ZON_PK,ZON_ID,SPE,ZONA,ZON_ID,NO ACTION,VALIDATED,
EMPRESA,EMP_IDENTIFICACION_UK_UC,U,UNIQUE,ENABLED,NOT DEFERRABLE,IMMEDIATE,,EMP_IDENTIFICACION,,,,,VALIDATED,
EMPRESA_ANULADA,CIIU_EMA_NULL,C,CHECK,ENABLED,NOT DEFERRABLE,IMMEDIATE,,CIIU_ID,,,,,VALIDATED,"""CIIU_ID"" IS NOT NULL"
EMPRESA_ANULADA,EMA_CLAVE_NULL,C,CHECK,ENABLED,NOT DEFERRABLE,IMMEDIATE,,EMP_CLAVE,,,,,VALIDATED,"""EMP_CLAVE"" IS NOT NULL"
EMPRESA_ANULADA,EMA_DIRECCION_NULL,C,CHECK,ENABLED,NOT DEFERRABLE,IMMEDIATE,,EMP_DIRECCION,,,,,VALIDATED,"""EMP_DIRECCION"" IS NOT NULL"
EMPRESA_ANULADA,EMA_IDENTIFICACION_NULL,C,CHECK,ENABLED,NOT DEFERRABLE,IMMEDIATE,,EMP_IDENTIFICACION,,,,,VALIDATED,"""EMP_IDENTIFICACION"" IS NOT NULL"
EMPRESA_ANULADA,EMA_ID_NULL,C,CHECK,ENABLED,NOT DEFERRABLE,IMMEDIATE,,EMP_ID,,,,,VALIDATED,"""EMP_ID"" IS NOT NULL"
EMPRESA_ANULADA,EMA_MED_INSCRIPCION_CHK,C,CHECK,ENABLED,NOT DEFERRABLE,IMMEDIATE,,EMP_MED_INSCRIPCION,,,,,VALIDATED,"
		EMP_MED_INSCRIPCION in (0,1)
		"
EMPRESA_ANULADA,EMA_MED_INSCRIPCION_NULL,C,CHECK,ENABLED,NOT DEFERRABLE,IMMEDIATE,,EMP_MED_INSCRIPCION,,,,,VALIDATED,"""EMP_MED_INSCRIPCION"" IS NOT NULL"
EMPRESA_ANULADA,EMA_NATURALEZA_CHK,C,CHECK,ENABLED,NOT DEFERRABLE,IMMEDIATE,,EMP_NATURALEZA,,,,,VALIDATED,"
		EMP_NATURALEZA in (0,1,2)
		"
EMPRESA_ANULADA,EMA_NATURALEZA_NULL,C,CHECK,ENABLED,NOT DEFERRABLE,IMMEDIATE,,EMP_NATURALEZA,,,,,VALIDATED,"""EMP_NATURALEZA"" IS NOT NULL"
EMPRESA_ANULADA,EMA_NUM_TRABAJADORES_NULL,C,CHECK,ENABLED,NOT DEFERRABLE,IMMEDIATE,,EMP_NUM_TRABAJADORES,,,,,VALIDATED,"""EMP_NUM_TRABAJADORES"" IS NOT NULL"
EMPRESA_ANULADA,EMA_PREGUNTA_NULL,C,CHECK,ENABLED,NOT DEFERRABLE,IMMEDIATE,,EMP_PREGUNTA,,,,,VALIDATED,"""EMP_PREGUNTA"" IS NOT NULL"
EMPRESA_ANULADA,EMA_RAZON_SOCIAL_NULL,C,CHECK,ENABLED,NOT DEFERRABLE,IMMEDIATE,,EMP_RAZON_SOCIAL,,,,,VALIDATED,"""EMP_RAZON_SOCIAL"" IS NOT NULL"
EMPRESA_ANULADA,EMA_RECURSOS_HUMANOS_NULL,C,CHECK,ENABLED,NOT DEFERRABLE,IMMEDIATE,,EMP_RECURSOS_HUMANOS,,,,,VALIDATED,"""EMP_RECURSOS_HUMANOS"" IS NOT NULL"
EMPRESA_ANULADA,EMA_REP_LEGAL_NULL,C,CHECK,ENABLED,NOT DEFERRABLE,IMMEDIATE,,EMP_REP_LEGAL,,,,,VALIDATED,"""EMP_REP_LEGAL"" IS NOT NULL"
EMPRESA_ANULADA,EMA_RESPUESTA_NULL,C,CHECK,ENABLED,NOT DEFERRABLE,IMMEDIATE,,EMP_RESPUESTA,,,,,VALIDATED,"""EMP_RESPUESTA"" IS NOT NULL"
EMPRESA_ANULADA,EMA_SEDE_CHK,C,CHECK,ENABLED,NOT DEFERRABLE,IMMEDIATE,,EMP_SEDE,,,,,VALIDATED,"
		EMP_SEDE in (0,1)
		"
EMPRESA_ANULADA,EMA_SEDE_NULL,C,CHECK,ENABLED,NOT DEFERRABLE,IMMEDIATE,,EMP_SEDE,,,,,VALIDATED,"""EMP_SEDE"" IS NOT NULL"
EMPRESA_ANULADA,EMA_TEL_NULL,C,CHECK,ENABLED,NOT DEFERRABLE,IMMEDIATE,,EMP_TEL,,,,,VALIDATED,"""EMP_TEL"" IS NOT NULL"
EMPRESA_ANULADA,EMA_TEL_RECURSOS_NULL,C,CHECK,ENABLED,NOT DEFERRABLE,IMMEDIATE,,EMP_TEL_RECURSOS,,,,,VALIDATED,"""EMP_TEL_RECURSOS"" IS NOT NULL"
EMPRESA_ANULADA,PAI_EMA_NULL,C,CHECK,ENABLED,NOT DEFERRABLE,IMMEDIATE,,PAI_ID,,,,,VALIDATED,"""PAI_ID"" IS NOT NULL"
EMPRESA_ANULADA,REG_EMA_NULL,C,CHECK,ENABLED,NOT DEFERRABLE,IMMEDIATE,,REG_ID,,,,,VALIDATED,"""REG_ID"" IS NOT NULL"
EMPRESA_ANULADA,TDI_EMA_NULL,C,CHECK,ENABLED,NOT DEFERRABLE,IMMEDIATE,,TDI_ID,,,,,VALIDATED,"""TDI_ID"" IS NOT NULL"
EMPRESA_ANULADA,TEM_EMA_NULL,C,CHECK,ENABLED,NOT DEFERRABLE,IMMEDIATE,,TEM_ID,,,,,VALIDATED,"""TEM_ID"" IS NOT NULL"
EMPRESA_ANULADA,EMA_PK,P,PRIMARY KEY,ENABLED,NOT DEFERRABLE,IMMEDIATE,,EMP_ID,,,,,VALIDATED,
EMPRESA_ANULADA,BAR_EMA_FK,R,FOREIGN KEY,ENABLED,NOT DEFERRABLE,IMMEDIATE,BAR_PK,BAR_ID,SPE,BARRIO,BAR_ID,NO ACTION,VALIDATED,
EMPRESA_ANULADA,CIIU_EMA_FK,R,FOREIGN KEY,ENABLED,NOT DEFERRABLE,IMMEDIATE,CIIU_PK,CIIU_ID,SPE,CIIU,CIIU_ID,NO ACTION,VALIDATED,
EMPRESA_ANULADA,CSPE_EMA_FK,R,FOREIGN KEY,ENABLED,NOT DEFERRABLE,IMMEDIATE,CSPE_PK,CSPE_ID,SPE,CENTRO_SPE,CSPE_ID,NO ACTION,VALIDATED,
EMPRESA_ANULADA,DPT_EMA_FK,R,FOREIGN KEY,ENABLED,NOT DEFERRABLE,IMMEDIATE,DPT_PK,DPT_ID,SPE,DEPARTAMENTO,DPT_ID,NO ACTION,VALIDATED,
EMPRESA_ANULADA,FUN_EMA_FK,R,FOREIGN KEY,ENABLED,NOT DEFERRABLE,IMMEDIATE,FUN_PK,FUN_ID,SPE,FUNCIONARIO,FUN_ID,NO ACTION,VALIDATED,
EMPRESA_ANULADA,MPO_EMA_FK,R,FOREIGN KEY,ENABLED,NOT DEFERRABLE,IMMEDIATE,MPO_PK,MPO_ID,SPE,MUNICIPIO,MPO_ID,NO ACTION,VALIDATED,
EMPRESA_ANULADA,PAI_EMA_FK,R,FOREIGN KEY,ENABLED,NOT DEFERRABLE,IMMEDIATE,PAI_PK,PAI_ID,SPE,PAIS,PAI_ID,NO ACTION,VALIDATED,
EMPRESA_ANULADA,REG_EMA_FK,R,FOREIGN KEY,ENABLED,NOT DEFERRABLE,IMMEDIATE,REG_PK,REG_ID,SPE,REGIONAL,REG_ID,NO ACTION,VALIDATED,
EMPRESA_ANULADA,TDI_EMA_FK,R,FOREIGN KEY,ENABLED,NOT DEFERRABLE,IMMEDIATE,TDI_PK,TDI_ID,SPE,TIPO_DOC_IDENT,TDI_ID,NO ACTION,VALIDATED,
EMPRESA_ANULADA,TEM_EMA_FK,R,FOREIGN KEY,ENABLED,NOT DEFERRABLE,IMMEDIATE,TEM_PK,TEM_ID,SPE,TIPO_EMPRESA,TEM_ID,NO ACTION,VALIDATED,
EMPRESA_ANULADA,ZON_EMA_FK,R,FOREIGN KEY,ENABLED,NOT DEFERRABLE,IMMEDIATE,ZON_PK,ZON_ID,SPE,ZONA,ZON_ID,NO ACTION,VALIDATED,
EMPRESA_ESPECIAL,EES_DESCRIPCION_NULL,C,CHECK,ENABLED,NOT DEFERRABLE,IMMEDIATE,,EES_DESCRIPCION,,,,,VALIDATED,"""EES_DESCRIPCION"" IS NOT NULL"
EMPRESA_ESPECIAL,EES_DUP_INDICE_CHK,C,CHECK,ENABLED,NOT DEFERRABLE,IMMEDIATE,,EES_DUP_INDICE,,,,,VALIDATED,"
  EES_DUP_INDICE IN (0,1)
  "
EMPRESA_ESPECIAL,EES_DUP_INDICE_NULL,C,CHECK,ENABLED,NOT DEFERRABLE,IMMEDIATE,,EES_DUP_INDICE,,,,,VALIDATED,"""EES_DUP_INDICE"" IS NOT NULL"
EMPRESA_ESPECIAL,EES_ESTADO_CHK,C,CHECK,ENABLED,NOT DEFERRABLE,IMMEDIATE,,EES_ESTADO,,,,,VALIDATED,"
		EES_ESTADO in (0,1)
		"
EMPRESA_ESPECIAL,EES_ESTADO_NULL,C,CHECK,ENABLED,NOT DEFERRABLE,IMMEDIATE,,EES_ESTADO,,,,,VALIDATED,"""EES_ESTADO"" IS NOT NULL"
EMPRESA_ESPECIAL,EES_FCH_CREACION_NULL,C,CHECK,ENABLED,NOT DEFERRABLE,IMMEDIATE,,EES_FCH_CREACION,,,,,VALIDATED,"""EES_FCH_CREACION"" IS NOT NULL"
EMPRESA_ESPECIAL,EES_FCH_INI_NULL,C,CHECK,ENABLED,NOT DEFERRABLE,IMMEDIATE,,EES_FCH_INI,,,,,VALIDATED,"""EES_FCH_INI"" IS NOT NULL"
EMPRESA_ESPECIAL,EES_HAB_INTERNET_CHK,C,CHECK,ENABLED,NOT DEFERRABLE,IMMEDIATE,,EES_HAB_INTERNET,,,,,VALIDATED,"
  EES_HAB_INTERNET in (0,1)
  "
EMPRESA_ESPECIAL,EES_HAB_INTERNET_NULL,C,CHECK,ENABLED,NOT DEFERRABLE,IMMEDIATE,,EES_HAB_INTERNET,,,,,VALIDATED,"""EES_HAB_INTERNET"" IS NOT NULL"
EMPRESA_ESPECIAL,EES_ID_NULL,C,CHECK,ENABLED,NOT DEFERRABLE,IMMEDIATE,,EES_ID,,,,,VALIDATED,"""EES_ID"" IS NOT NULL"
EMPRESA_ESPECIAL,EES_NOMBRE_NULL,C,CHECK,ENABLED,NOT DEFERRABLE,IMMEDIATE,,EES_NOMBRE,,,,,VALIDATED,"""EES_NOMBRE"" IS NOT NULL"
EMPRESA_ESPECIAL,EES_POSTULACION_INC_CHK,C,CHECK,ENABLED,NOT DEFERRABLE,IMMEDIATE,,EES_POSTULACION_INC,,,,,VALIDATED,"
  EES_POSTULACION_INC IN (0,1)
  "
EMPRESA_ESPECIAL,SYS_C0023168,C,CHECK,ENABLED,NOT DEFERRABLE,IMMEDIATE,,EES_POSTULACION_INC,,,,,VALIDATED,"""EES_POSTULACION_INC"" IS NOT NULL"
EMPRESA_ESPECIAL,SYS_C0023169,C,CHECK,ENABLED,NOT DEFERRABLE,IMMEDIATE,,EES_BUSCA_PCLAVE,,,,,VALIDATED,"""EES_BUSCA_PCLAVE"" IS NOT NULL"
EMPRESA_ESPECIAL,EES_PK,P,PRIMARY KEY,ENABLED,NOT DEFERRABLE,IMMEDIATE,,EES_ID,,,,,VALIDATED,
EMPRESA_PILA_TEMP,SYS_C0023243,C,CHECK,ENABLED,NOT DEFERRABLE,IMMEDIATE,,TDI_ID,,,,,VALIDATED,"""TDI_ID"" IS NOT NULL"
EMPRESA_PILA_TEMP,SYS_C0023244,C,CHECK,ENABLED,NOT DEFERRABLE,IMMEDIATE,,EMP_IDENTIFICACION,,,,,VALIDATED,"""EMP_IDENTIFICACION"" IS NOT NULL"
EMPRESA_PILA_TEMP,SYS_C0023245,C,CHECK,ENABLED,NOT DEFERRABLE,IMMEDIATE,,EMP_RAZON_SOCIAL,,,,,VALIDATED,"""EMP_RAZON_SOCIAL"" IS NOT NULL"
EMPRESA_PILA_TEMP,SYS_C0023246,C,CHECK,ENABLED,NOT DEFERRABLE,IMMEDIATE,,TEM_ID,,,,,VALIDATED,"""TEM_ID"" IS NOT NULL"
EMPRESA_PILA_TEMP,SYS_C0023247,C,CHECK,ENABLED,NOT DEFERRABLE,IMMEDIATE,,EMP_NATURALEZA,,,,,VALIDATED,"""EMP_NATURALEZA"" IS NOT NULL"
EMPRESA_PILA_TEMP,SYS_C0023248,C,CHECK,ENABLED,NOT DEFERRABLE,IMMEDIATE,,PAI_ID,,,,,VALIDATED,"""PAI_ID"" IS NOT NULL"
EMPRESA_PILA_TEMP,SYS_C0023249,C,CHECK,ENABLED,NOT DEFERRABLE,IMMEDIATE,,DPT_ID,,,,,VALIDATED,"""DPT_ID"" IS NOT NULL"
EMPRESA_PILA_TEMP,SYS_C0023250,C,CHECK,ENABLED,NOT DEFERRABLE,IMMEDIATE,,MPO_ID,,,,,VALIDATED,"""MPO_ID"" IS NOT NULL"
EMPRESA_PILA_TEMP,SYS_C0023251,C,CHECK,ENABLED,NOT DEFERRABLE,IMMEDIATE,,EMP_DIRECCION,,,,,VALIDATED,"""EMP_DIRECCION"" IS NOT NULL"
EMPRESA_PILA_TEMP,SYS_C0023252,C,CHECK,ENABLED,NOT DEFERRABLE,IMMEDIATE,,EMP_SEDE,,,,,VALIDATED,"""EMP_SEDE"" IS NOT NULL"
EMPRESA_PILA_TEMP,SYS_C0023253,C,CHECK,ENABLED,NOT DEFERRABLE,IMMEDIATE,,EMP_REP_LEGAL,,,,,VALIDATED,"""EMP_REP_LEGAL"" IS NOT NULL"
EMPRESA_PILA_TEMP,SYS_C0023254,C,CHECK,ENABLED,NOT DEFERRABLE,IMMEDIATE,,EMP_RECURSOS_HUMANOS,,,,,VALIDATED,"""EMP_RECURSOS_HUMANOS"" IS NOT NULL"
EMPRESA_PILA_TEMP,SYS_C0023255,C,CHECK,ENABLED,NOT DEFERRABLE,IMMEDIATE,,EMP_TEL_RECURSOS,,,,,VALIDATED,"""EMP_TEL_RECURSOS"" IS NOT NULL"
EMPXEES,EEE_FCH_REGISTRO_NULL,C,CHECK,ENABLED,NOT DEFERRABLE,IMMEDIATE,,EEE_FCH_REGISTRO,,,,,VALIDATED,"""EEE_FCH_REGISTRO"" IS NOT NULL"
EMPXEES,EEE_ID_NULL,C,CHECK,ENABLED,NOT DEFERRABLE,IMMEDIATE,,EEE_ID,,,,,VALIDATED,"""EEE_ID"" IS NOT NULL"
EMPXEES,EES_EEE_NULL,C,CHECK,ENABLED,NOT DEFERRABLE,IMMEDIATE,,EES_ID,,,,,VALIDATED,"""EES_ID"" IS NOT NULL"
EMPXEES,EMP_EEE_NULL,C,CHECK,ENABLED,NOT DEFERRABLE,IMMEDIATE,,EMP_ID,,,,,VALIDATED,"""EMP_ID"" IS NOT NULL"
EMPXEES,EEE_PK,P,PRIMARY KEY,ENABLED,NOT DEFERRABLE,IMMEDIATE,,EEE_ID,,,,,VALIDATED,
EMPXEES,EES_EEE_FK,R,FOREIGN KEY,ENABLED,NOT DEFERRABLE,IMMEDIATE,EES_PK,EES_ID,SPE,EMPRESA_ESPECIAL,EES_ID,NO ACTION,VALIDATED,
EMPXEES,EMP_EEE_FK,R,FOREIGN KEY,ENABLED,NOT DEFERRABLE,IMMEDIATE,EMP_PK,EMP_ID,SPE,EMPRESA,EMP_ID,NO ACTION,VALIDATED,
EMPXEES,FUN_EEE_FK,R,FOREIGN KEY,ENABLED,NOT DEFERRABLE,IMMEDIATE,FUN_PK,FUN_ID,SPE,FUNCIONARIO,FUN_ID,NO ACTION,VALIDATED,
EMPXEES,EMPXEES_UK_UC,U,UNIQUE,ENABLED,NOT DEFERRABLE,IMMEDIATE,,"EMP_ID,EES_ID",,,,,VALIDATED,
EMPXEES_COP,SYS_C0022653,C,CHECK,ENABLED,NOT DEFERRABLE,IMMEDIATE,,EEE_ID,,,,,VALIDATED,"""EEE_ID"" IS NOT NULL"
EMPXEES_COP,SYS_C0022654,C,CHECK,ENABLED,NOT DEFERRABLE,IMMEDIATE,,EMP_ID,,,,,VALIDATED,"""EMP_ID"" IS NOT NULL"
EMPXEES_COP,SYS_C0022655,C,CHECK,ENABLED,NOT DEFERRABLE,IMMEDIATE,,EES_ID,,,,,VALIDATED,"""EES_ID"" IS NOT NULL"
EMPXEES_COP,SYS_C0022656,C,CHECK,ENABLED,NOT DEFERRABLE,IMMEDIATE,,EEE_FCH_REGISTRO,,,,,VALIDATED,"""EEE_FCH_REGISTRO"" IS NOT NULL"
EMP_TALLER,EMP_EMT_NULL,C,CHECK,ENABLED,NOT DEFERRABLE,IMMEDIATE,,EMP_ID,,,,,VALIDATED,"""EMP_ID"" IS NOT NULL"
EMP_TALLER,EMT_ID_NULL,C,CHECK,ENABLED,NOT DEFERRABLE,IMMEDIATE,,EMT_ID,,,,,VALIDATED,"""EMT_ID"" IS NOT NULL"
EMP_TALLER,ETA_EMT_NULL,C,CHECK,ENABLED,NOT DEFERRABLE,IMMEDIATE,,ETA_ID,,,,,VALIDATED,"""ETA_ID"" IS NOT NULL"
EMP_TALLER,EMT_PK,P,PRIMARY KEY,ENABLED,NOT DEFERRABLE,IMMEDIATE,,EMT_ID,,,,,VALIDATED,
EMP_TALLER,EMP_EMT_FK,R,FOREIGN KEY,ENABLED,NOT DEFERRABLE,IMMEDIATE,EMP_PK,EMP_ID,SPE,EMPRESA,EMP_ID,NO ACTION,VALIDATED,
EMP_TALLER,ETA_EMT_FK,R,FOREIGN KEY,ENABLED,NOT DEFERRABLE,IMMEDIATE,ETA_PK,ETA_ID,SPE,EJECUCION_TALLER,ETA_ID,NO ACTION,VALIDATED,
EMP_TALLER,EMPXEMT_UK_UC,U,UNIQUE,ENABLED,NOT DEFERRABLE,IMMEDIATE,,"ETA_ID,EMP_ID",,,,,VALIDATED,
ENVIO,DEM_ENV_NULL,C,CHECK,ENABLED,NOT DEFERRABLE,IMMEDIATE,,DEM_ID,,,,,VALIDATED,"""DEM_ID"" IS NOT NULL"
ENVIO,ENV_AUTOR_CHK,C,CHECK,ENABLED,NOT DEFERRABLE,IMMEDIATE,,ENV_AUTOR,,,,,VALIDATED,"
		ENV_AUTOR in (0,1)
		"
ENVIO,ENV_AUTOR_NULL,C,CHECK,ENABLED,NOT DEFERRABLE,IMMEDIATE,,ENV_AUTOR,,,,,VALIDATED,"""ENV_AUTOR"" IS NOT NULL"
ENVIO,ENV_FCH_REGISTRO_NULL,C,CHECK,ENABLED,NOT DEFERRABLE,IMMEDIATE,,ENV_FCH_REGISTRO,,,,,VALIDATED,"""ENV_FCH_REGISTRO"" IS NOT NULL"
ENVIO,ENV_ID_NULL,C,CHECK,ENABLED,NOT DEFERRABLE,IMMEDIATE,,ENV_ID,,,,,VALIDATED,"""ENV_ID"" IS NOT NULL"
ENVIO,ENV_MEDIO_CHK,C,CHECK,ENABLED,NOT DEFERRABLE,IMMEDIATE,,ENV_MEDIO,,,,,VALIDATED,"
		ENV_MEDIO in (0,1,2,3)
		"
ENVIO,ENV_MEDIO_NULL,C,CHECK,ENABLED,NOT DEFERRABLE,IMMEDIATE,,ENV_MEDIO,,,,,VALIDATED,"""ENV_MEDIO"" IS NOT NULL"
ENVIO,OFT_ENV_NULL,C,CHECK,ENABLED,NOT DEFERRABLE,IMMEDIATE,,OFT_ID,,,,,VALIDATED,"""OFT_ID"" IS NOT NULL"
ENVIO,SYS_C0023472,C,CHECK,ENABLED,NOT DEFERRABLE,IMMEDIATE,,ENV_DIRECTO,,,,,VALIDATED,"""ENV_DIRECTO"" IS NOT NULL"
ENVIO,ENV_PK,P,PRIMARY KEY,ENABLED,NOT DEFERRABLE,IMMEDIATE,,ENV_ID,,,,,VALIDATED,
ENVIO,CSPE_ENV_FK,R,FOREIGN KEY,ENABLED,NOT DEFERRABLE,IMMEDIATE,CSPE_PK,CSPE_ID,SPE,CENTRO_SPE,CSPE_ID,NO ACTION,VALIDATED,
ENVIO,DEM_ENV_FK,R,FOREIGN KEY,ENABLED,NOT DEFERRABLE,IMMEDIATE,DEM_PK,DEM_ID,SPE,DEMANDA,DEM_ID,NO ACTION,VALIDATED,
ENVIO,FSO_ENV_FK,R,FOREIGN KEY,ENABLED,NOT DEFERRABLE,IMMEDIATE,FSO_PK,FSO_ID,SPE,FUENTE_SEG_OFERTA,FSO_ID,NO ACTION,VALIDATED,
ENVIO,FUN_ENV_FK,R,FOREIGN KEY,ENABLED,NOT DEFERRABLE,IMMEDIATE,FUN_PK,FUN_ID,SPE,FUNCIONARIO,FUN_ID,NO ACTION,VALIDATED,
ENVIO,FUN_EVS_FK,R,FOREIGN KEY,ENABLED,NOT DEFERRABLE,IMMEDIATE,FUN_PK,FUN_ID_SEGUIMIENTO,SPE,FUNCIONARIO,FUN_ID,NO ACTION,VALIDATED,
ENVIO,OFT_ENV_FK,R,FOREIGN KEY,ENABLED,NOT DEFERRABLE,IMMEDIATE,OFT_PK,OFT_ID,SPE,OFERTA,OFT_ID,NO ACTION,VALIDATED,
ENVIO,ENV_OFT_DEM_UK_UC,U,UNIQUE,ENABLED,NOT DEFERRABLE,IMMEDIATE,,"OFT_ID,DEM_ID",,,,,VALIDATED,
ENVIO_SENSIBILIZACION,CSPE_ENV_SEN_NULL,C,CHECK,ENABLED,NOT DEFERRABLE,IMMEDIATE,,CSPE_ID,,,,,VALIDATED,"""CSPE_ID"" IS NOT NULL"
ENVIO_SENSIBILIZACION,DEM_ENV_SEN_NULL,C,CHECK,ENABLED,NOT DEFERRABLE,IMMEDIATE,,DEM_ID,,,,,VALIDATED,"""DEM_ID"" IS NOT NULL"
ENVIO_SENSIBILIZACION,ENV_SEN_ID_NULL,C,CHECK,ENABLED,NOT DEFERRABLE,IMMEDIATE,,ENV_SEN_ID,,,,,VALIDATED,"""ENV_SEN_ID"" IS NOT NULL"
ENVIO_SENSIBILIZACION,FCH_REGISTRO_ENV_SEN_NULL,C,CHECK,ENABLED,NOT DEFERRABLE,IMMEDIATE,,FCH_REGISTRO,,,,,VALIDATED,"""FCH_REGISTRO"" IS NOT NULL"
ENVIO_SENSIBILIZACION,FUN_ENV_SEN_NULL,C,CHECK,ENABLED,NOT DEFERRABLE,IMMEDIATE,,FUN_ID,,,,,VALIDATED,"""FUN_ID"" IS NOT NULL"
ENVIO_SENSIBILIZACION,OFT_ENV_SEN_NULL,C,CHECK,ENABLED,NOT DEFERRABLE,IMMEDIATE,,OFT_ID,,,,,VALIDATED,"""OFT_ID"" IS NOT NULL"
ENVIO_SENSIBILIZACION,ENV_SEN_PK,P,PRIMARY KEY,ENABLED,NOT DEFERRABLE,IMMEDIATE,,ENV_SEN_ID,,,,,VALIDATED,
ENVIO_SENSIBILIZACION,CSPE_ENV_SEN_FK,R,FOREIGN KEY,ENABLED,NOT DEFERRABLE,IMMEDIATE,CSPE_PK,CSPE_ID,SPE,CENTRO_SPE,CSPE_ID,NO ACTION,VALIDATED,
ENVIO_SENSIBILIZACION,DEM_ENV_SEN_FK,R,FOREIGN KEY,ENABLED,NOT DEFERRABLE,IMMEDIATE,DEM_PK,DEM_ID,SPE,DEMANDA,DEM_ID,NO ACTION,VALIDATED,
ENVIO_SENSIBILIZACION,FUN_ENV_SEN_FK,R,FOREIGN KEY,ENABLED,NOT DEFERRABLE,IMMEDIATE,FUN_PK,FUN_ID,SPE,FUNCIONARIO,FUN_ID,NO ACTION,VALIDATED,
ENVIO_SENSIBILIZACION,OFT_ENV_SEN_FK,R,FOREIGN KEY,ENABLED,NOT DEFERRABLE,IMMEDIATE,OFT_PK,OFT_ID,SPE,OFERTA,OFT_ID,NO ACTION,VALIDATED,
ENVIO_SENSIBILIZACION,ENV_SEN_OFT_DEM_UK_UC,U,UNIQUE,ENABLED,NOT DEFERRABLE,IMMEDIATE,,"OFT_ID,DEM_ID",,,,,VALIDATED,
ESPECIALIDAD_ARD,ARD_EAD_NULL,C,CHECK,ENABLED,NOT DEFERRABLE,IMMEDIATE,,ARD_ID,,,,,VALIDATED,"""ARD_ID"" IS NOT NULL"
ESPECIALIDAD_ARD,EAD_ID_NULL,C,CHECK,ENABLED,NOT DEFERRABLE,IMMEDIATE,,EAD_ID,,,,,VALIDATED,"""EAD_ID"" IS NOT NULL"
ESPECIALIDAD_ARD,EAD_NOMBRE_NULL,C,CHECK,ENABLED,NOT DEFERRABLE,IMMEDIATE,,EAD_NOMBRE,,,,,VALIDATED,"""EAD_NOMBRE"" IS NOT NULL"
ESPECIALIDAD_ARD,EAD_PK,P,PRIMARY KEY,ENABLED,NOT DEFERRABLE,IMMEDIATE,,EAD_ID,,,,,VALIDATED,
ESPECIALIDAD_ARD,ARD_EAD_FK,R,FOREIGN KEY,ENABLED,NOT DEFERRABLE,IMMEDIATE,ARD_PK,ARD_ID,SPE,AREA_DESEMPENO,ARD_ID,NO ACTION,VALIDATED,
ESTACION_CONSULTA,CSPE_ECN_NULL,C,CHECK,ENABLED,NOT DEFERRABLE,IMMEDIATE,,CSPE_ID,,,,,VALIDATED,"""CSPE_ID"" IS NOT NULL"
ESTACION_CONSULTA,ECN_CLAVE_NULL,C,CHECK,ENABLED,NOT DEFERRABLE,IMMEDIATE,,ECN_CLAVE,,,,,VALIDATED,"""ECN_CLAVE"" IS NOT NULL"
ESTACION_CONSULTA,ECN_ESTADO_CHK,C,CHECK,ENABLED,NOT DEFERRABLE,IMMEDIATE,,ECN_ESTADO,,,,,VALIDATED,"
		ECN_ESTADO in (0,1)
		"
ESTACION_CONSULTA,ECN_ESTADO_NULL,C,CHECK,ENABLED,NOT DEFERRABLE,IMMEDIATE,,ECN_ESTADO,,,,,VALIDATED,"""ECN_ESTADO"" IS NOT NULL"
ESTACION_CONSULTA,ECN_FCH_INGRESO_NULL,C,CHECK,ENABLED,NOT DEFERRABLE,IMMEDIATE,,ECN_FCH_INGRESO,,,,,VALIDATED,"""ECN_FCH_INGRESO"" IS NOT NULL"
ESTACION_CONSULTA,ECN_ID_NULL,C,CHECK,ENABLED,NOT DEFERRABLE,IMMEDIATE,,ECN_ID,,,,,VALIDATED,"""ECN_ID"" IS NOT NULL"
ESTACION_CONSULTA,ECN_NOMBRE_NULL,C,CHECK,ENABLED,NOT DEFERRABLE,IMMEDIATE,,ECN_NOMBRE,,,,,VALIDATED,"""ECN_NOMBRE"" IS NOT NULL"
ESTACION_CONSULTA,ECN_PK,P,PRIMARY KEY,ENABLED,NOT DEFERRABLE,IMMEDIATE,,ECN_ID,,,,,VALIDATED,
ESTACION_CONSULTA,CSPE_ECN_FK,R,FOREIGN KEY,ENABLED,NOT DEFERRABLE,IMMEDIATE,CSPE_PK,CSPE_ID,SPE,CENTRO_SPE,CSPE_ID,NO ACTION,VALIDATED,
ESTADO_CIVIL,ESC_ID_NULL,C,CHECK,ENABLED,NOT DEFERRABLE,IMMEDIATE,,ESC_ID,,,,,VALIDATED,"""ESC_ID"" IS NOT NULL"
ESTADO_CIVIL,ESC_NOMBRE_NULL,C,CHECK,ENABLED,NOT DEFERRABLE,IMMEDIATE,,ESC_NOMBRE,,,,,VALIDATED,"""ESC_NOMBRE"" IS NOT NULL"
ESTADO_CIVIL,ESC_VAL_DEMANDA_CHK,C,CHECK,ENABLED,NOT DEFERRABLE,IMMEDIATE,,ESC_VAL_DEMANDA,,,,,VALIDATED,"
		ESC_VAL_DEMANDA in (0,1)
		"
ESTADO_CIVIL,ESC_VAL_DEMANDA_NULL,C,CHECK,ENABLED,NOT DEFERRABLE,IMMEDIATE,,ESC_VAL_DEMANDA,,,,,VALIDATED,"""ESC_VAL_DEMANDA"" IS NOT NULL"
ESTADO_CIVIL,ESC_VAL_OFERTA_CHK,C,CHECK,ENABLED,NOT DEFERRABLE,IMMEDIATE,,ESC_VAL_OFERTA,,,,,VALIDATED,"
		ESC_VAL_OFERTA in (0,1)
		"
ESTADO_CIVIL,ESC_VAL_OFERTA_NULL,C,CHECK,ENABLED,NOT DEFERRABLE,IMMEDIATE,,ESC_VAL_OFERTA,,,,,VALIDATED,"""ESC_VAL_OFERTA"" IS NOT NULL"
ESTADO_CIVIL,ESC_PK,P,PRIMARY KEY,ENABLED,NOT DEFERRABLE,IMMEDIATE,,ESC_ID,,,,,VALIDATED,
ESTADO_CURSO,ECR_DESCRIPCION_NULL,C,CHECK,ENABLED,NOT DEFERRABLE,IMMEDIATE,,ECR_DESCRIPCION,,,,,VALIDATED,"""ECR_DESCRIPCION"" IS NOT NULL"
ESTADO_CURSO,ECR_HAB_MATRICULA_CHK,C,CHECK,ENABLED,NOT DEFERRABLE,IMMEDIATE,,ECR_HAB_MATRICULA,,,,,VALIDATED,"
		ECR_HAB_MATRICULA in (0,1)
		"
ESTADO_CURSO,ECR_HAB_MATRICULA_NULL,C,CHECK,ENABLED,NOT DEFERRABLE,IMMEDIATE,,ECR_HAB_MATRICULA,,,,,VALIDATED,"""ECR_HAB_MATRICULA"" IS NOT NULL"
ESTADO_CURSO,ECR_ID_NULL,C,CHECK,ENABLED,NOT DEFERRABLE,IMMEDIATE,,ECR_ID,,,,,VALIDATED,"""ECR_ID"" IS NOT NULL"
ESTADO_CURSO,ECR_NOMBRE_NULL,C,CHECK,ENABLED,NOT DEFERRABLE,IMMEDIATE,,ECR_NOMBRE,,,,,VALIDATED,"""ECR_NOMBRE"" IS NOT NULL"
ESTADO_CURSO,ECR_PK,P,PRIMARY KEY,ENABLED,NOT DEFERRABLE,IMMEDIATE,,ECR_ID,,,,,VALIDATED,
ESTADO_DEMANDA,ESD_DESCRIPCION_NULL,C,CHECK,ENABLED,NOT DEFERRABLE,IMMEDIATE,,ESD_DESCRIPCION,,,,,VALIDATED,"""ESD_DESCRIPCION"" IS NOT NULL"
ESTADO_DEMANDA,ESD_HAB_CRUCE_DEM_CHK,C,CHECK,ENABLED,NOT DEFERRABLE,IMMEDIATE,,ESD_HAB_CRUCE_DEM,,,,,VALIDATED,"
		ESD_HAB_CRUCE_DEM in (0,1)
		"
ESTADO_DEMANDA,ESD_HAB_CRUCE_DEM_NULL,C,CHECK,ENABLED,NOT DEFERRABLE,IMMEDIATE,,ESD_HAB_CRUCE_DEM,,,,,VALIDATED,"""ESD_HAB_CRUCE_DEM"" IS NOT NULL"
ESTADO_DEMANDA,ESD_ID_NULL,C,CHECK,ENABLED,NOT DEFERRABLE,IMMEDIATE,,ESD_ID,,,,,VALIDATED,"""ESD_ID"" IS NOT NULL"
ESTADO_DEMANDA,ESD_NOMBRE_NULL,C,CHECK,ENABLED,NOT DEFERRABLE,IMMEDIATE,,ESD_NOMBRE,,,,,VALIDATED,"""ESD_NOMBRE"" IS NOT NULL"
ESTADO_DEMANDA,ESD_PK,P,PRIMARY KEY,ENABLED,NOT DEFERRABLE,IMMEDIATE,,ESD_ID,,,,,VALIDATED,
ESTADO_EMPRESA,ESE_DESCRIPCION_NULL,C,CHECK,ENABLED,NOT DEFERRABLE,IMMEDIATE,,ESE_DESCRIPCION,,,,,VALIDATED,"""ESE_DESCRIPCION"" IS NOT NULL"
ESTADO_EMPRESA,ESE_HAB_CAPT_DEM_CHK,C,CHECK,ENABLED,NOT DEFERRABLE,IMMEDIATE,,ESE_HAB_CAPT_DEM,,,,,VALIDATED,"
		ESE_HAB_CAPT_DEM in (0,1)
		"
ESTADO_EMPRESA,ESE_HAB_CAPT_DEM_NULL,C,CHECK,ENABLED,NOT DEFERRABLE,IMMEDIATE,,ESE_HAB_CAPT_DEM,,,,,VALIDATED,"""ESE_HAB_CAPT_DEM"" IS NOT NULL"
ESTADO_EMPRESA,ESE_ID_NULL,C,CHECK,ENABLED,NOT DEFERRABLE,IMMEDIATE,,ESE_ID,,,,,VALIDATED,"""ESE_ID"" IS NOT NULL"
ESTADO_EMPRESA,ESE_NOMBRE_NULL,C,CHECK,ENABLED,NOT DEFERRABLE,IMMEDIATE,,ESE_NOMBRE,,,,,VALIDATED,"""ESE_NOMBRE"" IS NOT NULL"
ESTADO_EMPRESA,ESE_PK,P,PRIMARY KEY,ENABLED,NOT DEFERRABLE,IMMEDIATE,,ESE_ID,,,,,VALIDATED,
ESTADO_OFERTA,ESO_DESCRIPCION_NULL,C,CHECK,ENABLED,NOT DEFERRABLE,IMMEDIATE,,ESO_DESCRIPCION,,,,,VALIDATED,"""ESO_DESCRIPCION"" IS NOT NULL"
ESTADO_OFERTA,ESO_HAB_CONSUL_DEM_CHK,C,CHECK,ENABLED,NOT DEFERRABLE,IMMEDIATE,,ESO_HAB_CONSUL_DEM,,,,,VALIDATED,"
		ESO_HAB_CONSUL_DEM in (0,1)
		"
ESTADO_OFERTA,ESO_HAB_CONSUL_DEM_NULL,C,CHECK,ENABLED,NOT DEFERRABLE,IMMEDIATE,,ESO_HAB_CONSUL_DEM,,,,,VALIDATED,"""ESO_HAB_CONSUL_DEM"" IS NOT NULL"
ESTADO_OFERTA,ESO_ID_NULL,C,CHECK,ENABLED,NOT DEFERRABLE,IMMEDIATE,,ESO_ID,,,,,VALIDATED,"""ESO_ID"" IS NOT NULL"
ESTADO_OFERTA,ESO_NOMBRE_NULL,C,CHECK,ENABLED,NOT DEFERRABLE,IMMEDIATE,,ESO_NOMBRE,,,,,VALIDATED,"""ESO_NOMBRE"" IS NOT NULL"
ESTADO_OFERTA,ESO_PK,P,PRIMARY KEY,ENABLED,NOT DEFERRABLE,IMMEDIATE,,ESO_ID,,,,,VALIDATED,
ESTRATO,ETR_ID_NULL,C,CHECK,ENABLED,NOT DEFERRABLE,IMMEDIATE,,ETR_ID,,,,,VALIDATED,"""ETR_ID"" IS NOT NULL"
ESTRATO,ETR_NOMBRE_NULL,C,CHECK,ENABLED,NOT DEFERRABLE,IMMEDIATE,,ETR_NOMBRE,,,,,VALIDATED,"""ETR_NOMBRE"" IS NOT NULL"
ESTRATO,ETR_PK,P,PRIMARY KEY,ENABLED,NOT DEFERRABLE,IMMEDIATE,,ETR_ID,,,,,VALIDATED,
ESTUDIO_FORMAL,ARC_ETF_NULL,C,CHECK,ENABLED,NOT DEFERRABLE,IMMEDIATE,,ARC_ID,,,,,VALIDATED,"""ARC_ID"" IS NOT NULL"
ESTUDIO_FORMAL,DPT_ETF_NULL,C,CHECK,ENABLED,NOT DEFERRABLE,IMMEDIATE,,DPT_ID,,,,,VALIDATED,"""DPT_ID"" IS NOT NULL"
ESTUDIO_FORMAL,DUR_ETF_NULL,C,CHECK,ENABLED,NOT DEFERRABLE,IMMEDIATE,,DUR_ID,,,,,VALIDATED,"""DUR_ID"" IS NOT NULL"
ESTUDIO_FORMAL,ETF_ESTADO_CHK,C,CHECK,ENABLED,NOT DEFERRABLE,IMMEDIATE,,ETF_ESTADO,,,,,VALIDATED,"
		ETF_ESTADO in (0,1)
		"
ESTUDIO_FORMAL,ETF_ESTADO_NULL,C,CHECK,ENABLED,NOT DEFERRABLE,IMMEDIATE,,ETF_ESTADO,,,,,VALIDATED,"""ETF_ESTADO"" IS NOT NULL"
ESTUDIO_FORMAL,ETF_FIN_NULL,C,CHECK,ENABLED,NOT DEFERRABLE,IMMEDIATE,,ETF_FIN,,,,,VALIDATED,"""ETF_FIN"" IS NOT NULL"
ESTUDIO_FORMAL,ETF_ID_NULL,C,CHECK,ENABLED,NOT DEFERRABLE,IMMEDIATE,,ETF_ID,,,,,VALIDATED,"""ETF_ID"" IS NOT NULL"
ESTUDIO_FORMAL,ETF_INI_NULL,C,CHECK,ENABLED,NOT DEFERRABLE,IMMEDIATE,,ETF_INI,,,,,VALIDATED,"""ETF_INI"" IS NOT NULL"
ESTUDIO_FORMAL,INS_ETF_NULL,C,CHECK,ENABLED,NOT DEFERRABLE,IMMEDIATE,,INS_ID,,,,,VALIDATED,"""INS_ID"" IS NOT NULL"
ESTUDIO_FORMAL,MET_ETF_NULL,C,CHECK,ENABLED,NOT DEFERRABLE,IMMEDIATE,,MET_ID,,,,,VALIDATED,"""MET_ID"" IS NOT NULL"
ESTUDIO_FORMAL,MPO_ETF_NULL,C,CHECK,ENABLED,NOT DEFERRABLE,IMMEDIATE,,MPO_ID,,,,,VALIDATED,"""MPO_ID"" IS NOT NULL"
ESTUDIO_FORMAL,NIA_ETF_NULL,C,CHECK,ENABLED,NOT DEFERRABLE,IMMEDIATE,,NIA_ID,,,,,VALIDATED,"""NIA_ID"" IS NOT NULL"
ESTUDIO_FORMAL,SYS_C0021618,C,CHECK,ENABLED,NOT DEFERRABLE,IMMEDIATE,,ETF_ORIGEN,,,,,VALIDATED,"""ETF_ORIGEN"" IS NOT NULL"
ESTUDIO_FORMAL,TIT_ETF_NULL,C,CHECK,ENABLED,NOT DEFERRABLE,IMMEDIATE,,TIT_ID,,,,,VALIDATED,"""TIT_ID"" IS NOT NULL"
ESTUDIO_FORMAL,ETF_PK,P,PRIMARY KEY,ENABLED,NOT DEFERRABLE,IMMEDIATE,,ETF_ID,,,,,VALIDATED,
ESTUDIO_FORMAL,ARC_ETF_FK,R,FOREIGN KEY,ENABLED,NOT DEFERRABLE,IMMEDIATE,ARC_PK,ARC_ID,SPE,AREA_CONOCIMIENTO,ARC_ID,NO ACTION,VALIDATED,
ESTUDIO_FORMAL,DPT_ETF_FK,R,FOREIGN KEY,ENABLED,NOT DEFERRABLE,IMMEDIATE,DPT_PK,DPT_ID,SPE,DEPARTAMENTO,DPT_ID,NO ACTION,VALIDATED,
ESTUDIO_FORMAL,DUR_ETF_FK,R,FOREIGN KEY,ENABLED,NOT DEFERRABLE,IMMEDIATE,DUR_PK,DUR_ID,SPE,DURACION,DUR_ID,NO ACTION,VALIDATED,
ESTUDIO_FORMAL,INS_ETF_FK,R,FOREIGN KEY,ENABLED,NOT DEFERRABLE,IMMEDIATE,INS_PK,INS_ID,SPE,INSTITUCION,INS_ID,NO ACTION,VALIDATED,
ESTUDIO_FORMAL,MET_ETF_FK,R,FOREIGN KEY,ENABLED,NOT DEFERRABLE,IMMEDIATE,MET_PK,MET_ID,SPE,METODOLOGIA,MET_ID,NO ACTION,VALIDATED,
ESTUDIO_FORMAL,MPO_ETF_FK,R,FOREIGN KEY,ENABLED,NOT DEFERRABLE,IMMEDIATE,MPO_PK,MPO_ID,SPE,MUNICIPIO,MPO_ID,NO ACTION,VALIDATED,
ESTUDIO_FORMAL,NIA_ETF_FK,R,FOREIGN KEY,ENABLED,NOT DEFERRABLE,IMMEDIATE,NIA_PK,NIA_ID,SPE,NIVEL_ACADEMICO,NIA_ID,NO ACTION,VALIDATED,
ESTUDIO_FORMAL,TIT_ETF_FK,R,FOREIGN KEY,ENABLED,NOT DEFERRABLE,IMMEDIATE,TIT_PK,TIT_ID,SPE,TITULO,TIT_ID,NO ACTION,VALIDATED,
ESTUDIO_NO_FORMAL,EAD_ENF_NULL,C,CHECK,ENABLED,NOT DEFERRABLE,IMMEDIATE,,EAD_ID,,,,,VALIDATED,"""EAD_ID"" IS NOT NULL"
ESTUDIO_NO_FORMAL,ENF_ID_NULL,C,CHECK,ENABLED,NOT DEFERRABLE,IMMEDIATE,,ENF_ID,,,,,VALIDATED,"""ENF_ID"" IS NOT NULL"
ESTUDIO_NO_FORMAL,ENF_NOMBRE_NULL,C,CHECK,ENABLED,NOT DEFERRABLE,IMMEDIATE,,ENF_NOMBRE,,,,,VALIDATED,"""ENF_NOMBRE"" IS NOT NULL"
ESTUDIO_NO_FORMAL,TIE_ENF_NULL,C,CHECK,ENABLED,NOT DEFERRABLE,IMMEDIATE,,TIE_ID,,,,,VALIDATED,"""TIE_ID"" IS NOT NULL"
ESTUDIO_NO_FORMAL,ENF_PK,P,PRIMARY KEY,ENABLED,NOT DEFERRABLE,IMMEDIATE,,ENF_ID,,,,,VALIDATED,
ESTUDIO_NO_FORMAL,EAD_ENF_FK,R,FOREIGN KEY,ENABLED,NOT DEFERRABLE,IMMEDIATE,EAD_PK,EAD_ID,SPE,ESPECIALIDAD_ARD,EAD_ID,NO ACTION,VALIDATED,
ESTUDIO_NO_FORMAL,TIE_ENF_FK,R,FOREIGN KEY,ENABLED,NOT DEFERRABLE,IMMEDIATE,TIE_PK,TIE_ID,SPE,TIPO_ESTUDIO,TIE_ID,NO ACTION,VALIDATED,
EVENTO,EVE_FCH_REGISTRO_NULL,C,CHECK,ENABLED,NOT DEFERRABLE,IMMEDIATE,,EVE_FCH_REGISTRO,,,,,VALIDATED,"""EVE_FCH_REGISTRO"" IS NOT NULL"
EVENTO,EVE_ID_NULL,C,CHECK,ENABLED,NOT DEFERRABLE,IMMEDIATE,,EVE_ID,,,,,VALIDATED,"""EVE_ID"" IS NOT NULL"
EVENTO,TEV_EVE_NULL,C,CHECK,ENABLED,NOT DEFERRABLE,IMMEDIATE,,TEV_ID,,,,,VALIDATED,"""TEV_ID"" IS NOT NULL"
EVENTO,EVE_PK,P,PRIMARY KEY,ENABLED,NOT DEFERRABLE,IMMEDIATE,,EVE_ID,,,,,VALIDATED,
EVENTO,TEV_EVE_FK,R,FOREIGN KEY,ENABLED,NOT DEFERRABLE,IMMEDIATE,TEV_PK,TEV_ID,SPE,TIPO_EVENTO,TEV_ID,NO ACTION,VALIDATED,
EVENTOS,SYS_C0022432,C,CHECK,ENABLED,NOT DEFERRABLE,IMMEDIATE,,EVENTO_ID,,,,,VALIDATED,"""EVENTO_ID"" IS NOT NULL"
EVENTOS,SYS_C0022433,C,CHECK,ENABLED,NOT DEFERRABLE,IMMEDIATE,,TEA_ID,,,,,VALIDATED,"""TEA_ID"" IS NOT NULL"
EVENTOS,EVENTOS_PK,P,PRIMARY KEY,ENABLED,NOT DEFERRABLE,IMMEDIATE,,EVENTO_ID,,,,,VALIDATED,
EVENTOS,FUNCIONARIO,R,FOREIGN KEY,ENABLED,NOT DEFERRABLE,IMMEDIATE,FUN_PK,FUN_ID,SPE,FUNCIONARIO,FUN_ID,NO ACTION,VALIDATED,
EVENTOS,MUNICIPIO,R,FOREIGN KEY,ENABLED,NOT DEFERRABLE,IMMEDIATE,MPO_PK,MPO_ID,SPE,MUNICIPIO,MPO_ID,NO ACTION,VALIDATED,
EXPERIENCIAXFUNCION,EXF_ID_NULL,C,CHECK,ENABLED,NOT DEFERRABLE,IMMEDIATE,,EXF_ID,,,,,VALIDATED,"""EXF_ID"" IS NOT NULL"
EXPERIENCIAXFUNCION,FNC_EXF_NULL,C,CHECK,ENABLED,NOT DEFERRABLE,IMMEDIATE,,FNC_ID,,,,,VALIDATED,"""FNC_ID"" IS NOT NULL"
EXPERIENCIAXFUNCION,OEX_EXF_NULL,C,CHECK,ENABLED,NOT DEFERRABLE,IMMEDIATE,,OEX_ID,,,,,VALIDATED,"""OEX_ID"" IS NOT NULL"
EXPERIENCIAXFUNCION,EXK_PK,P,PRIMARY KEY,ENABLED,NOT DEFERRABLE,IMMEDIATE,,EXF_ID,,,,,VALIDATED,
EXPERIENCIAXFUNCION,FNC_EXF_FK,R,FOREIGN KEY,ENABLED,NOT DEFERRABLE,IMMEDIATE,FNC_PK,FNC_ID,SPE,FUNCION,FNC_ID,NO ACTION,VALIDATED,
EXPERIENCIAXFUNCION,OEX_EXF_FK,R,FOREIGN KEY,ENABLED,NOT DEFERRABLE,IMMEDIATE,OEX_PK,OEX_ID,SPE,OFT_EXPERIENCIA,OEX_ID,NO ACTION,VALIDATED,
FUENTE_SEG_CURSO,FSC_ACCION_NULL,C,CHECK,ENABLED,NOT DEFERRABLE,IMMEDIATE,,FSC_ACCION,,,,,VALIDATED,"""FSC_ACCION"" IS NOT NULL"
FUENTE_SEG_CURSO,FSC_ANUL_CURSO_CSPE_CHK,C,CHECK,ENABLED,NOT DEFERRABLE,IMMEDIATE,,FSC_ANUL_CURSO_CSPE,,,,,VALIDATED,"
		FSC_ANUL_CURSO_CSPE in (0,1)
		"
FUENTE_SEG_CURSO,FSC_ANUL_CURSO_CSPE_NULL,C,CHECK,ENABLED,NOT DEFERRABLE,IMMEDIATE,,FSC_ANUL_CURSO_CSPE,,,,,VALIDATED,"""FSC_ANUL_CURSO_CSPE"" IS NOT NULL"
FUENTE_SEG_CURSO,FSC_ID_NULL,C,CHECK,ENABLED,NOT DEFERRABLE,IMMEDIATE,,FSC_ID,,,,,VALIDATED,"""FSC_ID"" IS NOT NULL"
FUENTE_SEG_CURSO,FSC_NOMBRE_NULL,C,CHECK,ENABLED,NOT DEFERRABLE,IMMEDIATE,,FSC_NOMBRE,,,,,VALIDATED,"""FSC_NOMBRE"" IS NOT NULL"
FUENTE_SEG_CURSO,FSC_PK,P,PRIMARY KEY,ENABLED,NOT DEFERRABLE,IMMEDIATE,,FSC_ID,,,,,VALIDATED,
FUENTE_SEG_CURSO,ECR_FSC_FIN_FK,R,FOREIGN KEY,ENABLED,NOT DEFERRABLE,IMMEDIATE,ECR_PK,ECR_FIN,SPE,ESTADO_CURSO,ECR_ID,NO ACTION,VALIDATED,
FUENTE_SEG_CURSO,ECR_FSC_INI_FK,R,FOREIGN KEY,ENABLED,NOT DEFERRABLE,IMMEDIATE,ECR_PK,ECR_INI,SPE,ESTADO_CURSO,ECR_ID,NO ACTION,VALIDATED,
FUENTE_SEG_DEMANDA,FSD_ACCION_NULL,C,CHECK,ENABLED,NOT DEFERRABLE,IMMEDIATE,,FSD_ACCION,,,,,VALIDATED,"""FSD_ACCION"" IS NOT NULL"
FUENTE_SEG_DEMANDA,FSD_ID_NULL,C,CHECK,ENABLED,NOT DEFERRABLE,IMMEDIATE,,FSD_ID,,,,,VALIDATED,"""FSD_ID"" IS NOT NULL"
FUENTE_SEG_DEMANDA,FSD_NOMBRE_NULL,C,CHECK,ENABLED,NOT DEFERRABLE,IMMEDIATE,,FSD_NOMBRE,,,,,VALIDATED,"""FSD_NOMBRE"" IS NOT NULL"
FUENTE_SEG_DEMANDA,FSD_REDUCE_VTE_CSPE_CHK,C,CHECK,ENABLED,NOT DEFERRABLE,IMMEDIATE,,FSD_REDUCE_VTE_CSPE,,,,,VALIDATED,"
		FSD_REDUCE_VTE_CSPE in (0,1)
		"
FUENTE_SEG_DEMANDA,FSD_REDUCE_VTE_CSPE_NULL,C,CHECK,ENABLED,NOT DEFERRABLE,IMMEDIATE,,FSD_REDUCE_VTE_CSPE,,,,,VALIDATED,"""FSD_REDUCE_VTE_CSPE"" IS NOT NULL"
FUENTE_SEG_DEMANDA,FSD_REDUCE_VTE_WEB_CHK,C,CHECK,ENABLED,NOT DEFERRABLE,IMMEDIATE,,FSD_REDUCE_VTE_WEB,,,,,VALIDATED,"
		FSD_REDUCE_VTE_WEB in (0,1)
		"
FUENTE_SEG_DEMANDA,FSD_REDUCE_VTE_WEB_NULL,C,CHECK,ENABLED,NOT DEFERRABLE,IMMEDIATE,,FSD_REDUCE_VTE_WEB,,,,,VALIDATED,"""FSD_REDUCE_VTE_WEB"" IS NOT NULL"
FUENTE_SEG_DEMANDA,FSD_VALIDA_DEM_CSPE_CHK,C,CHECK,ENABLED,NOT DEFERRABLE,IMMEDIATE,,FSD_VALIDA_DEM_CSPE,,,,,VALIDATED,"
		FSD_VALIDA_DEM_CSPE in (0,1)
		"
FUENTE_SEG_DEMANDA,FSD_VALIDA_DEM_CSPE_NULL,C,CHECK,ENABLED,NOT DEFERRABLE,IMMEDIATE,,FSD_VALIDA_DEM_CSPE,,,,,VALIDATED,"""FSD_VALIDA_DEM_CSPE"" IS NOT NULL"
FUENTE_SEG_DEMANDA,FSD_PK,P,PRIMARY KEY,ENABLED,NOT DEFERRABLE,IMMEDIATE,,FSD_ID,,,,,VALIDATED,
FUENTE_SEG_DEMANDA,ESD_FSD_FIN_FK,R,FOREIGN KEY,ENABLED,NOT DEFERRABLE,IMMEDIATE,ESD_PK,ESD_FIN,SPE,ESTADO_DEMANDA,ESD_ID,NO ACTION,VALIDATED,
FUENTE_SEG_DEMANDA,ESD_FSD_INI_FK,R,FOREIGN KEY,ENABLED,NOT DEFERRABLE,IMMEDIATE,ESD_PK,ESD_INI,SPE,ESTADO_DEMANDA,ESD_ID,NO ACTION,VALIDATED,
FUENTE_SEG_EMPRESA,FSE_ACCION_NULL,C,CHECK,ENABLED,NOT DEFERRABLE,IMMEDIATE,,FSE_ACCION,,,,,VALIDATED,"""FSE_ACCION"" IS NOT NULL"
FUENTE_SEG_EMPRESA,FSE_ACU_SUSPENSION_CHK,C,CHECK,ENABLED,NOT DEFERRABLE,IMMEDIATE,,FSE_ACU_SUSPENSION,,,,,VALIDATED,"
  FSE_ACU_SUSPENSION in (0,1)
  "
FUENTE_SEG_EMPRESA,FSE_ACU_SUSPENSION_NULL,C,CHECK,ENABLED,NOT DEFERRABLE,IMMEDIATE,,FSE_ACU_SUSPENSION,,,,,VALIDATED,"""FSE_ACU_SUSPENSION"" IS NOT NULL"
FUENTE_SEG_EMPRESA,FSE_ID_NULL,C,CHECK,ENABLED,NOT DEFERRABLE,IMMEDIATE,,FSE_ID,,,,,VALIDATED,"""FSE_ID"" IS NOT NULL"
FUENTE_SEG_EMPRESA,FSE_NOMBRE_NULL,C,CHECK,ENABLED,NOT DEFERRABLE,IMMEDIATE,,FSE_NOMBRE,,,,,VALIDATED,"""FSE_NOMBRE"" IS NOT NULL"
FUENTE_SEG_EMPRESA,FSE_SEG_UNIVERS_CSPE_CHK,C,CHECK,ENABLED,NOT DEFERRABLE,IMMEDIATE,,FSE_SEG_UNIVERS_CSPE,,,,,VALIDATED,"
		FSE_SEG_UNIVERS_CSPE in (0,1)
		"
FUENTE_SEG_EMPRESA,FSE_SEG_UNIVERS_CSPE_NULL,C,CHECK,ENABLED,NOT DEFERRABLE,IMMEDIATE,,FSE_SEG_UNIVERS_CSPE,,,,,VALIDATED,"""FSE_SEG_UNIVERS_CSPE"" IS NOT NULL"
FUENTE_SEG_EMPRESA,FSE_PK,P,PRIMARY KEY,ENABLED,NOT DEFERRABLE,IMMEDIATE,,FSE_ID,,,,,VALIDATED,
FUENTE_SEG_EMPRESA,ESE_FSE_FIN_FK,R,FOREIGN KEY,ENABLED,NOT DEFERRABLE,IMMEDIATE,ESE_PK,ESE_FIN,SPE,ESTADO_EMPRESA,ESE_ID,NO ACTION,VALIDATED,
FUENTE_SEG_EMPRESA,ESE_FSE_INI_FK,R,FOREIGN KEY,ENABLED,NOT DEFERRABLE,IMMEDIATE,ESE_PK,ESE_INI,SPE,ESTADO_EMPRESA,ESE_ID,NO ACTION,VALIDATED,
FUENTE_SEG_OFERTA,FSO_ACCION_NULL,C,CHECK,ENABLED,NOT DEFERRABLE,IMMEDIATE,,FSO_ACCION,,,,,VALIDATED,"""FSO_ACCION"" IS NOT NULL"
FUENTE_SEG_OFERTA,FSO_ACU_SUSPENSION_CHK,C,CHECK,ENABLED,NOT DEFERRABLE,IMMEDIATE,,FSO_ACU_SUSPENSION,,,,,VALIDATED,"
		FSO_ACU_SUSPENSION in (0,1)
		"
FUENTE_SEG_OFERTA,FSO_ACU_SUSPENSION_NULL,C,CHECK,ENABLED,NOT DEFERRABLE,IMMEDIATE,,FSO_ACU_SUSPENSION,,,,,VALIDATED,"""FSO_ACU_SUSPENSION"" IS NOT NULL"
FUENTE_SEG_OFERTA,FSO_ANULA_ENV_CHK,C,CHECK,ENABLED,NOT DEFERRABLE,IMMEDIATE,,FSO_ANULA_ENV,,,,,VALIDATED,"
		FSO_ANULA_ENV in (0,1)
		"
FUENTE_SEG_OFERTA,FSO_ANULA_ENV_NULL,C,CHECK,ENABLED,NOT DEFERRABLE,IMMEDIATE,,FSO_ANULA_ENV,,,,,VALIDATED,"""FSO_ANULA_ENV"" IS NOT NULL"
FUENTE_SEG_OFERTA,FSO_ANULA_MAT_CHK,C,CHECK,ENABLED,NOT DEFERRABLE,IMMEDIATE,,FSO_ANULA_MAT,,,,,VALIDATED,"
  FSO_ANULA_MAT in (0,1)
  "
FUENTE_SEG_OFERTA,FSO_ANULA_MAT_NULL,C,CHECK,ENABLED,NOT DEFERRABLE,IMMEDIATE,,FSO_ANULA_MAT,,,,,VALIDATED,"""FSO_ANULA_MAT"" IS NOT NULL"
FUENTE_SEG_OFERTA,FSO_ID_NULL,C,CHECK,ENABLED,NOT DEFERRABLE,IMMEDIATE,,FSO_ID,,,,,VALIDATED,"""FSO_ID"" IS NOT NULL"
FUENTE_SEG_OFERTA,FSO_NOMBRE_NULL,C,CHECK,ENABLED,NOT DEFERRABLE,IMMEDIATE,,FSO_NOMBRE,,,,,VALIDATED,"""FSO_NOMBRE"" IS NOT NULL"
FUENTE_SEG_OFERTA,FSO_SEG_CURSO_CHK,C,CHECK,ENABLED,NOT DEFERRABLE,IMMEDIATE,,FSO_SEG_CURSO,,,,,VALIDATED,"
		FSO_SEG_CURSO in (0,1)
		"
FUENTE_SEG_OFERTA,FSO_SEG_CURSO_NULL,C,CHECK,ENABLED,NOT DEFERRABLE,IMMEDIATE,,FSO_SEG_CURSO,,,,,VALIDATED,"""FSO_SEG_CURSO"" IS NOT NULL"
FUENTE_SEG_OFERTA,FSO_SEG_ENV_CHK,C,CHECK,ENABLED,NOT DEFERRABLE,IMMEDIATE,,FSO_SEG_ENV,,,,,VALIDATED,"
		FSO_SEG_ENV in (0,1)
		"
FUENTE_SEG_OFERTA,FSO_SEG_ENV_NULL,C,CHECK,ENABLED,NOT DEFERRABLE,IMMEDIATE,,FSO_SEG_ENV,,,,,VALIDATED,"""FSO_SEG_ENV"" IS NOT NULL"
FUENTE_SEG_OFERTA,FSO_SEG_UNIVERS_CHK,C,CHECK,ENABLED,NOT DEFERRABLE,IMMEDIATE,,FSO_SEG_UNIVERS,,,,,VALIDATED,"
		FSO_SEG_UNIVERS in (0,1)
		"
FUENTE_SEG_OFERTA,FSO_SEG_UNIVERS_NULL,C,CHECK,ENABLED,NOT DEFERRABLE,IMMEDIATE,,FSO_SEG_UNIVERS,,,,,VALIDATED,"""FSO_SEG_UNIVERS"" IS NOT NULL"
FUENTE_SEG_OFERTA,FSO_PK,P,PRIMARY KEY,ENABLED,NOT DEFERRABLE,IMMEDIATE,,FSO_ID,,,,,VALIDATED,
FUENTE_SEG_OFERTA,ESO_FSO_FIN_FK,R,FOREIGN KEY,ENABLED,NOT DEFERRABLE,IMMEDIATE,ESO_PK,ESO_FIN,SPE,ESTADO_OFERTA,ESO_ID,NO ACTION,VALIDATED,
FUENTE_SEG_OFERTA,ESO_FSO_INI_FK,R,FOREIGN KEY,ENABLED,NOT DEFERRABLE,IMMEDIATE,ESO_PK,ESO_INI,SPE,ESTADO_OFERTA,ESO_ID,NO ACTION,VALIDATED,
FUNCION,FNC_PK,P,PRIMARY KEY,ENABLED,NOT DEFERRABLE,IMMEDIATE,,FNC_ID,,,,,VALIDATED,
FUNCION,OCU_FNC_FK,R,FOREIGN KEY,ENABLED,NOT DEFERRABLE,IMMEDIATE,OCU_PK,OCU_ID,SPE,OCUPACION,OCU_ID,NO ACTION,VALIDATED,
FUNCIONARIO,CSPE_FUN_NULL,C,CHECK,ENABLED,NOT DEFERRABLE,IMMEDIATE,,CSPE_ID,,,,,VALIDATED,"""CSPE_ID"" IS NOT NULL"
FUNCIONARIO,FUN_ESTADO_CHK,C,CHECK,ENABLED,NOT DEFERRABLE,IMMEDIATE,,FUN_ESTADO,,,,,VALIDATED,"
		FUN_ESTADO in (0,1)
		"
FUNCIONARIO,FUN_ESTADO_NULL,C,CHECK,ENABLED,NOT DEFERRABLE,IMMEDIATE,,FUN_ESTADO,,,,,VALIDATED,"""FUN_ESTADO"" IS NOT NULL"
FUNCIONARIO,FUN_FCH_REGISTRO_NULL,C,CHECK,ENABLED,NOT DEFERRABLE,IMMEDIATE,,FUN_FCH_REGISTRO,,,,,VALIDATED,"""FUN_FCH_REGISTRO"" IS NOT NULL"
FUNCIONARIO,FUN_ID_NULL,C,CHECK,ENABLED,NOT DEFERRABLE,IMMEDIATE,,FUN_ID,,,,,VALIDATED,"""FUN_ID"" IS NOT NULL"
FUNCIONARIO,OFT_FUN_NULL,C,CHECK,ENABLED,NOT DEFERRABLE,IMMEDIATE,,OFT_ID,,,,,VALIDATED,"""OFT_ID"" IS NOT NULL"
FUNCIONARIO,REG_FUN_NULL,C,CHECK,ENABLED,NOT DEFERRABLE,IMMEDIATE,,REG_ID,,,,,VALIDATED,"""REG_ID"" IS NOT NULL"
FUNCIONARIO,SYS_C0021347,C,CHECK,ENABLED,NOT DEFERRABLE,IMMEDIATE,,FUN_VER_TODAS_REGIONALES,,,,,VALIDATED,"""FUN_VER_TODAS_REGIONALES"" IS NOT NULL"
FUNCIONARIO,SYS_C0045029,C,CHECK,ENABLED,NOT DEFERRABLE,IMMEDIATE,,FUN_PUBLICA_TRANSNACIONAL,,,,,VALIDATED,"""FUN_PUBLICA_TRANSNACIONAL"" IS NOT NULL"
FUNCIONARIO,FUN_PK,P,PRIMARY KEY,ENABLED,NOT DEFERRABLE,IMMEDIATE,,FUN_ID,,,,,VALIDATED,
FUNCIONARIO,CSPE_FUN_FK,R,FOREIGN KEY,ENABLED,NOT DEFERRABLE,IMMEDIATE,CSPE_PK,CSPE_ID,SPE,CENTRO_SPE,CSPE_ID,NO ACTION,VALIDATED,
FUNCIONARIO,FK_FUNCIONARIO_SEC_USUARIO,R,FOREIGN KEY,ENABLED,DEFERRABLE,DEFERRED,SYS_C0024054,USR_NOMBRE,SPE,SEC_USUARIO,USU_ID,NO ACTION,VALIDATED,
FUNCIONARIO,OFT_FUN_FK,R,FOREIGN KEY,ENABLED,NOT DEFERRABLE,IMMEDIATE,OFT_PK,OFT_ID,SPE,OFERTA,OFT_ID,NO ACTION,VALIDATED,
FUNCIONARIO,REG_FUN_FK,R,FOREIGN KEY,ENABLED,NOT DEFERRABLE,IMMEDIATE,REG_PK,REG_ID,SPE,REGIONAL,REG_ID,NO ACTION,VALIDATED,
FUNCION_COMPETENCIA_LABORAL,SYS_C0023321,C,CHECK,ENABLED,NOT DEFERRABLE,IMMEDIATE,,FNC_CPL_ID,,,,,VALIDATED,"""FNC_CPL_ID"" IS NOT NULL"
FUNCION_COMPETENCIA_LABORAL,SYS_C0023322,C,CHECK,ENABLED,NOT DEFERRABLE,IMMEDIATE,,FNC_ID,,,,,VALIDATED,"""FNC_ID"" IS NOT NULL"
FUNCION_COMPETENCIA_LABORAL,FNC_CCPL_ID_PK,P,PRIMARY KEY,ENABLED,NOT DEFERRABLE,IMMEDIATE,,FNC_CPL_ID,,,,,VALIDATED,
FUNXGRUPO,FGR_FCH_NULL,C,CHECK,ENABLED,NOT DEFERRABLE,IMMEDIATE,,FGR_FCH,,,,,VALIDATED,"""FGR_FCH"" IS NOT NULL"
FUNXGRUPO,FUN_FGR_NULL,C,CHECK,ENABLED,NOT DEFERRABLE,IMMEDIATE,,FUN_ID,,,,,VALIDATED,"""FUN_ID"" IS NOT NULL"
FUNXGRUPO,GRP_FGR_NULL,C,CHECK,ENABLED,NOT DEFERRABLE,IMMEDIATE,,GRP_ID,,,,,VALIDATED,"""GRP_ID"" IS NOT NULL"
FUNXGRUPO,FUN_FGR_FK,R,FOREIGN KEY,ENABLED,NOT DEFERRABLE,IMMEDIATE,FUN_PK,FUN_ID,SPE,FUNCIONARIO,FUN_ID,NO ACTION,VALIDATED,
FUNXGRUPO,GRP_FGR_FK,R,FOREIGN KEY,ENABLED,NOT DEFERRABLE,IMMEDIATE,GRP_PK,GRP_ID,SPE,GRUPO,GRP_ID,NO ACTION,VALIDATED,
FUNXGRUPO,FUN_GRP_UK_UC,U,UNIQUE,ENABLED,NOT DEFERRABLE,IMMEDIATE,,"FUN_ID,GRP_ID",,,,,VALIDATED,
FUN_ESP,FUN_ESP_VAL,C,CHECK,ENABLED,NOT DEFERRABLE,IMMEDIATE,,VAL_ESP,,,,,VALIDATED,"VAL_ESP IN (0, 1)"
FUN_ESP,SYS_C0022350,C,CHECK,ENABLED,NOT DEFERRABLE,IMMEDIATE,,FUN_ID,,,,,VALIDATED,"""FUN_ID"" IS NOT NULL"
FUN_ESP,SYS_C0022351,C,CHECK,ENABLED,NOT DEFERRABLE,IMMEDIATE,,VAL_ESP,,,,,VALIDATED,"""VAL_ESP"" IS NOT NULL"
FUN_ESP,FUN_ID_FUN,R,FOREIGN KEY,ENABLED,NOT DEFERRABLE,IMMEDIATE,FUN_PK,FUN_ID,SPE,FUNCIONARIO,FUN_ID,NO ACTION,VALIDATED,
FUN_ESP,FUN_ID_ESP,U,UNIQUE,ENABLED,NOT DEFERRABLE,IMMEDIATE,,FUN_ID,,,,,VALIDATED,
GRUPO,GRP_FCH_NULL,C,CHECK,ENABLED,NOT DEFERRABLE,IMMEDIATE,,GRP_FCH,,,,,VALIDATED,"""GRP_FCH"" IS NOT NULL"
GRUPO,GRP_ID_NULL,C,CHECK,ENABLED,NOT DEFERRABLE,IMMEDIATE,,GRP_ID,,,,,VALIDATED,"""GRP_ID"" IS NOT NULL"
GRUPO,GRP_NOMBRE_NULL,C,CHECK,ENABLED,NOT DEFERRABLE,IMMEDIATE,,GRP_NOMBRE,,,,,VALIDATED,"""GRP_NOMBRE"" IS NOT NULL"
GRUPO,GRP_PK,P,PRIMARY KEY,ENABLED,NOT DEFERRABLE,IMMEDIATE,,GRP_ID,,,,,VALIDATED,
GRUPOXROL,GRP_GRR_NULL,C,CHECK,ENABLED,NOT DEFERRABLE,IMMEDIATE,,GRP_ID,,,,,VALIDATED,"""GRP_ID"" IS NOT NULL"
GRUPOXROL,GRR_FCH_NULL,C,CHECK,ENABLED,NOT DEFERRABLE,IMMEDIATE,,GRR_FCH,,,,,VALIDATED,"""GRR_FCH"" IS NOT NULL"
GRUPOXROL,ROL_GRR_NULL,C,CHECK,ENABLED,NOT DEFERRABLE,IMMEDIATE,,ROL_ID,,,,,VALIDATED,"""ROL_ID"" IS NOT NULL"
GRUPOXROL,GRP_GRR_FK,R,FOREIGN KEY,ENABLED,NOT DEFERRABLE,IMMEDIATE,GRP_PK,GRP_ID,SPE,GRUPO,GRP_ID,NO ACTION,VALIDATED,
GRUPOXROL,ROL_GRR_FK,R,FOREIGN KEY,ENABLED,NOT DEFERRABLE,IMMEDIATE,ROL_PK,ROL_ID,SPE,ROL,ROL_ID,NO ACTION,VALIDATED,
GRUPOXROL,GRP_ROL_UK_UC,U,UNIQUE,ENABLED,NOT DEFERRABLE,IMMEDIATE,,"GRP_ID,ROL_ID",,,,,VALIDATED,
GRUPO_CIIU,DIC_GRC_NULL,C,CHECK,ENABLED,NOT DEFERRABLE,IMMEDIATE,,DIC_ID,,,,,VALIDATED,"""DIC_ID"" IS NOT NULL"
GRUPO_CIIU,GRC_ID_NULL,C,CHECK,ENABLED,NOT DEFERRABLE,IMMEDIATE,,GRC_ID,,,,,VALIDATED,"""GRC_ID"" IS NOT NULL"
GRUPO_CIIU,GRC_NOMBRE_NULL,C,CHECK,ENABLED,NOT DEFERRABLE,IMMEDIATE,,GRC_NOMBRE,,,,,VALIDATED,"""GRC_NOMBRE"" IS NOT NULL"
GRUPO_CIIU,GRC_PK,P,PRIMARY KEY,ENABLED,NOT DEFERRABLE,IMMEDIATE,,GRC_ID,,,,,VALIDATED,
GRUPO_CIIU,DIC_GRC_FK,R,FOREIGN KEY,ENABLED,NOT DEFERRABLE,IMMEDIATE,DIC_PK,DIC_ID,SPE,DIVISION_CIIU,DIC_ID,NO ACTION,VALIDATED,
GRUPO_META_TABLA,GMT_ID_NULL,C,CHECK,ENABLED,NOT DEFERRABLE,IMMEDIATE,,GMT_ID,,,,,VALIDATED,"""GMT_ID"" IS NOT NULL"
GRUPO_META_TABLA,GMT_NOMBRE_NULL,C,CHECK,ENABLED,NOT DEFERRABLE,IMMEDIATE,,GMT_NOMBRE,,,,,VALIDATED,"""GMT_NOMBRE"" IS NOT NULL"
GRUPO_META_TABLA,GMT_PK,P,PRIMARY KEY,ENABLED,NOT DEFERRABLE,IMMEDIATE,,GMT_ID,,,,,VALIDATED,
GUIA_TALLER,GUT_DESCRIPCION_NULL,C,CHECK,ENABLED,NOT DEFERRABLE,IMMEDIATE,,GUT_DESCRIPCION,,,,,VALIDATED,"""GUT_DESCRIPCION"" IS NOT NULL"
GUIA_TALLER,GUT_ID_NULL,C,CHECK,ENABLED,NOT DEFERRABLE,IMMEDIATE,,GUT_ID,,,,,VALIDATED,"""GUT_ID"" IS NOT NULL"
GUIA_TALLER,GUT_NOMBRE_NULL,C,CHECK,ENABLED,NOT DEFERRABLE,IMMEDIATE,,GUT_NOMBRE,,,,,VALIDATED,"""GUT_NOMBRE"" IS NOT NULL"
GUIA_TALLER,GUT_TIPO_CHK,C,CHECK,ENABLED,NOT DEFERRABLE,IMMEDIATE,,GUT_TIPO,,,,,VALIDATED,"
		GUT_TIPO in (0,1)
		"
GUIA_TALLER,GUT_TIPO_NULL,C,CHECK,ENABLED,NOT DEFERRABLE,IMMEDIATE,,GUT_TIPO,,,,,VALIDATED,"""GUT_TIPO"" IS NOT NULL"
GUIA_TALLER,SYS_C0023196,C,CHECK,ENABLED,NOT DEFERRABLE,IMMEDIATE,,GUT_ACTIVO,,,,,VALIDATED,"""GUT_ACTIVO"" IS NOT NULL"
GUIA_TALLER,GUT_PK,P,PRIMARY KEY,ENABLED,NOT DEFERRABLE,IMMEDIATE,,GUT_ID,,,,,VALIDATED,
GUIA_TALLER,FK_GUIA_TALLER_CAJA,R,FOREIGN KEY,ENABLED,NOT DEFERRABLE,IMMEDIATE,PK_CAJA_HERRAMIENTAS,CJA_HERRAMIENTAS,SPE,CAJA_HERRAMIENTAS,CJA_ID,NO ACTION,VALIDATED,
HISTORICO_MOTIVO_COLOCACION,SYS_C0065826,C,CHECK,ENABLED,NOT DEFERRABLE,IMMEDIATE,,HMC_ID,,,,,VALIDATED,"""HMC_ID"" IS NOT NULL"
HISTORICO_MOTIVO_COLOCACION,SYS_C0065827,C,CHECK,ENABLED,NOT DEFERRABLE,IMMEDIATE,,ENV_ID,,,,,VALIDATED,"""ENV_ID"" IS NOT NULL"
HISTORICO_MOTIVO_COLOCACION,SYS_C0065828,C,CHECK,ENABLED,NOT DEFERRABLE,IMMEDIATE,,OFT_ID,,,,,VALIDATED,"""OFT_ID"" IS NOT NULL"
HISTORICO_MOTIVO_COLOCACION,SYS_C0065829,C,CHECK,ENABLED,NOT DEFERRABLE,IMMEDIATE,,DEM_ID,,,,,VALIDATED,"""DEM_ID"" IS NOT NULL"
HISTORICO_MOTIVO_COLOCACION,SYS_C0065830,C,CHECK,ENABLED,NOT DEFERRABLE,IMMEDIATE,,FSO_ID_ORIGINAL,,,,,VALIDATED,"""FSO_ID_ORIGINAL"" IS NOT NULL"
HISTORICO_MOTIVO_COLOCACION,SYS_C0065831,C,CHECK,ENABLED,NOT DEFERRABLE,IMMEDIATE,,FSO_ID_NUEVO,,,,,VALIDATED,"""FSO_ID_NUEVO"" IS NOT NULL"
HISTORICO_MOTIVO_COLOCACION,SYS_C0065832,C,CHECK,ENABLED,NOT DEFERRABLE,IMMEDIATE,,HMC_JUSTIFICACION,,,,,VALIDATED,"""HMC_JUSTIFICACION"" IS NOT NULL"
HISTORICO_MOTIVO_COLOCACION,SYS_C0065833,C,CHECK,ENABLED,NOT DEFERRABLE,IMMEDIATE,,FUN_ID,,,,,VALIDATED,"""FUN_ID"" IS NOT NULL"
HISTORICO_MOTIVO_COLOCACION,SYS_C0065834,C,CHECK,ENABLED,NOT DEFERRABLE,IMMEDIATE,,HMC_FCH_REGISTRO,,,,,VALIDATED,"""HMC_FCH_REGISTRO"" IS NOT NULL"
HISTORICO_MOTIVO_COLOCACION,PK_HIST_MOTIVO_COLOCACION,P,PRIMARY KEY,ENABLED,NOT DEFERRABLE,IMMEDIATE,,HMC_ID,,,,,VALIDATED,
HISTORICO_MOTIVO_COLOCACION,FK_HMC_DEMANDA,R,FOREIGN KEY,ENABLED,NOT DEFERRABLE,IMMEDIATE,DEM_PK,DEM_ID,SPE,DEMANDA,DEM_ID,NO ACTION,VALIDATED,
HISTORICO_MOTIVO_COLOCACION,FK_HMC_ENVIO,R,FOREIGN KEY,ENABLED,NOT DEFERRABLE,IMMEDIATE,ENV_PK,ENV_ID,SPE,ENVIO,ENV_ID,NO ACTION,VALIDATED,
HISTORICO_MOTIVO_COLOCACION,FK_HMC_FSO_NUEVO,R,FOREIGN KEY,ENABLED,NOT DEFERRABLE,IMMEDIATE,FSO_PK,FSO_ID_NUEVO,SPE,FUENTE_SEG_OFERTA,FSO_ID,NO ACTION,VALIDATED,
HISTORICO_MOTIVO_COLOCACION,FK_HMC_FSO_ORIGINAL,R,FOREIGN KEY,ENABLED,NOT DEFERRABLE,IMMEDIATE,FSO_PK,FSO_ID_ORIGINAL,SPE,FUENTE_SEG_OFERTA,FSO_ID,NO ACTION,VALIDATED,
HISTORICO_MOTIVO_COLOCACION,FK_HMC_FUNCIONARIO,R,FOREIGN KEY,ENABLED,NOT DEFERRABLE,IMMEDIATE,FUN_PK,FUN_ID,SPE,FUNCIONARIO,FUN_ID,NO ACTION,VALIDATED,
HISTORICO_MOTIVO_COLOCACION,FK_HMC_OFERTA,R,FOREIGN KEY,ENABLED,NOT DEFERRABLE,IMMEDIATE,OFT_PK,OFT_ID,SPE,OFERTA,OFT_ID,NO ACTION,VALIDATED,
HIST_MC_BANIN_CONTRATACION,HMCBCT_ID_PK,P,PRIMARY KEY,ENABLED,NOT DEFERRABLE,IMMEDIATE,,HMCBCT_ID,,,,,VALIDATED,
HIST_MC_BANIN_CONTRATACION,HMCBCT_MEC_ID_FK,R,FOREIGN KEY,ENABLED,NOT DEFERRABLE,IMMEDIATE,MC_ESTAB_CNVCTRIA_PK,MEC_ID,SPE,MC_ESTAB_CNVCTRIA,ID,NO ACTION,VALIDATED,
HIST_MC_BANIN_DEPEN_PRESU,SYS_C0022101,C,CHECK,ENABLED,NOT DEFERRABLE,IMMEDIATE,,HMBDPP_ID,,,,,VALIDATED,"""HMBDPP_ID"" IS NOT NULL"
HIST_MC_BANIN_DEPEN_PRESU,HMBDPP_ID_PK,P,PRIMARY KEY,ENABLED,NOT DEFERRABLE,IMMEDIATE,,HMBDPP_ID,,,,,VALIDATED,
HIST_MC_BANIN_DEPEN_PRESU,HMBDPP_MEC_ID_FK,R,FOREIGN KEY,ENABLED,NOT DEFERRABLE,IMMEDIATE,MC_ESTAB_CNVCTRIA_PK,MEC_ID,SPE,MC_ESTAB_CNVCTRIA,ID,NO ACTION,VALIDATED,
HIST_MC_BANIN_RUBRO,SYS_C0022413,C,CHECK,ENABLED,NOT DEFERRABLE,IMMEDIATE,,HMBRB_ID,,,,,VALIDATED,"""HMBRB_ID"" IS NOT NULL"
HIST_MC_BANIN_RUBRO,HMBRB_ID_PK,P,PRIMARY KEY,ENABLED,NOT DEFERRABLE,IMMEDIATE,,HMBRB_ID,,,,,VALIDATED,
HIST_MC_BANIN_RUBRO,HMBRB_MEC_ID_FK,R,FOREIGN KEY,ENABLED,NOT DEFERRABLE,IMMEDIATE,MC_ESTAB_CNVCTRIA_PK,MEC_ID,SPE,MC_ESTAB_CNVCTRIA,ID,NO ACTION,VALIDATED,
HIS_ARI_DEM,SYS_C0023647,C,CHECK,ENABLED,NOT DEFERRABLE,IMMEDIATE,,HD_ARI_ID,,,,,VALIDATED,"""HD_ARI_ID"" IS NOT NULL"
HIS_ARI_DEM,SYS_C0023648,C,CHECK,ENABLED,NOT DEFERRABLE,IMMEDIATE,,DEM_ID,,,,,VALIDATED,"""DEM_ID"" IS NOT NULL"
HIS_ARI_DEM,SYS_C0023649,C,CHECK,ENABLED,NOT DEFERRABLE,IMMEDIATE,,OLD_ARI_ID,,,,,VALIDATED,"""OLD_ARI_ID"" IS NOT NULL"
HIS_ARI_DEM,SYS_C0023650,C,CHECK,ENABLED,NOT DEFERRABLE,IMMEDIATE,,NEW_ARI_ID,,,,,VALIDATED,"""NEW_ARI_ID"" IS NOT NULL"
HIS_ARI_DEM,SYS_C0023651,C,CHECK,ENABLED,NOT DEFERRABLE,IMMEDIATE,,HD_ARI_FCH_REG,,,,,VALIDATED,"""HD_ARI_FCH_REG"" IS NOT NULL"
HIS_ARI_DEM,HD_ARI_ID_PK,P,PRIMARY KEY,ENABLED,NOT DEFERRABLE,IMMEDIATE,,HD_ARI_ID,,,,,VALIDATED,
HIS_ARI_DEM_2,SYS_C0021834,C,CHECK,ENABLED,NOT DEFERRABLE,IMMEDIATE,,HD_ARI_ID,,,,,VALIDATED,"""HD_ARI_ID"" IS NOT NULL"
HIS_BARRIO_EMP,BAR_HBE_NULL,C,CHECK,ENABLED,NOT DEFERRABLE,IMMEDIATE,,BAR_ID,,,,,VALIDATED,"""BAR_ID"" IS NOT NULL"
HIS_BARRIO_EMP,EMP_HBE_NULL,C,CHECK,ENABLED,NOT DEFERRABLE,IMMEDIATE,,EMP_ID,,,,,VALIDATED,"""EMP_ID"" IS NOT NULL"
HIS_BARRIO_EMP,HBE_FCH_REGISTRO_NULL,C,CHECK,ENABLED,NOT DEFERRABLE,IMMEDIATE,,HBE_FCH_REGISTRO,,,,,VALIDATED,"""HBE_FCH_REGISTRO"" IS NOT NULL"
HIS_BARRIO_EMP,HBE_ID_NULL,C,CHECK,ENABLED,NOT DEFERRABLE,IMMEDIATE,,HBE_ID,,,,,VALIDATED,"""HBE_ID"" IS NOT NULL"
HIS_BARRIO_EMP,HBE_PK,P,PRIMARY KEY,ENABLED,NOT DEFERRABLE,IMMEDIATE,,HBE_ID,,,,,VALIDATED,
HIS_BARRIO_EMP,BAR_HBE_FK,R,FOREIGN KEY,ENABLED,NOT DEFERRABLE,IMMEDIATE,BAR_PK,BAR_ID,SPE,BARRIO,BAR_ID,NO ACTION,VALIDATED,
HIS_BARRIO_EMP,EMP_HBE_FK,R,FOREIGN KEY,ENABLED,NOT DEFERRABLE,IMMEDIATE,EMP_PK,EMP_ID,SPE,EMPRESA,EMP_ID,NO ACTION,VALIDATED,
HIS_BARRIO_EMP,FUN_HBE_FK,R,FOREIGN KEY,ENABLED,NOT DEFERRABLE,IMMEDIATE,FUN_PK,FUN_ID,SPE,FUNCIONARIO,FUN_ID,NO ACTION,VALIDATED,
HIS_BARRIO_OFT,BAR_HBO_NULL,C,CHECK,ENABLED,NOT DEFERRABLE,IMMEDIATE,,BAR_ID,,,,,VALIDATED,"""BAR_ID"" IS NOT NULL"
HIS_BARRIO_OFT,HBO_FCH_REGISTRO_NULL,C,CHECK,ENABLED,NOT DEFERRABLE,IMMEDIATE,,HBO_FCH_REGISTRO,,,,,VALIDATED,"""HBO_FCH_REGISTRO"" IS NOT NULL"
HIS_BARRIO_OFT,HBO_ID_NULL,C,CHECK,ENABLED,NOT DEFERRABLE,IMMEDIATE,,HBO_ID,,,,,VALIDATED,"""HBO_ID"" IS NOT NULL"
HIS_BARRIO_OFT,OFT_HBO_NULL,C,CHECK,ENABLED,NOT DEFERRABLE,IMMEDIATE,,OFT_ID,,,,,VALIDATED,"""OFT_ID"" IS NOT NULL"
HIS_BARRIO_OFT,HBO_PK,P,PRIMARY KEY,ENABLED,NOT DEFERRABLE,IMMEDIATE,,HBO_ID,,,,,VALIDATED,
HIS_BARRIO_OFT,BAR_HBO_FK,R,FOREIGN KEY,ENABLED,NOT DEFERRABLE,IMMEDIATE,BAR_PK,BAR_ID,SPE,BARRIO,BAR_ID,NO ACTION,VALIDATED,
HIS_BARRIO_OFT,FUN_HBO_FK,R,FOREIGN KEY,ENABLED,NOT DEFERRABLE,IMMEDIATE,FUN_PK,FUN_ID,SPE,FUNCIONARIO,FUN_ID,NO ACTION,VALIDATED,
HIS_BARRIO_OFT,OFT_HBO_FK,R,FOREIGN KEY,ENABLED,NOT DEFERRABLE,IMMEDIATE,OFT_PK,OFT_ID,SPE,OFERTA,OFT_ID,NO ACTION,VALIDATED,
HIS_CEL_OFT,SYS_C0049588,C,CHECK,ENABLED,NOT DEFERRABLE,IMMEDIATE,,OFT_ID,,,,,VALIDATED,"""OFT_ID"" IS NOT NULL"
HIS_CEL_OFT,SYS_C0049589,P,PRIMARY KEY,ENABLED,NOT DEFERRABLE,IMMEDIATE,,HCEO_ID,,,,,VALIDATED,
HIS_CEL_OFT,FK_HCEO_FUN,R,FOREIGN KEY,ENABLED,NOT DEFERRABLE,IMMEDIATE,FUN_PK,FUN_ID,SPE,FUNCIONARIO,FUN_ID,NO ACTION,VALIDATED,
HIS_CEL_OFT,FK_HCEO_OFT,R,FOREIGN KEY,ENABLED,NOT DEFERRABLE,IMMEDIATE,OFT_PK,OFT_ID,SPE,OFERTA,OFT_ID,NO ACTION,VALIDATED,
HIS_CIIU_EMP,CIIU_HCE_NULL,C,CHECK,ENABLED,NOT DEFERRABLE,IMMEDIATE,,CIIU_ID,,,,,VALIDATED,"""CIIU_ID"" IS NOT NULL"
HIS_CIIU_EMP,EMP_HCE_NULL,C,CHECK,ENABLED,NOT DEFERRABLE,IMMEDIATE,,EMP_ID,,,,,VALIDATED,"""EMP_ID"" IS NOT NULL"
HIS_CIIU_EMP,HCE_FCH_REGISTRO_NULL,C,CHECK,ENABLED,NOT DEFERRABLE,IMMEDIATE,,HCE_FCH_REGISTRO,,,,,VALIDATED,"""HCE_FCH_REGISTRO"" IS NOT NULL"
HIS_CIIU_EMP,HCE_ID_NULL,C,CHECK,ENABLED,NOT DEFERRABLE,IMMEDIATE,,HCE_ID,,,,,VALIDATED,"""HCE_ID"" IS NOT NULL"
HIS_CIIU_EMP,HCE_PK,P,PRIMARY KEY,ENABLED,NOT DEFERRABLE,IMMEDIATE,,HCE_ID,,,,,VALIDATED,
HIS_CIIU_EMP,CIIU_HCE_FK,R,FOREIGN KEY,ENABLED,NOT DEFERRABLE,IMMEDIATE,CIIU_PK,CIIU_ID,SPE,CIIU,CIIU_ID,NO ACTION,VALIDATED,
HIS_CIIU_EMP,EMP_HCE_FK,R,FOREIGN KEY,ENABLED,NOT DEFERRABLE,IMMEDIATE,EMP_PK,EMP_ID,SPE,EMPRESA,EMP_ID,NO ACTION,VALIDATED,
HIS_CIIU_EMP,FUN_HCE_FK,R,FOREIGN KEY,ENABLED,NOT DEFERRABLE,IMMEDIATE,FUN_PK,FUN_ID,SPE,FUNCIONARIO,FUN_ID,NO ACTION,VALIDATED,
HIS_CORREO_OFT,SYS_C0049592,C,CHECK,ENABLED,NOT DEFERRABLE,IMMEDIATE,,OFT_ID,,,,,VALIDATED,"""OFT_ID"" IS NOT NULL"
HIS_CORREO_OFT,SYS_C0049593,C,CHECK,ENABLED,NOT DEFERRABLE,IMMEDIATE,,HCO_FCH_REGISTRO,,,,,VALIDATED,"""HCO_FCH_REGISTRO"" IS NOT NULL"
HIS_CORREO_OFT,SYS_C0049594,P,PRIMARY KEY,ENABLED,NOT DEFERRABLE,IMMEDIATE,,HCO_ID,,,,,VALIDATED,
HIS_CORREO_OFT,FK_HCO_FUN,R,FOREIGN KEY,ENABLED,NOT DEFERRABLE,IMMEDIATE,FUN_PK,FUN_ID,SPE,FUNCIONARIO,FUN_ID,NO ACTION,VALIDATED,
HIS_CORREO_OFT,FK_HCO_OFT,R,FOREIGN KEY,ENABLED,NOT DEFERRABLE,IMMEDIATE,OFT_PK,OFT_ID,SPE,OFERTA,OFT_ID,NO ACTION,VALIDATED,
HIS_CURSO_OFT,SYS_C0022993,C,CHECK,ENABLED,NOT DEFERRABLE,IMMEDIATE,,HCO_ID,,,,,VALIDATED,"""HCO_ID"" IS NOT NULL"
HIS_CURSO_OFT,SYS_C0022994,C,CHECK,ENABLED,NOT DEFERRABLE,IMMEDIATE,,OFT_ID,,,,,VALIDATED,"""OFT_ID"" IS NOT NULL"
HIS_CURSO_OFT,HIS_CURSO_OFT_PK,P,PRIMARY KEY,ENABLED,NOT DEFERRABLE,IMMEDIATE,,HCO_ID,,,,,VALIDATED,
HIS_DEM_EVENTO,SYS_C0022106,C,CHECK,ENABLED,NOT DEFERRABLE,IMMEDIATE,,HIS_DEE_ID,,,,,VALIDATED,"""HIS_DEE_ID"" IS NOT NULL"
HIS_DEM_EVENTO,HIS_DEM_EVENTO_PK,P,PRIMARY KEY,ENABLED,NOT DEFERRABLE,IMMEDIATE,,HIS_DEE_ID,,,,,VALIDATED,
HIS_DEM_NUMVACANTES,SYS_C0023338,C,CHECK,ENABLED,NOT DEFERRABLE,IMMEDIATE,,HDNV_ID,,,,,VALIDATED,"""HDNV_ID"" IS NOT NULL"
HIS_DEM_NUMVACANTES,SYS_C0023339,C,CHECK,ENABLED,NOT DEFERRABLE,IMMEDIATE,,HDNV_DEM_ID,,,,,VALIDATED,"""HDNV_DEM_ID"" IS NOT NULL"
HIS_DEM_NUMVACANTES,SYS_C0023340,C,CHECK,ENABLED,NOT DEFERRABLE,IMMEDIATE,,HDNV_OBSER_ACTUALIZACION,,,,,VALIDATED,"""HDNV_OBSER_ACTUALIZACION"" IS NOT NULL"
HIS_DEM_NUMVACANTES,SYS_C0023341,C,CHECK,ENABLED,NOT DEFERRABLE,IMMEDIATE,,HDNV_FECHA_REGISTRO,,,,,VALIDATED,"""HDNV_FECHA_REGISTRO"" IS NOT NULL"
HIS_DEM_NUMVACANTES,HDNV_ID_PK,P,PRIMARY KEY,ENABLED,NOT DEFERRABLE,IMMEDIATE,,HDNV_ID,,,,,VALIDATED,
HIS_DEM_NUMVACANTES,HDNV_DEM_ID_FK,R,FOREIGN KEY,ENABLED,NOT DEFERRABLE,IMMEDIATE,DEM_PK,HDNV_DEM_ID,SPE,DEMANDA,DEM_ID,NO ACTION,VALIDATED,
HIS_DEM_NUMVACANTES,HDNV_FUN_ID_FK,R,FOREIGN KEY,ENABLED,NOT DEFERRABLE,IMMEDIATE,FUN_PK,HDNV_FUN_ACTUALIZA,SPE,FUNCIONARIO,FUN_ID,NO ACTION,VALIDATED,
HIS_ESTADO_CIVIL_OFT,ESC_HECO_NULL,C,CHECK,ENABLED,NOT DEFERRABLE,IMMEDIATE,,ESC_ID,,,,,VALIDATED,"""ESC_ID"" IS NOT NULL"
HIS_ESTADO_CIVIL_OFT,HECO_FCH_REGISTRO_NULL,C,CHECK,ENABLED,NOT DEFERRABLE,IMMEDIATE,,HECO_FCH_REGISTRO,,,,,VALIDATED,"""HECO_FCH_REGISTRO"" IS NOT NULL"
HIS_ESTADO_CIVIL_OFT,HECO_ID_NULL,C,CHECK,ENABLED,NOT DEFERRABLE,IMMEDIATE,,HECO_ID,,,,,VALIDATED,"""HECO_ID"" IS NOT NULL"
HIS_ESTADO_CIVIL_OFT,OFT_HECO_NULL,C,CHECK,ENABLED,NOT DEFERRABLE,IMMEDIATE,,OFT_ID,,,,,VALIDATED,"""OFT_ID"" IS NOT NULL"
HIS_ESTADO_CIVIL_OFT,HECO_PK,P,PRIMARY KEY,ENABLED,NOT DEFERRABLE,IMMEDIATE,,HECO_ID,,,,,VALIDATED,
HIS_ESTADO_CIVIL_OFT,ESC_HECO_FK,R,FOREIGN KEY,ENABLED,NOT DEFERRABLE,IMMEDIATE,ESC_PK,ESC_ID,SPE,ESTADO_CIVIL,ESC_ID,NO ACTION,VALIDATED,
HIS_ESTADO_CIVIL_OFT,FUN_HECO_FK,R,FOREIGN KEY,ENABLED,NOT DEFERRABLE,IMMEDIATE,FUN_PK,FUN_ID,SPE,FUNCIONARIO,FUN_ID,NO ACTION,VALIDATED,
HIS_ESTADO_CIVIL_OFT,OFT_HECO_FK,R,FOREIGN KEY,ENABLED,NOT DEFERRABLE,IMMEDIATE,OFT_PK,OFT_ID,SPE,OFERTA,OFT_ID,NO ACTION,VALIDATED,
HIS_ESTADO_CURSO,CUR_HEC_NULL,C,CHECK,ENABLED,NOT DEFERRABLE,IMMEDIATE,,CUR_ID,,,,,VALIDATED,"""CUR_ID"" IS NOT NULL"
HIS_ESTADO_CURSO,ECR_HEC_NULL,C,CHECK,ENABLED,NOT DEFERRABLE,IMMEDIATE,,ECR_ID,,,,,VALIDATED,"""ECR_ID"" IS NOT NULL"
HIS_ESTADO_CURSO,HEC_FCH_REGISTRO_NULL,C,CHECK,ENABLED,NOT DEFERRABLE,IMMEDIATE,,HEC_FCH_REGISTRO,,,,,VALIDATED,"""HEC_FCH_REGISTRO"" IS NOT NULL"
HIS_ESTADO_CURSO,HEC_ID_NULL,C,CHECK,ENABLED,NOT DEFERRABLE,IMMEDIATE,,HEC_ID,,,,,VALIDATED,"""HEC_ID"" IS NOT NULL"
HIS_ESTADO_CURSO,HEC_PK,P,PRIMARY KEY,ENABLED,NOT DEFERRABLE,IMMEDIATE,,HEC_ID,,,,,VALIDATED,
HIS_ESTADO_CURSO,CUR_HEC_FK,R,FOREIGN KEY,ENABLED,NOT DEFERRABLE,IMMEDIATE,CUR_PK,CUR_ID,SPE,CURSO,CUR_ID,NO ACTION,VALIDATED,
HIS_ESTADO_CURSO,ECR_HEC_FK,R,FOREIGN KEY,ENABLED,NOT DEFERRABLE,IMMEDIATE,ECR_PK,ECR_ID,SPE,ESTADO_CURSO,ECR_ID,NO ACTION,VALIDATED,
HIS_ESTADO_DEMANDA,DEM_HED_NULL,C,CHECK,ENABLED,NOT DEFERRABLE,IMMEDIATE,,DEM_ID,,,,,VALIDATED,"""DEM_ID"" IS NOT NULL"
HIS_ESTADO_DEMANDA,ESD_HED_NULL,C,CHECK,ENABLED,NOT DEFERRABLE,IMMEDIATE,,ESD_ID,,,,,VALIDATED,"""ESD_ID"" IS NOT NULL"
HIS_ESTADO_DEMANDA,HED_FCH_REGISTRO_NULL,C,CHECK,ENABLED,NOT DEFERRABLE,IMMEDIATE,,HED_FCH_REGISTRO,,,,,VALIDATED,"""HED_FCH_REGISTRO"" IS NOT NULL"
HIS_ESTADO_DEMANDA,HED_ID_NULL,C,CHECK,ENABLED,NOT DEFERRABLE,IMMEDIATE,,HED_ID,,,,,VALIDATED,"""HED_ID"" IS NOT NULL"
HIS_ESTADO_DEMANDA,HED_PK,P,PRIMARY KEY,ENABLED,NOT DEFERRABLE,IMMEDIATE,,HED_ID,,,,,VALIDATED,
HIS_ESTADO_DEMANDA,DEM_HED_FK,R,FOREIGN KEY,ENABLED,NOT DEFERRABLE,IMMEDIATE,DEM_PK,DEM_ID,SPE,DEMANDA,DEM_ID,NO ACTION,VALIDATED,
HIS_ESTADO_DEMANDA,ESD_HED_FK,R,FOREIGN KEY,ENABLED,NOT DEFERRABLE,IMMEDIATE,ESD_PK,ESD_ID,SPE,ESTADO_DEMANDA,ESD_ID,NO ACTION,VALIDATED,
HIS_ESTADO_EMPRESA,EMP_HEE_NULL,C,CHECK,ENABLED,NOT DEFERRABLE,IMMEDIATE,,EMP_ID,,,,,VALIDATED,"""EMP_ID"" IS NOT NULL"
HIS_ESTADO_EMPRESA,ESE_HEE_NULL,C,CHECK,ENABLED,NOT DEFERRABLE,IMMEDIATE,,ESE_ID,,,,,VALIDATED,"""ESE_ID"" IS NOT NULL"
HIS_ESTADO_EMPRESA,HEE_FCH_REGISTRO_NULL,C,CHECK,ENABLED,NOT DEFERRABLE,IMMEDIATE,,HEE_FCH_REGISTRO,,,,,VALIDATED,"""HEE_FCH_REGISTRO"" IS NOT NULL"
HIS_ESTADO_EMPRESA,HEE_ID_NULL,C,CHECK,ENABLED,NOT DEFERRABLE,IMMEDIATE,,HEE_ID,,,,,VALIDATED,"""HEE_ID"" IS NOT NULL"
HIS_ESTADO_EMPRESA,HEE_PK,P,PRIMARY KEY,ENABLED,NOT DEFERRABLE,IMMEDIATE,,HEE_ID,,,,,VALIDATED,
HIS_ESTADO_EMPRESA,EMP_HEE_FK,R,FOREIGN KEY,ENABLED,NOT DEFERRABLE,IMMEDIATE,EMP_PK,EMP_ID,SPE,EMPRESA,EMP_ID,NO ACTION,VALIDATED,
HIS_ESTADO_EMPRESA,ESE_HEE_FK,R,FOREIGN KEY,ENABLED,NOT DEFERRABLE,IMMEDIATE,ESE_PK,ESE_ID,SPE,ESTADO_EMPRESA,ESE_ID,NO ACTION,VALIDATED,
HIS_ESTADO_OFERTA,SYS_C0021291,C,CHECK,ENABLED,NOT DEFERRABLE,IMMEDIATE,,HEO_ID,,,,,VALIDATED,"""HEO_ID"" IS NOT NULL"
HIS_ESTADO_OFERTA,SYS_C0021292,C,CHECK,ENABLED,NOT DEFERRABLE,IMMEDIATE,,OFT_ID,,,,,VALIDATED,"""OFT_ID"" IS NOT NULL"
HIS_ESTADO_OFERTA,SYS_C0021293,C,CHECK,ENABLED,NOT DEFERRABLE,IMMEDIATE,,ESO_ID,,,,,VALIDATED,"""ESO_ID"" IS NOT NULL"
HIS_ESTADO_OFERTA,SYS_C0021294,C,CHECK,ENABLED,NOT DEFERRABLE,IMMEDIATE,,HEO_FCH_REGISTRO,,,,,VALIDATED,"""HEO_FCH_REGISTRO"" IS NOT NULL"
HIS_ESTADO_OFERTA,HEO_PK,P,PRIMARY KEY,ENABLED,NOT DEFERRABLE,IMMEDIATE,,HEO_ID,,,,,VALIDATED,
HIS_ESTADO_OFERTA,ESO_HEO_FK,R,FOREIGN KEY,ENABLED,NOT DEFERRABLE,IMMEDIATE,ESO_PK,ESO_ID,SPE,ESTADO_OFERTA,ESO_ID,NO ACTION,VALIDATED,
HIS_ESTADO_OFERTA,OFT_HEO_FK,R,FOREIGN KEY,ENABLED,NOT DEFERRABLE,IMMEDIATE,OFT_PK,OFT_ID,SPE,OFERTA,OFT_ID,NO ACTION,VALIDATED,
HIS_ESTRATO_OFT,ETR_HETO_NULL,C,CHECK,ENABLED,NOT DEFERRABLE,IMMEDIATE,,ETR_ID,,,,,VALIDATED,"""ETR_ID"" IS NOT NULL"
HIS_ESTRATO_OFT,HETO_FCH_REGISTRO_NULL,C,CHECK,ENABLED,NOT DEFERRABLE,IMMEDIATE,,HETO_FCH_REGISTRO,,,,,VALIDATED,"""HETO_FCH_REGISTRO"" IS NOT NULL"
HIS_ESTRATO_OFT,HETO_ID_NULL,C,CHECK,ENABLED,NOT DEFERRABLE,IMMEDIATE,,HETO_ID,,,,,VALIDATED,"""HETO_ID"" IS NOT NULL"
HIS_ESTRATO_OFT,OFT_HETO_NULL,C,CHECK,ENABLED,NOT DEFERRABLE,IMMEDIATE,,OFT_ID,,,,,VALIDATED,"""OFT_ID"" IS NOT NULL"
HIS_ESTRATO_OFT,HETO_PK,P,PRIMARY KEY,ENABLED,NOT DEFERRABLE,IMMEDIATE,,HETO_ID,,,,,VALIDATED,
HIS_ESTRATO_OFT,ETR_HETO_FK,R,FOREIGN KEY,ENABLED,NOT DEFERRABLE,IMMEDIATE,ETR_PK,ETR_ID,SPE,ESTRATO,ETR_ID,NO ACTION,VALIDATED,
HIS_ESTRATO_OFT,FUN_HETO_FK,R,FOREIGN KEY,ENABLED,NOT DEFERRABLE,IMMEDIATE,FUN_PK,FUN_ID,SPE,FUNCIONARIO,FUN_ID,NO ACTION,VALIDATED,
HIS_ESTRATO_OFT,OFT_HETO_FK,R,FOREIGN KEY,ENABLED,NOT DEFERRABLE,IMMEDIATE,OFT_PK,OFT_ID,SPE,OFERTA,OFT_ID,NO ACTION,VALIDATED,
HIS_MUNICIPIO_EMP,EMP_HME_NULL,C,CHECK,ENABLED,NOT DEFERRABLE,IMMEDIATE,,EMP_ID,,,,,VALIDATED,"""EMP_ID"" IS NOT NULL"
HIS_MUNICIPIO_EMP,HME_FCH_REGISTRO_NULL,C,CHECK,ENABLED,NOT DEFERRABLE,IMMEDIATE,,HME_FCH_REGISTRO,,,,,VALIDATED,"""HME_FCH_REGISTRO"" IS NOT NULL"
HIS_MUNICIPIO_EMP,HME_ID_NULL,C,CHECK,ENABLED,NOT DEFERRABLE,IMMEDIATE,,HME_ID,,,,,VALIDATED,"""HME_ID"" IS NOT NULL"
HIS_MUNICIPIO_EMP,MPO_HME_NULL,C,CHECK,ENABLED,NOT DEFERRABLE,IMMEDIATE,,MPO_ID,,,,,VALIDATED,"""MPO_ID"" IS NOT NULL"
HIS_MUNICIPIO_EMP,HME_PK,P,PRIMARY KEY,ENABLED,NOT DEFERRABLE,IMMEDIATE,,HME_ID,,,,,VALIDATED,
HIS_MUNICIPIO_EMP,EMP_HME_FK,R,FOREIGN KEY,ENABLED,NOT DEFERRABLE,IMMEDIATE,EMP_PK,EMP_ID,SPE,EMPRESA,EMP_ID,NO ACTION,VALIDATED,
HIS_MUNICIPIO_EMP,FUN_HME_FK,R,FOREIGN KEY,ENABLED,NOT DEFERRABLE,IMMEDIATE,FUN_PK,FUN_ID,SPE,FUNCIONARIO,FUN_ID,NO ACTION,VALIDATED,
HIS_MUNICIPIO_EMP,MPO_HME_FK,R,FOREIGN KEY,ENABLED,NOT DEFERRABLE,IMMEDIATE,MPO_PK,MPO_ID,SPE,MUNICIPIO,MPO_ID,NO ACTION,VALIDATED,
HIS_MUNICIPIO_OFT,HMO_FCH_REGISTRO_NULL,C,CHECK,ENABLED,NOT DEFERRABLE,IMMEDIATE,,HMO_FCH_REGISTRO,,,,,VALIDATED,"""HMO_FCH_REGISTRO"" IS NOT NULL"
HIS_MUNICIPIO_OFT,HMO_ID_NULL,C,CHECK,ENABLED,NOT DEFERRABLE,IMMEDIATE,,HMO_ID,,,,,VALIDATED,"""HMO_ID"" IS NOT NULL"
HIS_MUNICIPIO_OFT,MPO_HMO_NULL,C,CHECK,ENABLED,NOT DEFERRABLE,IMMEDIATE,,MPO_ID,,,,,VALIDATED,"""MPO_ID"" IS NOT NULL"
HIS_MUNICIPIO_OFT,OFT_HMO_NULL,C,CHECK,ENABLED,NOT DEFERRABLE,IMMEDIATE,,OFT_ID,,,,,VALIDATED,"""OFT_ID"" IS NOT NULL"
HIS_MUNICIPIO_OFT,HMO_PK,P,PRIMARY KEY,ENABLED,NOT DEFERRABLE,IMMEDIATE,,HMO_ID,,,,,VALIDATED,
HIS_MUNICIPIO_OFT,FUN_HMO_FK,R,FOREIGN KEY,ENABLED,NOT DEFERRABLE,IMMEDIATE,FUN_PK,FUN_ID,SPE,FUNCIONARIO,FUN_ID,NO ACTION,VALIDATED,
HIS_MUNICIPIO_OFT,MPO_HMO_FK,R,FOREIGN KEY,ENABLED,NOT DEFERRABLE,IMMEDIATE,MPO_PK,MPO_ID,SPE,MUNICIPIO,MPO_ID,NO ACTION,VALIDATED,
HIS_MUNICIPIO_OFT,OFT_HMO_FK,R,FOREIGN KEY,ENABLED,NOT DEFERRABLE,IMMEDIATE,OFT_PK,OFT_ID,SPE,OFERTA,OFT_ID,NO ACTION,VALIDATED,
HIS_NAT_EMP,EMP_HNE_NULL,C,CHECK,ENABLED,NOT DEFERRABLE,IMMEDIATE,,EMP_ID,,,,,VALIDATED,"""EMP_ID"" IS NOT NULL"
HIS_NAT_EMP,HNE_FCH_REGISTRO_NULL,C,CHECK,ENABLED,NOT DEFERRABLE,IMMEDIATE,,HNE_FCH_REGISTRO,,,,,VALIDATED,"""HNE_FCH_REGISTRO"" IS NOT NULL"
HIS_NAT_EMP,HNE_ID_NULL,C,CHECK,ENABLED,NOT DEFERRABLE,IMMEDIATE,,HNE_ID,,,,,VALIDATED,"""HNE_ID"" IS NOT NULL"
HIS_NAT_EMP,HNE_NATURALEZA_NULL,C,CHECK,ENABLED,NOT DEFERRABLE,IMMEDIATE,,HNE_NATURALEZA,,,,,VALIDATED,"""HNE_NATURALEZA"" IS NOT NULL"
HIS_NAT_EMP,HNE_PK,P,PRIMARY KEY,ENABLED,NOT DEFERRABLE,IMMEDIATE,,HNE_ID,,,,,VALIDATED,
HIS_NAT_EMP,EMP_HNE_FK,R,FOREIGN KEY,ENABLED,NOT DEFERRABLE,IMMEDIATE,EMP_PK,EMP_ID,SPE,EMPRESA,EMP_ID,NO ACTION,VALIDATED,
HIS_NAT_EMP,FUN_HNE_FK,R,FOREIGN KEY,ENABLED,NOT DEFERRABLE,IMMEDIATE,FUN_PK,FUN_ID,SPE,FUNCIONARIO,FUN_ID,NO ACTION,VALIDATED,
HIS_NIT_EMPRESA,SYS_C0022107,C,CHECK,ENABLED,NOT DEFERRABLE,IMMEDIATE,,HIS_NIT_ID,,,,,VALIDATED,"""HIS_NIT_ID"" IS NOT NULL"
HIS_NIT_EMPRESA,SYS_C0022108,C,CHECK,ENABLED,NOT DEFERRABLE,IMMEDIATE,,EMP_ID,,,,,VALIDATED,"""EMP_ID"" IS NOT NULL"
HIS_NIT_EMPRESA,SYS_C0022109,C,CHECK,ENABLED,NOT DEFERRABLE,IMMEDIATE,,NIT_ACTUAL,,,,,VALIDATED,"""NIT_ACTUAL"" IS NOT NULL"
HIS_NIT_EMPRESA,SYS_C0022110,C,CHECK,ENABLED,NOT DEFERRABLE,IMMEDIATE,,NIT_NUEVO,,,,,VALIDATED,"""NIT_NUEVO"" IS NOT NULL"
HIS_NIT_EMPRESA,SYS_C0022111,C,CHECK,ENABLED,NOT DEFERRABLE,IMMEDIATE,,FUN_ID,,,,,VALIDATED,"""FUN_ID"" IS NOT NULL"
HIS_NIT_EMPRESA,SYS_C0022112,C,CHECK,ENABLED,NOT DEFERRABLE,IMMEDIATE,,FECHA_REGISTRO,,,,,VALIDATED,"""FECHA_REGISTRO"" IS NOT NULL"
HIS_NIT_EMPRESA,HIS_NIT_EMPRESA_PK,P,PRIMARY KEY,ENABLED,NOT DEFERRABLE,IMMEDIATE,,HIS_NIT_ID,,,,,VALIDATED,
HIS_NUM_TRAB_EMP,EMP_HNTE_NULL,C,CHECK,ENABLED,NOT DEFERRABLE,IMMEDIATE,,EMP_ID,,,,,VALIDATED,"""EMP_ID"" IS NOT NULL"
HIS_NUM_TRAB_EMP,HNTE_FCH_REGISTRO_NULL,C,CHECK,ENABLED,NOT DEFERRABLE,IMMEDIATE,,HNTE_FCH_REGISTRO,,,,,VALIDATED,"""HNTE_FCH_REGISTRO"" IS NOT NULL"
HIS_NUM_TRAB_EMP,HNTE_ID_NULL,C,CHECK,ENABLED,NOT DEFERRABLE,IMMEDIATE,,HNTE_ID,,,,,VALIDATED,"""HNTE_ID"" IS NOT NULL"
HIS_NUM_TRAB_EMP,HNTE_NUM_TRABAJADORES_NULL,C,CHECK,ENABLED,NOT DEFERRABLE,IMMEDIATE,,HNTE_NUM_TRABAJADORES,,,,,VALIDATED,"""HNTE_NUM_TRABAJADORES"" IS NOT NULL"
HIS_NUM_TRAB_EMP,HNTE_PK,P,PRIMARY KEY,ENABLED,NOT DEFERRABLE,IMMEDIATE,,HNTE_ID,,,,,VALIDATED,
HIS_NUM_TRAB_EMP,EMP_HNTE_FK,R,FOREIGN KEY,ENABLED,NOT DEFERRABLE,IMMEDIATE,EMP_PK,EMP_ID,SPE,EMPRESA,EMP_ID,NO ACTION,VALIDATED,
HIS_NUM_TRAB_EMP,FUN_HNTE_FK,R,FOREIGN KEY,ENABLED,NOT DEFERRABLE,IMMEDIATE,FUN_PK,FUN_ID,SPE,FUNCIONARIO,FUN_ID,NO ACTION,VALIDATED,
HIS_OCUP_PREFERENCIA,HOP_FCH_REGISTRO_NULL,C,CHECK,ENABLED,NOT DEFERRABLE,IMMEDIATE,,HOP_FCH_REGISTRO,,,,,VALIDATED,"""HOP_FCH_REGISTRO"" IS NOT NULL"
HIS_OCUP_PREFERENCIA,HOP_ID_NULL,C,CHECK,ENABLED,NOT DEFERRABLE,IMMEDIATE,,HOP_ID,,,,,VALIDATED,"""HOP_ID"" IS NOT NULL"
HIS_OCUP_PREFERENCIA,IND_HOP_NULL,C,CHECK,ENABLED,NOT DEFERRABLE,IMMEDIATE,,IND_ID,,,,,VALIDATED,"""IND_ID"" IS NOT NULL"
HIS_OCUP_PREFERENCIA,OFT_HOP_NULL,C,CHECK,ENABLED,NOT DEFERRABLE,IMMEDIATE,,OFT_ID,,,,,VALIDATED,"""OFT_ID"" IS NOT NULL"
HIS_OCUP_PREFERENCIA,HCO_PK,P,PRIMARY KEY,ENABLED,NOT DEFERRABLE,IMMEDIATE,,HOP_ID,,,,,VALIDATED,
HIS_OCUP_PREFERENCIA,FUN_HOP_FK,R,FOREIGN KEY,ENABLED,NOT DEFERRABLE,IMMEDIATE,FUN_PK,FUN_ID,SPE,FUNCIONARIO,FUN_ID,NO ACTION,VALIDATED,
HIS_OCUP_PREFERENCIA,IND_HOP_FK,R,FOREIGN KEY,ENABLED,NOT DEFERRABLE,IMMEDIATE,IND_PK,IND_ID,SPE,INDICE,IND_ID,NO ACTION,VALIDATED,
HIS_OCUP_PREFERENCIA,OFT_HOP_FK,R,FOREIGN KEY,ENABLED,NOT DEFERRABLE,IMMEDIATE,OFT_PK,OFT_ID,SPE,OFERTA,OFT_ID,NO ACTION,VALIDATED,
HIS_OFTXPES,FCH_ALTA_HIOPE_NULL,C,CHECK,ENABLED,NOT DEFERRABLE,IMMEDIATE,,FCH_ALTA,,,,,VALIDATED,"""FCH_ALTA"" IS NOT NULL"
HIS_OFTXPES,HIOPE_ID_NULL,C,CHECK,ENABLED,NOT DEFERRABLE,IMMEDIATE,,HIOPE_ID,,,,,VALIDATED,"""HIOPE_ID"" IS NOT NULL"
HIS_OFTXPES,OFT_HIOPE_NULL,C,CHECK,ENABLED,NOT DEFERRABLE,IMMEDIATE,,OFT_ID,,,,,VALIDATED,"""OFT_ID"" IS NOT NULL"
HIS_OFTXPES,PES_HIOPE_NULL,C,CHECK,ENABLED,NOT DEFERRABLE,IMMEDIATE,,PES_ID,,,,,VALIDATED,"""PES_ID"" IS NOT NULL"
HIS_OFTXPES,HIS_OFTXPES_PK,P,PRIMARY KEY,ENABLED,NOT DEFERRABLE,IMMEDIATE,,HIOPE_ID,,,,,VALIDATED,
HIS_OFTXPES,FUN_HOPE_FK,R,FOREIGN KEY,ENABLED,NOT DEFERRABLE,IMMEDIATE,FUN_PK,FUN_ID,SPE,FUNCIONARIO,FUN_ID,NO ACTION,VALIDATED,
HIS_OFTXPES,OFT_HOPE_FK,R,FOREIGN KEY,ENABLED,NOT DEFERRABLE,IMMEDIATE,OFT_PK,OFT_ID,SPE,OFERTA,OFT_ID,NO ACTION,VALIDATED,
HIS_OFTXPES,PES_HIOPE_FK,R,FOREIGN KEY,ENABLED,NOT DEFERRABLE,IMMEDIATE,PES_PK,PES_ID,SPE,PROGRAMA_ESPECIAL,PES_ID,NO ACTION,VALIDATED,
HIS_OFTXPES,HIS_OFTXPES_UK,U,UNIQUE,ENABLED,NOT DEFERRABLE,IMMEDIATE,,"OFT_ID,PES_ID,FCH_ALTA",,,,,VALIDATED,
HIS_ORIENTACION_EMP,SYS_C0022392,C,CHECK,ENABLED,NOT DEFERRABLE,IMMEDIATE,,HORIE_ID,,,,,VALIDATED,"""HORIE_ID"" IS NOT NULL"
HIS_ORIENTACION_EMP,SYS_C0022393,C,CHECK,ENABLED,NOT DEFERRABLE,IMMEDIATE,,TORI_ID,,,,,VALIDATED,"""TORI_ID"" IS NOT NULL"
HIS_ORIENTACION_EMP,SYS_C0022394,C,CHECK,ENABLED,NOT DEFERRABLE,IMMEDIATE,,HORIE_FCH,,,,,VALIDATED,"""HORIE_FCH"" IS NOT NULL"
HIS_ORIENTACION_EMP,SYS_C0022395,C,CHECK,ENABLED,NOT DEFERRABLE,IMMEDIATE,,FUN_ID,,,,,VALIDATED,"""FUN_ID"" IS NOT NULL"
HIS_ORIENTACION_EMP,SYS_C0022396,C,CHECK,ENABLED,NOT DEFERRABLE,IMMEDIATE,,EMP_ID,,,,,VALIDATED,"""EMP_ID"" IS NOT NULL"
HIS_ORIENTACION_EMP,HIS_ORIENTACION_EMP_PK,P,PRIMARY KEY,ENABLED,NOT DEFERRABLE,IMMEDIATE,,HORIE_ID,,,,,VALIDATED,
HIS_ORIENTACION_EMP,FK_HIS_ORI_GUIA,R,FOREIGN KEY,ENABLED,NOT DEFERRABLE,IMMEDIATE,GUT_PK,GUIA_TALLER_ID,SPE,GUIA_TALLER,GUT_ID,NO ACTION,VALIDATED,
HIS_ORIENTACION_OFT,SYS_C0021782,C,CHECK,ENABLED,NOT DEFERRABLE,IMMEDIATE,,HORIO_ID,,,,,VALIDATED,"""HORIO_ID"" IS NOT NULL"
HIS_ORIENTACION_OFT,SYS_C0021783,C,CHECK,ENABLED,NOT DEFERRABLE,IMMEDIATE,,TORI_ID,,,,,VALIDATED,"""TORI_ID"" IS NOT NULL"
HIS_ORIENTACION_OFT,SYS_C0021784,C,CHECK,ENABLED,NOT DEFERRABLE,IMMEDIATE,,HORIO_FCH,,,,,VALIDATED,"""HORIO_FCH"" IS NOT NULL"
HIS_ORIENTACION_OFT,SYS_C0021785,C,CHECK,ENABLED,NOT DEFERRABLE,IMMEDIATE,,FUN_ID,,,,,VALIDATED,"""FUN_ID"" IS NOT NULL"
HIS_ORIENTACION_OFT,SYS_C0021786,C,CHECK,ENABLED,NOT DEFERRABLE,IMMEDIATE,,OFT_ID,,,,,VALIDATED,"""OFT_ID"" IS NOT NULL"
HIS_ORIENTACION_OFT,HIS_ORIENTACION_OFT_PK,P,PRIMARY KEY,ENABLED,NOT DEFERRABLE,IMMEDIATE,,HORIO_ID,,,,,VALIDATED,
HIS_ORIENTACION_OFT,FUN_ID_HORIO_FK,R,FOREIGN KEY,ENABLED,NOT DEFERRABLE,IMMEDIATE,FUN_PK,FUN_ID,SPE,FUNCIONARIO,FUN_ID,NO ACTION,VALIDATED,
HIS_ORIENTACION_OFT,OFT_ID_HORIO_FK,R,FOREIGN KEY,ENABLED,NOT DEFERRABLE,IMMEDIATE,OFT_PK,OFT_ID,SPE,OFERTA,OFT_ID,NO ACTION,VALIDATED,
HIS_ORIENTACION_OFT,PDC_ID_FK,R,FOREIGN KEY,ENABLED,NOT DEFERRABLE,IMMEDIATE,PDC_ID_PK,PDC_ID,SPE,PERSONAL_DE_CONVENIO,PDC_ID,NO ACTION,VALIDATED,
HIS_ORIENTACION_OFT,PED_ID_HORIO_FK,R,FOREIGN KEY,ENABLED,DEFERRABLE,DEFERRED,PES_PK,PES_ID,SPE,PROGRAMA_ESPECIAL,PES_ID,NO ACTION,VALIDATED,
HIS_ORIENTACION_OFT,TORI_ID_HORIO_FK,R,FOREIGN KEY,ENABLED,NOT DEFERRABLE,IMMEDIATE,TORI_PK,TORI_ID,SPE,TIPO_ORIENTACION,TORI_ID,NO ACTION,VALIDATED,
HIS_PER_CARGO_OFT,HPCO_FCH_REGISTRO_NULL,C,CHECK,ENABLED,NOT DEFERRABLE,IMMEDIATE,,HPCO_FCH_REGISTRO,,,,,VALIDATED,"""HPCO_FCH_REGISTRO"" IS NOT NULL"
HIS_PER_CARGO_OFT,HPCO_ID_NULL,C,CHECK,ENABLED,NOT DEFERRABLE,IMMEDIATE,,HPCO_ID,,,,,VALIDATED,"""HPCO_ID"" IS NOT NULL"
HIS_PER_CARGO_OFT,HPCO_PERSONAS_CARGO_NULL,C,CHECK,ENABLED,NOT DEFERRABLE,IMMEDIATE,,HPCO_PERSONAS_CARGO,,,,,VALIDATED,"""HPCO_PERSONAS_CARGO"" IS NOT NULL"
HIS_PER_CARGO_OFT,OFT_HPCO_NULL,C,CHECK,ENABLED,NOT DEFERRABLE,IMMEDIATE,,OFT_ID,,,,,VALIDATED,"""OFT_ID"" IS NOT NULL"
HIS_PER_CARGO_OFT,HPCO_PK,P,PRIMARY KEY,ENABLED,NOT DEFERRABLE,IMMEDIATE,,HPCO_ID,,,,,VALIDATED,
HIS_PER_CARGO_OFT,FUN_HPCO_FK,R,FOREIGN KEY,ENABLED,NOT DEFERRABLE,IMMEDIATE,FUN_PK,FUN_ID,SPE,FUNCIONARIO,FUN_ID,NO ACTION,VALIDATED,
HIS_PER_CARGO_OFT,OFT_HPCO_FK,R,FOREIGN KEY,ENABLED,NOT DEFERRABLE,IMMEDIATE,OFT_PK,OFT_ID,SPE,OFERTA,OFT_ID,NO ACTION,VALIDATED,
HIS_POS_FAM_OFT,HPFO_FCH_REGISTRO_NULL,C,CHECK,ENABLED,NOT DEFERRABLE,IMMEDIATE,,HPFO_FCH_REGISTRO,,,,,VALIDATED,"""HPFO_FCH_REGISTRO"" IS NOT NULL"
HIS_POS_FAM_OFT,HPFO_ID_NULL,C,CHECK,ENABLED,NOT DEFERRABLE,IMMEDIATE,,HPFO_ID,,,,,VALIDATED,"""HPFO_ID"" IS NOT NULL"
HIS_POS_FAM_OFT,OFT_HPFO_NULL,C,CHECK,ENABLED,NOT DEFERRABLE,IMMEDIATE,,OFT_ID,,,,,VALIDATED,"""OFT_ID"" IS NOT NULL"
HIS_POS_FAM_OFT,PSF_HPFO_NULL,C,CHECK,ENABLED,NOT DEFERRABLE,IMMEDIATE,,PSF_ID,,,,,VALIDATED,"""PSF_ID"" IS NOT NULL"
HIS_POS_FAM_OFT,HPFO_PK,P,PRIMARY KEY,ENABLED,NOT DEFERRABLE,IMMEDIATE,,HPFO_ID,,,,,VALIDATED,
HIS_POS_FAM_OFT,FUN_HPFO_FK,R,FOREIGN KEY,ENABLED,NOT DEFERRABLE,IMMEDIATE,FUN_PK,FUN_ID,SPE,FUNCIONARIO,FUN_ID,NO ACTION,VALIDATED,
HIS_POS_FAM_OFT,OFT_HPFO_FK,R,FOREIGN KEY,ENABLED,NOT DEFERRABLE,IMMEDIATE,OFT_PK,OFT_ID,SPE,OFERTA,OFT_ID,NO ACTION,VALIDATED,
HIS_POS_FAM_OFT,PSF_HPFO_FK,R,FOREIGN KEY,ENABLED,NOT DEFERRABLE,IMMEDIATE,PSF_PK,PSF_ID,SPE,POSICION_FAMILIAR,PSF_ID,NO ACTION,VALIDATED,
HIS_SALARIO_MINIMO,HSM_ANNO_NULL,C,CHECK,ENABLED,NOT DEFERRABLE,IMMEDIATE,,HSM_ANNO,,,,,VALIDATED,"""HSM_ANNO"" IS NOT NULL"
HIS_SALARIO_MINIMO,HSM_ID_NULL,C,CHECK,ENABLED,NOT DEFERRABLE,IMMEDIATE,,HSM_ID,,,,,VALIDATED,"""HSM_ID"" IS NOT NULL"
HIS_SALARIO_MINIMO,HSM_VALOR_NULL,C,CHECK,ENABLED,NOT DEFERRABLE,IMMEDIATE,,HSM_VALOR,,,,,VALIDATED,"""HSM_VALOR"" IS NOT NULL"
HIS_SALARIO_MINIMO,HSM_PK,P,PRIMARY KEY,ENABLED,NOT DEFERRABLE,IMMEDIATE,,HSM_ID,,,,,VALIDATED,
HIS_SEG_CURSO,CUR_HGC_NULL,C,CHECK,ENABLED,NOT DEFERRABLE,IMMEDIATE,,CUR_ID,,,,,VALIDATED,"""CUR_ID"" IS NOT NULL"
HIS_SEG_CURSO,FSC_HGC_NULL,C,CHECK,ENABLED,NOT DEFERRABLE,IMMEDIATE,,FSC_ID,,,,,VALIDATED,"""FSC_ID"" IS NOT NULL"
HIS_SEG_CURSO,HGC_FCH_REGISTRO_NULL,C,CHECK,ENABLED,NOT DEFERRABLE,IMMEDIATE,,HGC_FCH_REGISTRO,,,,,VALIDATED,"""HGC_FCH_REGISTRO"" IS NOT NULL"
HIS_SEG_CURSO,HGC_ID_NULL,C,CHECK,ENABLED,NOT DEFERRABLE,IMMEDIATE,,HGC_ID,,,,,VALIDATED,"""HGC_ID"" IS NOT NULL"
HIS_SEG_CURSO,HGC_PK,P,PRIMARY KEY,ENABLED,NOT DEFERRABLE,IMMEDIATE,,HGC_ID,,,,,VALIDATED,
HIS_SEG_CURSO,CSPE_HGC_FK,R,FOREIGN KEY,ENABLED,NOT DEFERRABLE,IMMEDIATE,CSPE_PK,CSPE_ID,SPE,CENTRO_SPE,CSPE_ID,NO ACTION,VALIDATED,
HIS_SEG_CURSO,CUR_HGC_FK,R,FOREIGN KEY,ENABLED,NOT DEFERRABLE,IMMEDIATE,CUR_PK,CUR_ID,SPE,CURSO,CUR_ID,NO ACTION,VALIDATED,
HIS_SEG_CURSO,FSC_HGC_FK,R,FOREIGN KEY,ENABLED,NOT DEFERRABLE,IMMEDIATE,FSC_PK,FSC_ID,SPE,FUENTE_SEG_CURSO,FSC_ID,NO ACTION,VALIDATED,
HIS_SEG_CURSO,FUN_HGC_FK,R,FOREIGN KEY,ENABLED,NOT DEFERRABLE,IMMEDIATE,FUN_PK,FUN_ID,SPE,FUNCIONARIO,FUN_ID,NO ACTION,VALIDATED,
HIS_SEG_DEMANDA,DEM_HGD_NULL,C,CHECK,ENABLED,NOT DEFERRABLE,IMMEDIATE,,DEM_ID,,,,,VALIDATED,"""DEM_ID"" IS NOT NULL"
HIS_SEG_DEMANDA,FSD_HGD_NULL,C,CHECK,ENABLED,NOT DEFERRABLE,IMMEDIATE,,FSD_ID,,,,,VALIDATED,"""FSD_ID"" IS NOT NULL"
HIS_SEG_DEMANDA,HGD_FCH_REGISTRO_NULL,C,CHECK,ENABLED,NOT DEFERRABLE,IMMEDIATE,,HGD_FCH_REGISTRO,,,,,VALIDATED,"""HGD_FCH_REGISTRO"" IS NOT NULL"
HIS_SEG_DEMANDA,HGD_ID_NULL,C,CHECK,ENABLED,NOT DEFERRABLE,IMMEDIATE,,HGD_ID,,,,,VALIDATED,"""HGD_ID"" IS NOT NULL"
HIS_SEG_DEMANDA,HGD_PK,P,PRIMARY KEY,ENABLED,NOT DEFERRABLE,IMMEDIATE,,HGD_ID,,,,,VALIDATED,
HIS_SEG_DEMANDA,DEM_HGD_FK,R,FOREIGN KEY,ENABLED,NOT DEFERRABLE,IMMEDIATE,DEM_PK,DEM_ID,SPE,DEMANDA,DEM_ID,NO ACTION,VALIDATED,
HIS_SEG_DEMANDA,FSD_HGD_FK,R,FOREIGN KEY,ENABLED,NOT DEFERRABLE,IMMEDIATE,FSD_PK,FSD_ID,SPE,FUENTE_SEG_DEMANDA,FSD_ID,NO ACTION,VALIDATED,
HIS_SEG_DEMANDA,FUN_HGD_FK,R,FOREIGN KEY,ENABLED,NOT DEFERRABLE,IMMEDIATE,FUN_PK,FUN_ID,SPE,FUNCIONARIO,FUN_ID,NO ACTION,VALIDATED,
HIS_SEG_EMPRESA,EMP_HGE_NULL,C,CHECK,ENABLED,NOT DEFERRABLE,IMMEDIATE,,EMP_ID,,,,,VALIDATED,"""EMP_ID"" IS NOT NULL"
HIS_SEG_EMPRESA,FSE_HGE_NULL,C,CHECK,ENABLED,NOT DEFERRABLE,IMMEDIATE,,FSE_ID,,,,,VALIDATED,"""FSE_ID"" IS NOT NULL"
HIS_SEG_EMPRESA,HGE_FCH_REGISTRO_NULL,C,CHECK,ENABLED,NOT DEFERRABLE,IMMEDIATE,,HGE_FCH_REGISTRO,,,,,VALIDATED,"""HGE_FCH_REGISTRO"" IS NOT NULL"
HIS_SEG_EMPRESA,HGE_ID_NULL,C,CHECK,ENABLED,NOT DEFERRABLE,IMMEDIATE,,HGE_ID,,,,,VALIDATED,"""HGE_ID"" IS NOT NULL"
HIS_SEG_EMPRESA,HGE_PK,P,PRIMARY KEY,ENABLED,NOT DEFERRABLE,IMMEDIATE,,HGE_ID,,,,,VALIDATED,
HIS_SEG_EMPRESA,EMP_HGE_FK,R,FOREIGN KEY,ENABLED,NOT DEFERRABLE,IMMEDIATE,EMP_PK,EMP_ID,SPE,EMPRESA,EMP_ID,NO ACTION,VALIDATED,
HIS_SEG_EMPRESA,FSE_HGE_FK,R,FOREIGN KEY,ENABLED,NOT DEFERRABLE,IMMEDIATE,FSE_PK,FSE_ID,SPE,FUENTE_SEG_EMPRESA,FSE_ID,NO ACTION,VALIDATED,
HIS_SEG_EMPRESA,FUN_HGE_FK,R,FOREIGN KEY,ENABLED,NOT DEFERRABLE,IMMEDIATE,FUN_PK,FUN_ID,SPE,FUNCIONARIO,FUN_ID,NO ACTION,VALIDATED,
HIS_SEG_OFERTA,SYS_C0021295,C,CHECK,ENABLED,NOT DEFERRABLE,IMMEDIATE,,HGO_ID,,,,,VALIDATED,"""HGO_ID"" IS NOT NULL"
HIS_SEG_OFERTA,SYS_C0021296,C,CHECK,ENABLED,NOT DEFERRABLE,IMMEDIATE,,OFT_ID,,,,,VALIDATED,"""OFT_ID"" IS NOT NULL"
HIS_SEG_OFERTA,SYS_C0021297,C,CHECK,ENABLED,NOT DEFERRABLE,IMMEDIATE,,FSO_ID,,,,,VALIDATED,"""FSO_ID"" IS NOT NULL"
HIS_SEG_OFERTA,SYS_C0021298,C,CHECK,ENABLED,NOT DEFERRABLE,IMMEDIATE,,HGO_FCH_REGISTRO,,,,,VALIDATED,"""HGO_FCH_REGISTRO"" IS NOT NULL"
HIS_SISBEN_OFT,HSBO_FCH_REGISTRO_NULL,C,CHECK,ENABLED,NOT DEFERRABLE,IMMEDIATE,,HSBO_FCH_REGISTRO,,,,,VALIDATED,"""HSBO_FCH_REGISTRO"" IS NOT NULL"
HIS_SISBEN_OFT,HSBO_ID_NULL,C,CHECK,ENABLED,NOT DEFERRABLE,IMMEDIATE,,HSBO_ID,,,,,VALIDATED,"""HSBO_ID"" IS NOT NULL"
HIS_SISBEN_OFT,OFT_HSBO_NULL,C,CHECK,ENABLED,NOT DEFERRABLE,IMMEDIATE,,OFT_ID,,,,,VALIDATED,"""OFT_ID"" IS NOT NULL"
HIS_SISBEN_OFT,HSBO_PK,P,PRIMARY KEY,ENABLED,NOT DEFERRABLE,IMMEDIATE,,HSBO_ID,,,,,VALIDATED,
HIS_SISBEN_OFT,FUN_HSBO_FK,R,FOREIGN KEY,ENABLED,NOT DEFERRABLE,IMMEDIATE,FUN_PK,FUN_ID,SPE,FUNCIONARIO,FUN_ID,NO ACTION,VALIDATED,
HIS_SISBEN_OFT,OFT_HSBO_FK,R,FOREIGN KEY,ENABLED,NOT DEFERRABLE,IMMEDIATE,OFT_PK,OFT_ID,SPE,OFERTA,OFT_ID,NO ACTION,VALIDATED,
HIS_SITUACION_OCUP,HOO_FCH_REGISTRO_NULL,C,CHECK,ENABLED,NOT DEFERRABLE,IMMEDIATE,,HOO_FCH_REGISTRO,,,,,VALIDATED,"""HOO_FCH_REGISTRO"" IS NOT NULL"
HIS_SITUACION_OCUP,HOO_ID_NULL,C,CHECK,ENABLED,NOT DEFERRABLE,IMMEDIATE,,HOO_ID,,,,,VALIDATED,"""HOO_ID"" IS NOT NULL"
HIS_SITUACION_OCUP,OFT_HOO_NULL,C,CHECK,ENABLED,NOT DEFERRABLE,IMMEDIATE,,OFT_ID,,,,,VALIDATED,"""OFT_ID"" IS NOT NULL"
HIS_SITUACION_OCUP,SIO_HOO_NULL,C,CHECK,ENABLED,NOT DEFERRABLE,IMMEDIATE,,SIO_ID,,,,,VALIDATED,"""SIO_ID"" IS NOT NULL"
HIS_SITUACION_OCUP,HOO_PK,P,PRIMARY KEY,ENABLED,NOT DEFERRABLE,IMMEDIATE,,HOO_ID,,,,,VALIDATED,
HIS_SITUACION_OCUP,OFT_HOO_FK,R,FOREIGN KEY,ENABLED,NOT DEFERRABLE,IMMEDIATE,OFT_PK,OFT_ID,SPE,OFERTA,OFT_ID,NO ACTION,VALIDATED,
HIS_SITUACION_OCUP,SIO_HOO_FK,R,FOREIGN KEY,ENABLED,NOT DEFERRABLE,IMMEDIATE,SIO_PK,SIO_ID,SPE,SITUACION_OCUPACIONAL,SIO_ID,NO ACTION,VALIDATED,
HIS_SUELDO_OFERTA,HSO_FHC_REGISTRO_NULL,C,CHECK,ENABLED,NOT DEFERRABLE,IMMEDIATE,,HSO_FHC_REGISTRO,,,,,VALIDATED,"""HSO_FHC_REGISTRO"" IS NOT NULL"
HIS_SUELDO_OFERTA,HSO_ID_NULL,C,CHECK,ENABLED,NOT DEFERRABLE,IMMEDIATE,,HSO_ID,,,,,VALIDATED,"""HSO_ID"" IS NOT NULL"
HIS_SUELDO_OFERTA,HSO_SAL_MIN_NULL,C,CHECK,ENABLED,NOT DEFERRABLE,IMMEDIATE,,HSO_SAL_MIN,,,,,VALIDATED,"""HSO_SAL_MIN"" IS NOT NULL"
HIS_SUELDO_OFERTA,HSO_SUELDO_NULL,C,CHECK,ENABLED,NOT DEFERRABLE,IMMEDIATE,,HSO_SUELDO,,,,,VALIDATED,"""HSO_SUELDO"" IS NOT NULL"
HIS_SUELDO_OFERTA,OFT_HSO_NULL,C,CHECK,ENABLED,NOT DEFERRABLE,IMMEDIATE,,OFT_ID,,,,,VALIDATED,"""OFT_ID"" IS NOT NULL"
HIS_SUELDO_OFERTA,HSO_PK,P,PRIMARY KEY,ENABLED,NOT DEFERRABLE,IMMEDIATE,,HSO_ID,,,,,VALIDATED,
HIS_SUELDO_OFERTA,FUN_HSO_FK,R,FOREIGN KEY,ENABLED,NOT DEFERRABLE,IMMEDIATE,FUN_PK,FUN_ID,SPE,FUNCIONARIO,FUN_ID,NO ACTION,VALIDATED,
HIS_SUELDO_OFERTA,OFT_HSO_FK,R,FOREIGN KEY,ENABLED,NOT DEFERRABLE,IMMEDIATE,OFT_PK,OFT_ID,SPE,OFERTA,OFT_ID,NO ACTION,VALIDATED,
HIS_ZONA_EMP,EMP_HZE_NULL,C,CHECK,ENABLED,NOT DEFERRABLE,IMMEDIATE,,EMP_ID,,,,,VALIDATED,"""EMP_ID"" IS NOT NULL"
HIS_ZONA_EMP,HZE_FCH_REGISTRO_NULL,C,CHECK,ENABLED,NOT DEFERRABLE,IMMEDIATE,,HZE_FCH_REGISTRO,,,,,VALIDATED,"""HZE_FCH_REGISTRO"" IS NOT NULL"
HIS_ZONA_EMP,HZE_ID_NULL,C,CHECK,ENABLED,NOT DEFERRABLE,IMMEDIATE,,HZE_ID,,,,,VALIDATED,"""HZE_ID"" IS NOT NULL"
HIS_ZONA_EMP,ZON_HZE_NULL,C,CHECK,ENABLED,NOT DEFERRABLE,IMMEDIATE,,ZON_ID,,,,,VALIDATED,"""ZON_ID"" IS NOT NULL"
HIS_ZONA_EMP,HZE_PK,P,PRIMARY KEY,ENABLED,NOT DEFERRABLE,IMMEDIATE,,HZE_ID,,,,,VALIDATED,
HIS_ZONA_EMP,EMP_HZE_FK,R,FOREIGN KEY,ENABLED,NOT DEFERRABLE,IMMEDIATE,EMP_PK,EMP_ID,SPE,EMPRESA,EMP_ID,NO ACTION,VALIDATED,
HIS_ZONA_EMP,FUN_HZE_FK,R,FOREIGN KEY,ENABLED,NOT DEFERRABLE,IMMEDIATE,FUN_PK,FUN_ID,SPE,FUNCIONARIO,FUN_ID,NO ACTION,VALIDATED,
HIS_ZONA_EMP,ZON_HZE_FK,R,FOREIGN KEY,ENABLED,NOT DEFERRABLE,IMMEDIATE,ZON_PK,ZON_ID,SPE,ZONA,ZON_ID,NO ACTION,VALIDATED,
HIS_ZONA_OFT,HZO_FCH_REGISTRO_NULL,C,CHECK,ENABLED,NOT DEFERRABLE,IMMEDIATE,,HZO_FCH_REGISTRO,,,,,VALIDATED,"""HZO_FCH_REGISTRO"" IS NOT NULL"
HIS_ZONA_OFT,HZO_ID_NULL,C,CHECK,ENABLED,NOT DEFERRABLE,IMMEDIATE,,HZO_ID,,,,,VALIDATED,"""HZO_ID"" IS NOT NULL"
HIS_ZONA_OFT,OFT_HZO_NULL,C,CHECK,ENABLED,NOT DEFERRABLE,IMMEDIATE,,OFT_ID,,,,,VALIDATED,"""OFT_ID"" IS NOT NULL"
HIS_ZONA_OFT,ZON_HZO_NULL,C,CHECK,ENABLED,NOT DEFERRABLE,IMMEDIATE,,ZON_ID,,,,,VALIDATED,"""ZON_ID"" IS NOT NULL"
HIS_ZONA_OFT,HZO_PK,P,PRIMARY KEY,ENABLED,NOT DEFERRABLE,IMMEDIATE,,HZO_ID,,,,,VALIDATED,
HIS_ZONA_OFT,FUN_HZO_FK,R,FOREIGN KEY,ENABLED,NOT DEFERRABLE,IMMEDIATE,FUN_PK,FUN_ID,SPE,FUNCIONARIO,FUN_ID,NO ACTION,VALIDATED,
HIS_ZONA_OFT,OFT_HZO_FK,R,FOREIGN KEY,ENABLED,NOT DEFERRABLE,IMMEDIATE,OFT_PK,OFT_ID,SPE,OFERTA,OFT_ID,NO ACTION,VALIDATED,
HIS_ZONA_OFT,ZON_HZO_FK,R,FOREIGN KEY,ENABLED,NOT DEFERRABLE,IMMEDIATE,ZON_PK,ZON_ID,SPE,ZONA,ZON_ID,NO ACTION,VALIDATED,
IDIOMA,IDM_DIALECTO_CHK,C,CHECK,ENABLED,NOT DEFERRABLE,IMMEDIATE,,IDM_DIALECTO,,,,,VALIDATED,"
		IDM_DIALECTO in (0,1)
		"
IDIOMA,IDM_DIALECTO_NULL,C,CHECK,ENABLED,NOT DEFERRABLE,IMMEDIATE,,IDM_DIALECTO,,,,,VALIDATED,"""IDM_DIALECTO"" IS NOT NULL"
IDIOMA,IDM_ID_NULL,C,CHECK,ENABLED,NOT DEFERRABLE,IMMEDIATE,,IDM_ID,,,,,VALIDATED,"""IDM_ID"" IS NOT NULL"
IDIOMA,IDM_NOMBRE_NULL,C,CHECK,ENABLED,NOT DEFERRABLE,IMMEDIATE,,IDM_NOMBRE,,,,,VALIDATED,"""IDM_NOMBRE"" IS NOT NULL"
IDIOMA,IDM_PK,P,PRIMARY KEY,ENABLED,NOT DEFERRABLE,IMMEDIATE,,IDM_ID,,,,,VALIDATED,
INDICE,CNO_IND_NULL,C,CHECK,ENABLED,NOT DEFERRABLE,IMMEDIATE,,CNO_ID,,,,,VALIDATED,"""CNO_ID"" IS NOT NULL"
INDICE,IND_ESTADO_CHK,C,CHECK,ENABLED,NOT DEFERRABLE,IMMEDIATE,,IND_ESTADO,,,,,VALIDATED,"
		IND_ESTADO in (0,1)
		"
INDICE,IND_ESTADO_NULL,C,CHECK,ENABLED,NOT DEFERRABLE,IMMEDIATE,,IND_ESTADO,,,,,VALIDATED,"""IND_ESTADO"" IS NOT NULL"
INDICE,IND_ID_NULL,C,CHECK,ENABLED,NOT DEFERRABLE,IMMEDIATE,,IND_ID,,,,,VALIDATED,"""IND_ID"" IS NOT NULL"
INDICE,IND_NOMBRE_NULL,C,CHECK,ENABLED,NOT DEFERRABLE,IMMEDIATE,,IND_NOMBRE,,,,,VALIDATED,"""IND_NOMBRE"" IS NOT NULL"
INDICE,IND_PK,P,PRIMARY KEY,ENABLED,NOT DEFERRABLE,IMMEDIATE,,IND_ID,,,,,VALIDATED,
INDICE,CNO_IND_FK,R,FOREIGN KEY,ENABLED,NOT DEFERRABLE,IMMEDIATE,CNO_PK,CNO_ID,SPE,CNO,CNO_ID,NO ACTION,VALIDATED,
INDICE_NO_CALIFICADO,INDNC_CEN_NULL,C,CHECK,ENABLED,NOT DEFERRABLE,IMMEDIATE,,CEN_ID,,,,,VALIDATED,"""CEN_ID"" IS NOT NULL"
INDICE_NO_CALIFICADO,INDNC_ESTADO_CHK,C,CHECK,ENABLED,NOT DEFERRABLE,IMMEDIATE,,INDNC_ESTADO,,,,,VALIDATED,"
  INDNC_ESTADO IN (0,1)
  "
INDICE_NO_CALIFICADO,INDNC_ESTADO_NULL,C,CHECK,ENABLED,NOT DEFERRABLE,IMMEDIATE,,INDNC_ESTADO,,,,,VALIDATED,"""INDNC_ESTADO"" IS NOT NULL"
INDICE_NO_CALIFICADO,INDNC_ID_NULL,C,CHECK,ENABLED,NOT DEFERRABLE,IMMEDIATE,,INDNC_ID,,,,,VALIDATED,"""INDNC_ID"" IS NOT NULL"
INDICE_NO_CALIFICADO,INDNC_IND_NULL,C,CHECK,ENABLED,NOT DEFERRABLE,IMMEDIATE,,IND_ID,,,,,VALIDATED,"""IND_ID"" IS NOT NULL"
INDICE_NO_CALIFICADO,INDNC_PK,P,PRIMARY KEY,ENABLED,NOT DEFERRABLE,IMMEDIATE,,INDNC_ID,,,,,VALIDATED,
INDICE_NO_CALIFICADO,CEN_INDNC_FK,R,FOREIGN KEY,ENABLED,NOT DEFERRABLE,IMMEDIATE,CCF_PK,CEN_ID,SPE,CONVENIO_ENTIDAD,CEN_ID,NO ACTION,VALIDATED,
INDICE_NO_CALIFICADO,IND_INDNC,R,FOREIGN KEY,ENABLED,NOT DEFERRABLE,IMMEDIATE,IND_PK,IND_ID,SPE,INDICE,IND_ID,NO ACTION,VALIDATED,
INDICE_OCUPACIONAL,INDICE_OCUPACIONAL_PK,P,PRIMARY KEY,ENABLED,NOT DEFERRABLE,IMMEDIATE,,IND_ID,,,,,VALIDATED,
INSCRIPCION_CURSO,CUR_INC_NULL,C,CHECK,ENABLED,NOT DEFERRABLE,IMMEDIATE,,CUR_ID,,,,,VALIDATED,"""CUR_ID"" IS NOT NULL"
INSCRIPCION_CURSO,INC_FCH_REGISTRO_NULL,C,CHECK,ENABLED,NOT DEFERRABLE,IMMEDIATE,,INC_FCH_REGISTRO,,,,,VALIDATED,"""INC_FCH_REGISTRO"" IS NOT NULL"
INSCRIPCION_CURSO,INC_ID_NULL,C,CHECK,ENABLED,NOT DEFERRABLE,IMMEDIATE,,INC_ID,,,,,VALIDATED,"""INC_ID"" IS NOT NULL"
INSCRIPCION_CURSO,INC_MEDIO_CHK,C,CHECK,ENABLED,NOT DEFERRABLE,IMMEDIATE,,INC_MEDIO,,,,,VALIDATED,"
		INC_MEDIO in (0,1,2)
		"
INSCRIPCION_CURSO,INC_MEDIO_NULL,C,CHECK,ENABLED,NOT DEFERRABLE,IMMEDIATE,,INC_MEDIO,,,,,VALIDATED,"""INC_MEDIO"" IS NOT NULL"
INSCRIPCION_CURSO,OFT_INC_NULL,C,CHECK,ENABLED,NOT DEFERRABLE,IMMEDIATE,,OFT_ID,,,,,VALIDATED,"""OFT_ID"" IS NOT NULL"
INSCRIPCION_CURSO,INC_PK,P,PRIMARY KEY,ENABLED,NOT DEFERRABLE,IMMEDIATE,,INC_ID,,,,,VALIDATED,
INSCRIPCION_CURSO,CSPE_INC_FK,R,FOREIGN KEY,ENABLED,NOT DEFERRABLE,IMMEDIATE,CSPE_PK,CSPE_ID,SPE,CENTRO_SPE,CSPE_ID,NO ACTION,VALIDATED,
INSCRIPCION_CURSO,CUR_INC_FK,R,FOREIGN KEY,ENABLED,NOT DEFERRABLE,IMMEDIATE,CUR_PK,CUR_ID,SPE,CURSO,CUR_ID,NO ACTION,VALIDATED,
INSCRIPCION_CURSO,FSO_INC_FK,R,FOREIGN KEY,ENABLED,NOT DEFERRABLE,IMMEDIATE,FSO_PK,FSO_ID,SPE,FUENTE_SEG_OFERTA,FSO_ID,NO ACTION,VALIDATED,
INSCRIPCION_CURSO,FUN_ICS_FK,R,FOREIGN KEY,ENABLED,NOT DEFERRABLE,IMMEDIATE,FUN_PK,FUN_SEGUIMIENTO,SPE,FUNCIONARIO,FUN_ID,NO ACTION,VALIDATED,
INSCRIPCION_CURSO,FUN_INC_FK,R,FOREIGN KEY,ENABLED,NOT DEFERRABLE,IMMEDIATE,FUN_PK,FUN_ID,SPE,FUNCIONARIO,FUN_ID,NO ACTION,VALIDATED,
INSCRIPCION_CURSO,OFT_INC_FK,R,FOREIGN KEY,ENABLED,NOT DEFERRABLE,IMMEDIATE,OFT_PK,OFT_ID,SPE,OFERTA,OFT_ID,NO ACTION,VALIDATED,
INSCRIPCION_CURSO,OFT_IND_CUR_UK_UC,U,UNIQUE,ENABLED,NOT DEFERRABLE,IMMEDIATE,,"OFT_ID,CUR_ID",,,,,VALIDATED,
INSTITUCION,CAR_INS_NULL,C,CHECK,ENABLED,NOT DEFERRABLE,IMMEDIATE,,CAR_ID,,,,,VALIDATED,"""CAR_ID"" IS NOT NULL"
INSTITUCION,DPT_INS_NULL,C,CHECK,ENABLED,NOT DEFERRABLE,IMMEDIATE,,DPT_ID,,,,,VALIDATED,"""DPT_ID"" IS NOT NULL"
INSTITUCION,INS_ESTADO_CHK,C,CHECK,ENABLED,NOT DEFERRABLE,IMMEDIATE,,INS_ESTADO,,,,,VALIDATED,"
		INS_ESTADO in (0,1)
		"
INSTITUCION,INS_ESTADO_NULL,C,CHECK,ENABLED,NOT DEFERRABLE,IMMEDIATE,,INS_ESTADO,,,,,VALIDATED,"""INS_ESTADO"" IS NOT NULL"
INSTITUCION,INS_ID_NULL,C,CHECK,ENABLED,NOT DEFERRABLE,IMMEDIATE,,INS_ID,,,,,VALIDATED,"""INS_ID"" IS NOT NULL"
INSTITUCION,INS_NOMBRE_NULL,C,CHECK,ENABLED,NOT DEFERRABLE,IMMEDIATE,,INS_NOMBRE,,,,,VALIDATED,"""INS_NOMBRE"" IS NOT NULL"
INSTITUCION,MPO_INS_NULL,C,CHECK,ENABLED,NOT DEFERRABLE,IMMEDIATE,,MPO_ID,,,,,VALIDATED,"""MPO_ID"" IS NOT NULL"
INSTITUCION,ORG_INS_NULL,C,CHECK,ENABLED,NOT DEFERRABLE,IMMEDIATE,,ORG_ID,,,,,VALIDATED,"""ORG_ID"" IS NOT NULL"
INSTITUCION,SYS_C0023501,C,CHECK,ENABLED,NOT DEFERRABLE,IMMEDIATE,,INS_ORIGEN,,,,,VALIDATED,"""INS_ORIGEN"" IS NOT NULL"
INSTITUCION,SYS_C0023502,C,CHECK,ENABLED,NOT DEFERRABLE,IMMEDIATE,,INS_SENA,,,,,VALIDATED,"""INS_SENA"" IS NOT NULL"
INSTITUCION,INS_PK,P,PRIMARY KEY,ENABLED,NOT DEFERRABLE,IMMEDIATE,,INS_ID,,,,,VALIDATED,
INSTITUCION,CAR_INS_FK,R,FOREIGN KEY,ENABLED,NOT DEFERRABLE,IMMEDIATE,CAR_PK,CAR_ID,SPE,CARACTER,CAR_ID,NO ACTION,VALIDATED,
INSTITUCION,DPT_INS_FK,R,FOREIGN KEY,ENABLED,NOT DEFERRABLE,IMMEDIATE,DPT_PK,DPT_ID,SPE,DEPARTAMENTO,DPT_ID,NO ACTION,VALIDATED,
INSTITUCION,MPO_INS_FK,R,FOREIGN KEY,ENABLED,NOT DEFERRABLE,IMMEDIATE,MPO_PK,MPO_ID,SPE,MUNICIPIO,MPO_ID,NO ACTION,VALIDATED,
INSTITUCION,ORG_INS_FK,R,FOREIGN KEY,ENABLED,NOT DEFERRABLE,IMMEDIATE,ORG_PK,ORG_ID,SPE,ORIGEN,ORG_ID,NO ACTION,VALIDATED,
INSTRUCTOR_ECAP,CSPE_ITR_NULL,C,CHECK,ENABLED,NOT DEFERRABLE,IMMEDIATE,,CSPE_ID,,,,,VALIDATED,"""CSPE_ID"" IS NOT NULL"
INSTRUCTOR_ECAP,EMP_ITR_NULL,C,CHECK,ENABLED,NOT DEFERRABLE,IMMEDIATE,,EMP_ID,,,,,VALIDATED,"""EMP_ID"" IS NOT NULL"
INSTRUCTOR_ECAP,FUN_ITR_NULL,C,CHECK,ENABLED,NOT DEFERRABLE,IMMEDIATE,,FUN_ID,,,,,VALIDATED,"""FUN_ID"" IS NOT NULL"
INSTRUCTOR_ECAP,ITR_FCH_REGISTRO_NULL,C,CHECK,ENABLED,NOT DEFERRABLE,IMMEDIATE,,ITR_FCH_REGISTRO,,,,,VALIDATED,"""ITR_FCH_REGISTRO"" IS NOT NULL"
INSTRUCTOR_ECAP,ITR_ID_NULL,C,CHECK,ENABLED,NOT DEFERRABLE,IMMEDIATE,,ITR_ID,,,,,VALIDATED,"""ITR_ID"" IS NOT NULL"
INSTRUCTOR_ECAP,OFT_ITR_NULL,C,CHECK,ENABLED,NOT DEFERRABLE,IMMEDIATE,,OFT_ID,,,,,VALIDATED,"""OFT_ID"" IS NOT NULL"
INSTRUCTOR_ECAP,ITR_PK,P,PRIMARY KEY,ENABLED,NOT DEFERRABLE,IMMEDIATE,,ITR_ID,,,,,VALIDATED,
INSTRUCTOR_ECAP,CSPE_ITR_FK,R,FOREIGN KEY,ENABLED,NOT DEFERRABLE,IMMEDIATE,CSPE_PK,CSPE_ID,SPE,CENTRO_SPE,CSPE_ID,NO ACTION,VALIDATED,
INSTRUCTOR_ECAP,EMP_ITR_FK,R,FOREIGN KEY,ENABLED,NOT DEFERRABLE,IMMEDIATE,EMP_PK,EMP_ID,SPE,EMPRESA,EMP_ID,NO ACTION,VALIDATED,
INSTRUCTOR_ECAP,FUN_ITR_FK,R,FOREIGN KEY,ENABLED,NOT DEFERRABLE,IMMEDIATE,FUN_PK,FUN_ID,SPE,FUNCIONARIO,FUN_ID,NO ACTION,VALIDATED,
INSTRUCTOR_ECAP,OFT_ITR_FK,R,FOREIGN KEY,ENABLED,NOT DEFERRABLE,IMMEDIATE,OFT_PK,OFT_ID,SPE,OFERTA,OFT_ID,NO ACTION,VALIDATED,
INSTRUCTOR_ECAP,ITR_OFTXEMP_UK_UC,U,UNIQUE,ENABLED,NOT DEFERRABLE,IMMEDIATE,,"OFT_ID,EMP_ID",,,,,VALIDATED,
INVITACION,CK_ESTADO,C,CHECK,ENABLED,NOT DEFERRABLE,IMMEDIATE,,INV_ESTADO,,,,,VALIDATED,"INV_ESTADO IN (1,0)"
INVITACION,CK_TIPO,C,CHECK,ENABLED,NOT DEFERRABLE,IMMEDIATE,,INV_ES_EGRESADO,,,,,VALIDATED,"INV_ES_EGRESADO IN (1,0)"
INVITACION,SYS_C0021554,C,CHECK,ENABLED,NOT DEFERRABLE,IMMEDIATE,,INV_ID,,,,,VALIDATED,"""INV_ID"" IS NOT NULL"
INVITACION,SYS_C0021555,C,CHECK,ENABLED,NOT DEFERRABLE,IMMEDIATE,,DEM_ID,,,,,VALIDATED,"""DEM_ID"" IS NOT NULL"
INVITACION,SYS_C0021556,C,CHECK,ENABLED,NOT DEFERRABLE,IMMEDIATE,,OFT_ID,,,,,VALIDATED,"""OFT_ID"" IS NOT NULL"
INVITACION,SYS_C0021557,C,CHECK,ENABLED,NOT DEFERRABLE,IMMEDIATE,,INV_ESTADO,,,,,VALIDATED,"""INV_ESTADO"" IS NOT NULL"
INVITACION,SYS_C0021558,C,CHECK,ENABLED,NOT DEFERRABLE,IMMEDIATE,,INV_FECHA_INVITACION,,,,,VALIDATED,"""INV_FECHA_INVITACION"" IS NOT NULL"
INVITACION,SYS_C0021559,C,CHECK,ENABLED,NOT DEFERRABLE,IMMEDIATE,,INV_ES_EGRESADO,,,,,VALIDATED,"""INV_ES_EGRESADO"" IS NOT NULL"
INVITACION,SYS_C0023726,P,PRIMARY KEY,ENABLED,NOT DEFERRABLE,IMMEDIATE,,INV_ID,,,,,VALIDATED,
INVITACION,SYS_C0024974,R,FOREIGN KEY,ENABLED,NOT DEFERRABLE,IMMEDIATE,DEM_PK,DEM_ID,SPE,DEMANDA,DEM_ID,NO ACTION,VALIDATED,
INVITACION,SYS_C0024975,R,FOREIGN KEY,ENABLED,NOT DEFERRABLE,IMMEDIATE,OFT_PK,OFT_ID,SPE,OFERTA,OFT_ID,NO ACTION,VALIDATED,
JORNADA_TRABAJO,JTR_DESCRIPCION_NULL,C,CHECK,ENABLED,NOT DEFERRABLE,IMMEDIATE,,JTR_DESCRIPCION,,,,,VALIDATED,"""JTR_DESCRIPCION"" IS NOT NULL"
JORNADA_TRABAJO,JTR_ID_NULL,C,CHECK,ENABLED,NOT DEFERRABLE,IMMEDIATE,,JTR_ID,,,,,VALIDATED,"""JTR_ID"" IS NOT NULL"
JORNADA_TRABAJO,JTR_NOMBRE_NULL,C,CHECK,ENABLED,NOT DEFERRABLE,IMMEDIATE,,JTR_NOMBRE,,,,,VALIDATED,"""JTR_NOMBRE"" IS NOT NULL"
JORNADA_TRABAJO,JTR_PK,P,PRIMARY KEY,ENABLED,NOT DEFERRABLE,IMMEDIATE,,JTR_ID,,,,,VALIDATED,
LICENCIA_CONDUCCION,LIC_CATEGORIA_NULL,C,CHECK,ENABLED,NOT DEFERRABLE,IMMEDIATE,,LIC_CATEGORIA,,,,,VALIDATED,"""LIC_CATEGORIA"" IS NOT NULL"
LICENCIA_CONDUCCION,LIC_DESCRIPCION_NULL,C,CHECK,ENABLED,NOT DEFERRABLE,IMMEDIATE,,LIC_DESCRIPCION,,,,,VALIDATED,"""LIC_DESCRIPCION"" IS NOT NULL"
LICENCIA_CONDUCCION,LIC_ID_NULL,C,CHECK,ENABLED,NOT DEFERRABLE,IMMEDIATE,,LIC_ID,,,,,VALIDATED,"""LIC_ID"" IS NOT NULL"
LICENCIA_CONDUCCION,LIC_PK,P,PRIMARY KEY,ENABLED,NOT DEFERRABLE,IMMEDIATE,,LIC_ID,,,,,VALIDATED,
LISTA_ROTACION_DEF,LIR_ESTADO_CHK,C,CHECK,ENABLED,NOT DEFERRABLE,IMMEDIATE,,LIR_ESTADO,,,,,VALIDATED,"LIR_ESTADO IN (0,1,2)"
LISTA_ROTACION_DEF,LIR_ESTADO_NULL,C,CHECK,ENABLED,NOT DEFERRABLE,IMMEDIATE,,LIR_ESTADO,,,,,VALIDATED,"""LIR_ESTADO"" IS NOT NULL"
LISTA_ROTACION_DEF,LIR_FCH_CREACION_NULL,C,CHECK,ENABLED,NOT DEFERRABLE,IMMEDIATE,,LIR_FCH_CREACION,,,,,VALIDATED,"""LIR_FCH_CREACION"" IS NOT NULL"
LISTA_ROTACION_DEF,LIR_ID_NULL,C,CHECK,ENABLED,NOT DEFERRABLE,IMMEDIATE,,LIR_ID,,,,,VALIDATED,"""LIR_ID"" IS NOT NULL"
LISTA_ROTACION_DEF,LIR_NOMBRE_NULL,C,CHECK,ENABLED,NOT DEFERRABLE,IMMEDIATE,,LIR_NOMBRE,,,,,VALIDATED,"""LIR_NOMBRE"" IS NOT NULL"
LISTA_ROTACION_DEF,SYS_C0021408,C,CHECK,ENABLED,NOT DEFERRABLE,IMMEDIATE,,FUN_ID,,,,,VALIDATED,"""FUN_ID"" IS NOT NULL"
LISTA_ROTACION_DEF,LIR_PK,P,PRIMARY KEY,ENABLED,NOT DEFERRABLE,IMMEDIATE,,LIR_ID,,,,,VALIDATED,
LISTA_ROTACION_OFT,FCH_LRO_NULL,C,CHECK,ENABLED,NOT DEFERRABLE,IMMEDIATE,,LRO_FCH_REGISTRO,,,,,VALIDATED,"""LRO_FCH_REGISTRO"" IS NOT NULL"
LISTA_ROTACION_OFT,LIR_LRO_NULL,C,CHECK,ENABLED,NOT DEFERRABLE,IMMEDIATE,,LIR_ID,,,,,VALIDATED,"""LIR_ID"" IS NOT NULL"
LISTA_ROTACION_OFT,LRO_ID_NULL,C,CHECK,ENABLED,NOT DEFERRABLE,IMMEDIATE,,LRO_ID,,,,,VALIDATED,"""LRO_ID"" IS NOT NULL"
LISTA_ROTACION_OFT,LRO_PUESTO_NULL,C,CHECK,ENABLED,NOT DEFERRABLE,IMMEDIATE,,LRO_PUESTO,,,,,VALIDATED,"""LRO_PUESTO"" IS NOT NULL"
LISTA_ROTACION_OFT,LZG_LRO_NULL,C,CHECK,ENABLED,NOT DEFERRABLE,IMMEDIATE,,LZG_ID,,,,,VALIDATED,"""LZG_ID"" IS NOT NULL"
LISTA_ROTACION_OFT,OFT_LRO_NULL,C,CHECK,ENABLED,NOT DEFERRABLE,IMMEDIATE,,OFT_ID,,,,,VALIDATED,"""OFT_ID"" IS NOT NULL"
LISTA_ROTACION_OFT,LRO_PK,P,PRIMARY KEY,ENABLED,NOT DEFERRABLE,IMMEDIATE,,LRO_ID,,,,,VALIDATED,
LISTA_ROTACION_OFT,LIR_LRO_FK,R,FOREIGN KEY,ENABLED,NOT DEFERRABLE,IMMEDIATE,LIR_PK,LIR_ID,SPE,LISTA_ROTACION_DEF,LIR_ID,NO ACTION,VALIDATED,
LISTA_ROTACION_OFT,LZG_LRO_FK,R,FOREIGN KEY,ENABLED,NOT DEFERRABLE,IMMEDIATE,LZG_PK,LZG_ID,SPE,LISTA_ROTACION_ZONAGEO,LZG_ID,NO ACTION,VALIDATED,
LISTA_ROTACION_OFT,OFT_LRO_FK,R,FOREIGN KEY,ENABLED,NOT DEFERRABLE,IMMEDIATE,OFT_PK,OFT_ID,SPE,OFERTA,OFT_ID,NO ACTION,VALIDATED,
LISTA_ROTACION_OFT,LRO_LISTA_OFERTA_UK,U,UNIQUE,ENABLED,NOT DEFERRABLE,IMMEDIATE,,"LIR_ID,OFT_ID",,,,,VALIDATED,
LISTA_ROTACION_OFT,LRO_LISTA_PUESTO_UK,U,UNIQUE,ENABLED,NOT DEFERRABLE,IMMEDIATE,,"LIR_ID,LRO_PUESTO",,,,,VALIDATED,
LISTA_ROTACION_ZONAGEO,DPT_LZG_NULL,C,CHECK,ENABLED,NOT DEFERRABLE,IMMEDIATE,,DPT_ID,,,,,VALIDATED,"""DPT_ID"" IS NOT NULL"
LISTA_ROTACION_ZONAGEO,LIR_LZG_NULL,C,CHECK,ENABLED,NOT DEFERRABLE,IMMEDIATE,,LIR_ID,,,,,VALIDATED,"""LIR_ID"" IS NOT NULL"
LISTA_ROTACION_ZONAGEO,LZG_ID_NULL,C,CHECK,ENABLED,NOT DEFERRABLE,IMMEDIATE,,LZG_ID,,,,,VALIDATED,"""LZG_ID"" IS NOT NULL"
LISTA_ROTACION_ZONAGEO,MPO_LZG_NULL,C,CHECK,ENABLED,NOT DEFERRABLE,IMMEDIATE,,MPO_ID,,,,,VALIDATED,"""MPO_ID"" IS NOT NULL"
LISTA_ROTACION_ZONAGEO,PAI_LZG_NULL,C,CHECK,ENABLED,NOT DEFERRABLE,IMMEDIATE,,PAI_ID,,,,,VALIDATED,"""PAI_ID"" IS NOT NULL"
LISTA_ROTACION_ZONAGEO,LZG_PK,P,PRIMARY KEY,ENABLED,NOT DEFERRABLE,IMMEDIATE,,LZG_ID,,,,,VALIDATED,
LISTA_ROTACION_ZONAGEO,BAR_LZG_FK,R,FOREIGN KEY,ENABLED,NOT DEFERRABLE,IMMEDIATE,BAR_PK,BAR_ID,SPE,BARRIO,BAR_ID,NO ACTION,VALIDATED,
LISTA_ROTACION_ZONAGEO,DPT_LZG_FK,R,FOREIGN KEY,ENABLED,NOT DEFERRABLE,IMMEDIATE,DPT_PK,DPT_ID,SPE,DEPARTAMENTO,DPT_ID,NO ACTION,VALIDATED,
LISTA_ROTACION_ZONAGEO,LIR_LIR_FK,R,FOREIGN KEY,ENABLED,NOT DEFERRABLE,IMMEDIATE,LIR_PK,LIR_ID,SPE,LISTA_ROTACION_DEF,LIR_ID,NO ACTION,VALIDATED,
LISTA_ROTACION_ZONAGEO,MPO_LZG_FK,R,FOREIGN KEY,ENABLED,NOT DEFERRABLE,IMMEDIATE,MPO_PK,MPO_ID,SPE,MUNICIPIO,MPO_ID,NO ACTION,VALIDATED,
LISTA_ROTACION_ZONAGEO,PAI_LZG_FK,R,FOREIGN KEY,ENABLED,NOT DEFERRABLE,IMMEDIATE,PAI_PK,PAI_ID,SPE,PAIS,PAI_ID,NO ACTION,VALIDATED,
LISTA_ROTACION_ZONAGEO,ZON_LZG_FK,R,FOREIGN KEY,ENABLED,NOT DEFERRABLE,IMMEDIATE,ZON_PK,ZON_ID,SPE,ZONA,ZON_ID,NO ACTION,VALIDATED,
LISTA_ROTACION_ZONAGEO,LZG_BAR_UK,U,UNIQUE,ENABLED,NOT DEFERRABLE,IMMEDIATE,,"PAI_ID,DPT_ID,MPO_ID,ZON_ID,BAR_ID",,,,,VALIDATED,
LOG_ADM_CONTENIDO,FUN_LAC_NULL,C,CHECK,ENABLED,NOT DEFERRABLE,IMMEDIATE,,FUN_ID,,,,,VALIDATED,"""FUN_ID"" IS NOT NULL"
LOG_ADM_CONTENIDO,LAC_ACCION_CHK,C,CHECK,ENABLED,NOT DEFERRABLE,IMMEDIATE,,LAC_ACCION,,,,,VALIDATED,"
		LAC_ACCION in (0,1,2)
		"
LOG_ADM_CONTENIDO,LAC_ACCION_NULL,C,CHECK,ENABLED,NOT DEFERRABLE,IMMEDIATE,,LAC_ACCION,,,,,VALIDATED,"""LAC_ACCION"" IS NOT NULL"
LOG_ADM_CONTENIDO,LAC_FCH_ACCION_NULL,C,CHECK,ENABLED,NOT DEFERRABLE,IMMEDIATE,,LAC_FCH_ACCION,,,,,VALIDATED,"""LAC_FCH_ACCION"" IS NOT NULL"
LOG_ADM_CONTENIDO,LAC_ID_NULL,C,CHECK,ENABLED,NOT DEFERRABLE,IMMEDIATE,,LAC_ID,,,,,VALIDATED,"""LAC_ID"" IS NOT NULL"
LOG_ADM_CONTENIDO,MTT_LAC_NULL,C,CHECK,ENABLED,NOT DEFERRABLE,IMMEDIATE,,MTT_ID,,,,,VALIDATED,"""MTT_ID"" IS NOT NULL"
LOG_ADM_CONTENIDO,LAC_PK,P,PRIMARY KEY,ENABLED,NOT DEFERRABLE,IMMEDIATE,,LAC_ID,,,,,VALIDATED,
LOG_ADM_CONTENIDO,FUN_LAC_FK,R,FOREIGN KEY,ENABLED,NOT DEFERRABLE,IMMEDIATE,FUN_PK,FUN_ID,SPE,FUNCIONARIO,FUN_ID,NO ACTION,VALIDATED,
LOG_ADM_CONTENIDO,MTT_LAC_FK,R,FOREIGN KEY,ENABLED,NOT DEFERRABLE,IMMEDIATE,MTT_PK,MTT_ID,SPE,META_TABLA,MTT_ID,NO ACTION,VALIDATED,
LOG_DEM_ETD_FORMAL,DEM_LDF_NULL,C,CHECK,ENABLED,NOT DEFERRABLE,IMMEDIATE,,DEM_ID,,,,,VALIDATED,"""DEM_ID"" IS NOT NULL"
LOG_DEM_ETD_FORMAL,LDF_ACCION_CHK,C,CHECK,ENABLED,NOT DEFERRABLE,IMMEDIATE,,LDF_ACCION,,,,,VALIDATED,"
		LDF_ACCION in (0,1,2)
		"
LOG_DEM_ETD_FORMAL,LDF_ACCION_NULL,C,CHECK,ENABLED,NOT DEFERRABLE,IMMEDIATE,,LDF_ACCION,,,,,VALIDATED,"""LDF_ACCION"" IS NOT NULL"
LOG_DEM_ETD_FORMAL,LDF_FCH_ACCION_NULL,C,CHECK,ENABLED,NOT DEFERRABLE,IMMEDIATE,,LDF_FCH_ACCION,,,,,VALIDATED,"""LDF_FCH_ACCION"" IS NOT NULL"
LOG_DEM_ETD_FORMAL,LDF_ID_NULL,C,CHECK,ENABLED,NOT DEFERRABLE,IMMEDIATE,,LDF_ID,,,,,VALIDATED,"""LDF_ID"" IS NOT NULL"
LOG_DEM_ETD_FORMAL,TIT_LDF_NULL,C,CHECK,ENABLED,NOT DEFERRABLE,IMMEDIATE,,TIT_ID,,,,,VALIDATED,"""TIT_ID"" IS NOT NULL"
LOG_DEM_ETD_FORMAL,LDF_PK,P,PRIMARY KEY,ENABLED,NOT DEFERRABLE,IMMEDIATE,,LDF_ID,,,,,VALIDATED,
LOG_DEM_ETD_FORMAL,DEM_LDF_FK,R,FOREIGN KEY,ENABLED,NOT DEFERRABLE,IMMEDIATE,DEM_PK,DEM_ID,SPE,DEMANDA,DEM_ID,NO ACTION,VALIDATED,
LOG_DEM_ETD_FORMAL,FUN_LDF_FK,R,FOREIGN KEY,ENABLED,NOT DEFERRABLE,IMMEDIATE,FUN_PK,FUN_ID,SPE,FUNCIONARIO,FUN_ID,NO ACTION,VALIDATED,
LOG_DEM_ETD_FORMAL,INS_LDF_FK,R,FOREIGN KEY,ENABLED,NOT DEFERRABLE,IMMEDIATE,INS_PK,INS_ID,SPE,INSTITUCION,INS_ID,NO ACTION,VALIDATED,
LOG_DEM_ETD_FORMAL,TIT_LDF_FK,R,FOREIGN KEY,ENABLED,NOT DEFERRABLE,IMMEDIATE,TIT_PK,TIT_ID,SPE,TITULO,TIT_ID,NO ACTION,VALIDATED,
LOG_DEM_ETD_NO_FORMAL,DEM_LDN_NULL,C,CHECK,ENABLED,NOT DEFERRABLE,IMMEDIATE,,DEM_ID,,,,,VALIDATED,"""DEM_ID"" IS NOT NULL"
LOG_DEM_ETD_NO_FORMAL,ENF_LDN_NULL,C,CHECK,ENABLED,NOT DEFERRABLE,IMMEDIATE,,ENF_ID,,,,,VALIDATED,"""ENF_ID"" IS NOT NULL"
LOG_DEM_ETD_NO_FORMAL,LDN_ACCION_CHK,C,CHECK,ENABLED,NOT DEFERRABLE,IMMEDIATE,,LDN_ACCION,,,,,VALIDATED,"
		LDN_ACCION in (0,1,2)
		"
LOG_DEM_ETD_NO_FORMAL,LDN_ACCION_NULL,C,CHECK,ENABLED,NOT DEFERRABLE,IMMEDIATE,,LDN_ACCION,,,,,VALIDATED,"""LDN_ACCION"" IS NOT NULL"
LOG_DEM_ETD_NO_FORMAL,LDN_FCH_ACCION_NULL,C,CHECK,ENABLED,NOT DEFERRABLE,IMMEDIATE,,LDN_FCH_ACCION,,,,,VALIDATED,"""LDN_FCH_ACCION"" IS NOT NULL"
LOG_DEM_ETD_NO_FORMAL,LDN_ID_NULL,C,CHECK,ENABLED,NOT DEFERRABLE,IMMEDIATE,,LDN_ID,,,,,VALIDATED,"""LDN_ID"" IS NOT NULL"
LOG_DEM_ETD_NO_FORMAL,LDN_PK,P,PRIMARY KEY,ENABLED,NOT DEFERRABLE,IMMEDIATE,,LDN_ID,,,,,VALIDATED,
LOG_DEM_ETD_NO_FORMAL,DEM_LDN_FK,R,FOREIGN KEY,ENABLED,NOT DEFERRABLE,IMMEDIATE,DEM_PK,DEM_ID,SPE,DEMANDA,DEM_ID,NO ACTION,VALIDATED,
LOG_DEM_ETD_NO_FORMAL,ENF_LDN_FK,R,FOREIGN KEY,ENABLED,NOT DEFERRABLE,IMMEDIATE,ENF_PK,ENF_ID,SPE,ESTUDIO_NO_FORMAL,ENF_ID,NO ACTION,VALIDATED,
LOG_DEM_ETD_NO_FORMAL,FUN_LDN_FK,R,FOREIGN KEY,ENABLED,NOT DEFERRABLE,IMMEDIATE,FUN_PK,FUN_ID,SPE,FUNCIONARIO,FUN_ID,NO ACTION,VALIDATED,
LOG_DEM_IDIOMA,DEM_LDI_NULL,C,CHECK,ENABLED,NOT DEFERRABLE,IMMEDIATE,,DEM_ID,,,,,VALIDATED,"""DEM_ID"" IS NOT NULL"
LOG_DEM_IDIOMA,IDM_LDI_NULL,C,CHECK,ENABLED,NOT DEFERRABLE,IMMEDIATE,,IDM_ID,,,,,VALIDATED,"""IDM_ID"" IS NOT NULL"
LOG_DEM_IDIOMA,LDI_ACCION_CHK,C,CHECK,ENABLED,NOT DEFERRABLE,IMMEDIATE,,LDI_ACCION,,,,,VALIDATED,"
		LDI_ACCION in (0,1,2)
		"
LOG_DEM_IDIOMA,LDI_ACCION_NULL,C,CHECK,ENABLED,NOT DEFERRABLE,IMMEDIATE,,LDI_ACCION,,,,,VALIDATED,"""LDI_ACCION"" IS NOT NULL"
LOG_DEM_IDIOMA,LDI_FCH_ACCION_NULL,C,CHECK,ENABLED,NOT DEFERRABLE,IMMEDIATE,,LDI_FCH_ACCION,,,,,VALIDATED,"""LDI_FCH_ACCION"" IS NOT NULL"
LOG_DEM_IDIOMA,LDI_ID_NULL,C,CHECK,ENABLED,NOT DEFERRABLE,IMMEDIATE,,LDI_ID,,,,,VALIDATED,"""LDI_ID"" IS NOT NULL"
LOG_DEM_IDIOMA,LDI_PK,P,PRIMARY KEY,ENABLED,NOT DEFERRABLE,IMMEDIATE,,LDI_ID,,,,,VALIDATED,
LOG_DEM_IDIOMA,DEM_LDI_FK,R,FOREIGN KEY,ENABLED,NOT DEFERRABLE,IMMEDIATE,DEM_PK,DEM_ID,SPE,DEMANDA,DEM_ID,NO ACTION,VALIDATED,
LOG_DEM_IDIOMA,FUN_LDI_FK,R,FOREIGN KEY,ENABLED,NOT DEFERRABLE,IMMEDIATE,FUN_PK,FUN_ID,SPE,FUNCIONARIO,FUN_ID,NO ACTION,VALIDATED,
LOG_DEM_IDIOMA,IDM_LDI_FK,R,FOREIGN KEY,ENABLED,NOT DEFERRABLE,IMMEDIATE,IDM_PK,IDM_ID,SPE,IDIOMA,IDM_ID,NO ACTION,VALIDATED,
LOG_MC_ASPIRACION,SYS_C0023087,C,CHECK,ENABLED,NOT DEFERRABLE,IMMEDIATE,,LOG_MC_ASPIRACION_ID,,,,,VALIDATED,"""LOG_MC_ASPIRACION_ID"" IS NOT NULL"
LOG_MC_ASPIRACION,SYS_C0023088,C,CHECK,ENABLED,NOT DEFERRABLE,IMMEDIATE,,ID,,,,,VALIDATED,"""ID"" IS NOT NULL"
LOG_MC_ASPIRACION,SYS_C0023089,C,CHECK,ENABLED,NOT DEFERRABLE,IMMEDIATE,,MC_ESTADO_ASPRCN_ID,,,,,VALIDATED,"""MC_ESTADO_ASPRCN_ID"" IS NOT NULL"
LOG_MC_ASPIRACION,SYS_C0023090,C,CHECK,ENABLED,NOT DEFERRABLE,IMMEDIATE,,MC_PERFIL_ID,,,,,VALIDATED,"""MC_PERFIL_ID"" IS NOT NULL"
LOG_MC_ASPIRACION,SYS_C0023091,C,CHECK,ENABLED,NOT DEFERRABLE,IMMEDIATE,,ACCION,,,,,VALIDATED,"""ACCION"" IS NOT NULL"
LOG_MC_ASPIRACION,SYS_C0023092,C,CHECK,ENABLED,NOT DEFERRABLE,IMMEDIATE,,FECHA_ACCION,,,,,VALIDATED,"""FECHA_ACCION"" IS NOT NULL"
LOG_MC_ASPN_ESTAB,SYS_C0022841,C,CHECK,ENABLED,NOT DEFERRABLE,IMMEDIATE,,LOG_MC_ASPN_ESTAB_ID,,,,,VALIDATED,"""LOG_MC_ASPN_ESTAB_ID"" IS NOT NULL"
LOG_MC_ASPN_ESTAB,SYS_C0022842,C,CHECK,ENABLED,NOT DEFERRABLE,IMMEDIATE,,ID,,,,,VALIDATED,"""ID"" IS NOT NULL"
LOG_MC_ASPN_ESTAB,SYS_C0022843,C,CHECK,ENABLED,NOT DEFERRABLE,IMMEDIATE,,MC_ASPN_ID,,,,,VALIDATED,"""MC_ASPN_ID"" IS NOT NULL"
LOG_MC_ASPN_ESTAB,SYS_C0022844,C,CHECK,ENABLED,NOT DEFERRABLE,IMMEDIATE,,MC_ESTAB_CNV_ID,,,,,VALIDATED,"""MC_ESTAB_CNV_ID"" IS NOT NULL"
LOG_MC_ASPN_ESTAB,SYS_C0022845,C,CHECK,ENABLED,NOT DEFERRABLE,IMMEDIATE,,FCH_CREACION,,,,,VALIDATED,"""FCH_CREACION"" IS NOT NULL"
LOG_MC_ASPN_ESTAB,SYS_C0022846,C,CHECK,ENABLED,NOT DEFERRABLE,IMMEDIATE,,ACCION,,,,,VALIDATED,"""ACCION"" IS NOT NULL"
LOG_MC_ASPN_ESTAB,SYS_C0022847,C,CHECK,ENABLED,NOT DEFERRABLE,IMMEDIATE,,FECHA_ACCION,,,,,VALIDATED,"""FECHA_ACCION"" IS NOT NULL"
LOG_MC_ASPRNT_EN_FRM,SYS_C0023342,C,CHECK,ENABLED,NOT DEFERRABLE,IMMEDIATE,,LOG_MC_ASPRNT_EN_FRM_ID,,,,,VALIDATED,"""LOG_MC_ASPRNT_EN_FRM_ID"" IS NOT NULL"
LOG_MC_ASPRNT_EN_FRM,SYS_C0023343,C,CHECK,ENABLED,NOT DEFERRABLE,IMMEDIATE,,ID,,,,,VALIDATED,"""ID"" IS NOT NULL"
LOG_MC_ASPRNT_EN_FRM,SYS_C0023344,C,CHECK,ENABLED,NOT DEFERRABLE,IMMEDIATE,,MC_ASPN_ID,,,,,VALIDATED,"""MC_ASPN_ID"" IS NOT NULL"
LOG_MC_ASPRNT_EN_FRM,SYS_C0023345,C,CHECK,ENABLED,NOT DEFERRABLE,IMMEDIATE,,TIPO_DOC_EF,,,,,VALIDATED,"""TIPO_DOC_EF"" IS NOT NULL"
LOG_MC_ASPRNT_EN_FRM,SYS_C0023346,C,CHECK,ENABLED,NOT DEFERRABLE,IMMEDIATE,,NUM_DOC_EF,,,,,VALIDATED,"""NUM_DOC_EF"" IS NOT NULL"
LOG_MC_ASPRNT_EN_FRM,SYS_C0023347,C,CHECK,ENABLED,NOT DEFERRABLE,IMMEDIATE,,NOMBRES_EF,,,,,VALIDATED,"""NOMBRES_EF"" IS NOT NULL"
LOG_MC_ASPRNT_EN_FRM,SYS_C0023348,C,CHECK,ENABLED,NOT DEFERRABLE,IMMEDIATE,,PRMR_APLLD_EF,,,,,VALIDATED,"""PRMR_APLLD_EF"" IS NOT NULL"
LOG_MC_ASPRNT_EN_FRM,SYS_C0023349,C,CHECK,ENABLED,NOT DEFERRABLE,IMMEDIATE,,EMAIL_EF,,,,,VALIDATED,"""EMAIL_EF"" IS NOT NULL"
LOG_MC_ASPRNT_EN_FRM,SYS_C0023350,C,CHECK,ENABLED,NOT DEFERRABLE,IMMEDIATE,,PASS_BLCKBRD,,,,,VALIDATED,"""PASS_BLCKBRD"" IS NOT NULL"
LOG_MC_ASPRNT_EN_FRM,SYS_C0023351,C,CHECK,ENABLED,NOT DEFERRABLE,IMMEDIATE,,FCH_CREACION,,,,,VALIDATED,"""FCH_CREACION"" IS NOT NULL"
LOG_MC_ASPRNT_EN_FRM,SYS_C0023352,C,CHECK,ENABLED,NOT DEFERRABLE,IMMEDIATE,,ACCION,,,,,VALIDATED,"""ACCION"" IS NOT NULL"
LOG_MC_ASPRNT_EN_FRM,SYS_C0023353,C,CHECK,ENABLED,NOT DEFERRABLE,IMMEDIATE,,FECHA_ACCION,,,,,VALIDATED,"""FECHA_ACCION"" IS NOT NULL"
LOG_MC_BANIN_ASPIRACION,SYS_C0022127,C,CHECK,ENABLED,NOT DEFERRABLE,IMMEDIATE,,ID,,,,,VALIDATED,"""ID"" IS NOT NULL"
LOG_MC_BANIN_ASPIRACION,SYS_C0022128,C,CHECK,ENABLED,NOT DEFERRABLE,IMMEDIATE,,OFT_ID,,,,,VALIDATED,"""OFT_ID"" IS NOT NULL"
LOG_MC_BANIN_ASPIRACION,SYS_C0022129,C,CHECK,ENABLED,NOT DEFERRABLE,IMMEDIATE,,MCBCT_ID,,,,,VALIDATED,"""MCBCT_ID"" IS NOT NULL"
LOG_MC_ESTAB_CNVCTRIA,SYS_C0023614,C,CHECK,ENABLED,NOT DEFERRABLE,IMMEDIATE,,LOG_MC_ESTAB_CNVCTRIA_ID,,,,,VALIDATED,"""LOG_MC_ESTAB_CNVCTRIA_ID"" IS NOT NULL"
LOG_MC_ESTAB_CNVCTRIA,SYS_C0023615,C,CHECK,ENABLED,NOT DEFERRABLE,IMMEDIATE,,ID,,,,,VALIDATED,"""ID"" IS NOT NULL"
LOG_MC_ESTAB_CNVCTRIA,SYS_C0023616,C,CHECK,ENABLED,NOT DEFERRABLE,IMMEDIATE,,MC_CONV_ID,,,,,VALIDATED,"""MC_CONV_ID"" IS NOT NULL"
LOG_MC_ESTAB_CNVCTRIA,SYS_C0023617,C,CHECK,ENABLED,NOT DEFERRABLE,IMMEDIATE,,NOMBRE,,,,,VALIDATED,"""NOMBRE"" IS NOT NULL"
LOG_MC_ESTAB_CNVCTRIA,SYS_C0023618,C,CHECK,ENABLED,NOT DEFERRABLE,IMMEDIATE,,FCH_CREACION,,,,,VALIDATED,"""FCH_CREACION"" IS NOT NULL"
LOG_MC_ESTAB_CNVCTRIA,SYS_C0023619,C,CHECK,ENABLED,NOT DEFERRABLE,IMMEDIATE,,FUN_ID,,,,,VALIDATED,"""FUN_ID"" IS NOT NULL"
LOG_MC_ESTAB_CNVCTRIA,SYS_C0023620,C,CHECK,ENABLED,NOT DEFERRABLE,IMMEDIATE,,ACCION,,,,,VALIDATED,"""ACCION"" IS NOT NULL"
LOG_MC_ESTAB_CNVCTRIA,SYS_C0023621,C,CHECK,ENABLED,NOT DEFERRABLE,IMMEDIATE,,FECHA_ACCION,,,,,VALIDATED,"""FECHA_ACCION"" IS NOT NULL"
LOG_MC_PRESELECCION,SYS_C0021748,C,CHECK,ENABLED,NOT DEFERRABLE,IMMEDIATE,,LOG_MC_PRE_ID,,,,,VALIDATED,"""LOG_MC_PRE_ID"" IS NOT NULL"
LOG_MC_PRESELECCION,SYS_C0021749,C,CHECK,ENABLED,NOT DEFERRABLE,IMMEDIATE,,MC_PRE_ID,,,,,VALIDATED,"""MC_PRE_ID"" IS NOT NULL"
LOG_MC_PRESELECCION,SYS_C0021750,C,CHECK,ENABLED,NOT DEFERRABLE,IMMEDIATE,,MC_PRE_FCH_REG,,,,,VALIDATED,"""MC_PRE_FCH_REG"" IS NOT NULL"
LOG_MC_PRESELECCION,SYS_C0021751,C,CHECK,ENABLED,NOT DEFERRABLE,IMMEDIATE,,MC_EST_PRE_ID,,,,,VALIDATED,"""MC_EST_PRE_ID"" IS NOT NULL"
LOG_MC_PRESELECCION,SYS_C0021752,C,CHECK,ENABLED,NOT DEFERRABLE,IMMEDIATE,,ACCION,,,,,VALIDATED,"""ACCION"" IS NOT NULL"
LOG_MC_PRESELECCION,SYS_C0021753,C,CHECK,ENABLED,NOT DEFERRABLE,IMMEDIATE,,FECHA_ACCION,,,,,VALIDATED,"""FECHA_ACCION"" IS NOT NULL"
LOG_MC_REQ_CAPTURADO,SYS_C0023093,C,CHECK,ENABLED,NOT DEFERRABLE,IMMEDIATE,,LOG_MC_REQ_CAP_ID,,,,,VALIDATED,"""LOG_MC_REQ_CAP_ID"" IS NOT NULL"
LOG_MC_REQ_CAPTURADO,SYS_C0023094,C,CHECK,ENABLED,NOT DEFERRABLE,IMMEDIATE,,ID,,,,,VALIDATED,"""ID"" IS NOT NULL"
LOG_MC_REQ_CAPTURADO,SYS_C0023095,C,CHECK,ENABLED,NOT DEFERRABLE,IMMEDIATE,,MC_TIP_REQ_ID,,,,,VALIDATED,"""MC_TIP_REQ_ID"" IS NOT NULL"
LOG_MC_REQ_CAPTURADO,SYS_C0023096,C,CHECK,ENABLED,NOT DEFERRABLE,IMMEDIATE,,MC_ASPN_ID,,,,,VALIDATED,"""MC_ASPN_ID"" IS NOT NULL"
LOG_MC_REQ_CAPTURADO,SYS_C0023097,C,CHECK,ENABLED,NOT DEFERRABLE,IMMEDIATE,,URL_ARCHIVO,,,,,VALIDATED,"""URL_ARCHIVO"" IS NOT NULL"
LOG_MC_REQ_CAPTURADO,SYS_C0023098,C,CHECK,ENABLED,NOT DEFERRABLE,IMMEDIATE,,ACCION,,,,,VALIDATED,"""ACCION"" IS NOT NULL"
LOG_MC_REQ_CAPTURADO,SYS_C0023099,C,CHECK,ENABLED,NOT DEFERRABLE,IMMEDIATE,,FECHA_ACCION,,,,,VALIDATED,"""FECHA_ACCION"" IS NOT NULL"
LOG_OFT_CUESTIONARIO,LOC_FCH_REGISTRO_NULL,C,CHECK,ENABLED,NOT DEFERRABLE,IMMEDIATE,,LOC_FCH_REGISTRO,,,,,VALIDATED,"""LOC_FCH_REGISTRO"" IS NOT NULL"
LOG_OFT_CUESTIONARIO,LOC_ID_NULL,C,CHECK,ENABLED,NOT DEFERRABLE,IMMEDIATE,,LOC_ID,,,,,VALIDATED,"""LOC_ID"" IS NOT NULL"
LOG_OFT_CUESTIONARIO,LOC_TOMADO_CHK,C,CHECK,ENABLED,NOT DEFERRABLE,IMMEDIATE,,LOC_TOMADO,,,,,VALIDATED,"
		LOC_TOMADO in (0,1)
		"
LOG_OFT_CUESTIONARIO,LOC_TOMADO_NULL,C,CHECK,ENABLED,NOT DEFERRABLE,IMMEDIATE,,LOC_TOMADO,,,,,VALIDATED,"""LOC_TOMADO"" IS NOT NULL"
LOG_OFT_CUESTIONARIO,OFT_LOC_NULL,C,CHECK,ENABLED,NOT DEFERRABLE,IMMEDIATE,,OFT_ID,,,,,VALIDATED,"""OFT_ID"" IS NOT NULL"
LOG_OFT_CUESTIONARIO,LOC_PK,P,PRIMARY KEY,ENABLED,NOT DEFERRABLE,IMMEDIATE,,LOC_ID,,,,,VALIDATED,
LOG_OFT_CUESTIONARIO,OFT_LOC_FK,R,FOREIGN KEY,ENABLED,NOT DEFERRABLE,IMMEDIATE,OFT_PK,OFT_ID,SPE,OFERTA,OFT_ID,NO ACTION,VALIDATED,
LOG_OFT_ETD_FORMAL,ETF_LOF_NULL,C,CHECK,ENABLED,NOT DEFERRABLE,IMMEDIATE,,ETF_ID,,,,,VALIDATED,"""ETF_ID"" IS NOT NULL"
LOG_OFT_ETD_FORMAL,LOF_ACCION_CHK,C,CHECK,ENABLED,NOT DEFERRABLE,IMMEDIATE,,LOF_ACCION,,,,,VALIDATED,"
		LOF_ACCION in (0,1,2)
		"
LOG_OFT_ETD_FORMAL,LOF_ACCION_NULL,C,CHECK,ENABLED,NOT DEFERRABLE,IMMEDIATE,,LOF_ACCION,,,,,VALIDATED,"""LOF_ACCION"" IS NOT NULL"
LOG_OFT_ETD_FORMAL,LOF_FCH_ACCION_NULL,C,CHECK,ENABLED,NOT DEFERRABLE,IMMEDIATE,,LOF_FCH_ACCION,,,,,VALIDATED,"""LOF_FCH_ACCION"" IS NOT NULL"
LOG_OFT_ETD_FORMAL,LOF_ID_NULL,C,CHECK,ENABLED,NOT DEFERRABLE,IMMEDIATE,,LOF_ID,,,,,VALIDATED,"""LOF_ID"" IS NOT NULL"
LOG_OFT_ETD_FORMAL,OFT_LOF_NULL,C,CHECK,ENABLED,NOT DEFERRABLE,IMMEDIATE,,OFT_ID,,,,,VALIDATED,"""OFT_ID"" IS NOT NULL"
LOG_OFT_ETD_FORMAL,LOF_PK,P,PRIMARY KEY,ENABLED,NOT DEFERRABLE,IMMEDIATE,,LOF_ID,,,,,VALIDATED,
LOG_OFT_ETD_FORMAL,ETF_LOF_FK,R,FOREIGN KEY,ENABLED,NOT DEFERRABLE,IMMEDIATE,ETF_PK,ETF_ID,SPE,ESTUDIO_FORMAL,ETF_ID,NO ACTION,VALIDATED,
LOG_OFT_ETD_FORMAL,FUN_LOF_FK,R,FOREIGN KEY,ENABLED,NOT DEFERRABLE,IMMEDIATE,FUN_PK,FUN_ID,SPE,FUNCIONARIO,FUN_ID,NO ACTION,VALIDATED,
LOG_OFT_ETD_FORMAL,OFT_LOF_FK,R,FOREIGN KEY,ENABLED,NOT DEFERRABLE,IMMEDIATE,OFT_PK,OFT_ID,SPE,OFERTA,OFT_ID,NO ACTION,VALIDATED,
LOG_OFT_ETD_FORMAL_ALT,LFA_ACCION_CHK,C,CHECK,ENABLED,NOT DEFERRABLE,IMMEDIATE,,LFA_ACCION,,,,,VALIDATED,"
		LFA_ACCION in (0,1,2)
		"
LOG_OFT_ETD_FORMAL_ALT,LFA_ACCION_NULL,C,CHECK,ENABLED,NOT DEFERRABLE,IMMEDIATE,,LFA_ACCION,,,,,VALIDATED,"""LFA_ACCION"" IS NOT NULL"
LOG_OFT_ETD_FORMAL_ALT,LFA_FCH_ACCION_NULL,C,CHECK,ENABLED,NOT DEFERRABLE,IMMEDIATE,,LFA_FCH_ACCION,,,,,VALIDATED,"""LFA_FCH_ACCION"" IS NOT NULL"
LOG_OFT_ETD_FORMAL_ALT,LFA_ID_NULL,C,CHECK,ENABLED,NOT DEFERRABLE,IMMEDIATE,,LFA_ID,,,,,VALIDATED,"""LFA_ID"" IS NOT NULL"
LOG_OFT_ETD_FORMAL_ALT,LFA_INSTITUCION_NULL,C,CHECK,ENABLED,NOT DEFERRABLE,IMMEDIATE,,LFA_INSTITUCION,,,,,VALIDATED,"""LFA_INSTITUCION"" IS NOT NULL"
LOG_OFT_ETD_FORMAL_ALT,LFA_TITULO_NULL,C,CHECK,ENABLED,NOT DEFERRABLE,IMMEDIATE,,LFA_TITULO,,,,,VALIDATED,"""LFA_TITULO"" IS NOT NULL"
LOG_OFT_ETD_FORMAL_ALT,NIA_LFA_NULL,C,CHECK,ENABLED,NOT DEFERRABLE,IMMEDIATE,,NIA_ID,,,,,VALIDATED,"""NIA_ID"" IS NOT NULL"
LOG_OFT_ETD_FORMAL_ALT,OFT_LFA_NULL,C,CHECK,ENABLED,NOT DEFERRABLE,IMMEDIATE,,OFT_ID,,,,,VALIDATED,"""OFT_ID"" IS NOT NULL"
LOG_OFT_ETD_FORMAL_ALT,LFA_PK,P,PRIMARY KEY,ENABLED,NOT DEFERRABLE,IMMEDIATE,,LFA_ID,,,,,VALIDATED,
LOG_OFT_ETD_FORMAL_ALT,FUN_LFA_FK,R,FOREIGN KEY,ENABLED,NOT DEFERRABLE,IMMEDIATE,FUN_PK,FUN_ID,SPE,FUNCIONARIO,FUN_ID,NO ACTION,VALIDATED,
LOG_OFT_ETD_FORMAL_ALT,NIA_LFA_FK,R,FOREIGN KEY,ENABLED,NOT DEFERRABLE,IMMEDIATE,NIA_PK,NIA_ID,SPE,NIVEL_ACADEMICO,NIA_ID,NO ACTION,VALIDATED,
LOG_OFT_ETD_FORMAL_ALT,OFT_LFA_FK,R,FOREIGN KEY,ENABLED,NOT DEFERRABLE,IMMEDIATE,OFT_PK,OFT_ID,SPE,OFERTA,OFT_ID,NO ACTION,VALIDATED,
LOG_OFT_ETD_NO_FORMAL,ENF_LON_NULL,C,CHECK,ENABLED,NOT DEFERRABLE,IMMEDIATE,,ENF_ID,,,,,VALIDATED,"""ENF_ID"" IS NOT NULL"
LOG_OFT_ETD_NO_FORMAL,LON_ACCION_CHK,C,CHECK,ENABLED,NOT DEFERRABLE,IMMEDIATE,,LON_ACCION,,,,,VALIDATED,"
		LON_ACCION in (0,1,2)
		"
LOG_OFT_ETD_NO_FORMAL,LON_ACCION_NULL,C,CHECK,ENABLED,NOT DEFERRABLE,IMMEDIATE,,LON_ACCION,,,,,VALIDATED,"""LON_ACCION"" IS NOT NULL"
LOG_OFT_ETD_NO_FORMAL,LON_FCH_ACCION_NULL,C,CHECK,ENABLED,NOT DEFERRABLE,IMMEDIATE,,LON_FCH_ACCION,,,,,VALIDATED,"""LON_FCH_ACCION"" IS NOT NULL"
LOG_OFT_ETD_NO_FORMAL,LON_ID_NULL,C,CHECK,ENABLED,NOT DEFERRABLE,IMMEDIATE,,LON_ID,,,,,VALIDATED,"""LON_ID"" IS NOT NULL"
LOG_OFT_ETD_NO_FORMAL,LON_INSTITUCION_NULL,C,CHECK,ENABLED,NOT DEFERRABLE,IMMEDIATE,,LON_INSTITUCION,,,,,VALIDATED,"""LON_INSTITUCION"" IS NOT NULL"
LOG_OFT_ETD_NO_FORMAL,OFT_LON_NULL,C,CHECK,ENABLED,NOT DEFERRABLE,IMMEDIATE,,OFT_ID,,,,,VALIDATED,"""OFT_ID"" IS NOT NULL"
LOG_OFT_ETD_NO_FORMAL,LON_PK,P,PRIMARY KEY,ENABLED,NOT DEFERRABLE,IMMEDIATE,,LON_ID,,,,,VALIDATED,
LOG_OFT_ETD_NO_FORMAL,ENF_LNO_FK,R,FOREIGN KEY,ENABLED,NOT DEFERRABLE,IMMEDIATE,ENF_PK,ENF_ID,SPE,ESTUDIO_NO_FORMAL,ENF_ID,NO ACTION,VALIDATED,
LOG_OFT_ETD_NO_FORMAL,FUN_LON_FK,R,FOREIGN KEY,ENABLED,NOT DEFERRABLE,IMMEDIATE,FUN_PK,FUN_ID,SPE,FUNCIONARIO,FUN_ID,NO ACTION,VALIDATED,
LOG_OFT_ETD_NO_FORMAL,OFT_LON_FK,R,FOREIGN KEY,ENABLED,NOT DEFERRABLE,IMMEDIATE,OFT_PK,OFT_ID,SPE,OFERTA,OFT_ID,NO ACTION,VALIDATED,
LOG_OFT_ETD_NO_FORMAL_ALT,LNA_ACCION_CHK,C,CHECK,ENABLED,NOT DEFERRABLE,IMMEDIATE,,LNA_ACCION,,,,,VALIDATED,"
		LNA_ACCION in (0,1,2)
		"
LOG_OFT_ETD_NO_FORMAL_ALT,LNA_ACCION_NULL,C,CHECK,ENABLED,NOT DEFERRABLE,IMMEDIATE,,LNA_ACCION,,,,,VALIDATED,"""LNA_ACCION"" IS NOT NULL"
LOG_OFT_ETD_NO_FORMAL_ALT,LNA_FCH_ACCION_NULL,C,CHECK,ENABLED,NOT DEFERRABLE,IMMEDIATE,,LNA_FCH_ACCION,,,,,VALIDATED,"""LNA_FCH_ACCION"" IS NOT NULL"
LOG_OFT_ETD_NO_FORMAL_ALT,LNA_ID_NULL,C,CHECK,ENABLED,NOT DEFERRABLE,IMMEDIATE,,LNA_ID,,,,,VALIDATED,"""LNA_ID"" IS NOT NULL"
LOG_OFT_ETD_NO_FORMAL_ALT,LNA_INSTITUCION_NULL,C,CHECK,ENABLED,NOT DEFERRABLE,IMMEDIATE,,LNA_INSTITUCION,,,,,VALIDATED,"""LNA_INSTITUCION"" IS NOT NULL"
LOG_OFT_ETD_NO_FORMAL_ALT,LNA_TITULO_NULL,C,CHECK,ENABLED,NOT DEFERRABLE,IMMEDIATE,,LNA_TITULO,,,,,VALIDATED,"""LNA_TITULO"" IS NOT NULL"
LOG_OFT_ETD_NO_FORMAL_ALT,OFT_LNA_NULL,C,CHECK,ENABLED,NOT DEFERRABLE,IMMEDIATE,,OFT_ID,,,,,VALIDATED,"""OFT_ID"" IS NOT NULL"
LOG_OFT_ETD_NO_FORMAL_ALT,TIE_LNA_NULL,C,CHECK,ENABLED,NOT DEFERRABLE,IMMEDIATE,,TIE_ID,,,,,VALIDATED,"""TIE_ID"" IS NOT NULL"
LOG_OFT_ETD_NO_FORMAL_ALT,LNA_PK,P,PRIMARY KEY,ENABLED,NOT DEFERRABLE,IMMEDIATE,,LNA_ID,,,,,VALIDATED,
LOG_OFT_ETD_NO_FORMAL_ALT,FUN_LNA_FK,R,FOREIGN KEY,ENABLED,NOT DEFERRABLE,IMMEDIATE,FUN_PK,FUN_ID,SPE,FUNCIONARIO,FUN_ID,NO ACTION,VALIDATED,
LOG_OFT_ETD_NO_FORMAL_ALT,OFT_LNA_FK,R,FOREIGN KEY,ENABLED,NOT DEFERRABLE,IMMEDIATE,OFT_PK,OFT_ID,SPE,OFERTA,OFT_ID,NO ACTION,VALIDATED,
LOG_OFT_ETD_NO_FORMAL_ALT,TIE_LNA_FK,R,FOREIGN KEY,ENABLED,NOT DEFERRABLE,IMMEDIATE,TIE_PK,TIE_ID,SPE,TIPO_ESTUDIO,TIE_ID,NO ACTION,VALIDATED,
LOG_OFT_EXPERIENCIA,CIIU_LOE_NULL,C,CHECK,ENABLED,NOT DEFERRABLE,IMMEDIATE,,CIIU_ID,,,,,VALIDATED,"""CIIU_ID"" IS NOT NULL"
LOG_OFT_EXPERIENCIA,IND_LOE_NULL,C,CHECK,ENABLED,NOT DEFERRABLE,IMMEDIATE,,IND_ID,,,,,VALIDATED,"""IND_ID"" IS NOT NULL"
LOG_OFT_EXPERIENCIA,LOE_ACCION_CHK,C,CHECK,ENABLED,NOT DEFERRABLE,IMMEDIATE,,LOE_ACCION,,,,,VALIDATED,"
  LOE_ACCION in (0,1,2)
  "
LOG_OFT_EXPERIENCIA,LOE_ACCION_NULL,C,CHECK,ENABLED,NOT DEFERRABLE,IMMEDIATE,,LOE_ACCION,,,,,VALIDATED,"""LOE_ACCION"" IS NOT NULL"
LOG_OFT_EXPERIENCIA,LOE_FCH_ACCION_NULL,C,CHECK,ENABLED,NOT DEFERRABLE,IMMEDIATE,,LOE_FCH_ACCION,,,,,VALIDATED,"""LOE_FCH_ACCION"" IS NOT NULL"
LOG_OFT_EXPERIENCIA,LOE_ID_NULL,C,CHECK,ENABLED,NOT DEFERRABLE,IMMEDIATE,,LOE_ID,,,,,VALIDATED,"""LOE_ID"" IS NOT NULL"
LOG_OFT_EXPERIENCIA,OFT_LOE_NULL,C,CHECK,ENABLED,NOT DEFERRABLE,IMMEDIATE,,OFT_ID,,,,,VALIDATED,"""OFT_ID"" IS NOT NULL"
LOG_OFT_EXPERIENCIA,LOE_PK,P,PRIMARY KEY,ENABLED,NOT DEFERRABLE,IMMEDIATE,,LOE_ID,,,,,VALIDATED,
LOG_OFT_EXPERIENCIA,CIIU_LOE_FK,R,FOREIGN KEY,ENABLED,NOT DEFERRABLE,IMMEDIATE,CIIU_PK,CIIU_ID,SPE,CIIU,CIIU_ID,NO ACTION,VALIDATED,
LOG_OFT_EXPERIENCIA,FUN_LOE_FK,R,FOREIGN KEY,ENABLED,NOT DEFERRABLE,IMMEDIATE,FUN_PK,FUN_ID,SPE,FUNCIONARIO,FUN_ID,NO ACTION,VALIDATED,
LOG_OFT_EXPERIENCIA,IND_LOE_FK,R,FOREIGN KEY,ENABLED,NOT DEFERRABLE,IMMEDIATE,IND_PK,IND_ID,SPE,INDICE,IND_ID,NO ACTION,VALIDATED,
LOG_OFT_EXPERIENCIA,OFT_LOE_FK,R,FOREIGN KEY,ENABLED,NOT DEFERRABLE,IMMEDIATE,OFT_PK,OFT_ID,SPE,OFERTA,OFT_ID,NO ACTION,VALIDATED,
LOG_OFT_IDIOMA,IDM_LOI_NULL,C,CHECK,ENABLED,NOT DEFERRABLE,IMMEDIATE,,IDM_ID,,,,,VALIDATED,"""IDM_ID"" IS NOT NULL"
LOG_OFT_IDIOMA,LOI_ACCION_CHK,C,CHECK,ENABLED,NOT DEFERRABLE,IMMEDIATE,,LOI_ACCION,,,,,VALIDATED,"
  LOI_ACCION in (0,1,2)
  "
LOG_OFT_IDIOMA,LOI_ACCION_NULL,C,CHECK,ENABLED,NOT DEFERRABLE,IMMEDIATE,,LOI_ACCION,,,,,VALIDATED,"""LOI_ACCION"" IS NOT NULL"
LOG_OFT_IDIOMA,LOI_FCH_ACCION_NULL,C,CHECK,ENABLED,NOT DEFERRABLE,IMMEDIATE,,LOI_FCH_ACCION,,,,,VALIDATED,"""LOI_FCH_ACCION"" IS NOT NULL"
LOG_OFT_IDIOMA,LOI_ID_NULL,C,CHECK,ENABLED,NOT DEFERRABLE,IMMEDIATE,,LOI_ID,,,,,VALIDATED,"""LOI_ID"" IS NOT NULL"
LOG_OFT_IDIOMA,OFT_LOI_NULL,C,CHECK,ENABLED,NOT DEFERRABLE,IMMEDIATE,,OFT_ID,,,,,VALIDATED,"""OFT_ID"" IS NOT NULL"
LOG_OFT_IDIOMA,LOI_PK,P,PRIMARY KEY,ENABLED,NOT DEFERRABLE,IMMEDIATE,,LOI_ID,,,,,VALIDATED,
LOG_OFT_IDIOMA,FUN_LOI_FK,R,FOREIGN KEY,ENABLED,NOT DEFERRABLE,IMMEDIATE,FUN_PK,FUN_ID,SPE,FUNCIONARIO,FUN_ID,NO ACTION,VALIDATED,
LOG_OFT_IDIOMA,IDM_LOI_FK,R,FOREIGN KEY,ENABLED,NOT DEFERRABLE,IMMEDIATE,IDM_PK,IDM_ID,SPE,IDIOMA,IDM_ID,NO ACTION,VALIDATED,
LOG_OFT_IDIOMA,OFT_LOI_FK,R,FOREIGN KEY,ENABLED,NOT DEFERRABLE,IMMEDIATE,OFT_PK,OFT_ID,SPE,OFERTA,OFT_ID,NO ACTION,VALIDATED,
LOG_REQ_BANIN,SYS_C0022422,C,CHECK,ENABLED,NOT DEFERRABLE,IMMEDIATE,,LOG_REQ_ID,,,,,VALIDATED,"""LOG_REQ_ID"" IS NOT NULL"
LOG_REQ_BANIN,SYS_C0022423,C,CHECK,ENABLED,NOT DEFERRABLE,IMMEDIATE,,LOG_MBA_ID,,,,,VALIDATED,"""LOG_MBA_ID"" IS NOT NULL"
LOG_REQ_BANIN,SYS_C0022424,C,CHECK,ENABLED,NOT DEFERRABLE,IMMEDIATE,,LOG_TIP_REQ_ID,,,,,VALIDATED,"""LOG_TIP_REQ_ID"" IS NOT NULL"
LOG_REQ_BANIN,SYS_C0022425,C,CHECK,ENABLED,NOT DEFERRABLE,IMMEDIATE,,LOG_MC_ACCION,,,,,VALIDATED,"""LOG_MC_ACCION"" IS NOT NULL"
LOG_REQ_BANIN,SYS_C0022426,C,CHECK,ENABLED,NOT DEFERRABLE,IMMEDIATE,,LOG_URL_ARCHIVO,,,,,VALIDATED,"""LOG_URL_ARCHIVO"" IS NOT NULL"
LOG_REQ_BANIN,LOG_REQ_ID_PK,P,PRIMARY KEY,ENABLED,NOT DEFERRABLE,IMMEDIATE,,LOG_REQ_ID,,,,,VALIDATED,
LOG_REQ_BANIN,LOG_CPL_ID_FK,R,FOREIGN KEY,ENABLED,NOT DEFERRABLE,IMMEDIATE,CPL_PK,LOG_CPL_ID,SPE,COMPETENCIA_LABORAL,CPL_ID,NO ACTION,VALIDATED,
LOG_REQ_BANIN,LOG_ENF_ID_APE_FK,R,FOREIGN KEY,ENABLED,NOT DEFERRABLE,IMMEDIATE,ENF_PK,LOG_ENF_ID_APE,SPE,ESTUDIO_NO_FORMAL,ENF_ID,NO ACTION,VALIDATED,
LOG_REQ_BANIN,LOG_IDM_ID_APE_FK,R,FOREIGN KEY,ENABLED,NOT DEFERRABLE,IMMEDIATE,IDM_PK,LOG_IDM_ID_APE,SPE,IDIOMA,IDM_ID,NO ACTION,VALIDATED,
LOG_REQ_BANIN,LOG_IND_ID_APE_FK,R,FOREIGN KEY,ENABLED,NOT DEFERRABLE,IMMEDIATE,IND_PK,LOG_IND_ID_APE,SPE,INDICE,IND_ID,NO ACTION,VALIDATED,
LOG_REQ_BANIN,LOG_MBF_ID_FK,R,FOREIGN KEY,ENABLED,NOT DEFERRABLE,IMMEDIATE,MBF_ID_PK,LOG_MBF_ID,SPE,MC_BANIN_FORMACION,MBF_ID,NO ACTION,VALIDATED,
LOG_REQ_BANIN,LOG_MC_ACCION_FK,R,FOREIGN KEY,ENABLED,NOT DEFERRABLE,IMMEDIATE,AC_ID_PK,LOG_MC_ACCION,SPE,MC_ACCION_BANIN,AC_ID,NO ACTION,VALIDATED,
LOG_REQ_BANIN,LOG_MC_NVL_ACA_ID_FK,R,FOREIGN KEY,ENABLED,NOT DEFERRABLE,IMMEDIATE,MBNA_ID_PK,LOG_MC_NVL_ACA_ID,SPE,MC_BANIN_NIVEL_ACADEMICO,MBNA_ID,NO ACTION,VALIDATED,
LOG_REQ_BANIN,LOG_OFT_ID_FK,R,FOREIGN KEY,ENABLED,NOT DEFERRABLE,IMMEDIATE,OFT_PK,LOG_OFT_ID,SPE,OFERTA,OFT_ID,NO ACTION,VALIDATED,
LOG_REQ_BANIN,LOG_TIP_REQ_ID_FK,R,FOREIGN KEY,ENABLED,NOT DEFERRABLE,IMMEDIATE,MC_TIPO_REQUISITO_PK,LOG_TIP_REQ_ID,SPE,MC_TIPO_REQUISITO,ID,NO ACTION,VALIDATED,
LOG_REQ_BANIN,LOG_TIT_ID_APE_FK,R,FOREIGN KEY,ENABLED,NOT DEFERRABLE,IMMEDIATE,TIT_PK,LOG_TIT_ID_APE,SPE,TITULO,TIT_ID,NO ACTION,VALIDATED,
MC_ACCESOS_FASE_1,SYS_C0022840,C,CHECK,ENABLED,NOT DEFERRABLE,IMMEDIATE,,CEDULA,,,,,VALIDATED,"""CEDULA"" IS NOT NULL"
MC_ACCESOS_FASE_1,MC_ACCESOS_FASE_1_PK,P,PRIMARY KEY,ENABLED,NOT DEFERRABLE,IMMEDIATE,,CEDULA,,,,,VALIDATED,
MC_ACCION_BANIN,SYS_C0023074,C,CHECK,ENABLED,NOT DEFERRABLE,IMMEDIATE,,AC_ID,,,,,VALIDATED,"""AC_ID"" IS NOT NULL"
MC_ACCION_BANIN,SYS_C0023075,C,CHECK,ENABLED,NOT DEFERRABLE,IMMEDIATE,,AC_NOMBRE,,,,,VALIDATED,"""AC_NOMBRE"" IS NOT NULL"
MC_ACCION_BANIN,AC_ID_PK,P,PRIMARY KEY,ENABLED,NOT DEFERRABLE,IMMEDIATE,,AC_ID,,,,,VALIDATED,
MC_ARCHIVO_ANEXO,SYS_C0023291,C,CHECK,ENABLED,NOT DEFERRABLE,IMMEDIATE,,ID,,,,,VALIDATED,"""ID"" IS NOT NULL"
MC_ARCHIVO_ANEXO,SYS_C0023292,C,CHECK,ENABLED,NOT DEFERRABLE,IMMEDIATE,,NOMBRE,,,,,VALIDATED,"""NOMBRE"" IS NOT NULL"
MC_ARCHIVO_ANEXO,SYS_C0023293,C,CHECK,ENABLED,NOT DEFERRABLE,IMMEDIATE,,FCH_REGISTRO,,,,,VALIDATED,"""FCH_REGISTRO"" IS NOT NULL"
MC_ARCHIVO_ANEXO,MC_ARCHIVO_ANEXO_PK,P,PRIMARY KEY,ENABLED,NOT DEFERRABLE,IMMEDIATE,,ID,,,,,VALIDATED,
MC_ASPIRACION,SYS_C0022407,C,CHECK,ENABLED,NOT DEFERRABLE,IMMEDIATE,,ID,,,,,VALIDATED,"""ID"" IS NOT NULL"
MC_ASPIRACION,SYS_C0022408,C,CHECK,ENABLED,NOT DEFERRABLE,IMMEDIATE,,MC_ESTADO_ASPRCN_ID,,,,,VALIDATED,"""MC_ESTADO_ASPRCN_ID"" IS NOT NULL"
MC_ASPIRACION,SYS_C0022409,C,CHECK,ENABLED,NOT DEFERRABLE,IMMEDIATE,,MC_PERFIL_ID,,,,,VALIDATED,"""MC_PERFIL_ID"" IS NOT NULL"
MC_ASPIRACION,MC_ASPIRACION_PK,P,PRIMARY KEY,ENABLED,NOT DEFERRABLE,IMMEDIATE,,ID,,,,,VALIDATED,
MC_ASPIRACION,MC_ASPIRACION_FK_ASPRNTE,R,FOREIGN KEY,ENABLED,NOT DEFERRABLE,IMMEDIATE,MC_ASPIRANTE_PK,MC_ASPE_ID,SPE,MC_ASPIRANTE,ID,NO ACTION,VALIDATED,
MC_ASPIRACION,MC_ASPIRACION_FK_ESTADO_ASPRCN,R,FOREIGN KEY,ENABLED,NOT DEFERRABLE,IMMEDIATE,MC_ESTADO_ASPIRACION_PK,MC_ESTADO_ASPRCN_ID,SPE,MC_ESTADO_ASPRCN,ID,NO ACTION,VALIDATED,
MC_ASPIRACION,MC_ASPIRACION_FK_JORNADA,R,FOREIGN KEY,ENABLED,NOT DEFERRABLE,IMMEDIATE,MC_JORNADA_PK,ID_MC_JOR,SPE,MC_JORNADA,ID,NO ACTION,VALIDATED,
MC_ASPIRACION,MC_ASPIRACION_FK_NVL_ACA_ID,R,FOREIGN KEY,ENABLED,NOT DEFERRABLE,IMMEDIATE,MC_NVL_ACA_PK,MC_NVL_ACA_ID,SPE,MC_NVL_ACA,ID,NO ACTION,VALIDATED,
MC_ASPIRACION,MC_ASPIRACION_FK_PERFIL_ID,R,FOREIGN KEY,ENABLED,NOT DEFERRABLE,IMMEDIATE,MC_PERFIL_PK,MC_PERFIL_ID,SPE,MC_PERFIL,ID,NO ACTION,VALIDATED,
MC_ASPIRACION,MC_ASPIRACION_UK_ASPE_ACAID,U,UNIQUE,ENABLED,NOT DEFERRABLE,IMMEDIATE,,"MC_ASPE_ID,MC_NVL_ACA_ID",,,,,VALIDATED,
MC_ASPIRANTE,SYS_C0023294,C,CHECK,ENABLED,NOT DEFERRABLE,IMMEDIATE,,ID,,,,,VALIDATED,"""ID"" IS NOT NULL"
MC_ASPIRANTE,SYS_C0023295,C,CHECK,ENABLED,NOT DEFERRABLE,IMMEDIATE,,OFT_ID,,,,,VALIDATED,"""OFT_ID"" IS NOT NULL"
MC_ASPIRANTE,SYS_C0023296,C,CHECK,ENABLED,NOT DEFERRABLE,IMMEDIATE,,FECHA_CREACION,,,,,VALIDATED,"""FECHA_CREACION"" IS NOT NULL"
MC_ASPIRANTE,MC_ASPIRANTE_PK,P,PRIMARY KEY,ENABLED,NOT DEFERRABLE,IMMEDIATE,,ID,,,,,VALIDATED,
MC_ASPIRANTE,MC_ASPIRANTE_FK1,R,FOREIGN KEY,ENABLED,NOT DEFERRABLE,IMMEDIATE,OFT_PK,OFT_ID,SPE,OFERTA,OFT_ID,NO ACTION,VALIDATED,
MC_ASPN_ESTAB,SYS_C0023639,C,CHECK,ENABLED,NOT DEFERRABLE,IMMEDIATE,,ID,,,,,VALIDATED,"""ID"" IS NOT NULL"
MC_ASPN_ESTAB,SYS_C0023640,C,CHECK,ENABLED,NOT DEFERRABLE,IMMEDIATE,,MC_ASPN_ID,,,,,VALIDATED,"""MC_ASPN_ID"" IS NOT NULL"
MC_ASPN_ESTAB,SYS_C0023641,C,CHECK,ENABLED,NOT DEFERRABLE,IMMEDIATE,,MC_ESTAB_CNV_ID,,,,,VALIDATED,"""MC_ESTAB_CNV_ID"" IS NOT NULL"
MC_ASPN_ESTAB,SYS_C0023642,C,CHECK,ENABLED,NOT DEFERRABLE,IMMEDIATE,,FCH_CREACION,,,,,VALIDATED,"""FCH_CREACION"" IS NOT NULL"
MC_ASPN_ESTAB,MC_ASPN_ESTAB_PK,P,PRIMARY KEY,ENABLED,NOT DEFERRABLE,IMMEDIATE,,ID,,,,,VALIDATED,
MC_ASPN_ESTAB,MC_ASPN_ESTAB_FK_ASPN_ID,R,FOREIGN KEY,ENABLED,NOT DEFERRABLE,IMMEDIATE,MC_ASPIRACION_PK,MC_ASPN_ID,SPE,MC_ASPIRACION,ID,NO ACTION,VALIDATED,
MC_ASPN_ESTAB,MC_ASPN_ESTAB_FK_ESTAB_CNV_ID,R,FOREIGN KEY,ENABLED,NOT DEFERRABLE,IMMEDIATE,MC_ESTAB_CNVCTRIA_PK,MC_ESTAB_CNV_ID,SPE,MC_ESTAB_CNVCTRIA,ID,NO ACTION,VALIDATED,
MC_ASPN_MPO,SYS_C0022805,C,CHECK,ENABLED,NOT DEFERRABLE,IMMEDIATE,,ID,,,,,VALIDATED,"""ID"" IS NOT NULL"
MC_ASPN_MPO,SYS_C0022806,C,CHECK,ENABLED,NOT DEFERRABLE,IMMEDIATE,,MC_ASPN_ID,,,,,VALIDATED,"""MC_ASPN_ID"" IS NOT NULL"
MC_ASPN_MPO,SYS_C0022807,C,CHECK,ENABLED,NOT DEFERRABLE,IMMEDIATE,,MC_MPO_CNV_ID,,,,,VALIDATED,"""MC_MPO_CNV_ID"" IS NOT NULL"
MC_ASPN_MPO,MC_ASPN_MPO_PK,P,PRIMARY KEY,ENABLED,NOT DEFERRABLE,IMMEDIATE,,ID,,,,,VALIDATED,
MC_ASPN_MPO,MC_ASPN_MPO_FK_ASPN,R,FOREIGN KEY,ENABLED,NOT DEFERRABLE,IMMEDIATE,MC_ASPIRACION_PK,MC_ASPN_ID,SPE,MC_ASPIRACION,ID,NO ACTION,VALIDATED,
MC_ASPN_MPO,MC_ASPN_MPO_FK_MPO_CNV,R,FOREIGN KEY,ENABLED,NOT DEFERRABLE,IMMEDIATE,MC_MUNICIPIO_CONVOCATORIA_PK,MC_MPO_CNV_ID,SPE,MC_MCPIO_CNVCTRIA,ID,NO ACTION,VALIDATED,
MC_ASPRNT_EN_FRM,SYS_C0022808,C,CHECK,ENABLED,NOT DEFERRABLE,IMMEDIATE,,ID,,,,,VALIDATED,"""ID"" IS NOT NULL"
MC_ASPRNT_EN_FRM,SYS_C0022809,C,CHECK,ENABLED,NOT DEFERRABLE,IMMEDIATE,,MC_ASPN_ID,,,,,VALIDATED,"""MC_ASPN_ID"" IS NOT NULL"
MC_ASPRNT_EN_FRM,SYS_C0022810,C,CHECK,ENABLED,NOT DEFERRABLE,IMMEDIATE,,TIPO_DOC_EF,,,,,VALIDATED,"""TIPO_DOC_EF"" IS NOT NULL"
MC_ASPRNT_EN_FRM,SYS_C0022811,C,CHECK,ENABLED,NOT DEFERRABLE,IMMEDIATE,,NUM_DOC_EF,,,,,VALIDATED,"""NUM_DOC_EF"" IS NOT NULL"
MC_ASPRNT_EN_FRM,SYS_C0022812,C,CHECK,ENABLED,NOT DEFERRABLE,IMMEDIATE,,NOMBRES_EF,,,,,VALIDATED,"""NOMBRES_EF"" IS NOT NULL"
MC_ASPRNT_EN_FRM,SYS_C0022813,C,CHECK,ENABLED,NOT DEFERRABLE,IMMEDIATE,,PRMR_APLLD_EF,,,,,VALIDATED,"""PRMR_APLLD_EF"" IS NOT NULL"
MC_ASPRNT_EN_FRM,SYS_C0022814,C,CHECK,ENABLED,NOT DEFERRABLE,IMMEDIATE,,EMAIL_EF,,,,,VALIDATED,"""EMAIL_EF"" IS NOT NULL"
MC_ASPRNT_EN_FRM,SYS_C0022815,C,CHECK,ENABLED,NOT DEFERRABLE,IMMEDIATE,,PASS_BLCKBRD,,,,,VALIDATED,"""PASS_BLCKBRD"" IS NOT NULL"
MC_ASPRNT_EN_FRM,SYS_C0022816,C,CHECK,ENABLED,NOT DEFERRABLE,IMMEDIATE,,FCH_CREACION,,,,,VALIDATED,"""FCH_CREACION"" IS NOT NULL"
MC_ASPRNT_EN_FRM,MC_ASPRNT_EN_FRM_PK,P,PRIMARY KEY,ENABLED,NOT DEFERRABLE,IMMEDIATE,,ID,,,,,VALIDATED,
MC_ASPRNT_EN_FRM,MC_ASPRNT_EN_FRM_FK_ASPN_ID,R,FOREIGN KEY,ENABLED,NOT DEFERRABLE,IMMEDIATE,MC_ASPIRACION_PK,MC_ASPN_ID,SPE,MC_ASPIRACION,ID,NO ACTION,VALIDATED,
MC_ASPRNT_EN_FRM,MC_ASPRNT_EN_FRM_FK_JORNADA,R,FOREIGN KEY,ENABLED,NOT DEFERRABLE,IMMEDIATE,MC_JORNADA_PK,MC_JOR_ID,SPE,MC_JORNADA,ID,NO ACTION,VALIDATED,
MC_BANIN_ASPIRANTE,SYS_C0022838,C,CHECK,ENABLED,NOT DEFERRABLE,IMMEDIATE,,MBA_ID,,,,,VALIDATED,"""MBA_ID"" IS NOT NULL"
MC_BANIN_ASPIRANTE,SYS_C0022839,C,CHECK,ENABLED,NOT DEFERRABLE,IMMEDIATE,,MBA_OFT_ID,,,,,VALIDATED,"""MBA_OFT_ID"" IS NOT NULL"
MC_BANIN_ASPIRANTE,SYS_C0047720,C,CHECK,ENABLED,NOT DEFERRABLE,IMMEDIATE,,MIGRADO_DIVULGACION,,,,,VALIDATED,"""MIGRADO_DIVULGACION"" IS NOT NULL"
MC_BANIN_ASPIRANTE,MBA_ID_PK,P,PRIMARY KEY,ENABLED,NOT DEFERRABLE,IMMEDIATE,,MBA_ID,,,,,VALIDATED,
MC_BANIN_ASPIRANTE,FK_MC_BANIN_DIVULGACION_PERFIL,R,FOREIGN KEY,ENABLED,NOT DEFERRABLE,IMMEDIATE,MBDP_ID_PK,MBA_MBDP_ID,SPE,MC_BANIN_DIVULGACION_PERFIL,MBDP_ID,NO ACTION,VALIDATED,
MC_BANIN_ASPIRANTE,MBA_MCBCT_ID_FK,R,FOREIGN KEY,ENABLED,NOT DEFERRABLE,IMMEDIATE,MCBCT_ID_PK,MBA_MCBCT_ID,SPE,MC_BANIN_CONTRATACION,MCBCT_ID,NO ACTION,VALIDATED,
MC_BANIN_ASPIRANTE,MBA_OFT_ID_FK,R,FOREIGN KEY,ENABLED,NOT DEFERRABLE,IMMEDIATE,OFT_PK,MBA_OFT_ID,SPE,OFERTA,OFT_ID,NO ACTION,VALIDATED,
MC_BANIN_ASPIRANTE_HIST,SYS_C0023071,C,CHECK,ENABLED,NOT DEFERRABLE,IMMEDIATE,,MBAH_ID,,,,,VALIDATED,"""MBAH_ID"" IS NOT NULL"
MC_BANIN_ASPIRANTE_HIST,SYS_C0023072,C,CHECK,ENABLED,NOT DEFERRABLE,IMMEDIATE,,MBAH_OFT_ID,,,,,VALIDATED,"""MBAH_OFT_ID"" IS NOT NULL"
MC_BANIN_ASPIRANTE_HIST,MBAH_ID_PK,P,PRIMARY KEY,ENABLED,NOT DEFERRABLE,IMMEDIATE,,MBAH_ID,,,,,VALIDATED,
MC_BANIN_CAMBIO_ESTADO_EMAIL,SYS_C0021824,C,CHECK,ENABLED,NOT DEFERRABLE,IMMEDIATE,,MBCEE_ID,,,,,VALIDATED,"""MBCEE_ID"" IS NOT NULL"
MC_BANIN_CAMBIO_ESTADO_EMAIL,SYS_C0021825,C,CHECK,ENABLED,NOT DEFERRABLE,IMMEDIATE,,MBCEE_CODIGO,,,,,VALIDATED,"""MBCEE_CODIGO"" IS NOT NULL"
MC_BANIN_CAMBIO_ESTADO_EMAIL,SYS_C0021826,C,CHECK,ENABLED,NOT DEFERRABLE,IMMEDIATE,,MBCEE_MBA_ID,,,,,VALIDATED,"""MBCEE_MBA_ID"" IS NOT NULL"
MC_BANIN_CAMBIO_ESTADO_EMAIL,SYS_C0021827,C,CHECK,ENABLED,NOT DEFERRABLE,IMMEDIATE,,MBCEE_MBEA_ID,,,,,VALIDATED,"""MBCEE_MBEA_ID"" IS NOT NULL"
MC_BANIN_CAMBIO_ESTADO_EMAIL,SYS_C0021828,C,CHECK,ENABLED,NOT DEFERRABLE,IMMEDIATE,,MBCEE_FECHA_REGISTRO,,,,,VALIDATED,"""MBCEE_FECHA_REGISTRO"" IS NOT NULL"
MC_BANIN_CAMBIO_ESTADO_EMAIL,MBCEE_ID_PK,P,PRIMARY KEY,ENABLED,NOT DEFERRABLE,IMMEDIATE,,MBCEE_ID,,,,,VALIDATED,
MC_BANIN_CAMBIO_ESTADO_EMAIL,MBCEE_MBEA_ID_FK,R,FOREIGN KEY,ENABLED,NOT DEFERRABLE,IMMEDIATE,MBEA_ID_PK,MBCEE_MBEA_ID,SPE,MC_BANIN_ESTADOS_ASPIRANTE,MBEA_ID,NO ACTION,VALIDATED,
MC_BANIN_COMP_LABORAL,SYS_C0022830,C,CHECK,ENABLED,NOT DEFERRABLE,IMMEDIATE,,MBCL_ID,,,,,VALIDATED,"""MBCL_ID"" IS NOT NULL"
MC_BANIN_COMP_LABORAL,SYS_C0022831,C,CHECK,ENABLED,NOT DEFERRABLE,IMMEDIATE,,MBCL_CODIGO,,,,,VALIDATED,"""MBCL_CODIGO"" IS NOT NULL"
MC_BANIN_COMP_LABORAL,SYS_C0022832,C,CHECK,ENABLED,NOT DEFERRABLE,IMMEDIATE,,MBCL_COD_VER,,,,,VALIDATED,"""MBCL_COD_VER"" IS NOT NULL"
MC_BANIN_COMP_LABORAL,SYS_C0022833,C,CHECK,ENABLED,NOT DEFERRABLE,IMMEDIATE,,MBCL_NOMBRE,,,,,VALIDATED,"""MBCL_NOMBRE"" IS NOT NULL"
MC_BANIN_COMP_LABORAL,SYS_C0022834,C,CHECK,ENABLED,NOT DEFERRABLE,IMMEDIATE,,MBCL_VERSION,,,,,VALIDATED,"""MBCL_VERSION"" IS NOT NULL"
MC_BANIN_COMP_LABORAL,SYS_C0022835,C,CHECK,ENABLED,NOT DEFERRABLE,IMMEDIATE,,MBCL_PERFIL,,,,,VALIDATED,"""MBCL_PERFIL"" IS NOT NULL"
MC_BANIN_COMP_LABORAL,SYS_C0022836,C,CHECK,ENABLED,NOT DEFERRABLE,IMMEDIATE,,MBCL_FECHA_CREACION,,,,,VALIDATED,"""MBCL_FECHA_CREACION"" IS NOT NULL"
MC_BANIN_COMP_LABORAL,SYS_C0022837,C,CHECK,ENABLED,NOT DEFERRABLE,IMMEDIATE,,FUN_ID,,,,,VALIDATED,"""FUN_ID"" IS NOT NULL"
MC_BANIN_COMP_LABORAL,PK_MBCL_ID,P,PRIMARY KEY,ENABLED,NOT DEFERRABLE,IMMEDIATE,,MBCL_ID,,,,,VALIDATED,
MC_BANIN_COMP_LABORAL,FK_FUN_ID_MBCL,R,FOREIGN KEY,ENABLED,NOT DEFERRABLE,IMMEDIATE,FUN_PK,FUN_ID,SPE,FUNCIONARIO,FUN_ID,NO ACTION,VALIDATED,
MC_BANIN_COMP_LABORAL_2022,SYS_C0023312,C,CHECK,ENABLED,NOT DEFERRABLE,IMMEDIATE,,MBCL_ID,,,,,VALIDATED,"""MBCL_ID"" IS NOT NULL"
MC_BANIN_COMP_LABORAL_2022,SYS_C0023313,C,CHECK,ENABLED,NOT DEFERRABLE,IMMEDIATE,,MBCL_CODIGO,,,,,VALIDATED,"""MBCL_CODIGO"" IS NOT NULL"
MC_BANIN_COMP_LABORAL_2022,SYS_C0023314,C,CHECK,ENABLED,NOT DEFERRABLE,IMMEDIATE,,MBCL_COD_VER,,,,,VALIDATED,"""MBCL_COD_VER"" IS NOT NULL"
MC_BANIN_COMP_LABORAL_2022,SYS_C0023315,C,CHECK,ENABLED,NOT DEFERRABLE,IMMEDIATE,,MBCL_NOMBRE,,,,,VALIDATED,"""MBCL_NOMBRE"" IS NOT NULL"
MC_BANIN_COMP_LABORAL_2022,SYS_C0023316,C,CHECK,ENABLED,NOT DEFERRABLE,IMMEDIATE,,MBCL_VERSION,,,,,VALIDATED,"""MBCL_VERSION"" IS NOT NULL"
MC_BANIN_COMP_LABORAL_2022,SYS_C0023317,C,CHECK,ENABLED,NOT DEFERRABLE,IMMEDIATE,,MBCL_PERFIL,,,,,VALIDATED,"""MBCL_PERFIL"" IS NOT NULL"
MC_BANIN_COMP_LABORAL_2022,SYS_C0023318,C,CHECK,ENABLED,NOT DEFERRABLE,IMMEDIATE,,MBCL_FECHA_CREACION,,,,,VALIDATED,"""MBCL_FECHA_CREACION"" IS NOT NULL"
MC_BANIN_COMP_LABORAL_2022,SYS_C0023319,C,CHECK,ENABLED,NOT DEFERRABLE,IMMEDIATE,,FUN_ID,,,,,VALIDATED,"""FUN_ID"" IS NOT NULL"
MC_BANIN_COMP_LABORAL_2022,MBCL_ID_2022_PK,P,PRIMARY KEY,ENABLED,NOT DEFERRABLE,IMMEDIATE,,MBCL_ID,,,,,VALIDATED,
MC_BANIN_COMP_LABORAL_2022,MBCL_FUN_ID_2022_FK,R,FOREIGN KEY,ENABLED,NOT DEFERRABLE,IMMEDIATE,FUN_PK,FUN_ID,SPE,FUNCIONARIO,FUN_ID,NO ACTION,VALIDATED,
MC_BANIN_CONTRATACION,SYS_C0023052,C,CHECK,ENABLED,NOT DEFERRABLE,IMMEDIATE,,MCBCT_ID,,,,,VALIDATED,"""MCBCT_ID"" IS NOT NULL"
MC_BANIN_CONTRATACION,SYS_C0023053,C,CHECK,ENABLED,NOT DEFERRABLE,IMMEDIATE,,MCBCT_CODIGO,,,,,VALIDATED,"""MCBCT_CODIGO"" IS NOT NULL"
MC_BANIN_CONTRATACION,SYS_C0023054,C,CHECK,ENABLED,NOT DEFERRABLE,IMMEDIATE,,MCBCT_MBRB_ID,,,,,VALIDATED,"""MCBCT_MBRB_ID"" IS NOT NULL"
MC_BANIN_CONTRATACION,SYS_C0023055,C,CHECK,ENABLED,NOT DEFERRABLE,IMMEDIATE,,MCBCT_MBPR_ID,,,,,VALIDATED,"""MCBCT_MBPR_ID"" IS NOT NULL"
MC_BANIN_CONTRATACION,SYS_C0023056,C,CHECK,ENABLED,NOT DEFERRABLE,IMMEDIATE,,MCBCT_MBCL_ID,,,,,VALIDATED,"""MCBCT_MBCL_ID"" IS NOT NULL"
MC_BANIN_CONTRATACION,SYS_C0023057,C,CHECK,ENABLED,NOT DEFERRABLE,IMMEDIATE,,MCBCT_MBTFC_ID,,,,,VALIDATED,"""MCBCT_MBTFC_ID"" IS NOT NULL"
MC_BANIN_CONTRATACION,SYS_C0023058,C,CHECK,ENABLED,NOT DEFERRABLE,IMMEDIATE,,MCBCT_MBMCT_ID,,,,,VALIDATED,"""MCBCT_MBMCT_ID"" IS NOT NULL"
MC_BANIN_CONTRATACION,SYS_C0023059,C,CHECK,ENABLED,NOT DEFERRABLE,IMMEDIATE,,MCBCT_FECHA_INICIO_CONTRA,,,,,VALIDATED,"""MCBCT_FECHA_INICIO_CONTRA"" IS NOT NULL"
MC_BANIN_CONTRATACION,SYS_C0023060,C,CHECK,ENABLED,NOT DEFERRABLE,IMMEDIATE,,MCBCT_FECHA_FIN_CONTRA,,,,,VALIDATED,"""MCBCT_FECHA_FIN_CONTRA"" IS NOT NULL"
MC_BANIN_CONTRATACION,SYS_C0023061,C,CHECK,ENABLED,NOT DEFERRABLE,IMMEDIATE,,MCBCT_MBNE_ID,,,,,VALIDATED,"""MCBCT_MBNE_ID"" IS NOT NULL"
MC_BANIN_CONTRATACION,SYS_C0023062,C,CHECK,ENABLED,NOT DEFERRABLE,IMMEDIATE,,MCBCT_MBTT_ID,,,,,VALIDATED,"""MCBCT_MBTT_ID"" IS NOT NULL"
MC_BANIN_CONTRATACION,SYS_C0023063,C,CHECK,ENABLED,NOT DEFERRABLE,IMMEDIATE,,MCBCT_COSTO_CONTRA,,,,,VALIDATED,"""MCBCT_COSTO_CONTRA"" IS NOT NULL"
MC_BANIN_CONTRATACION,SYS_C0023064,C,CHECK,ENABLED,NOT DEFERRABLE,IMMEDIATE,,MCBCT_CANTIDAD_INSTRU,,,,,VALIDATED,"""MCBCT_CANTIDAD_INSTRU"" IS NOT NULL"
MC_BANIN_CONTRATACION,SYS_C0023065,C,CHECK,ENABLED,NOT DEFERRABLE,IMMEDIATE,,MCBCT_COSTO_TOTAL,,,,,VALIDATED,"""MCBCT_COSTO_TOTAL"" IS NOT NULL"
MC_BANIN_CONTRATACION,SYS_C0023066,C,CHECK,ENABLED,NOT DEFERRABLE,IMMEDIATE,,MBRB_MEC_ID,,,,,VALIDATED,"""MBRB_MEC_ID"" IS NOT NULL"
MC_BANIN_CONTRATACION,SYS_C0023067,C,CHECK,ENABLED,NOT DEFERRABLE,IMMEDIATE,,MCBCT_FECHA_REGISTRO,,,,,VALIDATED,"""MCBCT_FECHA_REGISTRO"" IS NOT NULL"
MC_BANIN_CONTRATACION,MCBCT_ID_PK,P,PRIMARY KEY,ENABLED,NOT DEFERRABLE,IMMEDIATE,,MCBCT_ID,,,,,VALIDATED,
MC_BANIN_CONTRATACION,MCBCT_MBCL_ID_FK,R,FOREIGN KEY,ENABLED,NOT DEFERRABLE,IMMEDIATE,MBCL_ID_2022_PK,MCBCT_MBCL_ID,SPE,MC_BANIN_COMP_LABORAL_2022,MBCL_ID,NO ACTION,VALIDATED,
MC_BANIN_CONTRATACION,MCBCT_MBDP_ID_FK,R,FOREIGN KEY,ENABLED,NOT DEFERRABLE,IMMEDIATE,MBDP_ID_PK,MCBCT_MBDP_ID,SPE,MC_BANIN_DIVULGACION_PERFIL,MBDP_ID,NO ACTION,VALIDATED,
MC_BANIN_CONTRATACION,MCBCT_MBMCT_ID_FK,R,FOREIGN KEY,ENABLED,NOT DEFERRABLE,IMMEDIATE,MBMCT_ID_PK,MCBCT_MBMCT_ID,SPE,MC_BANIN_MODALIDAD_CONTRA,MBMCT_ID,NO ACTION,VALIDATED,
MC_BANIN_CONTRATACION,MCBCT_MBNE_ID_FK,R,FOREIGN KEY,ENABLED,NOT DEFERRABLE,IMMEDIATE,MBNE_ID_PK,MCBCT_MBNE_ID,SPE,MC_BANIN_NIVEL_EDUCACION,MBNE_ID,NO ACTION,VALIDATED,
MC_BANIN_CONTRATACION,MCBCT_MBPR_ID_FK,R,FOREIGN KEY,ENABLED,NOT DEFERRABLE,IMMEDIATE,MBPR_ID_2022_PK,MCBCT_MBPR_ID,SPE,MC_BANIN_PROGRAMA_2022,MBPR_ID,NO ACTION,VALIDATED,
MC_BANIN_CONTRATACION,MCBCT_MBRB_ID_FK,R,FOREIGN KEY,ENABLED,NOT DEFERRABLE,IMMEDIATE,MBRB_ID_PK,MCBCT_MBRB_ID,SPE,MC_BANIN_RUBRO,MBRB_ID,NO ACTION,VALIDATED,
MC_BANIN_CONTRATACION,MCBCT_MBTFC_ID_FK,R,FOREIGN KEY,ENABLED,NOT DEFERRABLE,IMMEDIATE,MBTFC_ID_PK,MCBCT_MBTFC_ID,SPE,MC_BANIN_TIPO_FORMACION,MBTFC_ID,NO ACTION,VALIDATED,
MC_BANIN_CONTRATACION,MCBCT_MBTT_ID_FK,R,FOREIGN KEY,ENABLED,NOT DEFERRABLE,IMMEDIATE,MBTT_ID_PK,MCBCT_MBTT_ID,SPE,MC_BANIN_TIPO_TARIFA,MBTT_ID,NO ACTION,VALIDATED,
MC_BANIN_CONTRATACION,MCBCT_MEC_ID_FK,R,FOREIGN KEY,ENABLED,NOT DEFERRABLE,IMMEDIATE,MC_ESTAB_CNVCTRIA_PK,MBRB_MEC_ID,SPE,MC_ESTAB_CNVCTRIA,ID,NO ACTION,VALIDATED,
MC_BANIN_CONTRATACION,MCBCT_MPO_ID_FK,R,FOREIGN KEY,ENABLED,NOT DEFERRABLE,IMMEDIATE,MPO_PK,MCBCT_MPO_ID,SPE,MUNICIPIO,MPO_ID,NO ACTION,VALIDATED,
MC_BANIN_CONTRATADOS_2020,SYS_C0022848,C,CHECK,ENABLED,NOT DEFERRABLE,IMMEDIATE,,MBCV_NUMERO_IDENTIFICACION,,,,,VALIDATED,"""MBCV_NUMERO_IDENTIFICACION"" IS NOT NULL"
MC_BANIN_CONTRATADOS_2020,SYS_C0022849,C,CHECK,ENABLED,NOT DEFERRABLE,IMMEDIATE,,MBCV_FECHA_CREACION,,,,,VALIDATED,"""MBCV_FECHA_CREACION"" IS NOT NULL"
MC_BANIN_CONTRATADOS_2020,SYS_C0022850,C,CHECK,ENABLED,NOT DEFERRABLE,IMMEDIATE,,FUN_ID,,,,,VALIDATED,"""FUN_ID"" IS NOT NULL"
MC_BANIN_CONTRATADOS_2020,FK_FUNCIONARIO,R,FOREIGN KEY,ENABLED,NOT DEFERRABLE,IMMEDIATE,FUN_PK,FUN_ID,SPE,FUNCIONARIO,FUN_ID,NO ACTION,VALIDATED,
MC_BANIN_CONTROL_MIGRACION,SYS_C0047722,C,CHECK,ENABLED,NOT DEFERRABLE,IMMEDIATE,,PROCEDIMIENTO,,,,,VALIDATED,"""PROCEDIMIENTO"" IS NOT NULL"
MC_BANIN_CONTROL_MIGRACION,SYS_C0047723,C,CHECK,ENABLED,NOT DEFERRABLE,IMMEDIATE,,DIVULGACION_ORIGEN,,,,,VALIDATED,"""DIVULGACION_ORIGEN"" IS NOT NULL"
MC_BANIN_CONTROL_MIGRACION,SYS_C0047724,C,CHECK,ENABLED,NOT DEFERRABLE,IMMEDIATE,,DIVULGACION_DESTINO,,,,,VALIDATED,"""DIVULGACION_DESTINO"" IS NOT NULL"
MC_BANIN_CONTROL_MIGRACION,SYS_C0047725,P,PRIMARY KEY,ENABLED,NOT DEFERRABLE,IMMEDIATE,,ID,,,,,VALIDATED,
MC_BANIN_DEPENDENCIA,SYS_C0021543,C,CHECK,ENABLED,NOT DEFERRABLE,IMMEDIATE,,MBD_ID,,,,,VALIDATED,"""MBD_ID"" IS NOT NULL"
MC_BANIN_DEPENDENCIA,SYS_C0021544,C,CHECK,ENABLED,NOT DEFERRABLE,IMMEDIATE,,MBD_CODIGO,,,,,VALIDATED,"""MBD_CODIGO"" IS NOT NULL"
MC_BANIN_DEPENDENCIA,SYS_C0021545,C,CHECK,ENABLED,NOT DEFERRABLE,IMMEDIATE,,MBD_NOMBRE,,,,,VALIDATED,"""MBD_NOMBRE"" IS NOT NULL"
MC_BANIN_DEPENDENCIA,SYS_C0021546,C,CHECK,ENABLED,NOT DEFERRABLE,IMMEDIATE,,MBD_ESTADO,,,,,VALIDATED,"""MBD_ESTADO"" IS NOT NULL"
MC_BANIN_DEPENDENCIA,SYS_C0021547,C,CHECK,ENABLED,NOT DEFERRABLE,IMMEDIATE,,MBD_FECHA_REGISTRO,,,,,VALIDATED,"""MBD_FECHA_REGISTRO"" IS NOT NULL"
MC_BANIN_DEPENDENCIA,MBD_ID_PK,P,PRIMARY KEY,ENABLED,NOT DEFERRABLE,IMMEDIATE,,MBD_ID,,,,,VALIDATED,
MC_BANIN_DEPEN_PRESU,SYS_C0023622,C,CHECK,ENABLED,NOT DEFERRABLE,IMMEDIATE,,MBDPP_ID,,,,,VALIDATED,"""MBDPP_ID"" IS NOT NULL"
MC_BANIN_DEPEN_PRESU,SYS_C0023623,C,CHECK,ENABLED,NOT DEFERRABLE,IMMEDIATE,,MBDPP_MBD_ID,,,,,VALIDATED,"""MBDPP_MBD_ID"" IS NOT NULL"
MC_BANIN_DEPEN_PRESU,SYS_C0023624,C,CHECK,ENABLED,NOT DEFERRABLE,IMMEDIATE,,MBDPP_MBDP_ID,,,,,VALIDATED,"""MBDPP_MBDP_ID"" IS NOT NULL"
MC_BANIN_DEPEN_PRESU,SYS_C0023625,C,CHECK,ENABLED,NOT DEFERRABLE,IMMEDIATE,,MBDPP_MBDP_YEAR,,,,,VALIDATED,"""MBDPP_MBDP_YEAR"" IS NOT NULL"
MC_BANIN_DEPEN_PRESU,SYS_C0023626,C,CHECK,ENABLED,NOT DEFERRABLE,IMMEDIATE,,MBDPP_VALOR_ASIGNADO,,,,,VALIDATED,"""MBDPP_VALOR_ASIGNADO"" IS NOT NULL"
MC_BANIN_DEPEN_PRESU,SYS_C0023627,C,CHECK,ENABLED,NOT DEFERRABLE,IMMEDIATE,,MBDPP_MEC_ID,,,,,VALIDATED,"""MBDPP_MEC_ID"" IS NOT NULL"
MC_BANIN_DEPEN_PRESU,SYS_C0023628,C,CHECK,ENABLED,NOT DEFERRABLE,IMMEDIATE,,MBDPP_FECHA_REGISTRO,,,,,VALIDATED,"""MBDPP_FECHA_REGISTRO"" IS NOT NULL"
MC_BANIN_DEPEN_PRESU,SYS_C0023629,C,CHECK,ENABLED,NOT DEFERRABLE,IMMEDIATE,,MBDPP_ESTADO,,,,,VALIDATED,"""MBDPP_ESTADO"" IS NOT NULL"
MC_BANIN_DEPEN_PRESU,MBDPP_ID_PK,P,PRIMARY KEY,ENABLED,NOT DEFERRABLE,IMMEDIATE,,MBDPP_ID,,,,,VALIDATED,
MC_BANIN_DEPEN_PRESU,MBDPP_MBDP_ID_FK,R,FOREIGN KEY,ENABLED,NOT DEFERRABLE,IMMEDIATE,MBDP_ID_PK,MBDPP_MBDP_ID,SPE,MC_BANIN_DIVULGACION_PERFIL,MBDP_ID,NO ACTION,VALIDATED,
MC_BANIN_DEPEN_PRESU,MBDPP_MBD_ID_FK,R,FOREIGN KEY,ENABLED,NOT DEFERRABLE,IMMEDIATE,MBD_ID_PK,MBDPP_MBD_ID,SPE,MC_BANIN_DEPENDENCIA,MBD_ID,NO ACTION,VALIDATED,
MC_BANIN_DEPEN_PRESU,MBDPP_MEC_ID_FK,R,FOREIGN KEY,ENABLED,NOT DEFERRABLE,IMMEDIATE,MC_ESTAB_CNVCTRIA_PK,MBDPP_MEC_ID,SPE,MC_ESTAB_CNVCTRIA,ID,NO ACTION,VALIDATED,
MC_BANIN_DEPEN_PRESU,UQ_MC_BANIN_DEPEN_PRESU,U,UNIQUE,ENABLED,NOT DEFERRABLE,IMMEDIATE,,"MBDPP_MBD_ID,MBDPP_MBDP_ID,MBDPP_MBDP_YEAR,MBDPP_MEC_ID",,,,,VALIDATED,
MC_BANIN_DIVULGACION_PERFIL,SYS_C0023035,C,CHECK,ENABLED,NOT DEFERRABLE,IMMEDIATE,,MBDP_ID,,,,,VALIDATED,"""MBDP_ID"" IS NOT NULL"
MC_BANIN_DIVULGACION_PERFIL,SYS_C0023036,C,CHECK,ENABLED,NOT DEFERRABLE,IMMEDIATE,,MBDP_CONVOCATORIA,,,,,VALIDATED,"""MBDP_CONVOCATORIA"" IS NOT NULL"
MC_BANIN_DIVULGACION_PERFIL,SYS_C0023043,C,CHECK,ENABLED,NOT DEFERRABLE,IMMEDIATE,,MBDP_FCH_REGISTRO,,,,,VALIDATED,"""MBDP_FCH_REGISTRO"" IS NOT NULL"
MC_BANIN_DIVULGACION_PERFIL,SYS_C0023044,C,CHECK,ENABLED,NOT DEFERRABLE,IMMEDIATE,,MBDP_ESTADO,,,,,VALIDATED,"""MBDP_ESTADO"" IS NOT NULL"
MC_BANIN_DIVULGACION_PERFIL,SYS_C0047721,C,CHECK,ENABLED,NOT DEFERRABLE,IMMEDIATE,,MIGRADO_DIVULGACION,,,,,VALIDATED,"""MIGRADO_DIVULGACION"" IS NOT NULL"
MC_BANIN_DIVULGACION_PERFIL,MBDP_ID_PK,P,PRIMARY KEY,ENABLED,NOT DEFERRABLE,IMMEDIATE,,MBDP_ID,,,,,VALIDATED,
MC_BANIN_DIVULGACION_PERFIL,FUN_ID_FK,R,FOREIGN KEY,ENABLED,NOT DEFERRABLE,IMMEDIATE,FUN_PK,MBDP_FUN_ID,SPE,FUNCIONARIO,FUN_ID,NO ACTION,VALIDATED,
MC_BANIN_DIVULGACION_PERFIL,UQ_MC_BANIN_DIVUL_PERFIL,U,UNIQUE,ENABLED,NOT DEFERRABLE,IMMEDIATE,,"MBDP_CONVOCATORIA,MBDP_YEAR",,,,,VALIDATED,
MC_BANIN_ESTADOS_ASPIRANTE,SYS_C0023076,C,CHECK,ENABLED,NOT DEFERRABLE,IMMEDIATE,,MBEA_ID,,,,,VALIDATED,"""MBEA_ID"" IS NOT NULL"
MC_BANIN_ESTADOS_ASPIRANTE,SYS_C0023077,C,CHECK,ENABLED,NOT DEFERRABLE,IMMEDIATE,,MBEA_NOMBRE,,,,,VALIDATED,"""MBEA_NOMBRE"" IS NOT NULL"
MC_BANIN_ESTADOS_ASPIRANTE,MBEA_ID_PK,P,PRIMARY KEY,ENABLED,NOT DEFERRABLE,IMMEDIATE,,MBEA_ID,,,,,VALIDATED,
MC_BANIN_FORMACION,MBF_ID_PK,P,PRIMARY KEY,ENABLED,NOT DEFERRABLE,IMMEDIATE,,MBF_ID,,,,,VALIDATED,
MC_BANIN_MODALIDAD_CONTRA,SYS_C0022418,C,CHECK,ENABLED,NOT DEFERRABLE,IMMEDIATE,,MBMCT_ID,,,,,VALIDATED,"""MBMCT_ID"" IS NOT NULL"
MC_BANIN_MODALIDAD_CONTRA,SYS_C0022419,C,CHECK,ENABLED,NOT DEFERRABLE,IMMEDIATE,,MBMCT_NOMBRE,,,,,VALIDATED,"""MBMCT_NOMBRE"" IS NOT NULL"
MC_BANIN_MODALIDAD_CONTRA,SYS_C0022420,C,CHECK,ENABLED,NOT DEFERRABLE,IMMEDIATE,,MBMCT_ESTADO,,,,,VALIDATED,"""MBMCT_ESTADO"" IS NOT NULL"
MC_BANIN_MODALIDAD_CONTRA,SYS_C0022421,C,CHECK,ENABLED,NOT DEFERRABLE,IMMEDIATE,,MBMCT_FECHA_REGISTRO,,,,,VALIDATED,"""MBMCT_FECHA_REGISTRO"" IS NOT NULL"
MC_BANIN_MODALIDAD_CONTRA,MBMCT_ID_PK,P,PRIMARY KEY,ENABLED,NOT DEFERRABLE,IMMEDIATE,,MBMCT_ID,,,,,VALIDATED,
MC_BANIN_NIVEL_ACADEMICO,SYS_C0022430,C,CHECK,ENABLED,NOT DEFERRABLE,IMMEDIATE,,MBNA_ID,,,,,VALIDATED,"""MBNA_ID"" IS NOT NULL"
MC_BANIN_NIVEL_ACADEMICO,SYS_C0022431,C,CHECK,ENABLED,NOT DEFERRABLE,IMMEDIATE,,MBNA_ESTADO,,,,,VALIDATED,"""MBNA_ESTADO"" IS NOT NULL"
MC_BANIN_NIVEL_ACADEMICO,MBNA_ID_PK,P,PRIMARY KEY,ENABLED,NOT DEFERRABLE,IMMEDIATE,,MBNA_ID,,,,,VALIDATED,
MC_BANIN_NIVEL_EDUCACION,SYS_C0022113,C,CHECK,ENABLED,NOT DEFERRABLE,IMMEDIATE,,MBNE_ID,,,,,VALIDATED,"""MBNE_ID"" IS NOT NULL"
MC_BANIN_NIVEL_EDUCACION,SYS_C0022114,C,CHECK,ENABLED,NOT DEFERRABLE,IMMEDIATE,,MBNE_NOMBRE,,,,,VALIDATED,"""MBNE_NOMBRE"" IS NOT NULL"
MC_BANIN_NIVEL_EDUCACION,SYS_C0022115,C,CHECK,ENABLED,NOT DEFERRABLE,IMMEDIATE,,MBNE_ESTADO,,,,,VALIDATED,"""MBNE_ESTADO"" IS NOT NULL"
MC_BANIN_NIVEL_EDUCACION,SYS_C0022116,C,CHECK,ENABLED,NOT DEFERRABLE,IMMEDIATE,,MBNE_FECHA_REGISTRO,,,,,VALIDATED,"""MBNE_FECHA_REGISTRO"" IS NOT NULL"
MC_BANIN_NIVEL_EDUCACION,MBNE_ID_PK,P,PRIMARY KEY,ENABLED,NOT DEFERRABLE,IMMEDIATE,,MBNE_ID,,,,,VALIDATED,
MC_BANIN_PRESELECCION,SYS_C0022427,C,CHECK,ENABLED,NOT DEFERRABLE,IMMEDIATE,,MBPRE_ID,,,,,VALIDATED,"""MBPRE_ID"" IS NOT NULL"
MC_BANIN_PRESELECCION,SYS_C0022428,C,CHECK,ENABLED,NOT DEFERRABLE,IMMEDIATE,,MBPRE_FCH_REG,,,,,VALIDATED,"""MBPRE_FCH_REG"" IS NOT NULL"
MC_BANIN_PRESELECCION,SYS_C0022429,C,CHECK,ENABLED,NOT DEFERRABLE,IMMEDIATE,,MBEA_ID,,,,,VALIDATED,"""MBEA_ID"" IS NOT NULL"
MC_BANIN_PRESELECCION,MBPRE_PK,P,PRIMARY KEY,ENABLED,NOT DEFERRABLE,IMMEDIATE,,MBPRE_ID,,,,,VALIDATED,
MC_BANIN_PRESELECCION,MBPRE_FK_MBA_ID,R,FOREIGN KEY,ENABLED,NOT DEFERRABLE,IMMEDIATE,MBA_ID_PK,MBA_ID,SPE,MC_BANIN_ASPIRANTE,MBA_ID,NO ACTION,VALIDATED,
MC_BANIN_PRESELECCION,MBPRE_FK_MBEA_ID,R,FOREIGN KEY,ENABLED,NOT DEFERRABLE,IMMEDIATE,MBEA_ID_PK,MBEA_ID,SPE,MC_BANIN_ESTADOS_ASPIRANTE,MBEA_ID,NO ACTION,VALIDATED,
MC_BANIN_PRESELECCION,MBPRE_MEC_ID_FK,R,FOREIGN KEY,ENABLED,NOT DEFERRABLE,IMMEDIATE,MC_ESTAB_CNVCTRIA_PK,MEC_ID,SPE,MC_ESTAB_CNVCTRIA,ID,NO ACTION,VALIDATED,
MC_BANIN_PRESELECCION_HIST,SYS_C0023068,C,CHECK,ENABLED,NOT DEFERRABLE,IMMEDIATE,,MBPREH_ID,,,,,VALIDATED,"""MBPREH_ID"" IS NOT NULL"
MC_BANIN_PRESELECCION_HIST,SYS_C0023069,C,CHECK,ENABLED,NOT DEFERRABLE,IMMEDIATE,,MBPREH_MBEA_ID,,,,,VALIDATED,"""MBPREH_MBEA_ID"" IS NOT NULL"
MC_BANIN_PRESELECCION_HIST,SYS_C0023070,C,CHECK,ENABLED,NOT DEFERRABLE,IMMEDIATE,,MBPREH_FCH_REG,,,,,VALIDATED,"""MBPREH_FCH_REG"" IS NOT NULL"
MC_BANIN_PRESELECCION_HIST,MBPREH_PK,P,PRIMARY KEY,ENABLED,NOT DEFERRABLE,IMMEDIATE,,MBPREH_ID,,,,,VALIDATED,
MC_BANIN_PRESELECCION_HIST,MBPREH_FK_EMP_ID,R,FOREIGN KEY,ENABLED,NOT DEFERRABLE,IMMEDIATE,EMP_PK,MBPREH_EMP_ID,SPE,EMPRESA,EMP_ID,NO ACTION,VALIDATED,
MC_BANIN_PROGRAMA,SYS_C0021564,C,CHECK,ENABLED,NOT DEFERRABLE,IMMEDIATE,,MBPR_ID,,,,,VALIDATED,"""MBPR_ID"" IS NOT NULL"
MC_BANIN_PROGRAMA,SYS_C0021565,C,CHECK,ENABLED,NOT DEFERRABLE,IMMEDIATE,,MBPR_CODIGO,,,,,VALIDATED,"""MBPR_CODIGO"" IS NOT NULL"
MC_BANIN_PROGRAMA,SYS_C0021566,C,CHECK,ENABLED,NOT DEFERRABLE,IMMEDIATE,,MBPR_COD_VER,,,,,VALIDATED,"""MBPR_COD_VER"" IS NOT NULL"
MC_BANIN_PROGRAMA,SYS_C0021567,C,CHECK,ENABLED,NOT DEFERRABLE,IMMEDIATE,,MBPR_NOMBRE,,,,,VALIDATED,"""MBPR_NOMBRE"" IS NOT NULL"
MC_BANIN_PROGRAMA,SYS_C0021568,C,CHECK,ENABLED,NOT DEFERRABLE,IMMEDIATE,,MBPR_VERSION,,,,,VALIDATED,"""MBPR_VERSION"" IS NOT NULL"
MC_BANIN_PROGRAMA,SYS_C0021569,C,CHECK,ENABLED,NOT DEFERRABLE,IMMEDIATE,,MBR_ID,,,,,VALIDATED,"""MBR_ID"" IS NOT NULL"
MC_BANIN_PROGRAMA,SYS_C0021570,C,CHECK,ENABLED,NOT DEFERRABLE,IMMEDIATE,,MBPR_FECHA_CREACION,,,,,VALIDATED,"""MBPR_FECHA_CREACION"" IS NOT NULL"
MC_BANIN_PROGRAMA,SYS_C0021571,C,CHECK,ENABLED,NOT DEFERRABLE,IMMEDIATE,,FUN_ID,,,,,VALIDATED,"""FUN_ID"" IS NOT NULL"
MC_BANIN_PROGRAMA,SYS_C0021572,C,CHECK,ENABLED,NOT DEFERRABLE,IMMEDIATE,,MTNF_ID,,,,,VALIDATED,"""MTNF_ID"" IS NOT NULL"
MC_BANIN_PROGRAMA,PK_MBPR_ID,P,PRIMARY KEY,ENABLED,NOT DEFERRABLE,IMMEDIATE,,MBPR_ID,,,,,VALIDATED,
MC_BANIN_PROGRAMA,FK_FUN_ID_MBPR,R,FOREIGN KEY,ENABLED,NOT DEFERRABLE,IMMEDIATE,FUN_PK,FUN_ID,SPE,FUNCIONARIO,FUN_ID,NO ACTION,VALIDATED,
MC_BANIN_PROGRAMA,FK_MBR_ID_MBPR,R,FOREIGN KEY,ENABLED,NOT DEFERRABLE,IMMEDIATE,PK_MBR_ID,MBR_ID,SPE,MC_BANIN_RED,MBR_ID,NO ACTION,VALIDATED,
MC_BANIN_PROGRAMA,FK_MTNF_ID_MBPR,R,FOREIGN KEY,ENABLED,NOT DEFERRABLE,IMMEDIATE,PK_MTNF_ID,MTNF_ID,SPE,MC_TIPO_NIV_FORMACION,MTNF_ID,NO ACTION,VALIDATED,
MC_BANIN_PROGRAMA,UQ_MBPR_COD_VER,U,UNIQUE,ENABLED,NOT DEFERRABLE,IMMEDIATE,,MBPR_COD_VER,,,,,VALIDATED,
MC_BANIN_PROGRAMA_2022,SYS_C0023303,C,CHECK,ENABLED,NOT DEFERRABLE,IMMEDIATE,,MBPR_ID,,,,,VALIDATED,"""MBPR_ID"" IS NOT NULL"
MC_BANIN_PROGRAMA_2022,SYS_C0023304,C,CHECK,ENABLED,NOT DEFERRABLE,IMMEDIATE,,MBPR_CODIGO,,,,,VALIDATED,"""MBPR_CODIGO"" IS NOT NULL"
MC_BANIN_PROGRAMA_2022,SYS_C0023305,C,CHECK,ENABLED,NOT DEFERRABLE,IMMEDIATE,,MBPR_COD_VER,,,,,VALIDATED,"""MBPR_COD_VER"" IS NOT NULL"
MC_BANIN_PROGRAMA_2022,SYS_C0023306,C,CHECK,ENABLED,NOT DEFERRABLE,IMMEDIATE,,MBPR_NOMBRE,,,,,VALIDATED,"""MBPR_NOMBRE"" IS NOT NULL"
MC_BANIN_PROGRAMA_2022,SYS_C0023307,C,CHECK,ENABLED,NOT DEFERRABLE,IMMEDIATE,,MBPR_VERSION,,,,,VALIDATED,"""MBPR_VERSION"" IS NOT NULL"
MC_BANIN_PROGRAMA_2022,SYS_C0023308,C,CHECK,ENABLED,NOT DEFERRABLE,IMMEDIATE,,MBR_CODIGO,,,,,VALIDATED,"""MBR_CODIGO"" IS NOT NULL"
MC_BANIN_PROGRAMA_2022,SYS_C0023309,C,CHECK,ENABLED,NOT DEFERRABLE,IMMEDIATE,,MBPR_FECHA_CREACION,,,,,VALIDATED,"""MBPR_FECHA_CREACION"" IS NOT NULL"
MC_BANIN_PROGRAMA_2022,SYS_C0023310,C,CHECK,ENABLED,NOT DEFERRABLE,IMMEDIATE,,FUN_ID,,,,,VALIDATED,"""FUN_ID"" IS NOT NULL"
MC_BANIN_PROGRAMA_2022,SYS_C0023311,C,CHECK,ENABLED,NOT DEFERRABLE,IMMEDIATE,,MTNF_ID,,,,,VALIDATED,"""MTNF_ID"" IS NOT NULL"
MC_BANIN_PROGRAMA_2022,MBPR_ID_2022_PK,P,PRIMARY KEY,ENABLED,NOT DEFERRABLE,IMMEDIATE,,MBPR_ID,,,,,VALIDATED,
MC_BANIN_PROGRAMA_2022,MBPR_FUN_ID_2022_FK,R,FOREIGN KEY,ENABLED,NOT DEFERRABLE,IMMEDIATE,FUN_PK,FUN_ID,SPE,FUNCIONARIO,FUN_ID,NO ACTION,VALIDATED,
MC_BANIN_PROGRAMA_2022,MBPR_MBR_CODIGO_2022_FK,R,FOREIGN KEY,ENABLED,NOT DEFERRABLE,IMMEDIATE,MBR_CODIGO_2022_PK,MBR_CODIGO,SPE,MC_BANIN_RED_2022,MBR_CODIGO,NO ACTION,VALIDATED,
MC_BANIN_PROGRAMA_2022,MBPR_MTNF_ID_2022_FK,R,FOREIGN KEY,ENABLED,NOT DEFERRABLE,IMMEDIATE,PK_MTNF_ID,MTNF_ID,SPE,MC_TIPO_NIV_FORMACION,MTNF_ID,NO ACTION,VALIDATED,
MC_BANIN_PROGRAMA_COMP_LAB,SYS_C0022142,C,CHECK,ENABLED,NOT DEFERRABLE,IMMEDIATE,,MBPCL_ID,,,,,VALIDATED,"""MBPCL_ID"" IS NOT NULL"
MC_BANIN_PROGRAMA_COMP_LAB,SYS_C0022143,C,CHECK,ENABLED,NOT DEFERRABLE,IMMEDIATE,,MBPR_ID,,,,,VALIDATED,"""MBPR_ID"" IS NOT NULL"
MC_BANIN_PROGRAMA_COMP_LAB,SYS_C0022144,C,CHECK,ENABLED,NOT DEFERRABLE,IMMEDIATE,,MBCL_ID,,,,,VALIDATED,"""MBCL_ID"" IS NOT NULL"
MC_BANIN_PROGRAMA_COMP_LAB,SYS_C0022145,C,CHECK,ENABLED,NOT DEFERRABLE,IMMEDIATE,,MBPCL_FECHA_CREACION,,,,,VALIDATED,"""MBPCL_FECHA_CREACION"" IS NOT NULL"
MC_BANIN_PROGRAMA_COMP_LAB,SYS_C0022146,C,CHECK,ENABLED,NOT DEFERRABLE,IMMEDIATE,,FUN_ID,,,,,VALIDATED,"""FUN_ID"" IS NOT NULL"
MC_BANIN_PROGRAMA_COMP_LAB,PK_MBPCL_ID,P,PRIMARY KEY,ENABLED,NOT DEFERRABLE,IMMEDIATE,,MBPCL_ID,,,,,VALIDATED,
MC_BANIN_PROGRAMA_COMP_LAB,FK_FUN_ID_MBPCL,R,FOREIGN KEY,ENABLED,NOT DEFERRABLE,IMMEDIATE,FUN_PK,FUN_ID,SPE,FUNCIONARIO,FUN_ID,NO ACTION,VALIDATED,
MC_BANIN_PROGRAMA_COMP_LAB,FK_MBCL_ID_MBPCL,R,FOREIGN KEY,ENABLED,NOT DEFERRABLE,IMMEDIATE,PK_MBCL_ID,MBCL_ID,SPE,MC_BANIN_COMP_LABORAL,MBCL_ID,NO ACTION,VALIDATED,
MC_BANIN_PROGRAMA_COMP_LAB,MBPR_ID_MBPCL,R,FOREIGN KEY,ENABLED,NOT DEFERRABLE,IMMEDIATE,PK_MBPR_ID,MBPR_ID,SPE,MC_BANIN_PROGRAMA,MBPR_ID,NO ACTION,VALIDATED,
MC_BANIN_PROGRAMA_COMP_LAB,UQ_FK_ID_MBPCL,U,UNIQUE,ENABLED,NOT DEFERRABLE,IMMEDIATE,,"MBPR_ID,MBCL_ID",,,,,VALIDATED,
MC_BANIN_PROG_CENTRO,SYS_C0023323,C,CHECK,ENABLED,NOT DEFERRABLE,IMMEDIATE,,MBPC_ID,,,,,VALIDATED,"""MBPC_ID"" IS NOT NULL"
MC_BANIN_PROG_CENTRO,SYS_C0023324,C,CHECK,ENABLED,NOT DEFERRABLE,IMMEDIATE,,MC_ESTAB_CONV_ID,,,,,VALIDATED,"""MC_ESTAB_CONV_ID"" IS NOT NULL"
MC_BANIN_PROG_CENTRO,SYS_C0023325,C,CHECK,ENABLED,NOT DEFERRABLE,IMMEDIATE,,MBPR_ID,,,,,VALIDATED,"""MBPR_ID"" IS NOT NULL"
MC_BANIN_PROG_CENTRO,SYS_C0023326,C,CHECK,ENABLED,NOT DEFERRABLE,IMMEDIATE,,MBRC_FECHA_CREACION,,,,,VALIDATED,"""MBRC_FECHA_CREACION"" IS NOT NULL"
MC_BANIN_PROG_CENTRO,SYS_C0023327,C,CHECK,ENABLED,NOT DEFERRABLE,IMMEDIATE,,FUN_ID,,,,,VALIDATED,"""FUN_ID"" IS NOT NULL"
MC_BANIN_PROG_CENTRO,PK_MBPC_ID,P,PRIMARY KEY,ENABLED,NOT DEFERRABLE,IMMEDIATE,,MBPC_ID,,,,,VALIDATED,
MC_BANIN_PROG_CENTRO,FK_FUN_ID_MBPC,R,FOREIGN KEY,ENABLED,NOT DEFERRABLE,IMMEDIATE,FUN_PK,FUN_ID,SPE,FUNCIONARIO,FUN_ID,NO ACTION,VALIDATED,
MC_BANIN_PROG_CENTRO,FK_MBPR_ID_MBPC,R,FOREIGN KEY,ENABLED,NOT DEFERRABLE,IMMEDIATE,PK_MBPR_ID,MBPR_ID,SPE,MC_BANIN_PROGRAMA,MBPR_ID,NO ACTION,VALIDATED,
MC_BANIN_PROG_CENTRO,FK_MC_ESTAB_CONV_ID_MBPC,R,FOREIGN KEY,ENABLED,NOT DEFERRABLE,IMMEDIATE,MC_ESTAB_CNVCTRIA_PK,MC_ESTAB_CONV_ID,SPE,MC_ESTAB_CNVCTRIA,ID,NO ACTION,VALIDATED,
MC_BANIN_PROG_CENTRO,UQ_FK_ID_MBPC,U,UNIQUE,ENABLED,NOT DEFERRABLE,IMMEDIATE,,"MC_ESTAB_CONV_ID,MBPR_ID",,,,,VALIDATED,
MC_BANIN_PROG_COMP_LAB_2022,SYS_C0021548,C,CHECK,ENABLED,NOT DEFERRABLE,IMMEDIATE,,MBPCL_ID,,,,,VALIDATED,"""MBPCL_ID"" IS NOT NULL"
MC_BANIN_PROG_COMP_LAB_2022,SYS_C0021549,C,CHECK,ENABLED,NOT DEFERRABLE,IMMEDIATE,,MBPR_ID,,,,,VALIDATED,"""MBPR_ID"" IS NOT NULL"
MC_BANIN_PROG_COMP_LAB_2022,SYS_C0021550,C,CHECK,ENABLED,NOT DEFERRABLE,IMMEDIATE,,MBCL_ID,,,,,VALIDATED,"""MBCL_ID"" IS NOT NULL"
MC_BANIN_PROG_COMP_LAB_2022,SYS_C0021551,C,CHECK,ENABLED,NOT DEFERRABLE,IMMEDIATE,,MBPCL_FECHA_CREACION,,,,,VALIDATED,"""MBPCL_FECHA_CREACION"" IS NOT NULL"
MC_BANIN_PROG_COMP_LAB_2022,SYS_C0021552,C,CHECK,ENABLED,NOT DEFERRABLE,IMMEDIATE,,FUN_ID,,,,,VALIDATED,"""FUN_ID"" IS NOT NULL"
MC_BANIN_PROG_COMP_LAB_2022,MBPCL_ID_2022_PK,P,PRIMARY KEY,ENABLED,NOT DEFERRABLE,IMMEDIATE,,MBPCL_ID,,,,,VALIDATED,
MC_BANIN_PROG_COMP_LAB_2022,MBPCL_FUN_ID_2022_FK,R,FOREIGN KEY,ENABLED,NOT DEFERRABLE,IMMEDIATE,FUN_PK,FUN_ID,SPE,FUNCIONARIO,FUN_ID,NO ACTION,VALIDATED,
MC_BANIN_PROG_COMP_LAB_2022,MBPCL_MBCL_ID_2022_FK,R,FOREIGN KEY,ENABLED,NOT DEFERRABLE,IMMEDIATE,MBCL_ID_2022_PK,MBCL_ID,SPE,MC_BANIN_COMP_LABORAL_2022,MBCL_ID,NO ACTION,VALIDATED,
MC_BANIN_PROG_COMP_LAB_2022,MBPCL_MBPR_ID_2022_FK,R,FOREIGN KEY,ENABLED,NOT DEFERRABLE,IMMEDIATE,MBPR_ID_2022_PK,MBPR_ID,SPE,MC_BANIN_PROGRAMA_2022,MBPR_ID,NO ACTION,VALIDATED,
MC_BANIN_PROG_DEMANDA,SYS_C0023328,C,CHECK,ENABLED,NOT DEFERRABLE,IMMEDIATE,,MBPD_ID,,,,,VALIDATED,"""MBPD_ID"" IS NOT NULL"
MC_BANIN_PROG_DEMANDA,SYS_C0023329,C,CHECK,ENABLED,NOT DEFERRABLE,IMMEDIATE,,DEM_ID,,,,,VALIDATED,"""DEM_ID"" IS NOT NULL"
MC_BANIN_PROG_DEMANDA,SYS_C0023330,C,CHECK,ENABLED,NOT DEFERRABLE,IMMEDIATE,,MBPR_ID,,,,,VALIDATED,"""MBPR_ID"" IS NOT NULL"
MC_BANIN_PROG_DEMANDA,SYS_C0023331,C,CHECK,ENABLED,NOT DEFERRABLE,IMMEDIATE,,MBRC_FECHA_CREACION,,,,,VALIDATED,"""MBRC_FECHA_CREACION"" IS NOT NULL"
MC_BANIN_PROG_DEMANDA,PK_MBPD_ID,P,PRIMARY KEY,ENABLED,NOT DEFERRABLE,IMMEDIATE,,MBPD_ID,,,,,VALIDATED,
MC_BANIN_PROG_DEMANDA,FK_DEM_ID_MBPD,R,FOREIGN KEY,ENABLED,NOT DEFERRABLE,IMMEDIATE,DEM_PK,DEM_ID,SPE,DEMANDA,DEM_ID,NO ACTION,VALIDATED,
MC_BANIN_PROG_DEMANDA,FK_FUN_ID_MBPD,R,FOREIGN KEY,ENABLED,NOT DEFERRABLE,IMMEDIATE,FUN_PK,FUN_ID,SPE,FUNCIONARIO,FUN_ID,NO ACTION,VALIDATED,
MC_BANIN_PROG_DEMANDA,FK_MBPR_ID_MBPD,R,FOREIGN KEY,ENABLED,NOT DEFERRABLE,IMMEDIATE,PK_MBPR_ID,MBPR_ID,SPE,MC_BANIN_PROGRAMA,MBPR_ID,NO ACTION,VALIDATED,
MC_BANIN_PROG_DEMANDA,UQ_FK_ID_MBPD,U,UNIQUE,ENABLED,NOT DEFERRABLE,IMMEDIATE,,"DEM_ID,MBPR_ID",,,,,VALIDATED,
MC_BANIN_PROG_DEMANDA_2022,MBPD_ID_2022_PK,P,PRIMARY KEY,ENABLED,NOT DEFERRABLE,IMMEDIATE,,MBPD_ID,,,,,VALIDATED,
MC_BANIN_PROG_DEMANDA_2022,MBPD_DEM_ID_FK,R,FOREIGN KEY,ENABLED,NOT DEFERRABLE,IMMEDIATE,DEM_PK,MBPD_DEM_ID,SPE,DEMANDA,DEM_ID,NO ACTION,VALIDATED,
MC_BANIN_PROG_DEMANDA_2022,MBPD_MBPR_ID_FK,R,FOREIGN KEY,ENABLED,NOT DEFERRABLE,IMMEDIATE,MBPR_ID_2022_PK,MBPD_MBPR_ID,SPE,MC_BANIN_PROGRAMA_2022,MBPR_ID,NO ACTION,VALIDATED,
MC_BANIN_PUNTAJES,SYS_C0021586,C,CHECK,ENABLED,NOT DEFERRABLE,IMMEDIATE,,MBPJ_ID,,,,,VALIDATED,"""MBPJ_ID"" IS NOT NULL"
MC_BANIN_PUNTAJES,SYS_C0021587,C,CHECK,ENABLED,NOT DEFERRABLE,IMMEDIATE,,MBPJ_MBA_ID,,,,,VALIDATED,"""MBPJ_MBA_ID"" IS NOT NULL"
MC_BANIN_PUNTAJES,SYS_C0021588,C,CHECK,ENABLED,NOT DEFERRABLE,IMMEDIATE,,MBPJ_MBTP_CODIGO,,,,,VALIDATED,"""MBPJ_MBTP_CODIGO"" IS NOT NULL"
MC_BANIN_PUNTAJES,SYS_C0021589,C,CHECK,ENABLED,NOT DEFERRABLE,IMMEDIATE,,MBPJ_PUNTAJE,,,,,VALIDATED,"""MBPJ_PUNTAJE"" IS NOT NULL"
MC_BANIN_PUNTAJES,SYS_C0021590,C,CHECK,ENABLED,NOT DEFERRABLE,IMMEDIATE,,MBPJ_FECHA_PRESENTACION,,,,,VALIDATED,"""MBPJ_FECHA_PRESENTACION"" IS NOT NULL"
MC_BANIN_PUNTAJES,SYS_C0021591,C,CHECK,ENABLED,NOT DEFERRABLE,IMMEDIATE,,MBPJ_FECHA_REGISTRO,,,,,VALIDATED,"""MBPJ_FECHA_REGISTRO"" IS NOT NULL"
MC_BANIN_PUNTAJES,MBPJ_ID_PK,P,PRIMARY KEY,ENABLED,NOT DEFERRABLE,IMMEDIATE,,MBPJ_ID,,,,,VALIDATED,
MC_BANIN_PUNTAJES,MBPJ_MBA_ID_FK,R,FOREIGN KEY,ENABLED,NOT DEFERRABLE,IMMEDIATE,MBA_ID_PK,MBPJ_MBA_ID,SPE,MC_BANIN_ASPIRANTE,MBA_ID,NO ACTION,VALIDATED,
MC_BANIN_PUNTAJES,MBPJ_MBTP_CODIGO_FK,R,FOREIGN KEY,ENABLED,NOT DEFERRABLE,IMMEDIATE,MBTP_CODIGO_PK,MBPJ_MBTP_CODIGO,SPE,MC_BANIN_TIPO_PUNTAJE,MBTP_CODIGO,NO ACTION,VALIDATED,
MC_BANIN_PUNTAJE_AUTO_HV,SYS_C0023332,C,CHECK,ENABLED,NOT DEFERRABLE,IMMEDIATE,,PAHV_ID,,,,,VALIDATED,"""PAHV_ID"" IS NOT NULL"
MC_BANIN_PUNTAJE_AUTO_HV,SYS_C0023333,C,CHECK,ENABLED,NOT DEFERRABLE,IMMEDIATE,,PAHV_MBA_ID,,,,,VALIDATED,"""PAHV_MBA_ID"" IS NOT NULL"
MC_BANIN_PUNTAJE_AUTO_HV,SYS_C0023334,C,CHECK,ENABLED,NOT DEFERRABLE,IMMEDIATE,,PAHV_CATEGORIA,,,,,VALIDATED,"""PAHV_CATEGORIA"" IS NOT NULL"
MC_BANIN_PUNTAJE_AUTO_HV,SYS_C0023335,C,CHECK,ENABLED,NOT DEFERRABLE,IMMEDIATE,,PAHV_PUNTAJE,,,,,VALIDATED,"""PAHV_PUNTAJE"" IS NOT NULL"
MC_BANIN_PUNTAJE_AUTO_HV,SYS_C0023336,C,CHECK,ENABLED,NOT DEFERRABLE,IMMEDIATE,,PAHV_VIGENCIA,,,,,VALIDATED,"""PAHV_VIGENCIA"" IS NOT NULL"
MC_BANIN_PUNTAJE_AUTO_HV,SYS_C0023337,C,CHECK,ENABLED,NOT DEFERRABLE,IMMEDIATE,,FECHA_REGISTRO,,,,,VALIDATED,"""FECHA_REGISTRO"" IS NOT NULL"
MC_BANIN_PUNTAJE_AUTO_HV,PAHV_ID_PK,P,PRIMARY KEY,ENABLED,NOT DEFERRABLE,IMMEDIATE,,PAHV_ID,,,,,VALIDATED,
MC_BANIN_PUNTAJE_AUTO_HV,PAHV_MBA_ID_FK,R,FOREIGN KEY,ENABLED,NOT DEFERRABLE,IMMEDIATE,MBA_ID_PK,PAHV_MBA_ID,SPE,MC_BANIN_ASPIRANTE,MBA_ID,NO ACTION,VALIDATED,
MC_BANIN_RED,SYS_C0023081,C,CHECK,ENABLED,NOT DEFERRABLE,IMMEDIATE,,MBR_ID,,,,,VALIDATED,"""MBR_ID"" IS NOT NULL"
MC_BANIN_RED,SYS_C0023082,C,CHECK,ENABLED,NOT DEFERRABLE,IMMEDIATE,,MBR_CODIGO,,,,,VALIDATED,"""MBR_CODIGO"" IS NOT NULL"
MC_BANIN_RED,SYS_C0023083,C,CHECK,ENABLED,NOT DEFERRABLE,IMMEDIATE,,MBR_NOMBRE,,,,,VALIDATED,"""MBR_NOMBRE"" IS NOT NULL"
MC_BANIN_RED,SYS_C0023084,C,CHECK,ENABLED,NOT DEFERRABLE,IMMEDIATE,,MC_CONV_ID,,,,,VALIDATED,"""MC_CONV_ID"" IS NOT NULL"
MC_BANIN_RED,SYS_C0023085,C,CHECK,ENABLED,NOT DEFERRABLE,IMMEDIATE,,MBR_FECHA_CREACION,,,,,VALIDATED,"""MBR_FECHA_CREACION"" IS NOT NULL"
MC_BANIN_RED,SYS_C0023086,C,CHECK,ENABLED,NOT DEFERRABLE,IMMEDIATE,,FUN_ID,,,,,VALIDATED,"""FUN_ID"" IS NOT NULL"
MC_BANIN_RED,PK_MBR_ID,P,PRIMARY KEY,ENABLED,NOT DEFERRABLE,IMMEDIATE,,MBR_ID,,,,,VALIDATED,
MC_BANIN_RED,FK_FUN_ID_MBR,R,FOREIGN KEY,ENABLED,NOT DEFERRABLE,IMMEDIATE,FUN_PK,FUN_ID,SPE,FUNCIONARIO,FUN_ID,NO ACTION,VALIDATED,
MC_BANIN_RED,FK_MC_CONV_ID_MBR,R,FOREIGN KEY,ENABLED,NOT DEFERRABLE,IMMEDIATE,MC_CONVOCATORIA_PK,MC_CONV_ID,SPE,MC_CONVOCATORIA,ID,NO ACTION,VALIDATED,
MC_BANIN_RED,UQ_MBR_CODIGO,U,UNIQUE,ENABLED,NOT DEFERRABLE,IMMEDIATE,,MBR_CODIGO,,,,,VALIDATED,
MC_BANIN_RED_2022,SYS_C0021805,C,CHECK,ENABLED,NOT DEFERRABLE,IMMEDIATE,,MBR_ID,,,,,VALIDATED,"""MBR_ID"" IS NOT NULL"
MC_BANIN_RED_2022,SYS_C0021806,C,CHECK,ENABLED,NOT DEFERRABLE,IMMEDIATE,,MBR_CODIGO,,,,,VALIDATED,"""MBR_CODIGO"" IS NOT NULL"
MC_BANIN_RED_2022,SYS_C0021807,C,CHECK,ENABLED,NOT DEFERRABLE,IMMEDIATE,,MBR_FECHA_CREACION,,,,,VALIDATED,"""MBR_FECHA_CREACION"" IS NOT NULL"
MC_BANIN_RED_2022,SYS_C0021808,C,CHECK,ENABLED,NOT DEFERRABLE,IMMEDIATE,,FUN_ID,,,,,VALIDATED,"""FUN_ID"" IS NOT NULL"
MC_BANIN_RED_2022,MBR_CODIGO_2022_PK,P,PRIMARY KEY,ENABLED,NOT DEFERRABLE,IMMEDIATE,,MBR_CODIGO,,,,,VALIDATED,
MC_BANIN_RED_2022,FUN_ID_2022_FK,R,FOREIGN KEY,ENABLED,NOT DEFERRABLE,IMMEDIATE,FUN_PK,FUN_ID,SPE,FUNCIONARIO,FUN_ID,NO ACTION,VALIDATED,
MC_BANIN_RED_CENTRO,SYS_C0022137,C,CHECK,ENABLED,NOT DEFERRABLE,IMMEDIATE,,MBRC_ID,,,,,VALIDATED,"""MBRC_ID"" IS NOT NULL"
MC_BANIN_RED_CENTRO,SYS_C0022138,C,CHECK,ENABLED,NOT DEFERRABLE,IMMEDIATE,,MC_ESTAB_CONV_ID,,,,,VALIDATED,"""MC_ESTAB_CONV_ID"" IS NOT NULL"
MC_BANIN_RED_CENTRO,SYS_C0022139,C,CHECK,ENABLED,NOT DEFERRABLE,IMMEDIATE,,MBR_ID,,,,,VALIDATED,"""MBR_ID"" IS NOT NULL"
MC_BANIN_RED_CENTRO,SYS_C0022140,C,CHECK,ENABLED,NOT DEFERRABLE,IMMEDIATE,,MBRC_FECHA_CREACION,,,,,VALIDATED,"""MBRC_FECHA_CREACION"" IS NOT NULL"
MC_BANIN_RED_CENTRO,SYS_C0022141,C,CHECK,ENABLED,NOT DEFERRABLE,IMMEDIATE,,FUN_ID,,,,,VALIDATED,"""FUN_ID"" IS NOT NULL"
MC_BANIN_RED_CENTRO,PK_MBRC_ID,P,PRIMARY KEY,ENABLED,NOT DEFERRABLE,IMMEDIATE,,MBRC_ID,,,,,VALIDATED,
MC_BANIN_RED_CENTRO,FK_FUN_ID_MBRC,R,FOREIGN KEY,ENABLED,NOT DEFERRABLE,IMMEDIATE,FUN_PK,FUN_ID,SPE,FUNCIONARIO,FUN_ID,NO ACTION,VALIDATED,
MC_BANIN_RED_CENTRO,FK_MBR_ID_MBRC,R,FOREIGN KEY,ENABLED,NOT DEFERRABLE,IMMEDIATE,PK_MBR_ID,MBR_ID,SPE,MC_BANIN_RED,MBR_ID,NO ACTION,VALIDATED,
MC_BANIN_RED_CENTRO,FK_MC_ESTAB_CONV_ID_MBRC,R,FOREIGN KEY,ENABLED,NOT DEFERRABLE,IMMEDIATE,MC_ESTAB_CNVCTRIA_PK,MC_ESTAB_CONV_ID,SPE,MC_ESTAB_CNVCTRIA,ID,NO ACTION,VALIDATED,
MC_BANIN_RED_CENTRO,UQ_FK_ID_MBRC_ID,U,UNIQUE,ENABLED,NOT DEFERRABLE,IMMEDIATE,,"MC_ESTAB_CONV_ID,MBR_ID",,,,,VALIDATED,
MC_BANIN_RED_CENTRO_2022,MBRC_ID_PK,P,PRIMARY KEY,ENABLED,NOT DEFERRABLE,IMMEDIATE,,MBRC_ID,,,,,VALIDATED,
MC_BANIN_RED_CENTRO_2022,MBRC_FUN_ID_FK,R,FOREIGN KEY,ENABLED,NOT DEFERRABLE,IMMEDIATE,FUN_PK,MBRC_FUN_ID,SPE,FUNCIONARIO,FUN_ID,NO ACTION,VALIDATED,
MC_BANIN_RED_CENTRO_2022,MBRC_MBR_CODIGO_FK,R,FOREIGN KEY,ENABLED,NOT DEFERRABLE,IMMEDIATE,MBR_CODIGO_2022_PK,MBRC_MBR_CODIGO,SPE,MC_BANIN_RED_2022,MBR_CODIGO,NO ACTION,VALIDATED,
MC_BANIN_RED_CENTRO_2022,MBRC_MEC_ID_FK,R,FOREIGN KEY,ENABLED,NOT DEFERRABLE,IMMEDIATE,MC_ESTAB_CNVCTRIA_PK,MBRC_MEC_ID,SPE,MC_ESTAB_CNVCTRIA,ID,NO ACTION,VALIDATED,
MC_BANIN_REGIONAL_ESPECIAL,SYS_C0023049,C,CHECK,ENABLED,NOT DEFERRABLE,IMMEDIATE,,MBRE_ID,,,,,VALIDATED,"""MBRE_ID"" IS NOT NULL"
MC_BANIN_REGIONAL_ESPECIAL,SYS_C0023050,C,CHECK,ENABLED,NOT DEFERRABLE,IMMEDIATE,,MBRE_REG_ID,,,,,VALIDATED,"""MBRE_REG_ID"" IS NOT NULL"
MC_BANIN_REGIONAL_ESPECIAL,SYS_C0023051,C,CHECK,ENABLED,NOT DEFERRABLE,IMMEDIATE,,MBRE_MBTZT_ID,,,,,VALIDATED,"""MBRE_MBTZT_ID"" IS NOT NULL"
MC_BANIN_REGIONAL_ESPECIAL,MBRE_ID_PK,P,PRIMARY KEY,ENABLED,NOT DEFERRABLE,IMMEDIATE,,MBRE_ID,,,,,VALIDATED,
MC_BANIN_REGIONAL_ESPECIAL,MBRE_MBTZT_ID_FK,R,FOREIGN KEY,ENABLED,NOT DEFERRABLE,IMMEDIATE,MBTZT_ID_PK,MBRE_MBTZT_ID,SPE,MC_BANIN_TIPO_ZONA_TARIFA,MBTZT_ID,NO ACTION,VALIDATED,
MC_BANIN_REGIONAL_ESPECIAL,MBRE_REG_ID,R,FOREIGN KEY,ENABLED,NOT DEFERRABLE,IMMEDIATE,REG_PK,MBRE_REG_ID,SPE,REGIONAL,REG_ID,NO ACTION,VALIDATED,
MC_BANIN_REQ_CAPTURADO,SYS_C0022147,C,CHECK,ENABLED,NOT DEFERRABLE,IMMEDIATE,,ID,,,,,VALIDATED,"""ID"" IS NOT NULL"
MC_BANIN_REQ_CAPTURADO,SYS_C0022148,C,CHECK,ENABLED,NOT DEFERRABLE,IMMEDIATE,,MC_TIP_REQ_ID,,,,,VALIDATED,"""MC_TIP_REQ_ID"" IS NOT NULL"
MC_BANIN_REQ_CAPTURADO,SYS_C0022149,C,CHECK,ENABLED,NOT DEFERRABLE,IMMEDIATE,,MC_MBA_ID,,,,,VALIDATED,"""MC_MBA_ID"" IS NOT NULL"
MC_BANIN_REQ_CAPTURADO,SYS_C0022150,C,CHECK,ENABLED,NOT DEFERRABLE,IMMEDIATE,,URL_ARCHIVO,,,,,VALIDATED,"""URL_ARCHIVO"" IS NOT NULL"
MC_BANIN_REQ_CAPTURADO,MC_BANIN_REQ_CAPTURADO_PK,P,PRIMARY KEY,ENABLED,NOT DEFERRABLE,IMMEDIATE,,ID,,,,,VALIDATED,
MC_BANIN_REQ_CAPTURADO,CPL_ID_FK,R,FOREIGN KEY,ENABLED,NOT DEFERRABLE,IMMEDIATE,CPL_PK,CPL_ID,SPE,COMPETENCIA_LABORAL,CPL_ID,NO ACTION,VALIDATED,
MC_BANIN_REQ_CAPTURADO,ENF_ID_APE_FK,R,FOREIGN KEY,ENABLED,NOT DEFERRABLE,IMMEDIATE,ENF_PK,ENF_ID_APE,SPE,ESTUDIO_NO_FORMAL,ENF_ID,NO ACTION,VALIDATED,
MC_BANIN_REQ_CAPTURADO,FK_MC_BANIN_FORMACION,R,FOREIGN KEY,ENABLED,NOT DEFERRABLE,IMMEDIATE,MBF_ID_PK,MBF_ID,SPE,MC_BANIN_FORMACION,MBF_ID,NO ACTION,VALIDATED,
MC_BANIN_REQ_CAPTURADO,IND_ID_APE_FK,R,FOREIGN KEY,ENABLED,NOT DEFERRABLE,IMMEDIATE,IND_PK,IND_ID_APE,SPE,INDICE,IND_ID,NO ACTION,VALIDATED,
MC_BANIN_REQ_CAPTURADO,MC_MBA_ID_FK,R,FOREIGN KEY,ENABLED,NOT DEFERRABLE,IMMEDIATE,MBA_ID_PK,MC_MBA_ID,SPE,MC_BANIN_ASPIRANTE,MBA_ID,NO ACTION,VALIDATED,
MC_BANIN_REQ_CAPTURADO,MC_NBC_ID_FK,R,FOREIGN KEY,ENABLED,NOT DEFERRABLE,IMMEDIATE,MC_NBC_PK,MC_NBC_ID,SPE,MC_NBC,ID,NO ACTION,VALIDATED,
MC_BANIN_REQ_CAPTURADO,MC_NVL_ACA_ID_FK,R,FOREIGN KEY,ENABLED,NOT DEFERRABLE,IMMEDIATE,MBNA_ID_PK,MC_NVL_ACA_ID,SPE,MC_BANIN_NIVEL_ACADEMICO,MBNA_ID,NO ACTION,VALIDATED,
MC_BANIN_REQ_CAPTURADO,MC_TIP_REQ_ID_FK,R,FOREIGN KEY,ENABLED,NOT DEFERRABLE,IMMEDIATE,MC_TIPO_REQUISITO_PK,MC_TIP_REQ_ID,SPE,MC_TIPO_REQUISITO,ID,NO ACTION,VALIDATED,
MC_BANIN_REQ_CAPTURADO,TIT_ID_APE_KK,R,FOREIGN KEY,ENABLED,NOT DEFERRABLE,IMMEDIATE,TIT_PK,TIT_ID_APE,SPE,TITULO,TIT_ID,NO ACTION,VALIDATED,
MC_BANIN_REQ_CAPTURADO,TIT_ID_KK,R,FOREIGN KEY,ENABLED,NOT DEFERRABLE,IMMEDIATE,MC_TITULACION_PK,TIT_ID,SPE,MC_TITULACION,ID,NO ACTION,VALIDATED,
MC_BANIN_RUBRO,SYS_C0021797,C,CHECK,ENABLED,NOT DEFERRABLE,IMMEDIATE,,MBRB_ID,,,,,VALIDATED,"""MBRB_ID"" IS NOT NULL"
MC_BANIN_RUBRO,SYS_C0021798,C,CHECK,ENABLED,NOT DEFERRABLE,IMMEDIATE,,MBRB_PROYECTO_LEY,,,,,VALIDATED,"""MBRB_PROYECTO_LEY"" IS NOT NULL"
MC_BANIN_RUBRO,SYS_C0021799,C,CHECK,ENABLED,NOT DEFERRABLE,IMMEDIATE,,MBRB_RUBRO_LEY,,,,,VALIDATED,"""MBRB_RUBRO_LEY"" IS NOT NULL"
MC_BANIN_RUBRO,SYS_C0021800,C,CHECK,ENABLED,NOT DEFERRABLE,IMMEDIATE,,MBRB_MBDP_ID,,,,,VALIDATED,"""MBRB_MBDP_ID"" IS NOT NULL"
MC_BANIN_RUBRO,SYS_C0021801,C,CHECK,ENABLED,NOT DEFERRABLE,IMMEDIATE,,MBRB_MBDPP_ID,,,,,VALIDATED,"""MBRB_MBDPP_ID"" IS NOT NULL"
MC_BANIN_RUBRO,SYS_C0021802,C,CHECK,ENABLED,NOT DEFERRABLE,IMMEDIATE,,MBRB_MEC_ID,,,,,VALIDATED,"""MBRB_MEC_ID"" IS NOT NULL"
MC_BANIN_RUBRO,SYS_C0021803,C,CHECK,ENABLED,NOT DEFERRABLE,IMMEDIATE,,MBRB_FECHA_REGISTRO,,,,,VALIDATED,"""MBRB_FECHA_REGISTRO"" IS NOT NULL"
MC_BANIN_RUBRO,SYS_C0021804,C,CHECK,ENABLED,NOT DEFERRABLE,IMMEDIATE,,MBRB_ESTADO,,,,,VALIDATED,"""MBRB_ESTADO"" IS NOT NULL"
MC_BANIN_RUBRO,MBRB_ID_PK,P,PRIMARY KEY,ENABLED,NOT DEFERRABLE,IMMEDIATE,,MBRB_ID,,,,,VALIDATED,
MC_BANIN_RUBRO,MBRB_MBDPP_ID_FK,R,FOREIGN KEY,ENABLED,NOT DEFERRABLE,IMMEDIATE,MBDPP_ID_PK,MBRB_MBDPP_ID,SPE,MC_BANIN_DEPEN_PRESU,MBDPP_ID,NO ACTION,VALIDATED,
MC_BANIN_RUBRO,MBRB_MBDP_ID_FK,R,FOREIGN KEY,ENABLED,NOT DEFERRABLE,IMMEDIATE,MBDP_ID_PK,MBRB_MBDP_ID,SPE,MC_BANIN_DIVULGACION_PERFIL,MBDP_ID,NO ACTION,VALIDATED,
MC_BANIN_RUBRO,MBRB_MEC_ID_FK,R,FOREIGN KEY,ENABLED,NOT DEFERRABLE,IMMEDIATE,MC_ESTAB_CNVCTRIA_PK,MBRB_MEC_ID,SPE,MC_ESTAB_CNVCTRIA,ID,NO ACTION,VALIDATED,
MC_BANIN_TIPO_FORMACION,SYS_C0022414,C,CHECK,ENABLED,NOT DEFERRABLE,IMMEDIATE,,MBTFC_ID,,,,,VALIDATED,"""MBTFC_ID"" IS NOT NULL"
MC_BANIN_TIPO_FORMACION,SYS_C0022415,C,CHECK,ENABLED,NOT DEFERRABLE,IMMEDIATE,,MBTFC_NOMBRE,,,,,VALIDATED,"""MBTFC_NOMBRE"" IS NOT NULL"
MC_BANIN_TIPO_FORMACION,SYS_C0022416,C,CHECK,ENABLED,NOT DEFERRABLE,IMMEDIATE,,MBTFC_ESTADO,,,,,VALIDATED,"""MBTFC_ESTADO"" IS NOT NULL"
MC_BANIN_TIPO_FORMACION,SYS_C0022417,C,CHECK,ENABLED,NOT DEFERRABLE,IMMEDIATE,,MBTFC_FECHA_REGISTRO,,,,,VALIDATED,"""MBTFC_FECHA_REGISTRO"" IS NOT NULL"
MC_BANIN_TIPO_FORMACION,MBTFC_ID_PK,P,PRIMARY KEY,ENABLED,NOT DEFERRABLE,IMMEDIATE,,MBTFC_ID,,,,,VALIDATED,
MC_BANIN_TIPO_PUNTAJE,SYS_C0021582,C,CHECK,ENABLED,NOT DEFERRABLE,IMMEDIATE,,MBTP_ID,,,,,VALIDATED,"""MBTP_ID"" IS NOT NULL"
MC_BANIN_TIPO_PUNTAJE,SYS_C0021583,C,CHECK,ENABLED,NOT DEFERRABLE,IMMEDIATE,,MBTP_CODIGO,,,,,VALIDATED,"""MBTP_CODIGO"" IS NOT NULL"
MC_BANIN_TIPO_PUNTAJE,SYS_C0021584,C,CHECK,ENABLED,NOT DEFERRABLE,IMMEDIATE,,MBTP_NOMBRE,,,,,VALIDATED,"""MBTP_NOMBRE"" IS NOT NULL"
MC_BANIN_TIPO_PUNTAJE,SYS_C0021585,C,CHECK,ENABLED,NOT DEFERRABLE,IMMEDIATE,,FECHA_REGISTRO,,,,,VALIDATED,"""FECHA_REGISTRO"" IS NOT NULL"
MC_BANIN_TIPO_PUNTAJE,MBTP_CODIGO_PK,P,PRIMARY KEY,ENABLED,NOT DEFERRABLE,IMMEDIATE,,MBTP_CODIGO,,,,,VALIDATED,
MC_BANIN_TIPO_TARIFA,SYS_C0022117,C,CHECK,ENABLED,NOT DEFERRABLE,IMMEDIATE,,MBTT_ID,,,,,VALIDATED,"""MBTT_ID"" IS NOT NULL"
MC_BANIN_TIPO_TARIFA,SYS_C0022118,C,CHECK,ENABLED,NOT DEFERRABLE,IMMEDIATE,,MBTT_TIPO_TARIFA,,,,,VALIDATED,"""MBTT_TIPO_TARIFA"" IS NOT NULL"
MC_BANIN_TIPO_TARIFA,SYS_C0022119,C,CHECK,ENABLED,NOT DEFERRABLE,IMMEDIATE,,MBTT_MBNE_ID,,,,,VALIDATED,"""MBTT_MBNE_ID"" IS NOT NULL"
MC_BANIN_TIPO_TARIFA,SYS_C0022120,C,CHECK,ENABLED,NOT DEFERRABLE,IMMEDIATE,,MBTT_MBMCT_ID,,,,,VALIDATED,"""MBTT_MBMCT_ID"" IS NOT NULL"
MC_BANIN_TIPO_TARIFA,SYS_C0022121,C,CHECK,ENABLED,NOT DEFERRABLE,IMMEDIATE,,MBTT_MBTZT_ID,,,,,VALIDATED,"""MBTT_MBTZT_ID"" IS NOT NULL"
MC_BANIN_TIPO_TARIFA,SYS_C0022122,C,CHECK,ENABLED,NOT DEFERRABLE,IMMEDIATE,,MBTT_VALOR_TARIFA,,,,,VALIDATED,"""MBTT_VALOR_TARIFA"" IS NOT NULL"
MC_BANIN_TIPO_TARIFA,SYS_C0022123,C,CHECK,ENABLED,NOT DEFERRABLE,IMMEDIATE,,MBTT_FECHA_REGISTRO,,,,,VALIDATED,"""MBTT_FECHA_REGISTRO"" IS NOT NULL"
MC_BANIN_TIPO_TARIFA,MBTT_ID_PK,P,PRIMARY KEY,ENABLED,NOT DEFERRABLE,IMMEDIATE,,MBTT_ID,,,,,VALIDATED,
MC_BANIN_TIPO_TARIFA,MBTT_MBMCT_ID_FK,R,FOREIGN KEY,ENABLED,NOT DEFERRABLE,IMMEDIATE,MBMCT_ID_PK,MBTT_MBMCT_ID,SPE,MC_BANIN_MODALIDAD_CONTRA,MBMCT_ID,NO ACTION,VALIDATED,
MC_BANIN_TIPO_TARIFA,MBTT_MBNE_ID_FK,R,FOREIGN KEY,ENABLED,NOT DEFERRABLE,IMMEDIATE,MBNE_ID_PK,MBTT_MBNE_ID,SPE,MC_BANIN_NIVEL_EDUCACION,MBNE_ID,NO ACTION,VALIDATED,
MC_BANIN_TIPO_TARIFA,MBTT_MBTZT_ID_FK,R,FOREIGN KEY,ENABLED,NOT DEFERRABLE,IMMEDIATE,MBTZT_ID_PK,MBTT_MBTZT_ID,SPE,MC_BANIN_TIPO_ZONA_TARIFA,MBTZT_ID,NO ACTION,VALIDATED,
MC_BANIN_TIPO_ZONA_TARIFA,SYS_C0023045,C,CHECK,ENABLED,NOT DEFERRABLE,IMMEDIATE,,MBTZT_ID,,,,,VALIDATED,"""MBTZT_ID"" IS NOT NULL"
MC_BANIN_TIPO_ZONA_TARIFA,SYS_C0023046,C,CHECK,ENABLED,NOT DEFERRABLE,IMMEDIATE,,MBTZT_NOMBRE,,,,,VALIDATED,"""MBTZT_NOMBRE"" IS NOT NULL"
MC_BANIN_TIPO_ZONA_TARIFA,SYS_C0023047,C,CHECK,ENABLED,NOT DEFERRABLE,IMMEDIATE,,MBTZT_ESTADO,,,,,VALIDATED,"""MBTZT_ESTADO"" IS NOT NULL"
MC_BANIN_TIPO_ZONA_TARIFA,SYS_C0023048,C,CHECK,ENABLED,NOT DEFERRABLE,IMMEDIATE,,MBTZT_FECHA_REGISTRO,,,,,VALIDATED,"""MBTZT_FECHA_REGISTRO"" IS NOT NULL"
MC_BANIN_TIPO_ZONA_TARIFA,MBTZT_ID_PK,P,PRIMARY KEY,ENABLED,NOT DEFERRABLE,IMMEDIATE,,MBTZT_ID,,,,,VALIDATED,
MC_CONVOCATORIA,SYS_C0023020,C,CHECK,ENABLED,NOT DEFERRABLE,IMMEDIATE,,ID,,,,,VALIDATED,"""ID"" IS NOT NULL"
MC_CONVOCATORIA,SYS_C0023021,C,CHECK,ENABLED,NOT DEFERRABLE,IMMEDIATE,,NOMBRE,,,,,VALIDATED,"""NOMBRE"" IS NOT NULL"
MC_CONVOCATORIA,SYS_C0023022,C,CHECK,ENABLED,NOT DEFERRABLE,IMMEDIATE,,FECHA_INICIO,,,,,VALIDATED,"""FECHA_INICIO"" IS NOT NULL"
MC_CONVOCATORIA,SYS_C0023023,C,CHECK,ENABLED,NOT DEFERRABLE,IMMEDIATE,,ESTADO,,,,,VALIDATED,"""ESTADO"" IS NOT NULL"
MC_CONVOCATORIA,SYS_C0023024,C,CHECK,ENABLED,NOT DEFERRABLE,IMMEDIATE,,CANT_ASPN_PRFL,,,,,VALIDATED,"""CANT_ASPN_PRFL"" IS NOT NULL"
MC_CONVOCATORIA,SYS_C0023025,C,CHECK,ENABLED,NOT DEFERRABLE,IMMEDIATE,,FECHA_CREACION,,,,,VALIDATED,"""FECHA_CREACION"" IS NOT NULL"
MC_CONVOCATORIA,SYS_C0023026,C,CHECK,ENABLED,NOT DEFERRABLE,IMMEDIATE,,FUN_ID,,,,,VALIDATED,"""FUN_ID"" IS NOT NULL"
MC_CONVOCATORIA,MC_CONVOCATORIA_PK,P,PRIMARY KEY,ENABLED,NOT DEFERRABLE,IMMEDIATE,,ID,,,,,VALIDATED,
MC_CONVOCATORIA,BD_MBDP_ID_FK,R,FOREIGN KEY,ENABLED,NOT DEFERRABLE,IMMEDIATE,MBDP_ID_PK,BD_MBDP_ID,SPE,MC_BANIN_DIVULGACION_PERFIL,MBDP_ID,NO ACTION,VALIDATED,
MC_CONVOCATORIA,MC_CONVOCATORIA_FK1,R,FOREIGN KEY,ENABLED,NOT DEFERRABLE,IMMEDIATE,FUN_PK,FUN_ID,SPE,FUNCIONARIO,FUN_ID,NO ACTION,VALIDATED,
MC_ESTAB_CNVCTRIA,SYS_C0021577,C,CHECK,ENABLED,NOT DEFERRABLE,IMMEDIATE,,ID,,,,,VALIDATED,"""ID"" IS NOT NULL"
MC_ESTAB_CNVCTRIA,SYS_C0021578,C,CHECK,ENABLED,NOT DEFERRABLE,IMMEDIATE,,MC_CONV_ID,,,,,VALIDATED,"""MC_CONV_ID"" IS NOT NULL"
MC_ESTAB_CNVCTRIA,SYS_C0021579,C,CHECK,ENABLED,NOT DEFERRABLE,IMMEDIATE,,NOMBRE,,,,,VALIDATED,"""NOMBRE"" IS NOT NULL"
MC_ESTAB_CNVCTRIA,SYS_C0021580,C,CHECK,ENABLED,NOT DEFERRABLE,IMMEDIATE,,FCH_CREACION,,,,,VALIDATED,"""FCH_CREACION"" IS NOT NULL"
MC_ESTAB_CNVCTRIA,SYS_C0021581,C,CHECK,ENABLED,NOT DEFERRABLE,IMMEDIATE,,FUN_ID,,,,,VALIDATED,"""FUN_ID"" IS NOT NULL"
MC_ESTAB_CNVCTRIA,MC_ESTAB_CNVCTRIA_PK,P,PRIMARY KEY,ENABLED,NOT DEFERRABLE,IMMEDIATE,,ID,,,,,VALIDATED,
MC_ESTAB_CNVCTRIA,MC_ESTAB_CNVCTRIA_FK_CNVCTRIA,R,FOREIGN KEY,ENABLED,NOT DEFERRABLE,IMMEDIATE,MC_CONVOCATORIA_PK,MC_CONV_ID,SPE,MC_CONVOCATORIA,ID,NO ACTION,VALIDATED,
MC_ESTAB_CNVCTRIA,MC_ESTAB_CNVCTRIA_FK_EMPRESA,R,FOREIGN KEY,ENABLED,NOT DEFERRABLE,IMMEDIATE,EMP_PK,EMP_ID,SPE,EMPRESA,EMP_ID,NO ACTION,VALIDATED,
MC_ESTAB_CNVCTRIA,MC_ESTAB_CNVCTRIA_FK_FUN_ID,R,FOREIGN KEY,ENABLED,NOT DEFERRABLE,IMMEDIATE,FUN_PK,FUN_ID,SPE,FUNCIONARIO,FUN_ID,NO ACTION,VALIDATED,
MC_ESTAB_CNVCTRIA,MC_ESTAB_CNVCTRIA_FK_MPIO_ID,R,FOREIGN KEY,ENABLED,NOT DEFERRABLE,IMMEDIATE,MPO_PK,MPO_ID,SPE,MUNICIPIO,MPO_ID,NO ACTION,VALIDATED,
MC_ESTADO_ASPRCN,SYS_C0021789,C,CHECK,ENABLED,NOT DEFERRABLE,IMMEDIATE,,ID,,,,,VALIDATED,"""ID"" IS NOT NULL"
MC_ESTADO_ASPRCN,SYS_C0021790,C,CHECK,ENABLED,NOT DEFERRABLE,IMMEDIATE,,NOMBRE,,,,,VALIDATED,"""NOMBRE"" IS NOT NULL"
MC_ESTADO_ASPRCN,SYS_C0021791,C,CHECK,ENABLED,NOT DEFERRABLE,IMMEDIATE,,DESCRIPCION,,,,,VALIDATED,"""DESCRIPCION"" IS NOT NULL"
MC_ESTADO_ASPRCN,MC_ESTADO_ASPIRACION_PK,P,PRIMARY KEY,ENABLED,NOT DEFERRABLE,IMMEDIATE,,ID,,,,,VALIDATED,
MC_ESTADO_ASPRCN,MC_ESTADO_ASPIRACION_UK_NOMBRE,U,UNIQUE,ENABLED,NOT DEFERRABLE,IMMEDIATE,,NOMBRE,,,,,VALIDATED,
MC_ESTADO_PRES,SYS_C0023637,C,CHECK,ENABLED,NOT DEFERRABLE,IMMEDIATE,,MC_EST_PRE_ID,,,,,VALIDATED,"""MC_EST_PRE_ID"" IS NOT NULL"
MC_ESTADO_PRES,SYS_C0023638,C,CHECK,ENABLED,NOT DEFERRABLE,IMMEDIATE,,MC_EST_PRE_NOMBRE,,,,,VALIDATED,"""MC_EST_PRE_NOMBRE"" IS NOT NULL"
MC_ESTADO_PRES,MC_ESTADO_PRES_PK,P,PRIMARY KEY,ENABLED,NOT DEFERRABLE,IMMEDIATE,,MC_EST_PRE_ID,,,,,VALIDATED,
MC_JORNADA,SYS_C0021811,C,CHECK,ENABLED,NOT DEFERRABLE,IMMEDIATE,,ID,,,,,VALIDATED,"""ID"" IS NOT NULL"
MC_JORNADA,SYS_C0021812,C,CHECK,ENABLED,NOT DEFERRABLE,IMMEDIATE,,NOMBRE,,,,,VALIDATED,"""NOMBRE"" IS NOT NULL"
MC_JORNADA,SYS_C0021813,C,CHECK,ENABLED,NOT DEFERRABLE,IMMEDIATE,,FUN_ID,,,,,VALIDATED,"""FUN_ID"" IS NOT NULL"
MC_JORNADA,SYS_C0021814,C,CHECK,ENABLED,NOT DEFERRABLE,IMMEDIATE,,FCH_CREACION,,,,,VALIDATED,"""FCH_CREACION"" IS NOT NULL"
MC_JORNADA,MC_JORNADA_PK,P,PRIMARY KEY,ENABLED,NOT DEFERRABLE,IMMEDIATE,,ID,,,,,VALIDATED,
MC_MCPIO_CNVCTRIA,SYS_C0021815,C,CHECK,ENABLED,NOT DEFERRABLE,IMMEDIATE,,ID,,,,,VALIDATED,"""ID"" IS NOT NULL"
MC_MCPIO_CNVCTRIA,SYS_C0021816,C,CHECK,ENABLED,NOT DEFERRABLE,IMMEDIATE,,MC_CONV_ID,,,,,VALIDATED,"""MC_CONV_ID"" IS NOT NULL"
MC_MCPIO_CNVCTRIA,SYS_C0021817,C,CHECK,ENABLED,NOT DEFERRABLE,IMMEDIATE,,MPO_ID,,,,,VALIDATED,"""MPO_ID"" IS NOT NULL"
MC_MCPIO_CNVCTRIA,SYS_C0021818,C,CHECK,ENABLED,NOT DEFERRABLE,IMMEDIATE,,FCH_CREACION,,,,,VALIDATED,"""FCH_CREACION"" IS NOT NULL"
MC_MCPIO_CNVCTRIA,SYS_C0021819,C,CHECK,ENABLED,NOT DEFERRABLE,IMMEDIATE,,FUN_ID,,,,,VALIDATED,"""FUN_ID"" IS NOT NULL"
MC_MCPIO_CNVCTRIA,MC_MUNICIPIO_CONVOCATORIA_PK,P,PRIMARY KEY,ENABLED,NOT DEFERRABLE,IMMEDIATE,,ID,,,,,VALIDATED,
MC_MCPIO_CNVCTRIA,MC_MUNICIPIO_CONVOC_FK1_CNV,R,FOREIGN KEY,ENABLED,NOT DEFERRABLE,IMMEDIATE,MC_CONVOCATORIA_PK,MC_CONV_ID,SPE,MC_CONVOCATORIA,ID,NO ACTION,VALIDATED,
MC_MCPIO_CNVCTRIA,MC_MUNICIPIO_CONVOC_FK1_FUNID,R,FOREIGN KEY,ENABLED,NOT DEFERRABLE,IMMEDIATE,FUN_PK,FUN_ID,SPE,FUNCIONARIO,FUN_ID,NO ACTION,VALIDATED,
MC_MCPIO_CNVCTRIA,MC_MUNICIPIO_CONVOC_FK1_MPIO,R,FOREIGN KEY,ENABLED,NOT DEFERRABLE,IMMEDIATE,MPO_PK,MPO_ID,SPE,MUNICIPIO,MPO_ID,NO ACTION,VALIDATED,
MC_NBC,SYS_C0021820,C,CHECK,ENABLED,NOT DEFERRABLE,IMMEDIATE,,ID,,,,,VALIDATED,"""ID"" IS NOT NULL"
MC_NBC,SYS_C0021821,C,CHECK,ENABLED,NOT DEFERRABLE,IMMEDIATE,,NOMBRE,,,,,VALIDATED,"""NOMBRE"" IS NOT NULL"
MC_NBC,SYS_C0021822,C,CHECK,ENABLED,NOT DEFERRABLE,IMMEDIATE,,FUN_ID,,,,,VALIDATED,"""FUN_ID"" IS NOT NULL"
MC_NBC,SYS_C0021823,C,CHECK,ENABLED,NOT DEFERRABLE,IMMEDIATE,,NOMBRE_MOSTRAR,,,,,VALIDATED,"""NOMBRE_MOSTRAR"" IS NOT NULL"
MC_NBC,MC_NBC_PK,P,PRIMARY KEY,ENABLED,NOT DEFERRABLE,IMMEDIATE,,ID,,,,,VALIDATED,
MC_NBC,MC_NBC_FK_FUN_ID,R,FOREIGN KEY,ENABLED,NOT DEFERRABLE,IMMEDIATE,FUN_PK,FUN_ID,SPE,FUNCIONARIO,FUN_ID,NO ACTION,VALIDATED,
MC_NBC_TIT,SYS_C0022434,C,CHECK,ENABLED,NOT DEFERRABLE,IMMEDIATE,,ID,,,,,VALIDATED,"""ID"" IS NOT NULL"
MC_NBC_TIT,SYS_C0022435,C,CHECK,ENABLED,NOT DEFERRABLE,IMMEDIATE,,MC_NBC_ID,,,,,VALIDATED,"""MC_NBC_ID"" IS NOT NULL"
MC_NBC_TIT,SYS_C0022436,C,CHECK,ENABLED,NOT DEFERRABLE,IMMEDIATE,,MC_TIT_ID,,,,,VALIDATED,"""MC_TIT_ID"" IS NOT NULL"
MC_NBC_TIT,SYS_C0022437,C,CHECK,ENABLED,NOT DEFERRABLE,IMMEDIATE,,FUN_ID,,,,,VALIDATED,"""FUN_ID"" IS NOT NULL"
MC_NBC_TIT,MC_NBC_TIT_PK,P,PRIMARY KEY,ENABLED,NOT DEFERRABLE,IMMEDIATE,,ID,,,,,VALIDATED,
MC_NBC_TIT,MC_NBC_TIT_FK_FUN_ID,R,FOREIGN KEY,ENABLED,NOT DEFERRABLE,IMMEDIATE,FUN_PK,FUN_ID,SPE,FUNCIONARIO,FUN_ID,NO ACTION,VALIDATED,
MC_NBC_TIT,MC_NBC_TIT_FK_NBC_ID,R,FOREIGN KEY,ENABLED,NOT DEFERRABLE,IMMEDIATE,MC_NBC_PK,MC_NBC_ID,SPE,MC_NBC,ID,NO ACTION,VALIDATED,
MC_NBC_TIT,MC_NBC_TIT_FK_TIT_ID,R,FOREIGN KEY,ENABLED,NOT DEFERRABLE,IMMEDIATE,MC_TITULACION_PK,MC_TIT_ID,SPE,MC_TITULACION,ID,NO ACTION,VALIDATED,
MC_NVL_ACA,SYS_C0022851,C,CHECK,ENABLED,NOT DEFERRABLE,IMMEDIATE,,ID,,,,,VALIDATED,"""ID"" IS NOT NULL"
MC_NVL_ACA,SYS_C0022852,C,CHECK,ENABLED,NOT DEFERRABLE,IMMEDIATE,,MC_PERFIL_ID,,,,,VALIDATED,"""MC_PERFIL_ID"" IS NOT NULL"
MC_NVL_ACA,SYS_C0022853,C,CHECK,ENABLED,NOT DEFERRABLE,IMMEDIATE,,MC_TIPO_NVL_ACA_ID,,,,,VALIDATED,"""MC_TIPO_NVL_ACA_ID"" IS NOT NULL"
MC_NVL_ACA,SYS_C0022854,C,CHECK,ENABLED,NOT DEFERRABLE,IMMEDIATE,,FCH_CREACION,,,,,VALIDATED,"""FCH_CREACION"" IS NOT NULL"
MC_NVL_ACA,SYS_C0022855,C,CHECK,ENABLED,NOT DEFERRABLE,IMMEDIATE,,FUN_ID,,,,,VALIDATED,"""FUN_ID"" IS NOT NULL"
MC_NVL_ACA,MC_NVL_ACA_PK,P,PRIMARY KEY,ENABLED,NOT DEFERRABLE,IMMEDIATE,,ID,,,,,VALIDATED,
MC_NVL_ACA,MC_NVL_ACA_FK_FUN_ID,R,FOREIGN KEY,ENABLED,NOT DEFERRABLE,IMMEDIATE,FUN_PK,FUN_ID,SPE,FUNCIONARIO,FUN_ID,NO ACTION,VALIDATED,
MC_NVL_ACA,MC_NVL_ACA_FK_PERFIL,R,FOREIGN KEY,ENABLED,NOT DEFERRABLE,IMMEDIATE,MC_PERFIL_PK,MC_PERFIL_ID,SPE,MC_PERFIL,ID,NO ACTION,VALIDATED,
MC_NVL_ACA,MC_NVL_ACA_FK_TIP_NVL_ACA,R,FOREIGN KEY,ENABLED,NOT DEFERRABLE,IMMEDIATE,MC_TIPO_NVL_ACA_PK,MC_TIPO_NVL_ACA_ID,SPE,MC_TIPO_NVL_ACA,ID,NO ACTION,VALIDATED,
MC_NVL_ACA_NBC,SYS_C0023354,C,CHECK,ENABLED,NOT DEFERRABLE,IMMEDIATE,,ID,,,,,VALIDATED,"""ID"" IS NOT NULL"
MC_NVL_ACA_NBC,SYS_C0023355,C,CHECK,ENABLED,NOT DEFERRABLE,IMMEDIATE,,MC_NVL_ACA_ID,,,,,VALIDATED,"""MC_NVL_ACA_ID"" IS NOT NULL"
MC_NVL_ACA_NBC,SYS_C0023356,C,CHECK,ENABLED,NOT DEFERRABLE,IMMEDIATE,,MC_NBC_ID,,,,,VALIDATED,"""MC_NBC_ID"" IS NOT NULL"
MC_NVL_ACA_NBC,SYS_C0023357,C,CHECK,ENABLED,NOT DEFERRABLE,IMMEDIATE,,FECHA_CREACION,,,,,VALIDATED,"""FECHA_CREACION"" IS NOT NULL"
MC_NVL_ACA_NBC,SYS_C0023358,C,CHECK,ENABLED,NOT DEFERRABLE,IMMEDIATE,,FUN_ID,,,,,VALIDATED,"""FUN_ID"" IS NOT NULL"
MC_NVL_ACA_NBC,MC_NVL_ACA_NBC_PK,P,PRIMARY KEY,ENABLED,NOT DEFERRABLE,IMMEDIATE,,ID,,,,,VALIDATED,
MC_NVL_ACA_NBC,MC_NVL_ACA_NBC_FK_FUN_ID,R,FOREIGN KEY,ENABLED,NOT DEFERRABLE,IMMEDIATE,FUN_PK,FUN_ID,SPE,FUNCIONARIO,FUN_ID,NO ACTION,VALIDATED,
MC_NVL_ACA_NBC,MC_NVL_ACA_NBC_FK_NBC_ID,R,FOREIGN KEY,ENABLED,NOT DEFERRABLE,IMMEDIATE,MC_NBC_PK,MC_NBC_ID,SPE,MC_NBC,ID,NO ACTION,VALIDATED,
MC_NVL_ACA_NBC,MC_NVL_ACA_NBC_FK_NVL_ACA,R,FOREIGN KEY,ENABLED,NOT DEFERRABLE,IMMEDIATE,MC_NVL_ACA_PK,MC_NVL_ACA_ID,SPE,MC_NVL_ACA,ID,NO ACTION,VALIDATED,
MC_PERFIL,SYS_C0023359,C,CHECK,ENABLED,NOT DEFERRABLE,IMMEDIATE,,ID,,,,,VALIDATED,"""ID"" IS NOT NULL"
MC_PERFIL,SYS_C0023360,C,CHECK,ENABLED,NOT DEFERRABLE,IMMEDIATE,,MC_CONV_ID,,,,,VALIDATED,"""MC_CONV_ID"" IS NOT NULL"
MC_PERFIL,SYS_C0023361,C,CHECK,ENABLED,NOT DEFERRABLE,IMMEDIATE,,ESTADO,,,,,VALIDATED,"""ESTADO"" IS NOT NULL"
MC_PERFIL,SYS_C0023362,C,CHECK,ENABLED,NOT DEFERRABLE,IMMEDIATE,,ES_VIRTUAL,,,,,VALIDATED,"""ES_VIRTUAL"" IS NOT NULL"
MC_PERFIL,SYS_C0023363,C,CHECK,ENABLED,NOT DEFERRABLE,IMMEDIATE,,FUN_ID,,,,,VALIDATED,"""FUN_ID"" IS NOT NULL"
MC_PERFIL,SYS_C0023364,C,CHECK,ENABLED,NOT DEFERRABLE,IMMEDIATE,,NOMBRE_MOSTRAR,,,,,VALIDATED,"""NOMBRE_MOSTRAR"" IS NOT NULL"
MC_PERFIL,MC_PERFIL_PK,P,PRIMARY KEY,ENABLED,NOT DEFERRABLE,IMMEDIATE,,ID,,,,,VALIDATED,
MC_PERFIL,MC_PERFIL_FK_CONV_ID,R,FOREIGN KEY,ENABLED,NOT DEFERRABLE,IMMEDIATE,MC_CONVOCATORIA_PK,MC_CONV_ID,SPE,MC_CONVOCATORIA,ID,NO ACTION,VALIDATED,
MC_PERFIL,MC_PERFIL_FK_FUN_ID,R,FOREIGN KEY,ENABLED,NOT DEFERRABLE,IMMEDIATE,FUN_PK,FUN_ID,SPE,FUNCIONARIO,FUN_ID,NO ACTION,VALIDATED,
MC_PRESELECCION,SYS_C0022159,C,CHECK,ENABLED,NOT DEFERRABLE,IMMEDIATE,,MC_PRE_ID,,,,,VALIDATED,"""MC_PRE_ID"" IS NOT NULL"
MC_PRESELECCION,SYS_C0022160,C,CHECK,ENABLED,NOT DEFERRABLE,IMMEDIATE,,MC_PRE_FCH_REG,,,,,VALIDATED,"""MC_PRE_FCH_REG"" IS NOT NULL"
MC_PRESELECCION,SYS_C0022161,C,CHECK,ENABLED,NOT DEFERRABLE,IMMEDIATE,,MC_EST_PRE_ID,,,,,VALIDATED,"""MC_EST_PRE_ID"" IS NOT NULL"
MC_PRESELECCION,MC_PRESELECCION_PK,P,PRIMARY KEY,ENABLED,NOT DEFERRABLE,IMMEDIATE,,MC_PRE_ID,,,,,VALIDATED,
MC_PRESELECCION,MC_PRESELECCION_FK_ASPN_ID,R,FOREIGN KEY,ENABLED,NOT DEFERRABLE,IMMEDIATE,MC_ASPIRACION_PK,MC_ASPN_ID,SPE,MC_ASPIRACION,ID,NO ACTION,VALIDATED,
MC_PRESELECCION,MC_PRESELECCION_FK_EMP_ID,R,FOREIGN KEY,ENABLED,NOT DEFERRABLE,IMMEDIATE,EMP_PK,EMP_ID,SPE,EMPRESA,EMP_ID,NO ACTION,VALIDATED,
MC_PRESELECCION,MC_PRESELECCION_FK_EST_PRES,R,FOREIGN KEY,ENABLED,NOT DEFERRABLE,IMMEDIATE,MC_ESTADO_PRES_PK,MC_EST_PRE_ID,SPE,MC_ESTADO_PRES,MC_EST_PRE_ID,NO ACTION,VALIDATED,
MC_REQ_CAPTURADO,SYS_C0023643,C,CHECK,ENABLED,NOT DEFERRABLE,IMMEDIATE,,ID,,,,,VALIDATED,"""ID"" IS NOT NULL"
MC_REQ_CAPTURADO,SYS_C0023644,C,CHECK,ENABLED,NOT DEFERRABLE,IMMEDIATE,,MC_TIP_REQ_ID,,,,,VALIDATED,"""MC_TIP_REQ_ID"" IS NOT NULL"
MC_REQ_CAPTURADO,SYS_C0023645,C,CHECK,ENABLED,NOT DEFERRABLE,IMMEDIATE,,MC_ASPN_ID,,,,,VALIDATED,"""MC_ASPN_ID"" IS NOT NULL"
MC_REQ_CAPTURADO,SYS_C0023646,C,CHECK,ENABLED,NOT DEFERRABLE,IMMEDIATE,,URL_ARCHIVO,,,,,VALIDATED,"""URL_ARCHIVO"" IS NOT NULL"
MC_REQ_CAPTURADO,MC_REQUISITO_CAPTURADO_PK,P,PRIMARY KEY,ENABLED,NOT DEFERRABLE,IMMEDIATE,,ID,,,,,VALIDATED,
MC_REQ_CAPTURADO,MC_REQ_CAPTDO_FK_TIP_REQ_ID,R,FOREIGN KEY,ENABLED,NOT DEFERRABLE,IMMEDIATE,MC_TIPO_REQUISITO_PK,MC_TIP_REQ_ID,SPE,MC_TIPO_REQUISITO,ID,NO ACTION,VALIDATED,
MC_REQ_CAPTURADO,MC_REQ_CAPTDO_FK_TIT_APE,R,FOREIGN KEY,ENABLED,NOT DEFERRABLE,IMMEDIATE,TIT_PK,TIT_ID_APE,SPE,TITULO,TIT_ID,NO ACTION,VALIDATED,
MC_REQ_CAPTURADO,MC_REQ_CAPTDO_FK_TIT_ID,R,FOREIGN KEY,ENABLED,NOT DEFERRABLE,IMMEDIATE,MC_TITULACION_PK,TIT_ID,SPE,MC_TITULACION,ID,NO ACTION,VALIDATED,
MC_REQ_CAPTURADO,MC_REQ_CAPTURADO_FK1,R,FOREIGN KEY,ENABLED,NOT DEFERRABLE,IMMEDIATE,ENF_PK,ENF_ID_APE,SPE,ESTUDIO_NO_FORMAL,ENF_ID,NO ACTION,VALIDATED,
MC_REQ_CAPTURADO,MC_REQ_CAPTURADO_FK_ASPN_ID,R,FOREIGN KEY,ENABLED,NOT DEFERRABLE,IMMEDIATE,MC_ASPIRACION_PK,MC_ASPN_ID,SPE,MC_ASPIRACION,ID,NO ACTION,VALIDATED,
MC_REQ_CAPTURADO,MC_REQ_CAPTURADO_FK_COMP_LAB,R,FOREIGN KEY,ENABLED,NOT DEFERRABLE,IMMEDIATE,CPL_PK,CPL_ID,SPE,COMPETENCIA_LABORAL,CPL_ID,NO ACTION,VALIDATED,
MC_REQ_CAPTURADO,MC_REQ_CAPTURADO_FK_IND_APE,R,FOREIGN KEY,ENABLED,NOT DEFERRABLE,IMMEDIATE,IND_PK,IND_ID_APE,SPE,INDICE,IND_ID,NO ACTION,VALIDATED,
MC_REQ_CAPTURADO,MC_REQ_CAPTURADO_FK_NBC_ID,R,FOREIGN KEY,ENABLED,NOT DEFERRABLE,IMMEDIATE,MC_NBC_PK,MC_NBC_ID,SPE,MC_NBC,ID,NO ACTION,VALIDATED,
MC_REQ_CAPTURADO,MC_REQ_CAPTURADO_FK_NVL_ACA_ID,R,FOREIGN KEY,ENABLED,NOT DEFERRABLE,IMMEDIATE,MC_NVL_ACA_PK,MC_NVL_ACA_ID,SPE,MC_NVL_ACA,ID,NO ACTION,VALIDATED,
MC_TIPO_NIV_FORMACION,SYS_C0021560,C,CHECK,ENABLED,NOT DEFERRABLE,IMMEDIATE,,MTNF_ID,,,,,VALIDATED,"""MTNF_ID"" IS NOT NULL"
MC_TIPO_NIV_FORMACION,SYS_C0021561,C,CHECK,ENABLED,NOT DEFERRABLE,IMMEDIATE,,MTNF_NOMBRE,,,,,VALIDATED,"""MTNF_NOMBRE"" IS NOT NULL"
MC_TIPO_NIV_FORMACION,SYS_C0021562,C,CHECK,ENABLED,NOT DEFERRABLE,IMMEDIATE,,MTNF_FECHA_CREACION,,,,,VALIDATED,"""MTNF_FECHA_CREACION"" IS NOT NULL"
MC_TIPO_NIV_FORMACION,SYS_C0021563,C,CHECK,ENABLED,NOT DEFERRABLE,IMMEDIATE,,FUN_ID,,,,,VALIDATED,"""FUN_ID"" IS NOT NULL"
MC_TIPO_NIV_FORMACION,PK_MTNF_ID,P,PRIMARY KEY,ENABLED,NOT DEFERRABLE,IMMEDIATE,,MTNF_ID,,,,,VALIDATED,
MC_TIPO_NIV_FORMACION,FK_FUN_ID_MTNF,R,FOREIGN KEY,ENABLED,NOT DEFERRABLE,IMMEDIATE,FUN_PK,FUN_ID,SPE,FUNCIONARIO,FUN_ID,NO ACTION,VALIDATED,
MC_TIPO_NIV_FORMACION,UQ_MTNF_NOMBRE,U,UNIQUE,ENABLED,NOT DEFERRABLE,IMMEDIATE,,MTNF_NOMBRE,,,,,VALIDATED,
MC_TIPO_NVL_ACA,SYS_C0023365,C,CHECK,ENABLED,NOT DEFERRABLE,IMMEDIATE,,ID,,,,,VALIDATED,"""ID"" IS NOT NULL"
MC_TIPO_NVL_ACA,SYS_C0023366,C,CHECK,ENABLED,NOT DEFERRABLE,IMMEDIATE,,NOMBRE,,,,,VALIDATED,"""NOMBRE"" IS NOT NULL"
MC_TIPO_NVL_ACA,SYS_C0023367,C,CHECK,ENABLED,NOT DEFERRABLE,IMMEDIATE,,FCH_CREACION,,,,,VALIDATED,"""FCH_CREACION"" IS NOT NULL"
MC_TIPO_NVL_ACA,SYS_C0023368,C,CHECK,ENABLED,NOT DEFERRABLE,IMMEDIATE,,FUN_ID,,,,,VALIDATED,"""FUN_ID"" IS NOT NULL"
MC_TIPO_NVL_ACA,MC_TIPO_NVL_ACA_PK,P,PRIMARY KEY,ENABLED,NOT DEFERRABLE,IMMEDIATE,,ID,,,,,VALIDATED,
MC_TIPO_NVL_ACA,MC_TIPO_NVL_ACA_UK_NOMBRE,U,UNIQUE,ENABLED,NOT DEFERRABLE,IMMEDIATE,,NOMBRE,,,,,VALIDATED,
MC_TIPO_REQUISITO,SYS_C0022130,C,CHECK,ENABLED,NOT DEFERRABLE,IMMEDIATE,,ID,,,,,VALIDATED,"""ID"" IS NOT NULL"
MC_TIPO_REQUISITO,SYS_C0022131,C,CHECK,ENABLED,NOT DEFERRABLE,IMMEDIATE,,NOMBRE,,,,,VALIDATED,"""NOMBRE"" IS NOT NULL"
MC_TIPO_REQUISITO,SYS_C0022132,C,CHECK,ENABLED,NOT DEFERRABLE,IMMEDIATE,,MC_CONV_ID,,,,,VALIDATED,"""MC_CONV_ID"" IS NOT NULL"
MC_TIPO_REQUISITO,MC_TIPO_REQUISITO_PK,P,PRIMARY KEY,ENABLED,NOT DEFERRABLE,IMMEDIATE,,ID,,,,,VALIDATED,
MC_TIPO_REQUISITO,MC_TIPO_REQUISITO_FK_CNV_ID,R,FOREIGN KEY,ENABLED,NOT DEFERRABLE,IMMEDIATE,MC_CONVOCATORIA_PK,MC_CONV_ID,SPE,MC_CONVOCATORIA,ID,NO ACTION,VALIDATED,
MC_TITULACION,SYS_C0022133,C,CHECK,ENABLED,NOT DEFERRABLE,IMMEDIATE,,ID,,,,,VALIDATED,"""ID"" IS NOT NULL"
MC_TITULACION,SYS_C0022134,C,CHECK,ENABLED,NOT DEFERRABLE,IMMEDIATE,,NOMBRE,,,,,VALIDATED,"""NOMBRE"" IS NOT NULL"
MC_TITULACION,SYS_C0022135,C,CHECK,ENABLED,NOT DEFERRABLE,IMMEDIATE,,FCH_CREACION,,,,,VALIDATED,"""FCH_CREACION"" IS NOT NULL"
MC_TITULACION,SYS_C0022136,C,CHECK,ENABLED,NOT DEFERRABLE,IMMEDIATE,,FUN_ID,,,,,VALIDATED,"""FUN_ID"" IS NOT NULL"
MC_TITULACION,MC_TITULACION_PK,P,PRIMARY KEY,ENABLED,NOT DEFERRABLE,IMMEDIATE,,ID,,,,,VALIDATED,
MC_TITULACION,MC_TITULACION_FK_FUN_ID,R,FOREIGN KEY,ENABLED,NOT DEFERRABLE,IMMEDIATE,FUN_PK,FUN_ID,SPE,FUNCIONARIO,FUN_ID,NO ACTION,VALIDATED,
MEDICION_CONEXIONES,SYS_C0021630,C,CHECK,ENABLED,NOT DEFERRABLE,IMMEDIATE,,SID,,,,,VALIDATED,"""SID"" IS NOT NULL"
MEDICION_CONEXIONES,SYS_C0021631,C,CHECK,ENABLED,NOT DEFERRABLE,IMMEDIATE,,STATUS,,,,,VALIDATED,"""STATUS"" IS NOT NULL"
MEDICION_CONEXIONES,SYS_C0021632,C,CHECK,ENABLED,NOT DEFERRABLE,IMMEDIATE,,LOGON_TIME,,,,,VALIDATED,"""LOGON_TIME"" IS NOT NULL"
MED_BUSQUEDA_EMPLEO,MBE_ID_NULL,C,CHECK,ENABLED,NOT DEFERRABLE,IMMEDIATE,,MBE_ID,,,,,VALIDATED,"""MBE_ID"" IS NOT NULL"
MED_BUSQUEDA_EMPLEO,MBE_NOMBRE_NULL,C,CHECK,ENABLED,NOT DEFERRABLE,IMMEDIATE,,MBE_NOMBRE,,,,,VALIDATED,"""MBE_NOMBRE"" IS NOT NULL"
MED_BUSQUEDA_EMPLEO,MBE_PK,P,PRIMARY KEY,ENABLED,NOT DEFERRABLE,IMMEDIATE,,MBE_ID,,,,,VALIDATED,
META_TABLA,GMT_MTT_NULL,C,CHECK,ENABLED,NOT DEFERRABLE,IMMEDIATE,,GMT_ID,,,,,VALIDATED,"""GMT_ID"" IS NOT NULL"
META_TABLA,MTT_DESCRIPCION_NULL,C,CHECK,ENABLED,NOT DEFERRABLE,IMMEDIATE,,MTT_DESCRIPCION,,,,,VALIDATED,"""MTT_DESCRIPCION"" IS NOT NULL"
META_TABLA,MTT_ID_NULL,C,CHECK,ENABLED,NOT DEFERRABLE,IMMEDIATE,,MTT_ID,,,,,VALIDATED,"""MTT_ID"" IS NOT NULL"
META_TABLA,MTT_NOMBRE_NULL,C,CHECK,ENABLED,NOT DEFERRABLE,IMMEDIATE,,MTT_NOMBRE,,,,,VALIDATED,"""MTT_NOMBRE"" IS NOT NULL"
META_TABLA,MTT_PK,P,PRIMARY KEY,ENABLED,NOT DEFERRABLE,IMMEDIATE,,MTT_ID,,,,,VALIDATED,
META_TABLA,GMT_MTT_FK,R,FOREIGN KEY,ENABLED,NOT DEFERRABLE,IMMEDIATE,GMT_PK,GMT_ID,SPE,GRUPO_META_TABLA,GMT_ID,NO ACTION,VALIDATED,
METODOLOGIA,MET_ID_NULL,C,CHECK,ENABLED,NOT DEFERRABLE,IMMEDIATE,,MET_ID,,,,,VALIDATED,"""MET_ID"" IS NOT NULL"
METODOLOGIA,MET_NOMBRE_NULL,C,CHECK,ENABLED,NOT DEFERRABLE,IMMEDIATE,,MET_NOMBRE,,,,,VALIDATED,"""MET_NOMBRE"" IS NOT NULL"
METODOLOGIA,MET_PK,P,PRIMARY KEY,ENABLED,NOT DEFERRABLE,IMMEDIATE,,MET_ID,,,,,VALIDATED,
MINTRABAJO_PUNTO,SYS_C0022801,C,CHECK,ENABLED,NOT DEFERRABLE,IMMEDIATE,,REG_ID,,,,,VALIDATED,"""REG_ID"" IS NOT NULL"
MINTRABAJO_PUNTO,SYS_C0022802,C,CHECK,ENABLED,NOT DEFERRABLE,IMMEDIATE,,MTP_PUNTO,,,,,VALIDATED,"""MTP_PUNTO"" IS NOT NULL"
MINTRABAJO_PUNTO,MINTRABAJO_PUNTO_PK,P,PRIMARY KEY,ENABLED,NOT DEFERRABLE,IMMEDIATE,,REG_ID,,,,,VALIDATED,
MINTRABAJO_SUELDO,SYS_C0021776,C,CHECK,ENABLED,NOT DEFERRABLE,IMMEDIATE,,SUE_ID,,,,,VALIDATED,"""SUE_ID"" IS NOT NULL"
MINTRABAJO_SUELDO,SYS_C0021777,C,CHECK,ENABLED,NOT DEFERRABLE,IMMEDIATE,,MINS_ID,,,,,VALIDATED,"""MINS_ID"" IS NOT NULL"
MINTRABAJO_SUELDO,SYS_C0021778,C,CHECK,ENABLED,NOT DEFERRABLE,IMMEDIATE,,MINS_DESCRIPCION,,,,,VALIDATED,"""MINS_DESCRIPCION"" IS NOT NULL"
MINTRABAJO_SUELDO,MINS_PK,P,PRIMARY KEY,ENABLED,NOT DEFERRABLE,IMMEDIATE,,SUE_ID,,,,,VALIDATED,
MINTRABAJO_TIPO_DOC,SYS_C0023577,C,CHECK,ENABLED,NOT DEFERRABLE,IMMEDIATE,,TDI_ID,,,,,VALIDATED,"""TDI_ID"" IS NOT NULL"
MINTRABAJO_TIPO_DOC,SYS_C0023578,C,CHECK,ENABLED,NOT DEFERRABLE,IMMEDIATE,,MINT_ABREVIATURA,,,,,VALIDATED,"""MINT_ABREVIATURA"" IS NOT NULL"
MINTRABAJO_TIPO_DOC,MINT_PK,P,PRIMARY KEY,ENABLED,NOT DEFERRABLE,IMMEDIATE,,TDI_ID,,,,,VALIDATED,
MODALIDAD,MOD_ID_NULL,C,CHECK,ENABLED,NOT DEFERRABLE,IMMEDIATE,,MOD_ID,,,,,VALIDATED,"""MOD_ID"" IS NOT NULL"
MODALIDAD,MOD_NOMBRE_NULL,C,CHECK,ENABLED,NOT DEFERRABLE,IMMEDIATE,,MOD_NOMBRE,,,,,VALIDATED,"""MOD_NOMBRE"" IS NOT NULL"
MODALIDAD,NIA_MOD_NULL,C,CHECK,ENABLED,NOT DEFERRABLE,IMMEDIATE,,NIA_ID,,,,,VALIDATED,"""NIA_ID"" IS NOT NULL"
MODALIDAD,MOD_PK,P,PRIMARY KEY,ENABLED,NOT DEFERRABLE,IMMEDIATE,,MOD_ID,,,,,VALIDATED,
MODALIDAD,NIA_MOD_FK,R,FOREIGN KEY,ENABLED,NOT DEFERRABLE,IMMEDIATE,NIA_PK,NIA_ID,SPE,NIVEL_ACADEMICO,NIA_ID,NO ACTION,VALIDATED,
MUNICIPIO,DPT_MPO_NULL,C,CHECK,ENABLED,NOT DEFERRABLE,IMMEDIATE,,DPT_ID,,,,,VALIDATED,"""DPT_ID"" IS NOT NULL"
MUNICIPIO,MPO_ID_NULL,C,CHECK,ENABLED,NOT DEFERRABLE,IMMEDIATE,,MPO_ID,,,,,VALIDATED,"""MPO_ID"" IS NOT NULL"
MUNICIPIO,MPO_NOMBRE_NULL,C,CHECK,ENABLED,NOT DEFERRABLE,IMMEDIATE,,MPO_NOMBRE,,,,,VALIDATED,"""MPO_NOMBRE"" IS NOT NULL"
MUNICIPIO,MPO_PK,P,PRIMARY KEY,ENABLED,NOT DEFERRABLE,IMMEDIATE,,MPO_ID,,,,,VALIDATED,
MUNICIPIO,DPT_MPO_FK,R,FOREIGN KEY,ENABLED,NOT DEFERRABLE,IMMEDIATE,DPT_PK,DPT_ID,SPE,DEPARTAMENTO,DPT_ID,NO ACTION,VALIDATED,
NIVEL_ACADEMICO,DUR_NIA_NULL,C,CHECK,ENABLED,NOT DEFERRABLE,IMMEDIATE,,DUR_ID,,,,,VALIDATED,"""DUR_ID"" IS NOT NULL"
NIVEL_ACADEMICO,NIA_ABREVIATURA_NULL,C,CHECK,ENABLED,NOT DEFERRABLE,IMMEDIATE,,NIA_ABREVIATURA,,,,,VALIDATED,"""NIA_ABREVIATURA"" IS NOT NULL"
NIVEL_ACADEMICO,NIA_FIN_NULL,C,CHECK,ENABLED,NOT DEFERRABLE,IMMEDIATE,,NIA_FIN,,,,,VALIDATED,"""NIA_FIN"" IS NOT NULL"
NIVEL_ACADEMICO,NIA_ID_NULL,C,CHECK,ENABLED,NOT DEFERRABLE,IMMEDIATE,,NIA_ID,,,,,VALIDATED,"""NIA_ID"" IS NOT NULL"
NIVEL_ACADEMICO,NIA_INI_NULL,C,CHECK,ENABLED,NOT DEFERRABLE,IMMEDIATE,,NIA_INI,,,,,VALIDATED,"""NIA_INI"" IS NOT NULL"
NIVEL_ACADEMICO,NIA_NOMBRE_NULL,C,CHECK,ENABLED,NOT DEFERRABLE,IMMEDIATE,,NIA_NOMBRE,,,,,VALIDATED,"""NIA_NOMBRE"" IS NOT NULL"
NIVEL_ACADEMICO,NIA_ORDEN_NULL,C,CHECK,ENABLED,NOT DEFERRABLE,IMMEDIATE,,NIA_ORDEN,,,,,VALIDATED,"""NIA_ORDEN"" IS NOT NULL"
NIVEL_ACADEMICO,NIV_NIA_NULL,C,CHECK,ENABLED,NOT DEFERRABLE,IMMEDIATE,,NIV_ID,,,,,VALIDATED,"""NIV_ID"" IS NOT NULL"
NIVEL_ACADEMICO,SYS_C0022586,C,CHECK,ENABLED,NOT DEFERRABLE,IMMEDIATE,,NIA_SNIES_MOD,,,,,VALIDATED,"""NIA_SNIES_MOD"" IS NOT NULL"
NIVEL_ACADEMICO,SYS_C0022587,C,CHECK,ENABLED,NOT DEFERRABLE,IMMEDIATE,,NIA_CRUCE,,,,,VALIDATED,"""NIA_CRUCE"" IS NOT NULL"
NIVEL_ACADEMICO,NIA_PK,P,PRIMARY KEY,ENABLED,NOT DEFERRABLE,IMMEDIATE,,NIA_ID,,,,,VALIDATED,
NIVEL_ACADEMICO,DUR_NIA_FK,R,FOREIGN KEY,ENABLED,NOT DEFERRABLE,IMMEDIATE,DUR_PK,DUR_ID,SPE,DURACION,DUR_ID,NO ACTION,VALIDATED,
NIVEL_ACADEMICO,NIV_NIA_FK,R,FOREIGN KEY,ENABLED,NOT DEFERRABLE,IMMEDIATE,NIV_PK,NIV_ID,SPE,NIVEL_ESCOLAR,NIV_ID,NO ACTION,VALIDATED,
NIVEL_ACADEMICO,NIA_ORDEN_UK_UC,U,UNIQUE,ENABLED,NOT DEFERRABLE,IMMEDIATE,,NIA_ORDEN,,,,,VALIDATED,
NIVEL_CUALIFICACION,NIC_DESCRIPCION_NULL,C,CHECK,ENABLED,NOT DEFERRABLE,IMMEDIATE,,NIC_DESCRIPCION,,,,,VALIDATED,"""NIC_DESCRIPCION"" IS NOT NULL"
NIVEL_CUALIFICACION,NIC_ID_NULL,C,CHECK,ENABLED,NOT DEFERRABLE,IMMEDIATE,,NIC_ID,,,,,VALIDATED,"""NIC_ID"" IS NOT NULL"
NIVEL_CUALIFICACION,NIC_NOMBRE_NULL,C,CHECK,ENABLED,NOT DEFERRABLE,IMMEDIATE,,NIC_NOMBRE,,,,,VALIDATED,"""NIC_NOMBRE"" IS NOT NULL"
NIVEL_CUALIFICACION,NIC_PK,P,PRIMARY KEY,ENABLED,NOT DEFERRABLE,IMMEDIATE,,NIC_ID,,,,,VALIDATED,
NIVEL_CUALIFICACION_NUM,NIC_NIM_NULL,C,CHECK,ENABLED,NOT DEFERRABLE,IMMEDIATE,,NIC_ID,,,,,VALIDATED,"""NIC_ID"" IS NOT NULL"
NIVEL_CUALIFICACION_NUM,NIM_ID_NULL,C,CHECK,ENABLED,NOT DEFERRABLE,IMMEDIATE,,NIM_ID,,,,,VALIDATED,"""NIM_ID"" IS NOT NULL"
NIVEL_CUALIFICACION_NUM,NIM_PK,P,PRIMARY KEY,ENABLED,NOT DEFERRABLE,IMMEDIATE,,NIM_ID,,,,,VALIDATED,
NIVEL_CUALIFICACION_NUM,NIC_NIM_FK,R,FOREIGN KEY,ENABLED,NOT DEFERRABLE,IMMEDIATE,NIC_PK,NIC_ID,SPE,NIVEL_CUALIFICACION,NIC_ID,NO ACTION,VALIDATED,
NIVEL_ESCOLAR,NIV_ID_NULL,C,CHECK,ENABLED,NOT DEFERRABLE,IMMEDIATE,,NIV_ID,,,,,VALIDATED,"""NIV_ID"" IS NOT NULL"
NIVEL_ESCOLAR,NIV_NOMBRE_NULL,C,CHECK,ENABLED,NOT DEFERRABLE,IMMEDIATE,,NIV_NOMBRE,,,,,VALIDATED,"""NIV_NOMBRE"" IS NOT NULL"
NIVEL_ESCOLAR,NIV_PK,P,PRIMARY KEY,ENABLED,NOT DEFERRABLE,IMMEDIATE,,NIV_ID,,,,,VALIDATED,
OCUPACION,CAO_OCU_NULL,C,CHECK,ENABLED,NOT DEFERRABLE,IMMEDIATE,,CAO_ID,,,,,VALIDATED,"""CAO_ID"" IS NOT NULL"
OCUPACION,OCU_DESCRIPCION_NULL,C,CHECK,ENABLED,NOT DEFERRABLE,IMMEDIATE,,OCU_DESCRIPCION,,,,,VALIDATED,"""OCU_DESCRIPCION"" IS NOT NULL"
OCUPACION,OCU_ID_NULL,C,CHECK,ENABLED,NOT DEFERRABLE,IMMEDIATE,,OCU_ID,,,,,VALIDATED,"""OCU_ID"" IS NOT NULL"
OCUPACION,OCU_NOMBRE_NULL,C,CHECK,ENABLED,NOT DEFERRABLE,IMMEDIATE,,OCU_NOMBRE,,,,,VALIDATED,"""OCU_NOMBRE"" IS NOT NULL"
OCUPACION,OCU_PK,P,PRIMARY KEY,ENABLED,NOT DEFERRABLE,IMMEDIATE,,OCU_ID,,,,,VALIDATED,
OCUPACION,CAO_OCU_FK,R,FOREIGN KEY,ENABLED,NOT DEFERRABLE,IMMEDIATE,CAO_PK,CAO_ID,SPE,CAMPO_OCUPACIONAL,CAO_ID,NO ACTION,VALIDATED,
OCUPACION_RELACIONADA,SYS_C0021573,C,CHECK,ENABLED,NOT DEFERRABLE,IMMEDIATE,,ORE_ID,,,,,VALIDATED,"""ORE_ID"" IS NOT NULL"
OCUPACION_RELACIONADA,SYS_C0021574,C,CHECK,ENABLED,NOT DEFERRABLE,IMMEDIATE,,OCU_ID_BASE,,,,,VALIDATED,"""OCU_ID_BASE"" IS NOT NULL"
OCUPACION_RELACIONADA,SYS_C0021575,C,CHECK,ENABLED,NOT DEFERRABLE,IMMEDIATE,,OCU_ID_RELACIONADA,,,,,VALIDATED,"""OCU_ID_RELACIONADA"" IS NOT NULL"
OCUPACION_RELACIONADA,SYS_C0021576,C,CHECK,ENABLED,NOT DEFERRABLE,IMMEDIATE,,ORE_FECHA_REGISTRO,,,,,VALIDATED,"""ORE_FECHA_REGISTRO"" IS NOT NULL"
OCUPACION_RELACIONADA,PK_ORE_ID,P,PRIMARY KEY,ENABLED,NOT DEFERRABLE,IMMEDIATE,,ORE_ID,,,,,VALIDATED,
OCUPACION_RELACIONADA,FK_FUN_ID_ORE,R,FOREIGN KEY,ENABLED,NOT DEFERRABLE,IMMEDIATE,FUN_PK,FUN_ID,SPE,FUNCIONARIO,FUN_ID,NO ACTION,VALIDATED,
OCUPACION_RELACIONADA,FK_OCU_ID_BASE_ORE,R,FOREIGN KEY,ENABLED,NOT DEFERRABLE,IMMEDIATE,OCU_PK,OCU_ID_BASE,SPE,OCUPACION,OCU_ID,NO ACTION,VALIDATED,
OCUPACION_RELACIONADA,FK_OCU_ID_RELACIONADA_ORE,R,FOREIGN KEY,ENABLED,NOT DEFERRABLE,IMMEDIATE,OCU_PK,OCU_ID_RELACIONADA,SPE,OCUPACION,OCU_ID,NO ACTION,VALIDATED,
OCUPACION_RELACIONADA,UQ_FK_OCU_BASE_RELA,U,UNIQUE,ENABLED,NOT DEFERRABLE,IMMEDIATE,,"OCU_ID_BASE,OCU_ID_RELACIONADA",,,,,VALIDATED,
OFERTA,ESC_OFT_NULL,C,CHECK,ENABLED,NOT DEFERRABLE,IMMEDIATE,,ESC_ID,,,,,VALIDATED,"""ESC_ID"" IS NOT NULL"
OFERTA,ETR_OFT_NULL,C,CHECK,ENABLED,NOT DEFERRABLE,IMMEDIATE,,ETR_ID,,,,,VALIDATED,"""ETR_ID"" IS NOT NULL"
OFERTA,OFT_AUTORIZACION_CHK,C,CHECK,ENABLED,NOT DEFERRABLE,IMMEDIATE,,OFT_AUTORIZACION,,,,,VALIDATED,"
		OFT_AUTORIZACION in (0,1,2,3)
		"
OFERTA,OFT_AUTORIZACION_NULL,C,CHECK,ENABLED,NOT DEFERRABLE,IMMEDIATE,,OFT_AUTORIZACION,,,,,VALIDATED,"""OFT_AUTORIZACION"" IS NOT NULL"
OFERTA,OFT_CLAVE_NULL,C,CHECK,ENABLED,NOT DEFERRABLE,IMMEDIATE,,OFT_CLAVE,,,,,VALIDATED,"""OFT_CLAVE"" IS NOT NULL"
OFERTA,OFT_DIRECCION_NULL,C,CHECK,ENABLED,NOT DEFERRABLE,IMMEDIATE,,OFT_DIRECCION,,,,,VALIDATED,"""OFT_DIRECCION"" IS NOT NULL"
OFERTA,OFT_FCH_NACIMIENTO_NULL,C,CHECK,ENABLED,NOT DEFERRABLE,IMMEDIATE,,OFT_FCH_NACIMIENTO,,,,,VALIDATED,"""OFT_FCH_NACIMIENTO"" IS NOT NULL"
OFERTA,OFT_GENERO_CHK,C,CHECK,ENABLED,NOT DEFERRABLE,IMMEDIATE,,OFT_GENERO,,,,,VALIDATED,"
		OFT_GENERO in (0,1)
		"
OFERTA,OFT_GENERO_NULL,C,CHECK,ENABLED,NOT DEFERRABLE,IMMEDIATE,,OFT_GENERO,,,,,VALIDATED,"""OFT_GENERO"" IS NOT NULL"
OFERTA,OFT_IDENTIFICACION_NULL,C,CHECK,ENABLED,NOT DEFERRABLE,IMMEDIATE,,OFT_IDENTIFICACION,,,,,VALIDATED,"""OFT_IDENTIFICACION"" IS NOT NULL"
OFERTA,OFT_ID_NULL,C,CHECK,ENABLED,NOT DEFERRABLE,IMMEDIATE,,OFT_ID,,,,,VALIDATED,"""OFT_ID"" IS NOT NULL"
OFERTA,OFT_LIB_MILITAR_CHK,C,CHECK,ENABLED,NOT DEFERRABLE,IMMEDIATE,,OFT_LIB_MILITAR,,,,,VALIDATED,"
		OFT_LIB_MILITAR in (0,1,2)
		"
OFERTA,OFT_LIB_MILITAR_NULL,C,CHECK,ENABLED,NOT DEFERRABLE,IMMEDIATE,,OFT_LIB_MILITAR,,,,,VALIDATED,"""OFT_LIB_MILITAR"" IS NOT NULL"
OFERTA,OFT_MED_INSCRIPCION_CHK,C,CHECK,ENABLED,NOT DEFERRABLE,IMMEDIATE,,OFT_MED_INSCRIPCION,,,,,VALIDATED,"
		OFT_MED_INSCRIPCION in (0,1)
		"
OFERTA,OFT_MED_INSCRIPCION_NULL,C,CHECK,ENABLED,NOT DEFERRABLE,IMMEDIATE,,OFT_MED_INSCRIPCION,,,,,VALIDATED,"""OFT_MED_INSCRIPCION"" IS NOT NULL"
OFERTA,OFT_NOMBRES_NULL,C,CHECK,ENABLED,NOT DEFERRABLE,IMMEDIATE,,OFT_NOMBRES,,,,,VALIDATED,"""OFT_NOMBRES"" IS NOT NULL"
OFERTA,OFT_PERSONAS_CARGO_NULL,C,CHECK,ENABLED,NOT DEFERRABLE,IMMEDIATE,,OFT_PERSONAS_CARGO,,,,,VALIDATED,"""OFT_PERSONAS_CARGO"" IS NOT NULL"
OFERTA,OFT_PREGUNTA_NULL,C,CHECK,ENABLED,NOT DEFERRABLE,IMMEDIATE,,OFT_PREGUNTA,,,,,VALIDATED,"""OFT_PREGUNTA"" IS NOT NULL"
OFERTA,OFT_PRIMER_APELLIDO_NULL,C,CHECK,ENABLED,NOT DEFERRABLE,IMMEDIATE,,OFT_PRIMER_APELLIDO,,,,,VALIDATED,"""OFT_PRIMER_APELLIDO"" IS NOT NULL"
OFERTA,OFT_RESPUESTA_NULL,C,CHECK,ENABLED,NOT DEFERRABLE,IMMEDIATE,,OFT_RESPUESTA,,,,,VALIDATED,"""OFT_RESPUESTA"" IS NOT NULL"
OFERTA,OFT_SISBEN_NIVEL_CHK,C,CHECK,ENABLED,NOT DEFERRABLE,IMMEDIATE,,OFT_SISBEN_NIVEL,,,,,VALIDATED,"
		OFT_SISBEN_NIVEL in (1,2,3,4,5,6)
		"
OFERTA,OFT_SISBEN_TIPO_CHK,C,CHECK,ENABLED,NOT DEFERRABLE,IMMEDIATE,,OFT_SISBEN_TIPO,,,,,VALIDATED,"
		OFT_SISBEN_TIPO in (0,1)
		"
OFERTA,OFT_SUELDO_ACEPTARIA_NULL,C,CHECK,ENABLED,NOT DEFERRABLE,IMMEDIATE,,OFT_SUELDO_ACEPTARIA,,,,,VALIDATED,"""OFT_SUELDO_ACEPTARIA"" IS NOT NULL"
OFERTA,OFT_TIEMPO_BUSQUEDA_NULL,C,CHECK,ENABLED,NOT DEFERRABLE,IMMEDIATE,,OFT_TIEMPO_BUSQUEDA,,,,,VALIDATED,"""OFT_TIEMPO_BUSQUEDA"" IS NOT NULL"
OFERTA,PAI_OFT_NULL,C,CHECK,ENABLED,NOT DEFERRABLE,IMMEDIATE,,PAI_ID,,,,,VALIDATED,"""PAI_ID"" IS NOT NULL"
OFERTA,REG_OFT_NULL,C,CHECK,ENABLED,NOT DEFERRABLE,IMMEDIATE,,REG_ID,,,,,VALIDATED,"""REG_ID"" IS NOT NULL"
OFERTA,TDI_OFT_NULL,C,CHECK,ENABLED,NOT DEFERRABLE,IMMEDIATE,,TDI_ID,,,,,VALIDATED,"""TDI_ID"" IS NOT NULL"
OFERTA,OFT_PK,P,PRIMARY KEY,ENABLED,NOT DEFERRABLE,IMMEDIATE,,OFT_ID,,,,,VALIDATED,
OFERTA,BAR_OFT_FK,R,FOREIGN KEY,ENABLED,NOT DEFERRABLE,IMMEDIATE,BAR_PK,BAR_ID,SPE,BARRIO,BAR_ID,NO ACTION,VALIDATED,
OFERTA,CSPEA_OFT_FK,R,FOREIGN KEY,ENABLED,NOT DEFERRABLE,IMMEDIATE,CSPE_PK,CSPE_ID_ACTUALIZA,SPE,CENTRO_SPE,CSPE_ID,NO ACTION,VALIDATED,
OFERTA,CSPE_OFT_FK,R,FOREIGN KEY,ENABLED,NOT DEFERRABLE,IMMEDIATE,CSPE_PK,CSPE_ID,SPE,CENTRO_SPE,CSPE_ID,NO ACTION,VALIDATED,
OFERTA,DPT_OFT_FK,R,FOREIGN KEY,ENABLED,NOT DEFERRABLE,IMMEDIATE,DPT_PK,DPT_ID,SPE,DEPARTAMENTO,DPT_ID,NO ACTION,VALIDATED,
OFERTA,ESC_OFT_FK,R,FOREIGN KEY,ENABLED,NOT DEFERRABLE,IMMEDIATE,ESC_PK,ESC_ID,SPE,ESTADO_CIVIL,ESC_ID,NO ACTION,VALIDATED,
OFERTA,ETR_OFT_FK,R,FOREIGN KEY,ENABLED,NOT DEFERRABLE,IMMEDIATE,ETR_PK,ETR_ID,SPE,ESTRATO,ETR_ID,NO ACTION,VALIDATED,
OFERTA,EVENTO,R,FOREIGN KEY,ENABLED,NOT DEFERRABLE,IMMEDIATE,EVENTOS_PK,OFT_EVENTO,SPE,EVENTOS,EVENTO_ID,NO ACTION,VALIDATED,
OFERTA,FUA_OFT_FK,R,FOREIGN KEY,ENABLED,NOT DEFERRABLE,IMMEDIATE,FUN_PK,FUN_ID_ACTUALIZA,SPE,FUNCIONARIO,FUN_ID,NO ACTION,VALIDATED,
OFERTA,FUN_OFT_FK,R,FOREIGN KEY,ENABLED,NOT DEFERRABLE,IMMEDIATE,FUN_PK,FUN_ID,SPE,FUNCIONARIO,FUN_ID,NO ACTION,VALIDATED,
OFERTA,MPO_IDENTIFICACION_OFT_FK,R,FOREIGN KEY,ENABLED,NOT DEFERRABLE,IMMEDIATE,MPO_PK,OFT_IDENTIFICACION_MPO,SPE,MUNICIPIO,MPO_ID,NO ACTION,VALIDATED,
OFERTA,MPO_NACIMIENTO_FK,R,FOREIGN KEY,ENABLED,NOT DEFERRABLE,IMMEDIATE,MPO_PK,OFT_NACIMIENTO_MPO,SPE,MUNICIPIO,MPO_ID,NO ACTION,VALIDATED,
OFERTA,MPO_OFT_FK,R,FOREIGN KEY,ENABLED,NOT DEFERRABLE,IMMEDIATE,MPO_PK,MPO_ID,SPE,MUNICIPIO,MPO_ID,NO ACTION,VALIDATED,
OFERTA,OFT_SISBEN_MPO_FK,R,FOREIGN KEY,ENABLED,NOT DEFERRABLE,IMMEDIATE,MPO_PK,OFT_SISBEN_MPO,SPE,MUNICIPIO,MPO_ID,NO ACTION,VALIDATED,
OFERTA,PAI_OFT_FK,R,FOREIGN KEY,ENABLED,NOT DEFERRABLE,IMMEDIATE,PAI_PK,PAI_ID,SPE,PAIS,PAI_ID,NO ACTION,VALIDATED,
OFERTA,PSF_OFT_FK,R,FOREIGN KEY,ENABLED,NOT DEFERRABLE,IMMEDIATE,PSF_PK,PSF_ID,SPE,POSICION_FAMILIAR,PSF_ID,NO ACTION,VALIDATED,
OFERTA,REG_OFT_FK,R,FOREIGN KEY,ENABLED,NOT DEFERRABLE,IMMEDIATE,REG_PK,REG_ID,SPE,REGIONAL,REG_ID,NO ACTION,VALIDATED,
OFERTA,SUE_OFT_FK,R,FOREIGN KEY,ENABLED,NOT DEFERRABLE,IMMEDIATE,SUE_PK,SUE_ID,SPE,SUELDO,SUE_ID,NO ACTION,VALIDATED,
OFERTA,TDI_OFT_FK,R,FOREIGN KEY,ENABLED,NOT DEFERRABLE,IMMEDIATE,TDI_PK,TDI_ID,SPE,TIPO_DOC_IDENT,TDI_ID,NO ACTION,VALIDATED,
OFERTA,ZON_OFT_FK,R,FOREIGN KEY,ENABLED,NOT DEFERRABLE,IMMEDIATE,ZON_PK,ZON_ID,SPE,ZONA,ZON_ID,NO ACTION,VALIDATED,
OFERTA,OFT_IDENTIFICACION_UK_UC,U,UNIQUE,ENABLED,NOT DEFERRABLE,IMMEDIATE,,OFT_IDENTIFICACION,,,,,VALIDATED,
OFERTA_ANULADA,AOF_AUTORIZACION_CHK,C,CHECK,ENABLED,NOT DEFERRABLE,IMMEDIATE,,OFT_AUTORIZACION,,,,,VALIDATED,"
		OFT_AUTORIZACION in (0,1,2,3)
		"
OFERTA_ANULADA,AOF_AUTORIZACION_NULL,C,CHECK,ENABLED,NOT DEFERRABLE,IMMEDIATE,,OFT_AUTORIZACION,,,,,VALIDATED,"""OFT_AUTORIZACION"" IS NOT NULL"
OFERTA_ANULADA,AOF_CLAVE_NULL,C,CHECK,ENABLED,NOT DEFERRABLE,IMMEDIATE,,OFT_CLAVE,,,,,VALIDATED,"""OFT_CLAVE"" IS NOT NULL"
OFERTA_ANULADA,AOF_DIRECCION_NULL,C,CHECK,ENABLED,NOT DEFERRABLE,IMMEDIATE,,OFT_DIRECCION,,,,,VALIDATED,"""OFT_DIRECCION"" IS NOT NULL"
OFERTA_ANULADA,AOF_FCH_NACIMIENTO_NULL,C,CHECK,ENABLED,NOT DEFERRABLE,IMMEDIATE,,OFT_FCH_NACIMIENTO,,,,,VALIDATED,"""OFT_FCH_NACIMIENTO"" IS NOT NULL"
OFERTA_ANULADA,AOF_GENERO_CHK,C,CHECK,ENABLED,NOT DEFERRABLE,IMMEDIATE,,OFT_GENERO,,,,,VALIDATED,"
		OFT_GENERO in (0,1)
		"
OFERTA_ANULADA,AOF_GENERO_NULL,C,CHECK,ENABLED,NOT DEFERRABLE,IMMEDIATE,,OFT_GENERO,,,,,VALIDATED,"""OFT_GENERO"" IS NOT NULL"
OFERTA_ANULADA,AOF_IDENTIFICACION_NULL,C,CHECK,ENABLED,NOT DEFERRABLE,IMMEDIATE,,OFT_IDENTIFICACION,,,,,VALIDATED,"""OFT_IDENTIFICACION"" IS NOT NULL"
OFERTA_ANULADA,AOF_ID_NULL,C,CHECK,ENABLED,NOT DEFERRABLE,IMMEDIATE,,OFT_ID,,,,,VALIDATED,"""OFT_ID"" IS NOT NULL"
OFERTA_ANULADA,AOF_LIB_MILITAR_CHK,C,CHECK,ENABLED,NOT DEFERRABLE,IMMEDIATE,,OFT_LIB_MILITAR,,,,,VALIDATED,"
		OFT_LIB_MILITAR in (0,1,2)
		"
OFERTA_ANULADA,AOF_LIB_MILITAR_NULL,C,CHECK,ENABLED,NOT DEFERRABLE,IMMEDIATE,,OFT_LIB_MILITAR,,,,,VALIDATED,"""OFT_LIB_MILITAR"" IS NOT NULL"
OFERTA_ANULADA,AOF_MED_INSCRIPCION_CHK,C,CHECK,ENABLED,NOT DEFERRABLE,IMMEDIATE,,OFT_MED_INSCRIPCION,,,,,VALIDATED,"
		OFT_MED_INSCRIPCION in (0,1)
		"
OFERTA_ANULADA,AOF_MED_INSCRIPCION_NULL,C,CHECK,ENABLED,NOT DEFERRABLE,IMMEDIATE,,OFT_MED_INSCRIPCION,,,,,VALIDATED,"""OFT_MED_INSCRIPCION"" IS NOT NULL"
OFERTA_ANULADA,AOF_NOMBRES_NULL,C,CHECK,ENABLED,NOT DEFERRABLE,IMMEDIATE,,OFT_NOMBRES,,,,,VALIDATED,"""OFT_NOMBRES"" IS NOT NULL"
OFERTA_ANULADA,AOF_PERSONAS_CARGO_NULL,C,CHECK,ENABLED,NOT DEFERRABLE,IMMEDIATE,,OFT_PERSONAS_CARGO,,,,,VALIDATED,"""OFT_PERSONAS_CARGO"" IS NOT NULL"
OFERTA_ANULADA,AOF_PREGUNTA_NULL,C,CHECK,ENABLED,NOT DEFERRABLE,IMMEDIATE,,OFT_PREGUNTA,,,,,VALIDATED,"""OFT_PREGUNTA"" IS NOT NULL"
OFERTA_ANULADA,AOF_PRIMER_APELLIDO_NULL,C,CHECK,ENABLED,NOT DEFERRABLE,IMMEDIATE,,OFT_PRIMER_APELLIDO,,,,,VALIDATED,"""OFT_PRIMER_APELLIDO"" IS NOT NULL"
OFERTA_ANULADA,AOF_RESPUESTA_NULL,C,CHECK,ENABLED,NOT DEFERRABLE,IMMEDIATE,,OFT_RESPUESTA,,,,,VALIDATED,"""OFT_RESPUESTA"" IS NOT NULL"
OFERTA_ANULADA,AOF_SISBEN_NIVEL_CHK,C,CHECK,ENABLED,NOT DEFERRABLE,IMMEDIATE,,OFT_SISBEN_NIVEL,,,,,VALIDATED,"
		OFT_SISBEN_NIVEL in (1,2,3,4,5,6)
		"
OFERTA_ANULADA,AOF_SISBEN_TIPO_CHK,C,CHECK,ENABLED,NOT DEFERRABLE,IMMEDIATE,,OFT_SISBEN_TIPO,,,,,VALIDATED,"
		OFT_SISBEN_TIPO in (0,1)
		"
OFERTA_ANULADA,AOF_SUELDO_ACEPTARIA_NULL,C,CHECK,ENABLED,NOT DEFERRABLE,IMMEDIATE,,OFT_SUELDO_ACEPTARIA,,,,,VALIDATED,"""OFT_SUELDO_ACEPTARIA"" IS NOT NULL"
OFERTA_ANULADA,AOF_TEL_NULL,C,CHECK,ENABLED,NOT DEFERRABLE,IMMEDIATE,,OFT_TEL,,,,,VALIDATED,"""OFT_TEL"" IS NOT NULL"
OFERTA_ANULADA,AOF_TIEMPO_BUSQUEDA_NULL,C,CHECK,ENABLED,NOT DEFERRABLE,IMMEDIATE,,OFT_TIEMPO_BUSQUEDA,,,,,VALIDATED,"""OFT_TIEMPO_BUSQUEDA"" IS NOT NULL"
OFERTA_ANULADA,CSPE_AOF_NULL,C,CHECK,ENABLED,NOT DEFERRABLE,IMMEDIATE,,CSPE_ID,,,,,VALIDATED,"""CSPE_ID"" IS NOT NULL"
OFERTA_ANULADA,ESC_AOF_NULL,C,CHECK,ENABLED,NOT DEFERRABLE,IMMEDIATE,,ESC_ID,,,,,VALIDATED,"""ESC_ID"" IS NOT NULL"
OFERTA_ANULADA,ETR_AOF_NULL,C,CHECK,ENABLED,NOT DEFERRABLE,IMMEDIATE,,ETR_ID,,,,,VALIDATED,"""ETR_ID"" IS NOT NULL"
OFERTA_ANULADA,FUN_AOF_NULL,C,CHECK,ENABLED,NOT DEFERRABLE,IMMEDIATE,,FUN_ID,,,,,VALIDATED,"""FUN_ID"" IS NOT NULL"
OFERTA_ANULADA,PAI_AOF_NULL,C,CHECK,ENABLED,NOT DEFERRABLE,IMMEDIATE,,PAI_ID,,,,,VALIDATED,"""PAI_ID"" IS NOT NULL"
OFERTA_ANULADA,PSF_AOF_NULL,C,CHECK,ENABLED,NOT DEFERRABLE,IMMEDIATE,,PSF_ID,,,,,VALIDATED,"""PSF_ID"" IS NOT NULL"
OFERTA_ANULADA,REG_AOF_NULL,C,CHECK,ENABLED,NOT DEFERRABLE,IMMEDIATE,,REG_ID,,,,,VALIDATED,"""REG_ID"" IS NOT NULL"
OFERTA_ANULADA,TDI_AOF_NULL,C,CHECK,ENABLED,NOT DEFERRABLE,IMMEDIATE,,TDI_ID,,,,,VALIDATED,"""TDI_ID"" IS NOT NULL"
OFERTA_ANULADA,AOF_PK,P,PRIMARY KEY,ENABLED,NOT DEFERRABLE,IMMEDIATE,,OFT_ID,,,,,VALIDATED,
OFERTA_ANULADA,AOF_SISBEN_MPO_FK,R,FOREIGN KEY,ENABLED,NOT DEFERRABLE,IMMEDIATE,MPO_PK,OFT_SISBEN_MPO,SPE,MUNICIPIO,MPO_ID,NO ACTION,VALIDATED,
OFERTA_ANULADA,BAR_AOF_FK,R,FOREIGN KEY,ENABLED,NOT DEFERRABLE,IMMEDIATE,BAR_PK,BAR_ID,SPE,BARRIO,BAR_ID,NO ACTION,VALIDATED,
OFERTA_ANULADA,CSPEA_AOF_FK,R,FOREIGN KEY,ENABLED,NOT DEFERRABLE,IMMEDIATE,CSPE_PK,CSPE_ID_ACTUALIZA,SPE,CENTRO_SPE,CSPE_ID,NO ACTION,VALIDATED,
OFERTA_ANULADA,CSPE_AOF_FK,R,FOREIGN KEY,ENABLED,NOT DEFERRABLE,IMMEDIATE,CSPE_PK,CSPE_ID,SPE,CENTRO_SPE,CSPE_ID,NO ACTION,VALIDATED,
OFERTA_ANULADA,DPT_AOF_FK,R,FOREIGN KEY,ENABLED,NOT DEFERRABLE,IMMEDIATE,DPT_PK,DPT_ID,SPE,DEPARTAMENTO,DPT_ID,NO ACTION,VALIDATED,
OFERTA_ANULADA,ESC_AOF_FK,R,FOREIGN KEY,ENABLED,NOT DEFERRABLE,IMMEDIATE,ESC_PK,ESC_ID,SPE,ESTADO_CIVIL,ESC_ID,NO ACTION,VALIDATED,
OFERTA_ANULADA,ETR_AOF_FK,R,FOREIGN KEY,ENABLED,NOT DEFERRABLE,IMMEDIATE,ETR_PK,ETR_ID,SPE,ESTRATO,ETR_ID,NO ACTION,VALIDATED,
OFERTA_ANULADA,FUA_AOF_FK,R,FOREIGN KEY,ENABLED,NOT DEFERRABLE,IMMEDIATE,FUN_PK,FUN_ID_ACTUALIZA,SPE,FUNCIONARIO,FUN_ID,NO ACTION,VALIDATED,
OFERTA_ANULADA,FUN_AOF_FK,R,FOREIGN KEY,ENABLED,NOT DEFERRABLE,IMMEDIATE,FUN_PK,FUN_ID,SPE,FUNCIONARIO,FUN_ID,NO ACTION,VALIDATED,
OFERTA_ANULADA,MPO_AOF_FK,R,FOREIGN KEY,ENABLED,NOT DEFERRABLE,IMMEDIATE,MPO_PK,MPO_ID,SPE,MUNICIPIO,MPO_ID,NO ACTION,VALIDATED,
OFERTA_ANULADA,MPO_IDENTIFICACION_AOF_FK,R,FOREIGN KEY,ENABLED,NOT DEFERRABLE,IMMEDIATE,MPO_PK,OFT_IDENTIFICACION_MPO,SPE,MUNICIPIO,MPO_ID,NO ACTION,VALIDATED,
OFERTA_ANULADA,MPO_NACIMIENTO_AOF_FK,R,FOREIGN KEY,ENABLED,NOT DEFERRABLE,IMMEDIATE,MPO_PK,OFT_NACIMIENTO_MPO,SPE,MUNICIPIO,MPO_ID,NO ACTION,VALIDATED,
OFERTA_ANULADA,PAI_AOF_FK,R,FOREIGN KEY,ENABLED,NOT DEFERRABLE,IMMEDIATE,PAI_PK,PAI_ID,SPE,PAIS,PAI_ID,NO ACTION,VALIDATED,
OFERTA_ANULADA,PSF_AOF_FK,R,FOREIGN KEY,ENABLED,NOT DEFERRABLE,IMMEDIATE,PSF_PK,PSF_ID,SPE,POSICION_FAMILIAR,PSF_ID,NO ACTION,VALIDATED,
OFERTA_ANULADA,REG_AOF_FK,R,FOREIGN KEY,ENABLED,NOT DEFERRABLE,IMMEDIATE,REG_PK,REG_ID,SPE,REGIONAL,REG_ID,NO ACTION,VALIDATED,
OFERTA_ANULADA,TDI_AOF_FK,R,FOREIGN KEY,ENABLED,NOT DEFERRABLE,IMMEDIATE,TDI_PK,TDI_ID,SPE,TIPO_DOC_IDENT,TDI_ID,NO ACTION,VALIDATED,
OFERTA_ANULADA,ZON_AOF_FK,R,FOREIGN KEY,ENABLED,NOT DEFERRABLE,IMMEDIATE,ZON_PK,ZON_ID,SPE,ZONA,ZON_ID,NO ACTION,VALIDATED,
OFERTA_CURSO,SYS_C0022036,C,CHECK,ENABLED,NOT DEFERRABLE,IMMEDIATE,,OFT_ID,,,,,VALIDATED,"""OFT_ID"" IS NOT NULL"
OFERTA_CURSO,SYS_C0022037,C,CHECK,ENABLED,NOT DEFERRABLE,IMMEDIATE,,OCS_FICHA_ID,,,,,VALIDATED,"""OCS_FICHA_ID"" IS NOT NULL"
OFERTA_CURSO,SYS_C0022038,C,CHECK,ENABLED,NOT DEFERRABLE,IMMEDIATE,,OCS_FCH_INSCRIPCION,,,,,VALIDATED,"""OCS_FCH_INSCRIPCION"" IS NOT NULL"
OFERTA_CURSO,SYS_C0022039,C,CHECK,ENABLED,NOT DEFERRABLE,IMMEDIATE,,OCS_ID,,,,,VALIDATED,"""OCS_ID"" IS NOT NULL"
OFERTA_CURSO,OFERTA_CURSO_PK,P,PRIMARY KEY,ENABLED,NOT DEFERRABLE,IMMEDIATE,,OCS_ID,,,,,VALIDATED,
OFERTA_SOFIA,SYS_C0022390,C,CHECK,ENABLED,NOT DEFERRABLE,IMMEDIATE,,OFT_ID,,,,,VALIDATED,"""OFT_ID"" IS NOT NULL"
OFERTA_SOFIA,SYS_C0022391,C,CHECK,ENABLED,NOT DEFERRABLE,IMMEDIATE,,NIS_ID,,,,,VALIDATED,"""NIS_ID"" IS NOT NULL"
OFERTA_SOFIA,OFERTA_SOFIA_PK,P,PRIMARY KEY,ENABLED,NOT DEFERRABLE,IMMEDIATE,,OFT_ID,,,,,VALIDATED,
OFTXMBE,MBE_OMB_NULL,C,CHECK,ENABLED,NOT DEFERRABLE,IMMEDIATE,,MBE_ID,,,,,VALIDATED,"""MBE_ID"" IS NOT NULL"
OFTXMBE,OFT_OMB_NULL,C,CHECK,ENABLED,NOT DEFERRABLE,IMMEDIATE,,OFT_ID,,,,,VALIDATED,"""OFT_ID"" IS NOT NULL"
OFTXMBE,OMB_ID_NULL,C,CHECK,ENABLED,NOT DEFERRABLE,IMMEDIATE,,OMB_ID,,,,,VALIDATED,"""OMB_ID"" IS NOT NULL"
OFTXMBE,OMB_PRIORIDAD_NULL,C,CHECK,ENABLED,NOT DEFERRABLE,IMMEDIATE,,OMB_PRIORIDAD,,,,,VALIDATED,"""OMB_PRIORIDAD"" IS NOT NULL"
OFTXMBE,OMB_PK,P,PRIMARY KEY,ENABLED,NOT DEFERRABLE,IMMEDIATE,,OMB_ID,,,,,VALIDATED,
OFTXMBE,MBE_OMB_FK,R,FOREIGN KEY,ENABLED,NOT DEFERRABLE,IMMEDIATE,MBE_PK,MBE_ID,SPE,MED_BUSQUEDA_EMPLEO,MBE_ID,NO ACTION,VALIDATED,
OFTXMBE,OFT_OMB_FK,R,FOREIGN KEY,ENABLED,NOT DEFERRABLE,IMMEDIATE,OFT_PK,OFT_ID,SPE,OFERTA,OFT_ID,NO ACTION,VALIDATED,
OFTXMBE,OFTXMBE_UK_UC,U,UNIQUE,ENABLED,NOT DEFERRABLE,IMMEDIATE,,"MBE_ID,OFT_ID",,,,,VALIDATED,
OFTXPES,OFT_PES_NULL,C,CHECK,ENABLED,NOT DEFERRABLE,IMMEDIATE,,OFT_ID,,,,,VALIDATED,"""OFT_ID"" IS NOT NULL"
OFTXPES,OPE_FCH_REGISTRO_NULL,C,CHECK,ENABLED,NOT DEFERRABLE,IMMEDIATE,,OPE_FCH_REGISTRO,,,,,VALIDATED,"""OPE_FCH_REGISTRO"" IS NOT NULL"
OFTXPES,OPE_ID_NULL,C,CHECK,ENABLED,NOT DEFERRABLE,IMMEDIATE,,OPE_ID,,,,,VALIDATED,"""OPE_ID"" IS NOT NULL"
OFTXPES,PES_OFT_NULL,C,CHECK,ENABLED,NOT DEFERRABLE,IMMEDIATE,,PES_ID,,,,,VALIDATED,"""PES_ID"" IS NOT NULL"
OFTXPES,OPE_PK,P,PRIMARY KEY,ENABLED,NOT DEFERRABLE,IMMEDIATE,,OPE_ID,,,,,VALIDATED,
OFTXPES,CSPE_OPE_FK,R,FOREIGN KEY,ENABLED,NOT DEFERRABLE,IMMEDIATE,CSPE_PK,CSPE_ID,SPE,CENTRO_SPE,CSPE_ID,NO ACTION,VALIDATED,
OFTXPES,FUN_OPE_FK,R,FOREIGN KEY,ENABLED,NOT DEFERRABLE,IMMEDIATE,FUN_PK,FUN_ID,SPE,FUNCIONARIO,FUN_ID,NO ACTION,VALIDATED,
OFTXPES,OFT_OPE_FK,R,FOREIGN KEY,ENABLED,NOT DEFERRABLE,IMMEDIATE,OFT_PK,OFT_ID,SPE,OFERTA,OFT_ID,NO ACTION,VALIDATED,
OFTXPES,PES_OPE_FK,R,FOREIGN KEY,ENABLED,NOT DEFERRABLE,IMMEDIATE,PES_PK,PES_ID,SPE,PROGRAMA_ESPECIAL,PES_ID,NO ACTION,VALIDATED,
OFTXPES,OFTXPES_UK_UC,U,UNIQUE,ENABLED,NOT DEFERRABLE,IMMEDIATE,,"OFT_ID,PES_ID",,,,,VALIDATED,
OFT_COMP_LABORAL,SYS_C0023605,C,CHECK,ENABLED,NOT DEFERRABLE,IMMEDIATE,,OCL_ID,,,,,VALIDATED,"""OCL_ID"" IS NOT NULL"
OFT_COMP_LABORAL,SYS_C0023606,C,CHECK,ENABLED,NOT DEFERRABLE,IMMEDIATE,,CPL_ID,,,,,VALIDATED,"""CPL_ID"" IS NOT NULL"
OFT_COMP_LABORAL,SYS_C0023607,C,CHECK,ENABLED,NOT DEFERRABLE,IMMEDIATE,,OFT_ID,,,,,VALIDATED,"""OFT_ID"" IS NOT NULL"
OFT_COMP_LABORAL,OCL_PK,P,PRIMARY KEY,ENABLED,NOT DEFERRABLE,IMMEDIATE,,OCL_ID,,,,,VALIDATED,
OFT_COMP_LABORAL,OCL_CPL_FK,R,FOREIGN KEY,ENABLED,NOT DEFERRABLE,IMMEDIATE,CPL_PK,CPL_ID,SPE,COMPETENCIA_LABORAL,CPL_ID,NO ACTION,VALIDATED,
OFT_COMP_LABORAL,OCL_OFT_FK,R,FOREIGN KEY,ENABLED,NOT DEFERRABLE,IMMEDIATE,OFT_PK,OFT_ID,SPE,OFERTA,OFT_ID,NO ACTION,VALIDATED,
OFT_CORREO_DEM,DEM_OED_NULL,C,CHECK,ENABLED,NOT DEFERRABLE,IMMEDIATE,,DEM_ID,,,,,VALIDATED,"""DEM_ID"" IS NOT NULL"
OFT_CORREO_DEM,OED_FCH_REGISTRO_NULL,C,CHECK,ENABLED,NOT DEFERRABLE,IMMEDIATE,,OCD_FCH_REGISTRO,,,,,VALIDATED,"""OCD_FCH_REGISTRO"" IS NOT NULL"
OFT_CORREO_DEM,OFT_OED_NULL,C,CHECK,ENABLED,NOT DEFERRABLE,IMMEDIATE,,OFT_ID,,,,,VALIDATED,"""OFT_ID"" IS NOT NULL"
OFT_CORREO_DEM,DEM_OED_FK,R,FOREIGN KEY,ENABLED,NOT DEFERRABLE,IMMEDIATE,DEM_PK,DEM_ID,SPE,DEMANDA,DEM_ID,NO ACTION,VALIDATED,
OFT_CORREO_DEM,OFT_OED_FK,R,FOREIGN KEY,ENABLED,NOT DEFERRABLE,IMMEDIATE,OFT_PK,OFT_ID,SPE,OFERTA,OFT_ID,NO ACTION,VALIDATED,
OFT_CORREO_DEM,OFT_OED_DEM_UK_UC,U,UNIQUE,ENABLED,NOT DEFERRABLE,IMMEDIATE,,"OFT_ID,DEM_ID",,,,,VALIDATED,
OFT_CTL_CONSULTA_CUR,CUR_OCC_NULL,C,CHECK,ENABLED,NOT DEFERRABLE,IMMEDIATE,,CUR_ID,,,,,VALIDATED,"""CUR_ID"" IS NOT NULL"
OFT_CTL_CONSULTA_CUR,OCC_FCH_CONSULTA_NULL,C,CHECK,ENABLED,NOT DEFERRABLE,IMMEDIATE,,OCC_FCH_CONSULTA,,,,,VALIDATED,"""OCC_FCH_CONSULTA"" IS NOT NULL"
OFT_CTL_CONSULTA_CUR,OCC_ID_NULL,C,CHECK,ENABLED,NOT DEFERRABLE,IMMEDIATE,,OCC_ID,,,,,VALIDATED,"""OCC_ID"" IS NOT NULL"
OFT_CTL_CONSULTA_CUR,OCC_MEDIO_CHK,C,CHECK,ENABLED,NOT DEFERRABLE,IMMEDIATE,,OCC_MEDIO,,,,,VALIDATED,"
		OCC_MEDIO in (0,1,2)
		"
OFT_CTL_CONSULTA_CUR,OCC_MEDIO_NULL,C,CHECK,ENABLED,NOT DEFERRABLE,IMMEDIATE,,OCC_MEDIO,,,,,VALIDATED,"""OCC_MEDIO"" IS NOT NULL"
OFT_CTL_CONSULTA_CUR,OFT_OCC_NULL,C,CHECK,ENABLED,NOT DEFERRABLE,IMMEDIATE,,OFT_ID,,,,,VALIDATED,"""OFT_ID"" IS NOT NULL"
OFT_CTL_CONSULTA_CUR,OCC_PK,P,PRIMARY KEY,ENABLED,NOT DEFERRABLE,IMMEDIATE,,OCC_ID,,,,,VALIDATED,
OFT_CTL_CONSULTA_CUR,CUR_OCC_FK,R,FOREIGN KEY,ENABLED,NOT DEFERRABLE,IMMEDIATE,CUR_PK,CUR_ID,SPE,CURSO,CUR_ID,NO ACTION,VALIDATED,
OFT_CTL_CONSULTA_CUR,ECN_OCC_FK,R,FOREIGN KEY,ENABLED,NOT DEFERRABLE,IMMEDIATE,ECN_PK,ECN_ID,SPE,ESTACION_CONSULTA,ECN_ID,NO ACTION,VALIDATED,
OFT_CTL_CONSULTA_CUR,OFT_OCC_FK,R,FOREIGN KEY,ENABLED,NOT DEFERRABLE,IMMEDIATE,OFT_PK,OFT_ID,SPE,OFERTA,OFT_ID,NO ACTION,VALIDATED,
OFT_CTL_CONSULTA_CUR,OFT_OCC_CUR_UK_UC,U,UNIQUE,ENABLED,NOT DEFERRABLE,IMMEDIATE,,"OFT_ID,CUR_ID",,,,,VALIDATED,
OFT_CTL_CONSULTA_DEM,DEM_OCD_NULL,C,CHECK,ENABLED,NOT DEFERRABLE,IMMEDIATE,,DEM_ID,,,,,VALIDATED,"""DEM_ID"" IS NOT NULL"
OFT_CTL_CONSULTA_DEM,OCD_FCH_CONSULTA_NULL,C,CHECK,ENABLED,NOT DEFERRABLE,IMMEDIATE,,OCD_FCH_CONSULTA,,,,,VALIDATED,"""OCD_FCH_CONSULTA"" IS NOT NULL"
OFT_CTL_CONSULTA_DEM,OCD_ID_NULL,C,CHECK,ENABLED,NOT DEFERRABLE,IMMEDIATE,,OCD_ID,,,,,VALIDATED,"""OCD_ID"" IS NOT NULL"
OFT_CTL_CONSULTA_DEM,OCD_MEDIO_CHK,C,CHECK,ENABLED,NOT DEFERRABLE,IMMEDIATE,,OCD_MEDIO,,,,,VALIDATED,"
		OCD_MEDIO in (0,1,2)
		"
OFT_CTL_CONSULTA_DEM,OCD_MEDIO_NULL,C,CHECK,ENABLED,NOT DEFERRABLE,IMMEDIATE,,OCD_MEDIO,,,,,VALIDATED,"""OCD_MEDIO"" IS NOT NULL"
OFT_CTL_CONSULTA_DEM,OFT_OCD_NULL,C,CHECK,ENABLED,NOT DEFERRABLE,IMMEDIATE,,OFT_ID,,,,,VALIDATED,"""OFT_ID"" IS NOT NULL"
OFT_CTL_CONSULTA_DEM,OCD_PK,P,PRIMARY KEY,ENABLED,NOT DEFERRABLE,IMMEDIATE,,OCD_ID,,,,,VALIDATED,
OFT_CTL_CONSULTA_DEM,DEM_OCD_FK,R,FOREIGN KEY,ENABLED,NOT DEFERRABLE,IMMEDIATE,DEM_PK,DEM_ID,SPE,DEMANDA,DEM_ID,NO ACTION,VALIDATED,
OFT_CTL_CONSULTA_DEM,ECN_OCD_FK,R,FOREIGN KEY,ENABLED,NOT DEFERRABLE,IMMEDIATE,ECN_PK,ECN_ID,SPE,ESTACION_CONSULTA,ECN_ID,NO ACTION,VALIDATED,
OFT_CTL_CONSULTA_DEM,OFT_OCD_FK,R,FOREIGN KEY,ENABLED,NOT DEFERRABLE,IMMEDIATE,OFT_PK,OFT_ID,SPE,OFERTA,OFT_ID,NO ACTION,VALIDATED,
OFT_CTL_CONSULTA_DEM,OFT_OCD_DEM_UK_UC,U,UNIQUE,ENABLED,NOT DEFERRABLE,IMMEDIATE,,"OFT_ID,DEM_ID,OCD_FCH_CONSULTA",,,,,VALIDATED,
OFT_CTL_SOCIAL_QUEJA,DEM_OCS_NULL,C,CHECK,ENABLED,NOT DEFERRABLE,IMMEDIATE,,DEM_ID,,,,,VALIDATED,"""DEM_ID"" IS NOT NULL"
OFT_CTL_SOCIAL_QUEJA,OCS_IDENTIFICACION_NULL,C,CHECK,ENABLED,NOT DEFERRABLE,IMMEDIATE,,OCS_IDENTIFICACION,,,,,VALIDATED,"""OCS_IDENTIFICACION"" IS NOT NULL"
OFT_CTL_SOCIAL_QUEJA,OCS_ID_NULL,C,CHECK,ENABLED,NOT DEFERRABLE,IMMEDIATE,,OCS_ID,,,,,VALIDATED,"""OCS_ID"" IS NOT NULL"
OFT_CTL_SOCIAL_QUEJA,OCS_NOMBRES_NULL,C,CHECK,ENABLED,NOT DEFERRABLE,IMMEDIATE,,OCS_NOMBRES,,,,,VALIDATED,"""OCS_NOMBRES"" IS NOT NULL"
OFT_CTL_SOCIAL_QUEJA,OCS_PRI_APELLIDO_NULL,C,CHECK,ENABLED,NOT DEFERRABLE,IMMEDIATE,,OCS_PRI_APELLIDO,,,,,VALIDATED,"""OCS_PRI_APELLIDO"" IS NOT NULL"
OFT_CTL_SOCIAL_QUEJA,OCS_TELEFONO_NULL,C,CHECK,ENABLED,NOT DEFERRABLE,IMMEDIATE,,OCS_TELEFONO,,,,,VALIDATED,"""OCS_TELEFONO"" IS NOT NULL"
OFT_CTL_SOCIAL_QUEJA,OCS_TEXTO_QUEJA_NULL,C,CHECK,ENABLED,NOT DEFERRABLE,IMMEDIATE,,OCS_TEXTO_QUEJA,,,,,VALIDATED,"""OCS_TEXTO_QUEJA"" IS NOT NULL"
OFT_CTL_SOCIAL_QUEJA,OFT_OCS_NULL,C,CHECK,ENABLED,NOT DEFERRABLE,IMMEDIATE,,OFT_ID,,,,,VALIDATED,"""OFT_ID"" IS NOT NULL"
OFT_CTL_SOCIAL_QUEJA,DEM_ICS_FK,R,FOREIGN KEY,ENABLED,NOT DEFERRABLE,IMMEDIATE,DEM_PK,DEM_ID,SPE,DEMANDA,DEM_ID,NO ACTION,VALIDATED,
OFT_CTL_SOCIAL_QUEJA,OFT_OCS_FK,R,FOREIGN KEY,ENABLED,NOT DEFERRABLE,IMMEDIATE,OFT_PK,OFT_ID,SPE,OFERTA,OFT_ID,NO ACTION,VALIDATED,
OFT_ESTUDIOS,SYS_C0024052,P,PRIMARY KEY,ENABLED,NOT DEFERRABLE,IMMEDIATE,,OES_ID,,,,,VALIDATED,
OFT_ETD_FORMAL,ETF_OEF_NULL,C,CHECK,ENABLED,NOT DEFERRABLE,IMMEDIATE,,ETF_ID,,,,,VALIDATED,"""ETF_ID"" IS NOT NULL"
OFT_ETD_FORMAL,OEF_FCH_REGISTRO_NULL,C,CHECK,ENABLED,NOT DEFERRABLE,IMMEDIATE,,OEF_FCH_REGISTRO,,,,,VALIDATED,"""OEF_FCH_REGISTRO"" IS NOT NULL"
OFT_ETD_FORMAL,OEF_GRADUADO_CHK,C,CHECK,ENABLED,NOT DEFERRABLE,IMMEDIATE,,OEF_GRADUADO,,,,,VALIDATED,"
		OEF_GRADUADO in (0,1)
		"
OFT_ETD_FORMAL,OEF_GRADUADO_NULL,C,CHECK,ENABLED,NOT DEFERRABLE,IMMEDIATE,,OEF_GRADUADO,,,,,VALIDATED,"""OEF_GRADUADO"" IS NOT NULL"
OFT_ETD_FORMAL,OEF_ID_NULL,C,CHECK,ENABLED,NOT DEFERRABLE,IMMEDIATE,,OEF_ID,,,,,VALIDATED,"""OEF_ID"" IS NOT NULL"
OFT_ETD_FORMAL,OEF_SOPORTE_CHK,C,CHECK,ENABLED,NOT DEFERRABLE,IMMEDIATE,,OEF_SOPORTE,,,,,VALIDATED,"
		OEF_SOPORTE in (0,1)
		"
OFT_ETD_FORMAL,OEF_SOPORTE_NULL,C,CHECK,ENABLED,NOT DEFERRABLE,IMMEDIATE,,OEF_SOPORTE,,,,,VALIDATED,"""OEF_SOPORTE"" IS NOT NULL"
OFT_ETD_FORMAL,OEF_ULT_GRADO_NULL,C,CHECK,ENABLED,NOT DEFERRABLE,IMMEDIATE,,OEF_ULT_GRADO,,,,,VALIDATED,"""OEF_ULT_GRADO"" IS NOT NULL"
OFT_ETD_FORMAL,OFT_OEF_NULL,C,CHECK,ENABLED,NOT DEFERRABLE,IMMEDIATE,,OFT_ID,,,,,VALIDATED,"""OFT_ID"" IS NOT NULL"
OFT_ETD_FORMAL,OEF_PK,P,PRIMARY KEY,ENABLED,NOT DEFERRABLE,IMMEDIATE,,OEF_ID,,,,,VALIDATED,
OFT_ETD_FORMAL,CSPE_OEF_FK,R,FOREIGN KEY,ENABLED,NOT DEFERRABLE,IMMEDIATE,CSPE_PK,CSPE_ID,SPE,CENTRO_SPE,CSPE_ID,NO ACTION,VALIDATED,
OFT_ETD_FORMAL,ETF_OEF_FK,R,FOREIGN KEY,ENABLED,NOT DEFERRABLE,IMMEDIATE,ETF_PK,ETF_ID,SPE,ESTUDIO_FORMAL,ETF_ID,NO ACTION,VALIDATED,
OFT_ETD_FORMAL,FUN_OEF_FK,R,FOREIGN KEY,ENABLED,NOT DEFERRABLE,IMMEDIATE,FUN_PK,FUN_ID,SPE,FUNCIONARIO,FUN_ID,NO ACTION,VALIDATED,
OFT_ETD_FORMAL,OFT_OEF_FK,R,FOREIGN KEY,ENABLED,NOT DEFERRABLE,IMMEDIATE,OFT_PK,OFT_ID,SPE,OFERTA,OFT_ID,NO ACTION,VALIDATED,
OFT_ETD_FORMAL,OFT_ETF_UK_UC,U,UNIQUE,ENABLED,NOT DEFERRABLE,IMMEDIATE,,"OFT_ID,ETF_ID",,,,,VALIDATED,
OFT_ETD_FORMAL_ALT,NIA_OFA_NULL,C,CHECK,ENABLED,NOT DEFERRABLE,IMMEDIATE,,NIA_ID,,,,,VALIDATED,"""NIA_ID"" IS NOT NULL"
OFT_ETD_FORMAL_ALT,OFA_FCH_REGISTRO_NULL,C,CHECK,ENABLED,NOT DEFERRABLE,IMMEDIATE,,OFA_FCH_REGISTRO,,,,,VALIDATED,"""OFA_FCH_REGISTRO"" IS NOT NULL"
OFT_ETD_FORMAL_ALT,OFA_GRADUADO_CHK,C,CHECK,ENABLED,NOT DEFERRABLE,IMMEDIATE,,OFA_GRADUADO,,,,,VALIDATED,"
		OFA_GRADUADO in (0,1)
		"
OFT_ETD_FORMAL_ALT,OFA_GRADUADO_NULL,C,CHECK,ENABLED,NOT DEFERRABLE,IMMEDIATE,,OFA_GRADUADO,,,,,VALIDATED,"""OFA_GRADUADO"" IS NOT NULL"
OFT_ETD_FORMAL_ALT,OFA_ID_NULL,C,CHECK,ENABLED,NOT DEFERRABLE,IMMEDIATE,,OFA_ID,,,,,VALIDATED,"""OFA_ID"" IS NOT NULL"
OFT_ETD_FORMAL_ALT,OFA_INSTITUCION_NULL,C,CHECK,ENABLED,NOT DEFERRABLE,IMMEDIATE,,OFA_INSTITUCION,,,,,VALIDATED,"""OFA_INSTITUCION"" IS NOT NULL"
OFT_ETD_FORMAL_ALT,OFA_SOPORTE_CHK,C,CHECK,ENABLED,NOT DEFERRABLE,IMMEDIATE,,OFA_SOPORTE,,,,,VALIDATED,"
		OFA_SOPORTE in (0,1)
		"
OFT_ETD_FORMAL_ALT,OFA_SOPORTE_NULL,C,CHECK,ENABLED,NOT DEFERRABLE,IMMEDIATE,,OFA_SOPORTE,,,,,VALIDATED,"""OFA_SOPORTE"" IS NOT NULL"
OFT_ETD_FORMAL_ALT,OFA_TITULO_NULL,C,CHECK,ENABLED,NOT DEFERRABLE,IMMEDIATE,,OFA_TITULO,,,,,VALIDATED,"""OFA_TITULO"" IS NOT NULL"
OFT_ETD_FORMAL_ALT,OFA_ULT_GRADO_NULL,C,CHECK,ENABLED,NOT DEFERRABLE,IMMEDIATE,,OFA_ULT_GRADO,,,,,VALIDATED,"""OFA_ULT_GRADO"" IS NOT NULL"
OFT_ETD_FORMAL_ALT,OFT_OFA_NULL,C,CHECK,ENABLED,NOT DEFERRABLE,IMMEDIATE,,OFT_ID,,,,,VALIDATED,"""OFT_ID"" IS NOT NULL"
OFT_ETD_FORMAL_ALT,PAI_OFA_NULL,C,CHECK,ENABLED,NOT DEFERRABLE,IMMEDIATE,,PAI_ID,,,,,VALIDATED,"""PAI_ID"" IS NOT NULL"
OFT_ETD_FORMAL_ALT,OFA_PK,P,PRIMARY KEY,ENABLED,NOT DEFERRABLE,IMMEDIATE,,OFA_ID,,,,,VALIDATED,
OFT_ETD_FORMAL_ALT,CSPE_OFA_FK,R,FOREIGN KEY,ENABLED,NOT DEFERRABLE,IMMEDIATE,CSPE_PK,CSPE_ID,SPE,CENTRO_SPE,CSPE_ID,NO ACTION,VALIDATED,
OFT_ETD_FORMAL_ALT,DPT_OFA_FK,R,FOREIGN KEY,ENABLED,NOT DEFERRABLE,IMMEDIATE,DPT_PK,DPT_ID,SPE,DEPARTAMENTO,DPT_ID,NO ACTION,VALIDATED,
OFT_ETD_FORMAL_ALT,FUN_OFA_FK,R,FOREIGN KEY,ENABLED,NOT DEFERRABLE,IMMEDIATE,FUN_PK,FUN_ID,SPE,FUNCIONARIO,FUN_ID,NO ACTION,VALIDATED,
OFT_ETD_FORMAL_ALT,MPO_OFA_FK,R,FOREIGN KEY,ENABLED,NOT DEFERRABLE,IMMEDIATE,MPO_PK,MPO_ID,SPE,MUNICIPIO,MPO_ID,NO ACTION,VALIDATED,
OFT_ETD_FORMAL_ALT,NIA_OFA_FK,R,FOREIGN KEY,ENABLED,NOT DEFERRABLE,IMMEDIATE,NIA_PK,NIA_ID,SPE,NIVEL_ACADEMICO,NIA_ID,NO ACTION,VALIDATED,
OFT_ETD_FORMAL_ALT,OFT_OFA_FK,R,FOREIGN KEY,ENABLED,NOT DEFERRABLE,IMMEDIATE,OFT_PK,OFT_ID,SPE,OFERTA,OFT_ID,NO ACTION,VALIDATED,
OFT_ETD_FORMAL_ALT,PAI_OFA_FK,R,FOREIGN KEY,ENABLED,NOT DEFERRABLE,IMMEDIATE,PAI_PK,PAI_ID,SPE,PAIS,PAI_ID,NO ACTION,VALIDATED,
OFT_ETD_NO_FORMAL,DUR_ONF_NULL,C,CHECK,ENABLED,NOT DEFERRABLE,IMMEDIATE,,DUR_ID,,,,,VALIDATED,"""DUR_ID"" IS NOT NULL"
OFT_ETD_NO_FORMAL,ENF_ONF_NULL,C,CHECK,ENABLED,NOT DEFERRABLE,IMMEDIATE,,ENF_ID,,,,,VALIDATED,"""ENF_ID"" IS NOT NULL"
OFT_ETD_NO_FORMAL,OFT_ONF_NULL,C,CHECK,ENABLED,NOT DEFERRABLE,IMMEDIATE,,OFT_ID,,,,,VALIDATED,"""OFT_ID"" IS NOT NULL"
OFT_ETD_NO_FORMAL,ONF_DURACION_NULL,C,CHECK,ENABLED,NOT DEFERRABLE,IMMEDIATE,,ONF_DURACION,,,,,VALIDATED,"""ONF_DURACION"" IS NOT NULL"
OFT_ETD_NO_FORMAL,ONF_FCH_REGISTRO_NULL,C,CHECK,ENABLED,NOT DEFERRABLE,IMMEDIATE,,ONF_FCH_REGISTRO,,,,,VALIDATED,"""ONF_FCH_REGISTRO"" IS NOT NULL"
OFT_ETD_NO_FORMAL,ONF_FORMACION_SENA_CHK,C,CHECK,ENABLED,NOT DEFERRABLE,IMMEDIATE,,ONF_FORMACION_SENA,,,,,VALIDATED,"
		ONF_FORMACION_SENA in (0,1)
		"
OFT_ETD_NO_FORMAL,ONF_FORMACION_SENA_NULL,C,CHECK,ENABLED,NOT DEFERRABLE,IMMEDIATE,,ONF_FORMACION_SENA,,,,,VALIDATED,"""ONF_FORMACION_SENA"" IS NOT NULL"
OFT_ETD_NO_FORMAL,ONF_ID_NULL,C,CHECK,ENABLED,NOT DEFERRABLE,IMMEDIATE,,ONF_ID,,,,,VALIDATED,"""ONF_ID"" IS NOT NULL"
OFT_ETD_NO_FORMAL,ONF_INSTITUCION_NULL,C,CHECK,ENABLED,NOT DEFERRABLE,IMMEDIATE,,ONF_INSTITUCION,,,,,VALIDATED,"""ONF_INSTITUCION"" IS NOT NULL"
OFT_ETD_NO_FORMAL,ONF_SOPORTE_CHK,C,CHECK,ENABLED,NOT DEFERRABLE,IMMEDIATE,,ONF_SOPORTE,,,,,VALIDATED,"
		ONF_SOPORTE in (0,1)
		"
OFT_ETD_NO_FORMAL,ONF_SOPORTE_NULL,C,CHECK,ENABLED,NOT DEFERRABLE,IMMEDIATE,,ONF_SOPORTE,,,,,VALIDATED,"""ONF_SOPORTE"" IS NOT NULL"
OFT_ETD_NO_FORMAL,ONF_TERMINO_CHK,C,CHECK,ENABLED,NOT DEFERRABLE,IMMEDIATE,,ONF_TERMINO,,,,,VALIDATED,"
		ONF_TERMINO in (0,1)
		"
OFT_ETD_NO_FORMAL,ONF_TERMINO_NULL,C,CHECK,ENABLED,NOT DEFERRABLE,IMMEDIATE,,ONF_TERMINO,,,,,VALIDATED,"""ONF_TERMINO"" IS NOT NULL"
OFT_ETD_NO_FORMAL,ONF_PK,P,PRIMARY KEY,ENABLED,NOT DEFERRABLE,IMMEDIATE,,ONF_ID,,,,,VALIDATED,
OFT_ETD_NO_FORMAL,CSPE_ONF_FK,R,FOREIGN KEY,ENABLED,NOT DEFERRABLE,IMMEDIATE,CSPE_PK,CSPE_ID,SPE,CENTRO_SPE,CSPE_ID,NO ACTION,VALIDATED,
OFT_ETD_NO_FORMAL,DUR_ONF_FK,R,FOREIGN KEY,ENABLED,NOT DEFERRABLE,IMMEDIATE,DUR_PK,DUR_ID,SPE,DURACION,DUR_ID,NO ACTION,VALIDATED,
OFT_ETD_NO_FORMAL,ENF_ONF_FK,R,FOREIGN KEY,ENABLED,NOT DEFERRABLE,IMMEDIATE,ENF_PK,ENF_ID,SPE,ESTUDIO_NO_FORMAL,ENF_ID,NO ACTION,VALIDATED,
OFT_ETD_NO_FORMAL,FUN_ONF_FK,R,FOREIGN KEY,ENABLED,NOT DEFERRABLE,IMMEDIATE,FUN_PK,FUN_ID,SPE,FUNCIONARIO,FUN_ID,NO ACTION,VALIDATED,
OFT_ETD_NO_FORMAL,OFT_ONF_FK,R,FOREIGN KEY,ENABLED,NOT DEFERRABLE,IMMEDIATE,OFT_PK,OFT_ID,SPE,OFERTA,OFT_ID,NO ACTION,VALIDATED,
OFT_ETD_NO_FORMAL_ALT,DUR_ONA_NULL,C,CHECK,ENABLED,NOT DEFERRABLE,IMMEDIATE,,DUR_ID,,,,,VALIDATED,"""DUR_ID"" IS NOT NULL"
OFT_ETD_NO_FORMAL_ALT,OFT_ONA_NULL,C,CHECK,ENABLED,NOT DEFERRABLE,IMMEDIATE,,OFT_ID,,,,,VALIDATED,"""OFT_ID"" IS NOT NULL"
OFT_ETD_NO_FORMAL_ALT,ONA_DURACION_NULL,C,CHECK,ENABLED,NOT DEFERRABLE,IMMEDIATE,,ONA_DURACION,,,,,VALIDATED,"""ONA_DURACION"" IS NOT NULL"
OFT_ETD_NO_FORMAL_ALT,ONA_FCH_FIN_NULL,C,CHECK,ENABLED,NOT DEFERRABLE,IMMEDIATE,,ONA_FCH_FIN,,,,,VALIDATED,"""ONA_FCH_FIN"" IS NOT NULL"
OFT_ETD_NO_FORMAL_ALT,ONA_FCH_REGISTRO_NULL,C,CHECK,ENABLED,NOT DEFERRABLE,IMMEDIATE,,ONA_FCH_REGISTRO,,,,,VALIDATED,"""ONA_FCH_REGISTRO"" IS NOT NULL"
OFT_ETD_NO_FORMAL_ALT,ONA_FORMACION_SENA_CHK,C,CHECK,ENABLED,NOT DEFERRABLE,IMMEDIATE,,ONA_FORMACION_SENA,,,,,VALIDATED,"
		ONA_FORMACION_SENA in (0,1)
		"
OFT_ETD_NO_FORMAL_ALT,ONA_FORMACION_SENA_NULL,C,CHECK,ENABLED,NOT DEFERRABLE,IMMEDIATE,,ONA_FORMACION_SENA,,,,,VALIDATED,"""ONA_FORMACION_SENA"" IS NOT NULL"
OFT_ETD_NO_FORMAL_ALT,ONA_ID_NULL,C,CHECK,ENABLED,NOT DEFERRABLE,IMMEDIATE,,ONA_ID,,,,,VALIDATED,"""ONA_ID"" IS NOT NULL"
OFT_ETD_NO_FORMAL_ALT,ONA_INSTITUCION_NULL,C,CHECK,ENABLED,NOT DEFERRABLE,IMMEDIATE,,ONA_INSTITUCION,,,,,VALIDATED,"""ONA_INSTITUCION"" IS NOT NULL"
OFT_ETD_NO_FORMAL_ALT,ONA_SOPORTE_CHK,C,CHECK,ENABLED,NOT DEFERRABLE,IMMEDIATE,,ONA_SOPORTE,,,,,VALIDATED,"
		ONA_SOPORTE in (0,1)
		"
OFT_ETD_NO_FORMAL_ALT,ONA_SOPORTE_NULL,C,CHECK,ENABLED,NOT DEFERRABLE,IMMEDIATE,,ONA_SOPORTE,,,,,VALIDATED,"""ONA_SOPORTE"" IS NOT NULL"
OFT_ETD_NO_FORMAL_ALT,ONA_TERMINO_CHK,C,CHECK,ENABLED,NOT DEFERRABLE,IMMEDIATE,,ONA_TERMINO,,,,,VALIDATED,"
		ONA_TERMINO in (0,1)
		"
OFT_ETD_NO_FORMAL_ALT,ONA_TERMINO_NULL,C,CHECK,ENABLED,NOT DEFERRABLE,IMMEDIATE,,ONA_TERMINO,,,,,VALIDATED,"""ONA_TERMINO"" IS NOT NULL"
OFT_ETD_NO_FORMAL_ALT,ONA_TITULO_NULL,C,CHECK,ENABLED,NOT DEFERRABLE,IMMEDIATE,,ONA_TITULO,,,,,VALIDATED,"""ONA_TITULO"" IS NOT NULL"
OFT_ETD_NO_FORMAL_ALT,TIE_ONA_NULL,C,CHECK,ENABLED,NOT DEFERRABLE,IMMEDIATE,,TIE_ID,,,,,VALIDATED,"""TIE_ID"" IS NOT NULL"
OFT_ETD_NO_FORMAL_ALT,ONA_PK,P,PRIMARY KEY,ENABLED,NOT DEFERRABLE,IMMEDIATE,,ONA_ID,,,,,VALIDATED,
OFT_ETD_NO_FORMAL_ALT,CSPE_ONA_FK,R,FOREIGN KEY,ENABLED,NOT DEFERRABLE,IMMEDIATE,CSPE_PK,CSPE_ID,SPE,CENTRO_SPE,CSPE_ID,NO ACTION,VALIDATED,
OFT_ETD_NO_FORMAL_ALT,DUR_ONA_FK,R,FOREIGN KEY,ENABLED,NOT DEFERRABLE,IMMEDIATE,DUR_PK,DUR_ID,SPE,DURACION,DUR_ID,NO ACTION,VALIDATED,
OFT_ETD_NO_FORMAL_ALT,FUN_ONA_FK,R,FOREIGN KEY,ENABLED,NOT DEFERRABLE,IMMEDIATE,FUN_PK,FUN_ID,SPE,FUNCIONARIO,FUN_ID,NO ACTION,VALIDATED,
OFT_ETD_NO_FORMAL_ALT,OFT_ONA_FK,R,FOREIGN KEY,ENABLED,NOT DEFERRABLE,IMMEDIATE,OFT_PK,OFT_ID,SPE,OFERTA,OFT_ID,NO ACTION,VALIDATED,
OFT_ETD_NO_FORMAL_ALT,TIE_ONA_FK,R,FOREIGN KEY,ENABLED,NOT DEFERRABLE,IMMEDIATE,TIE_PK,TIE_ID,SPE,TIPO_ESTUDIO,TIE_ID,NO ACTION,VALIDATED,
OFT_EXPERIENCIA,CIIU_OEX_NULL,C,CHECK,ENABLED,NOT DEFERRABLE,IMMEDIATE,,CIIU_ID,,,,,VALIDATED,"""CIIU_ID"" IS NOT NULL"
OFT_EXPERIENCIA,IND_OEX_NULL,C,CHECK,ENABLED,NOT DEFERRABLE,IMMEDIATE,,IND_ID,,,,,VALIDATED,"""IND_ID"" IS NOT NULL"
OFT_EXPERIENCIA,OEX_COLOCACION_SENA_CHK,C,CHECK,ENABLED,NOT DEFERRABLE,IMMEDIATE,,OEX_COLOCACION_SENA,,,,,VALIDATED,"
		OEX_COLOCACION_SENA in (0,1)
		"
OFT_EXPERIENCIA,OEX_COLOCACION_SENA_NULL,C,CHECK,ENABLED,NOT DEFERRABLE,IMMEDIATE,,OEX_COLOCACION_SENA,,,,,VALIDATED,"""OEX_COLOCACION_SENA"" IS NOT NULL"
OFT_EXPERIENCIA,OEX_FCH_INI_NULL,C,CHECK,ENABLED,NOT DEFERRABLE,IMMEDIATE,,OEX_FCH_INI,,,,,VALIDATED,"""OEX_FCH_INI"" IS NOT NULL"
OFT_EXPERIENCIA,OEX_FCH_REGISTRO_NULL,C,CHECK,ENABLED,NOT DEFERRABLE,IMMEDIATE,,OEX_FCH_REGISTRO,,,,,VALIDATED,"""OEX_FCH_REGISTRO"" IS NOT NULL"
OFT_EXPERIENCIA,OEX_ID_NULL,C,CHECK,ENABLED,NOT DEFERRABLE,IMMEDIATE,,OEX_ID,,,,,VALIDATED,"""OEX_ID"" IS NOT NULL"
OFT_EXPERIENCIA,OEX_NOMBRE_EMPRESA_NULL,C,CHECK,ENABLED,NOT DEFERRABLE,IMMEDIATE,,OEX_NOMBRE_EMPRESA,,,,,VALIDATED,"""OEX_NOMBRE_EMPRESA"" IS NOT NULL"
OFT_EXPERIENCIA,OEX_SOPORTE_CHK,C,CHECK,ENABLED,NOT DEFERRABLE,IMMEDIATE,,OEX_SOPORTE,,,,,VALIDATED,"
		OEX_SOPORTE in (0,1)
		"
OFT_EXPERIENCIA,OEX_SOPORTE_NULL,C,CHECK,ENABLED,NOT DEFERRABLE,IMMEDIATE,,OEX_SOPORTE,,,,,VALIDATED,"""OEX_SOPORTE"" IS NOT NULL"
OFT_EXPERIENCIA,OFT_OEX_NULL,C,CHECK,ENABLED,NOT DEFERRABLE,IMMEDIATE,,OFT_ID,,,,,VALIDATED,"""OFT_ID"" IS NOT NULL"
OFT_EXPERIENCIA,OEX_PK,P,PRIMARY KEY,ENABLED,NOT DEFERRABLE,IMMEDIATE,,OEX_ID,,,,,VALIDATED,
OFT_EXPERIENCIA,CIIU_OEX_FK,R,FOREIGN KEY,ENABLED,NOT DEFERRABLE,IMMEDIATE,CIIU_PK,CIIU_ID,SPE,CIIU,CIIU_ID,NO ACTION,VALIDATED,
OFT_EXPERIENCIA,CSPE_OEX_FK,R,FOREIGN KEY,ENABLED,NOT DEFERRABLE,IMMEDIATE,CSPE_PK,CSPE_ID,SPE,CENTRO_SPE,CSPE_ID,NO ACTION,VALIDATED,
OFT_EXPERIENCIA,FUN_OEX_FK,R,FOREIGN KEY,ENABLED,NOT DEFERRABLE,IMMEDIATE,FUN_PK,FUN_ID,SPE,FUNCIONARIO,FUN_ID,NO ACTION,VALIDATED,
OFT_EXPERIENCIA,IND_OEX_FK,R,FOREIGN KEY,ENABLED,NOT DEFERRABLE,IMMEDIATE,IND_PK,IND_ID,SPE,INDICE,IND_ID,NO ACTION,VALIDATED,
OFT_EXPERIENCIA,OEX_DPT_ID_FK,R,FOREIGN KEY,ENABLED,NOT DEFERRABLE,IMMEDIATE,DPT_PK,OEX_DPT_ID,SPE,DEPARTAMENTO,DPT_ID,NO ACTION,VALIDATED,
OFT_EXPERIENCIA,OEX_MPO_ID_FK,R,FOREIGN KEY,ENABLED,NOT DEFERRABLE,IMMEDIATE,MPO_PK,OEX_MPO_ID,SPE,MUNICIPIO,MPO_ID,NO ACTION,VALIDATED,
OFT_EXPERIENCIA,OEX_PAI_ID_FK,R,FOREIGN KEY,ENABLED,NOT DEFERRABLE,IMMEDIATE,PAI_PK,OEX_PAI_ID,SPE,PAIS,PAI_ID,NO ACTION,VALIDATED,
OFT_EXPERIENCIA,OFT_OEX_FK,R,FOREIGN KEY,ENABLED,NOT DEFERRABLE,IMMEDIATE,OFT_PK,OFT_ID,SPE,OFERTA,OFT_ID,NO ACTION,VALIDATED,
OFT_IDIOMA,IDM_OID_NULL,C,CHECK,ENABLED,NOT DEFERRABLE,IMMEDIATE,,IDM_ID,,,,,VALIDATED,"""IDM_ID"" IS NOT NULL"
OFT_IDIOMA,OFT_OID_NULL,C,CHECK,ENABLED,NOT DEFERRABLE,IMMEDIATE,,OFT_ID,,,,,VALIDATED,"""OFT_ID"" IS NOT NULL"
OFT_IDIOMA,OID_ESCRIBE_NULL,C,CHECK,ENABLED,NOT DEFERRABLE,IMMEDIATE,,OID_ESCRIBE,,,,,VALIDATED,"""OID_ESCRIBE"" IS NOT NULL"
OFT_IDIOMA,OID_FCH_REGISTRO_NULL,C,CHECK,ENABLED,NOT DEFERRABLE,IMMEDIATE,,OID_FCH_REGISTRO,,,,,VALIDATED,"""OID_FCH_REGISTRO"" IS NOT NULL"
OFT_IDIOMA,OID_HABLA_NULL,C,CHECK,ENABLED,NOT DEFERRABLE,IMMEDIATE,,OID_HABLA,,,,,VALIDATED,"""OID_HABLA"" IS NOT NULL"
OFT_IDIOMA,OID_ID_NULL,C,CHECK,ENABLED,NOT DEFERRABLE,IMMEDIATE,,OID_ID,,,,,VALIDATED,"""OID_ID"" IS NOT NULL"
OFT_IDIOMA,OID_LEE_NULL,C,CHECK,ENABLED,NOT DEFERRABLE,IMMEDIATE,,OID_LEE,,,,,VALIDATED,"""OID_LEE"" IS NOT NULL"
OFT_IDIOMA,OID_SOPORTE_CHK,C,CHECK,ENABLED,NOT DEFERRABLE,IMMEDIATE,,OID_SOPORTE,,,,,VALIDATED,"
		OID_SOPORTE in (0,1)
		"
OFT_IDIOMA,OID_SOPORTE_NULL,C,CHECK,ENABLED,NOT DEFERRABLE,IMMEDIATE,,OID_SOPORTE,,,,,VALIDATED,"""OID_SOPORTE"" IS NOT NULL"
OFT_IDIOMA,OID_PK,P,PRIMARY KEY,ENABLED,NOT DEFERRABLE,IMMEDIATE,,OID_ID,,,,,VALIDATED,
OFT_IDIOMA,CSPE_OID_FK,R,FOREIGN KEY,ENABLED,NOT DEFERRABLE,IMMEDIATE,CSPE_PK,CSPE_ID,SPE,CENTRO_SPE,CSPE_ID,NO ACTION,VALIDATED,
OFT_IDIOMA,FUN_OID_FK,R,FOREIGN KEY,ENABLED,NOT DEFERRABLE,IMMEDIATE,FUN_PK,FUN_ID,SPE,FUNCIONARIO,FUN_ID,NO ACTION,VALIDATED,
OFT_IDIOMA,IDM_OID_FK,R,FOREIGN KEY,ENABLED,NOT DEFERRABLE,IMMEDIATE,IDM_PK,IDM_ID,SPE,IDIOMA,IDM_ID,NO ACTION,VALIDATED,
OFT_IDIOMA,OFT_OID_FK,R,FOREIGN KEY,ENABLED,NOT DEFERRABLE,IMMEDIATE,OFT_PK,OFT_ID,SPE,OFERTA,OFT_ID,NO ACTION,VALIDATED,
OFT_IDIOMA,OFTXIDM_UK_UC,U,UNIQUE,ENABLED,NOT DEFERRABLE,IMMEDIATE,,"OFT_ID,IDM_ID",,,,,VALIDATED,
OFT_INTERES_FORMACION,OFT_OIF_NULL,C,CHECK,ENABLED,NOT DEFERRABLE,IMMEDIATE,,OFT_ID,,,,,VALIDATED,"""OFT_ID"" IS NOT NULL"
OFT_INTERES_FORMACION,OIF_ID_NULL,C,CHECK,ENABLED,NOT DEFERRABLE,IMMEDIATE,,OIF_ID,,,,,VALIDATED,"""OIF_ID"" IS NOT NULL"
OFT_INTERES_FORMACION,OIF_JORNADA_CHK,C,CHECK,ENABLED,NOT DEFERRABLE,IMMEDIATE,,OIF_JORNADA,,,,,VALIDATED,"
  OIF_JORNADA IN ('Manana','Tarde','Noche')
  "
OFT_INTERES_FORMACION,OIF_JORNADA_NUL,C,CHECK,ENABLED,NOT DEFERRABLE,IMMEDIATE,,OIF_JORNADA,,,,,VALIDATED,"""OIF_JORNADA"" IS NOT NULL"
OFT_INTERES_FORMACION,OIF_MODALIDAD_CHK,C,CHECK,ENABLED,NOT DEFERRABLE,IMMEDIATE,,OIF_MODALIDAD,,,,,VALIDATED,"
  OIF_MODALIDAD IN ('Presencial','Virtual')
  "
OFT_INTERES_FORMACION,OIF_MODALIDAD_NUL,C,CHECK,ENABLED,NOT DEFERRABLE,IMMEDIATE,,OIF_MODALIDAD,,,,,VALIDATED,"""OIF_MODALIDAD"" IS NOT NULL"
OFT_INTERES_FORMACION,SYS_C0023541,C,CHECK,ENABLED,NOT DEFERRABLE,IMMEDIATE,,OIF_FCH_REGISTRO,,,,,VALIDATED,"""OIF_FCH_REGISTRO"" IS NOT NULL"
OFT_INTERES_FORMACION,OIF_PK,P,PRIMARY KEY,ENABLED,NOT DEFERRABLE,IMMEDIATE,,OIF_ID,,,,,VALIDATED,
OFT_INTERES_FORMACION,ENF_OIF_FK,R,FOREIGN KEY,ENABLED,NOT DEFERRABLE,IMMEDIATE,ENF_PK,ENF_ID,SPE,ESTUDIO_NO_FORMAL,ENF_ID,NO ACTION,VALIDATED,
OFT_INTERES_FORMACION,OFT_OIF_FK,R,FOREIGN KEY,ENABLED,NOT DEFERRABLE,IMMEDIATE,OFT_PK,OFT_ID,SPE,OFERTA,OFT_ID,NO ACTION,VALIDATED,
OFT_LICENCIA,OFT_OLI_NULL,C,CHECK,ENABLED,NOT DEFERRABLE,IMMEDIATE,,OFT_ID,,,,,VALIDATED,"""OFT_ID"" IS NOT NULL"
OFT_LICENCIA,OLI_ID_NULL,C,CHECK,ENABLED,NOT DEFERRABLE,IMMEDIATE,,OLI_ID,,,,,VALIDATED,"""OLI_ID"" IS NOT NULL"
OFT_LICENCIA,OLI_LIC_NULL,C,CHECK,ENABLED,NOT DEFERRABLE,IMMEDIATE,,LIC_ID,,,,,VALIDATED,"""LIC_ID"" IS NOT NULL"
OFT_LICENCIA,OLI_PK,P,PRIMARY KEY,ENABLED,NOT DEFERRABLE,IMMEDIATE,,OLI_ID,,,,,VALIDATED,
OFT_LICENCIA,OFT_OLI_FK,R,FOREIGN KEY,ENABLED,NOT DEFERRABLE,IMMEDIATE,OFT_PK,OFT_ID,SPE,OFERTA,OFT_ID,NO ACTION,VALIDATED,
OFT_LICENCIA,OLI_LIC_FK,R,FOREIGN KEY,ENABLED,NOT DEFERRABLE,IMMEDIATE,LIC_PK,LIC_ID,SPE,LICENCIA_CONDUCCION,LIC_ID,NO ACTION,VALIDATED,
OFT_LICENCIA,OFTXLIC_UK_UC,U,UNIQUE,ENABLED,NOT DEFERRABLE,IMMEDIATE,,"OFT_ID,LIC_ID",,,,,VALIDATED,
OFT_MIGRACION,SYS_C0022066,C,CHECK,ENABLED,NOT DEFERRABLE,IMMEDIATE,,OFT_ID,,,,,VALIDATED,"""OFT_ID"" IS NOT NULL"
OFT_MIGRACION,OFT_MIGRACION_PK,P,PRIMARY KEY,ENABLED,NOT DEFERRABLE,IMMEDIATE,,OFT_ID,,,,,VALIDATED,
OFT_MIGRACION,OMG_OFT_FK,R,FOREIGN KEY,ENABLED,NOT DEFERRABLE,IMMEDIATE,OFT_PK,OFT_ID,SPE,OFERTA,OFT_ID,NO ACTION,VALIDATED,
OFT_NOTAS_PERFIL,OFT_ONP_NULL,C,CHECK,ENABLED,NOT DEFERRABLE,IMMEDIATE,,OFT_ID,,,,,VALIDATED,"""OFT_ID"" IS NOT NULL"
OFT_NOTAS_PERFIL,ONP_PK,P,PRIMARY KEY,ENABLED,NOT DEFERRABLE,IMMEDIATE,,OFT_ID,,,,,VALIDATED,
OFT_NOTAS_PERFIL,OFT_ONP_FK,R,FOREIGN KEY,ENABLED,NOT DEFERRABLE,IMMEDIATE,OFT_PK,OFT_ID,SPE,OFERTA,OFT_ID,NO ACTION,VALIDATED,
OFT_ORIENTACION,CSPE_OOR_NULL,C,CHECK,ENABLED,NOT DEFERRABLE,IMMEDIATE,,CSPE_ID,,,,,VALIDATED,"""CSPE_ID"" IS NOT NULL"
OFT_ORIENTACION,FUN_OOR_NULL,C,CHECK,ENABLED,NOT DEFERRABLE,IMMEDIATE,,FUN_ID,,,,,VALIDATED,"""FUN_ID"" IS NOT NULL"
OFT_ORIENTACION,OFT_OOR_NULL,C,CHECK,ENABLED,NOT DEFERRABLE,IMMEDIATE,,OFT_ID,,,,,VALIDATED,"""OFT_ID"" IS NOT NULL"
OFT_ORIENTACION,OOR_DESCRIPCION_NULL,C,CHECK,ENABLED,NOT DEFERRABLE,IMMEDIATE,,OOR_DESCRIPCION,,,,,VALIDATED,"""OOR_DESCRIPCION"" IS NOT NULL"
OFT_ORIENTACION,OOR_FCH_EJECUCION_NULL,C,CHECK,ENABLED,NOT DEFERRABLE,IMMEDIATE,,OOR_FCH_EJECUCION,,,,,VALIDATED,"""OOR_FCH_EJECUCION"" IS NOT NULL"
OFT_ORIENTACION,OOR_FCH_REGISTRO_NULL,C,CHECK,ENABLED,NOT DEFERRABLE,IMMEDIATE,,OOR_FCH_REGISTRO,,,,,VALIDATED,"""OOR_FCH_REGISTRO"" IS NOT NULL"
OFT_ORIENTACION,OOR_ID_NULL,C,CHECK,ENABLED,NOT DEFERRABLE,IMMEDIATE,,OOR_ID,,,,,VALIDATED,"""OOR_ID"" IS NOT NULL"
OFT_ORIENTACION,OOR_PK,P,PRIMARY KEY,ENABLED,NOT DEFERRABLE,IMMEDIATE,,OOR_ID,,,,,VALIDATED,
OFT_ORIENTACION,CSPE_OOR_FK,R,FOREIGN KEY,ENABLED,NOT DEFERRABLE,IMMEDIATE,CSPE_PK,CSPE_ID,SPE,CENTRO_SPE,CSPE_ID,NO ACTION,VALIDATED,
OFT_ORIENTACION,FUN_OOR_FK,R,FOREIGN KEY,ENABLED,NOT DEFERRABLE,IMMEDIATE,FUN_PK,FUN_ID,SPE,FUNCIONARIO,FUN_ID,NO ACTION,VALIDATED,
OFT_ORIENTACION,OFT_OOR_FK,R,FOREIGN KEY,ENABLED,NOT DEFERRABLE,IMMEDIATE,OFT_PK,OFT_ID,SPE,OFERTA,OFT_ID,NO ACTION,VALIDATED,
OFT_PASANTIA,CIIU_OPA_NULL,C,CHECK,ENABLED,NOT DEFERRABLE,IMMEDIATE,,CIIU_ID,,,,,VALIDATED,"""CIIU_ID"" IS NOT NULL"
OFT_PASANTIA,IND_OPA_NULL,C,CHECK,ENABLED,NOT DEFERRABLE,IMMEDIATE,,IND_ID,,,,,VALIDATED,"""IND_ID"" IS NOT NULL"
OFT_PASANTIA,OFT_OPA_NULL,C,CHECK,ENABLED,NOT DEFERRABLE,IMMEDIATE,,OFT_ID,,,,,VALIDATED,"""OFT_ID"" IS NOT NULL"
OFT_PASANTIA,OPA_COLOCACION_SENA_CHK,C,CHECK,ENABLED,NOT DEFERRABLE,IMMEDIATE,,OPA_COLOCACION_SENA,,,,,VALIDATED,"
		OPA_COLOCACION_SENA in (0,1)
		"
OFT_PASANTIA,OPA_COLOCACION_SENA_NULL,C,CHECK,ENABLED,NOT DEFERRABLE,IMMEDIATE,,OPA_COLOCACION_SENA,,,,,VALIDATED,"""OPA_COLOCACION_SENA"" IS NOT NULL"
OFT_PASANTIA,OPA_FCH_INI_NULL,C,CHECK,ENABLED,NOT DEFERRABLE,IMMEDIATE,,OPA_FCH_INI,,,,,VALIDATED,"""OPA_FCH_INI"" IS NOT NULL"
OFT_PASANTIA,OPA_FCH_REGISTRO_NULL,C,CHECK,ENABLED,NOT DEFERRABLE,IMMEDIATE,,OPA_FCH_REGISTRO,,,,,VALIDATED,"""OPA_FCH_REGISTRO"" IS NOT NULL"
OFT_PASANTIA,OPA_ID_NULL,C,CHECK,ENABLED,NOT DEFERRABLE,IMMEDIATE,,OPA_ID,,,,,VALIDATED,"""OPA_ID"" IS NOT NULL"
OFT_PASANTIA,OPA_NOMBRE_EMPRESA_NULL,C,CHECK,ENABLED,NOT DEFERRABLE,IMMEDIATE,,OPA_NOMBRE_EMPRESA,,,,,VALIDATED,"""OPA_NOMBRE_EMPRESA"" IS NOT NULL"
OFT_PASANTIA,OPA_SOPORTE_CHK,C,CHECK,ENABLED,NOT DEFERRABLE,IMMEDIATE,,OPA_SOPORTE,,,,,VALIDATED,"
		OPA_SOPORTE in (0,1)
		"
OFT_PASANTIA,OPA_SOPORTE_NULL,C,CHECK,ENABLED,NOT DEFERRABLE,IMMEDIATE,,OPA_SOPORTE,,,,,VALIDATED,"""OPA_SOPORTE"" IS NOT NULL"
OFT_PASANTIA,SYS_C0023596,C,CHECK,ENABLED,NOT DEFERRABLE,IMMEDIATE,,OPA_ID,,,,,VALIDATED,"""OPA_ID"" IS NOT NULL"
OFT_PASANTIA,SYS_C0023597,C,CHECK,ENABLED,NOT DEFERRABLE,IMMEDIATE,,OPA_NOMBRE_EMPRESA,,,,,VALIDATED,"""OPA_NOMBRE_EMPRESA"" IS NOT NULL"
OFT_PASANTIA,SYS_C0023598,C,CHECK,ENABLED,NOT DEFERRABLE,IMMEDIATE,,CIIU_ID,,,,,VALIDATED,"""CIIU_ID"" IS NOT NULL"
OFT_PASANTIA,SYS_C0023599,C,CHECK,ENABLED,NOT DEFERRABLE,IMMEDIATE,,OFT_ID,,,,,VALIDATED,"""OFT_ID"" IS NOT NULL"
OFT_PASANTIA,SYS_C0023600,C,CHECK,ENABLED,NOT DEFERRABLE,IMMEDIATE,,IND_ID,,,,,VALIDATED,"""IND_ID"" IS NOT NULL"
OFT_PASANTIA,SYS_C0023601,C,CHECK,ENABLED,NOT DEFERRABLE,IMMEDIATE,,OPA_FCH_INI,,,,,VALIDATED,"""OPA_FCH_INI"" IS NOT NULL"
OFT_PASANTIA,SYS_C0023602,C,CHECK,ENABLED,NOT DEFERRABLE,IMMEDIATE,,OPA_SOPORTE,,,,,VALIDATED,"""OPA_SOPORTE"" IS NOT NULL"
OFT_PASANTIA,SYS_C0023603,C,CHECK,ENABLED,NOT DEFERRABLE,IMMEDIATE,,OPA_COLOCACION_SENA,,,,,VALIDATED,"""OPA_COLOCACION_SENA"" IS NOT NULL"
OFT_PASANTIA,SYS_C0023604,C,CHECK,ENABLED,NOT DEFERRABLE,IMMEDIATE,,OPA_FCH_REGISTRO,,,,,VALIDATED,"""OPA_FCH_REGISTRO"" IS NOT NULL"
OFT_PASANTIA,OPA_PK,P,PRIMARY KEY,ENABLED,NOT DEFERRABLE,IMMEDIATE,,OPA_ID,,,,,VALIDATED,
OFT_PASANTIA,CIIU_OPA_FK,R,FOREIGN KEY,ENABLED,NOT DEFERRABLE,IMMEDIATE,CIIU_PK,CIIU_ID,SPE,CIIU,CIIU_ID,NO ACTION,VALIDATED,
OFT_PASANTIA,CSPE_OPA_FK,R,FOREIGN KEY,ENABLED,NOT DEFERRABLE,IMMEDIATE,CSPE_PK,CSPE_ID,SPE,CENTRO_SPE,CSPE_ID,NO ACTION,VALIDATED,
OFT_PASANTIA,FUN_OPA_FK,R,FOREIGN KEY,ENABLED,NOT DEFERRABLE,IMMEDIATE,FUN_PK,FUN_ID,SPE,FUNCIONARIO,FUN_ID,NO ACTION,VALIDATED,
OFT_PASANTIA,IND_OPA_FK,R,FOREIGN KEY,ENABLED,NOT DEFERRABLE,IMMEDIATE,IND_PK,IND_ID,SPE,INDICE,IND_ID,NO ACTION,VALIDATED,
OFT_PASANTIA,OFT_OPA_FK,R,FOREIGN KEY,ENABLED,NOT DEFERRABLE,IMMEDIATE,OFT_PK,OFT_ID,SPE,OFERTA,OFT_ID,NO ACTION,VALIDATED,
OFT_PREFERENCIA_OCUP,IND_OPO_NULL,C,CHECK,ENABLED,NOT DEFERRABLE,IMMEDIATE,,IND_ID,,,,,VALIDATED,"""IND_ID"" IS NOT NULL"
OFT_PREFERENCIA_OCUP,OFT_OPO_NULL,C,CHECK,ENABLED,NOT DEFERRABLE,IMMEDIATE,,OFT_ID,,,,,VALIDATED,"""OFT_ID"" IS NOT NULL"
OFT_PREFERENCIA_OCUP,OPO_FCH_REGISTRO_NULL,C,CHECK,ENABLED,NOT DEFERRABLE,IMMEDIATE,,OPO_FCH_REGISTRO,,,,,VALIDATED,"""OPO_FCH_REGISTRO"" IS NOT NULL"
OFT_PREFERENCIA_OCUP,OPO_ID_NULL,C,CHECK,ENABLED,NOT DEFERRABLE,IMMEDIATE,,OPO_ID,,,,,VALIDATED,"""OPO_ID"" IS NOT NULL"
OFT_PREFERENCIA_OCUP,OPO_PRIORIDAD_NULL,C,CHECK,ENABLED,NOT DEFERRABLE,IMMEDIATE,,OPO_PRIORIDAD,,,,,VALIDATED,"""OPO_PRIORIDAD"" IS NOT NULL"
OFT_PREFERENCIA_OCUP,OPO_PK,P,PRIMARY KEY,ENABLED,NOT DEFERRABLE,IMMEDIATE,,OPO_ID,,,,,VALIDATED,
OFT_PREFERENCIA_OCUP,CSPE_OPO_FK,R,FOREIGN KEY,ENABLED,NOT DEFERRABLE,IMMEDIATE,CSPE_PK,CSPE_ID,SPE,CENTRO_SPE,CSPE_ID,NO ACTION,VALIDATED,
OFT_PREFERENCIA_OCUP,FUN_OPO_FK,R,FOREIGN KEY,ENABLED,NOT DEFERRABLE,IMMEDIATE,FUN_PK,FUN_ID,SPE,FUNCIONARIO,FUN_ID,NO ACTION,VALIDATED,
OFT_PREFERENCIA_OCUP,INDE_OPO_FK,R,FOREIGN KEY,ENABLED,NOT DEFERRABLE,IMMEDIATE,IND_PK,IND_ID,SPE,INDICE,IND_ID,NO ACTION,VALIDATED,
OFT_PREFERENCIA_OCUP,OFT_OPO_FK,R,FOREIGN KEY,ENABLED,NOT DEFERRABLE,IMMEDIATE,OFT_PK,OFT_ID,SPE,OFERTA,OFT_ID,NO ACTION,VALIDATED,
OFT_PREFERENCIA_OCUP,OFT_IND_PRE_UK_UC,U,UNIQUE,ENABLED,NOT DEFERRABLE,IMMEDIATE,,"OFT_ID,IND_ID,OPO_PRIORIDAD",,,,,VALIDATED,
OFT_PREFERENCIA_OCUP,OFT_IND_UK_UC,U,UNIQUE,ENABLED,NOT DEFERRABLE,IMMEDIATE,,"OFT_ID,IND_ID",,,,,VALIDATED,
OFT_TALLER,ETA_OTA_NULL,C,CHECK,ENABLED,NOT DEFERRABLE,IMMEDIATE,,ETA_ID,,,,,VALIDATED,"""ETA_ID"" IS NOT NULL"
OFT_TALLER,OFT_OTA_NULL,C,CHECK,ENABLED,NOT DEFERRABLE,IMMEDIATE,,OFT_ID,,,,,VALIDATED,"""OFT_ID"" IS NOT NULL"
OFT_TALLER,OTA_ID_NULL,C,CHECK,ENABLED,NOT DEFERRABLE,IMMEDIATE,,OTA_ID,,,,,VALIDATED,"""OTA_ID"" IS NOT NULL"
OFT_TALLER,OTA_PK,P,PRIMARY KEY,ENABLED,NOT DEFERRABLE,IMMEDIATE,,OTA_ID,,,,,VALIDATED,
OFT_TALLER,ETA_OTA_FK,R,FOREIGN KEY,ENABLED,NOT DEFERRABLE,IMMEDIATE,ETA_PK,ETA_ID,SPE,EJECUCION_TALLER,ETA_ID,NO ACTION,VALIDATED,
OFT_TALLER,OFT_OTA_FK,R,FOREIGN KEY,ENABLED,NOT DEFERRABLE,IMMEDIATE,OFT_PK,OFT_ID,SPE,OFERTA,OFT_ID,NO ACTION,VALIDATED,
OFT_TALLER,OFTXETA_UK_UC,U,UNIQUE,ENABLED,NOT DEFERRABLE,IMMEDIATE,,"ETA_ID,OFT_ID",,,,,VALIDATED,
OFT_VEHICULO,OFT_OVH_NULL,C,CHECK,ENABLED,NOT DEFERRABLE,IMMEDIATE,,OFT_ID,,,,,VALIDATED,"""OFT_ID"" IS NOT NULL"
OFT_VEHICULO,OVH_ID_NULL,C,CHECK,ENABLED,NOT DEFERRABLE,IMMEDIATE,,OVH_ID,,,,,VALIDATED,"""OVH_ID"" IS NOT NULL"
OFT_VEHICULO,VEH_OVH_NULL,C,CHECK,ENABLED,NOT DEFERRABLE,IMMEDIATE,,VEH_ID,,,,,VALIDATED,"""VEH_ID"" IS NOT NULL"
OFT_VEHICULO,OVH_PK,P,PRIMARY KEY,ENABLED,NOT DEFERRABLE,IMMEDIATE,,OVH_ID,,,,,VALIDATED,
OFT_VEHICULO,OFT_OVH_FK,R,FOREIGN KEY,ENABLED,NOT DEFERRABLE,IMMEDIATE,OFT_PK,OFT_ID,SPE,OFERTA,OFT_ID,NO ACTION,VALIDATED,
OFT_VEHICULO,VEH_OVH_FK,R,FOREIGN KEY,ENABLED,NOT DEFERRABLE,IMMEDIATE,VEH_PK,VEH_ID,SPE,VEHICULO,VEH_ID,NO ACTION,VALIDATED,
OFT_VEHICULO,OFTXVEH_UK_UC,U,UNIQUE,ENABLED,NOT DEFERRABLE,IMMEDIATE,,"OFT_ID,VEH_ID",,,,,VALIDATED,
ORIENTACION_PROFESIONAL,CSPE_ORI_ID_NULL,C,CHECK,ENABLED,NOT DEFERRABLE,IMMEDIATE,,CSPE_ID,,,,,VALIDATED,"""CSPE_ID"" IS NOT NULL"
ORIENTACION_PROFESIONAL,FUN_ORI_ID_NULL,C,CHECK,ENABLED,NOT DEFERRABLE,IMMEDIATE,,FUN_ID,,,,,VALIDATED,"""FUN_ID"" IS NOT NULL"
ORIENTACION_PROFESIONAL,OFT_ORI_ID_NULL,C,CHECK,ENABLED,NOT DEFERRABLE,IMMEDIATE,,OFT_ID,,,,,VALIDATED,"""OFT_ID"" IS NOT NULL"
ORIENTACION_PROFESIONAL,ORI_ID_NULL,C,CHECK,ENABLED,NOT DEFERRABLE,IMMEDIATE,,ORI_ID,,,,,VALIDATED,"""ORI_ID"" IS NOT NULL"
ORIENTACION_PROFESIONAL,REG_ORI_ID_NULL,C,CHECK,ENABLED,NOT DEFERRABLE,IMMEDIATE,,REG_ID,,,,,VALIDATED,"""REG_ID"" IS NOT NULL"
ORIENTACION_PROFESIONAL,SYS_C0022355,C,CHECK,ENABLED,NOT DEFERRABLE,IMMEDIATE,,ORI_FCH_REGISTRO,,,,,VALIDATED,"""ORI_FCH_REGISTRO"" IS NOT NULL"
ORIENTACION_PROFESIONAL,TORI_ORI_ID_NULL,C,CHECK,ENABLED,NOT DEFERRABLE,IMMEDIATE,,TORI_ID,,,,,VALIDATED,"""TORI_ID"" IS NOT NULL"
ORIENTACION_PROFESIONAL,ORI_PK,P,PRIMARY KEY,ENABLED,NOT DEFERRABLE,IMMEDIATE,,ORI_ID,,,,,VALIDATED,
ORIENTACION_PROFESIONAL,CSPE_ORI_FK,R,FOREIGN KEY,ENABLED,NOT DEFERRABLE,IMMEDIATE,CSPE_PK,CSPE_ID,SPE,CENTRO_SPE,CSPE_ID,NO ACTION,VALIDATED,
ORIENTACION_PROFESIONAL,FUN_ORI_FK,R,FOREIGN KEY,ENABLED,NOT DEFERRABLE,IMMEDIATE,FUN_PK,FUN_ID,SPE,FUNCIONARIO,FUN_ID,NO ACTION,VALIDATED,
ORIENTACION_PROFESIONAL,OFT_ORI_FK,R,FOREIGN KEY,ENABLED,NOT DEFERRABLE,IMMEDIATE,OFT_PK,OFT_ID,SPE,OFERTA,OFT_ID,NO ACTION,VALIDATED,
ORIENTACION_PROFESIONAL,REG_ORI_FK,R,FOREIGN KEY,ENABLED,NOT DEFERRABLE,IMMEDIATE,REG_PK,REG_ID,SPE,REGIONAL,REG_ID,NO ACTION,VALIDATED,
ORIGEN,ORG_ID_NULL,C,CHECK,ENABLED,NOT DEFERRABLE,IMMEDIATE,,ORG_ID,,,,,VALIDATED,"""ORG_ID"" IS NOT NULL"
ORIGEN,ORG_NOMBRE_NULL,C,CHECK,ENABLED,NOT DEFERRABLE,IMMEDIATE,,ORG_NOMBRE,,,,,VALIDATED,"""ORG_NOMBRE"" IS NOT NULL"
ORIGEN,ORG_PK,P,PRIMARY KEY,ENABLED,NOT DEFERRABLE,IMMEDIATE,,ORG_ID,,,,,VALIDATED,
PAIS,PAI_ID_NULL,C,CHECK,ENABLED,NOT DEFERRABLE,IMMEDIATE,,PAI_ID,,,,,VALIDATED,"""PAI_ID"" IS NOT NULL"
PAIS,PAI_NOMBRE_NULL,C,CHECK,ENABLED,NOT DEFERRABLE,IMMEDIATE,,PAI_NOMBRE,,,,,VALIDATED,"""PAI_NOMBRE"" IS NOT NULL"
PAIS,PAI_SIGLA_NULL,C,CHECK,ENABLED,NOT DEFERRABLE,IMMEDIATE,,PAI_SIGLA,,,,,VALIDATED,"""PAI_SIGLA"" IS NOT NULL"
PAIS,PAI_PK,P,PRIMARY KEY,ENABLED,NOT DEFERRABLE,IMMEDIATE,,PAI_ID,,,,,VALIDATED,
PARAMETRO,PAR_ID_NULL,C,CHECK,ENABLED,NOT DEFERRABLE,IMMEDIATE,,PAR_ID,,,,,VALIDATED,"""PAR_ID"" IS NOT NULL"
PARAMETRO,PAR_NOMBRE_NULL,C,CHECK,ENABLED,NOT DEFERRABLE,IMMEDIATE,,PAR_NOMBRE,,,,,VALIDATED,"""PAR_NOMBRE"" IS NOT NULL"
PARAMETRO,PAR_VALOR_NULL,C,CHECK,ENABLED,NOT DEFERRABLE,IMMEDIATE,,PAR_VALOR,,,,,VALIDATED,"""PAR_VALOR"" IS NOT NULL"
PARAMETRO,PAR_PK,P,PRIMARY KEY,ENABLED,NOT DEFERRABLE,IMMEDIATE,,PAR_ID,,,,,VALIDATED,
PARAMETROS,SYS_C0023587,C,CHECK,ENABLED,NOT DEFERRABLE,IMMEDIATE,,PAR_ID,,,,,VALIDATED,"""PAR_ID"" IS NOT NULL"
PARAMETROS,SYS_C0023588,C,CHECK,ENABLED,NOT DEFERRABLE,IMMEDIATE,,PAR_NOMBRE,,,,,VALIDATED,"""PAR_NOMBRE"" IS NOT NULL"
PARAMETROS,SYS_C0023589,C,CHECK,ENABLED,NOT DEFERRABLE,IMMEDIATE,,PAR_DESCRIPCION,,,,,VALIDATED,"""PAR_DESCRIPCION"" IS NOT NULL"
PARAMETROS,SYS_C0023590,C,CHECK,ENABLED,NOT DEFERRABLE,IMMEDIATE,,PAR_VALOR,,,,,VALIDATED,"""PAR_VALOR"" IS NOT NULL"
PARAMETROS,PARS_PK,P,PRIMARY KEY,ENABLED,NOT DEFERRABLE,IMMEDIATE,,PAR_ID,,,,,VALIDATED,
PASANTIAXFUNCION,FNC_PAF_NULL,C,CHECK,ENABLED,NOT DEFERRABLE,IMMEDIATE,,FNC_ID,,,,,VALIDATED,"""FNC_ID"" IS NOT NULL"
PASANTIAXFUNCION,OPA_PAF_NULL,C,CHECK,ENABLED,NOT DEFERRABLE,IMMEDIATE,,OPA_ID,,,,,VALIDATED,"""OPA_ID"" IS NOT NULL"
PASANTIAXFUNCION,PAF_ID_NULL,C,CHECK,ENABLED,NOT DEFERRABLE,IMMEDIATE,,PAF_ID,,,,,VALIDATED,"""PAF_ID"" IS NOT NULL"
PASANTIAXFUNCION,SYS_C0021773,C,CHECK,ENABLED,NOT DEFERRABLE,IMMEDIATE,,PAF_ID,,,,,VALIDATED,"""PAF_ID"" IS NOT NULL"
PASANTIAXFUNCION,SYS_C0021774,C,CHECK,ENABLED,NOT DEFERRABLE,IMMEDIATE,,OPA_ID,,,,,VALIDATED,"""OPA_ID"" IS NOT NULL"
PASANTIAXFUNCION,SYS_C0021775,C,CHECK,ENABLED,NOT DEFERRABLE,IMMEDIATE,,FNC_ID,,,,,VALIDATED,"""FNC_ID"" IS NOT NULL"
PASANTIAXFUNCION,PAK_PK,P,PRIMARY KEY,ENABLED,NOT DEFERRABLE,IMMEDIATE,,PAF_ID,,,,,VALIDATED,
PASANTIAXFUNCION,FNC_PAF_FK,R,FOREIGN KEY,ENABLED,NOT DEFERRABLE,IMMEDIATE,FNC_PK,FNC_ID,SPE,FUNCION,FNC_ID,NO ACTION,VALIDATED,
PASANTIAXFUNCION,PAF_UK_UC,U,UNIQUE,ENABLED,NOT DEFERRABLE,IMMEDIATE,,"FNC_ID,OPA_ID",,,,,VALIDATED,
PERSONAL_DE_CONVENIO,SYS_C0023630,C,CHECK,ENABLED,NOT DEFERRABLE,IMMEDIATE,,PDC_ID,,,,,VALIDATED,"""PDC_ID"" IS NOT NULL"
PERSONAL_DE_CONVENIO,SYS_C0023631,C,CHECK,ENABLED,NOT DEFERRABLE,IMMEDIATE,,PDC_CODIGO,,,,,VALIDATED,"""PDC_CODIGO"" IS NOT NULL"
PERSONAL_DE_CONVENIO,SYS_C0023632,C,CHECK,ENABLED,NOT DEFERRABLE,IMMEDIATE,,PDC_NOMBRE,,,,,VALIDATED,"""PDC_NOMBRE"" IS NOT NULL"
PERSONAL_DE_CONVENIO,SYS_C0023633,C,CHECK,ENABLED,NOT DEFERRABLE,IMMEDIATE,,PDC_FECHA_REGISTRO,,,,,VALIDATED,"""PDC_FECHA_REGISTRO"" IS NOT NULL"
PERSONAL_DE_CONVENIO,PDC_ID_PK,P,PRIMARY KEY,ENABLED,NOT DEFERRABLE,IMMEDIATE,,PDC_ID,,,,,VALIDATED,
PESXCSPE,CSPE_PECSPE_NULL,C,CHECK,ENABLED,NOT DEFERRABLE,IMMEDIATE,,CSPE_ID,,,,,VALIDATED,"""CSPE_ID"" IS NOT NULL"
PESXCSPE,PECSPE_ID_NULL,C,CHECK,ENABLED,NOT DEFERRABLE,IMMEDIATE,,PECSPE_ID,,,,,VALIDATED,"""PECSPE_ID"" IS NOT NULL"
PESXCSPE,PES_PECSPE_NULL,C,CHECK,ENABLED,NOT DEFERRABLE,IMMEDIATE,,PES_ID,,,,,VALIDATED,"""PES_ID"" IS NOT NULL"
PESXCSPE,PECSPE_PK,P,PRIMARY KEY,ENABLED,NOT DEFERRABLE,IMMEDIATE,,PECSPE_ID,,,,,VALIDATED,
PESXCSPE,CSPE_PECSPE_FK,R,FOREIGN KEY,ENABLED,NOT DEFERRABLE,IMMEDIATE,CSPE_PK,CSPE_ID,SPE,CENTRO_SPE,CSPE_ID,NO ACTION,VALIDATED,
PESXCSPE,PES_PECSPE_FK,R,FOREIGN KEY,ENABLED,NOT DEFERRABLE,IMMEDIATE,PES_PK,PES_ID,SPE,PROGRAMA_ESPECIAL,PES_ID,NO ACTION,VALIDATED,
PESXCSPE,PESXCSPE_UK_UC,U,UNIQUE,ENABLED,NOT DEFERRABLE,IMMEDIATE,,"PES_ID,CSPE_ID",,,,,VALIDATED,
PESXREG,PER_ID_NULL,C,CHECK,ENABLED,NOT DEFERRABLE,IMMEDIATE,,PER_ID,,,,,VALIDATED,"""PER_ID"" IS NOT NULL"
PESXREG,PES_PER_NULL,C,CHECK,ENABLED,NOT DEFERRABLE,IMMEDIATE,,PES_ID,,,,,VALIDATED,"""PES_ID"" IS NOT NULL"
PESXREG,REG_PER_NULL,C,CHECK,ENABLED,NOT DEFERRABLE,IMMEDIATE,,REG_ID,,,,,VALIDATED,"""REG_ID"" IS NOT NULL"
PESXREG,PER_PK,P,PRIMARY KEY,ENABLED,NOT DEFERRABLE,IMMEDIATE,,PER_ID,,,,,VALIDATED,
PESXREG,PES_PER_FK,R,FOREIGN KEY,ENABLED,NOT DEFERRABLE,IMMEDIATE,PES_PK,PES_ID,SPE,PROGRAMA_ESPECIAL,PES_ID,NO ACTION,VALIDATED,
PESXREG,REG_PER_FK,R,FOREIGN KEY,ENABLED,NOT DEFERRABLE,IMMEDIATE,REG_PK,REG_ID,SPE,REGIONAL,REG_ID,NO ACTION,VALIDATED,
PESXREG,PESXREG_UK_UC,U,UNIQUE,ENABLED,NOT DEFERRABLE,IMMEDIATE,,"PES_ID,REG_ID",,,,,VALIDATED,
PLANILLA_TALLER,CSPE_PLT_NULL,C,CHECK,ENABLED,NOT DEFERRABLE,IMMEDIATE,,CSPE_ID,,,,,VALIDATED,"""CSPE_ID"" IS NOT NULL"
PLANILLA_TALLER,FUO_PLT_NULL,C,CHECK,ENABLED,NOT DEFERRABLE,IMMEDIATE,,FUN_ORIENTADOR,,,,,VALIDATED,"""FUN_ORIENTADOR"" IS NOT NULL"
PLANILLA_TALLER,FUR_PLT_NULL,C,CHECK,ENABLED,NOT DEFERRABLE,IMMEDIATE,,FUN_REGISTRO,,,,,VALIDATED,"""FUN_REGISTRO"" IS NOT NULL"
PLANILLA_TALLER,GUT_PLT_NULL,C,CHECK,ENABLED,NOT DEFERRABLE,IMMEDIATE,,GUT_ID,,,,,VALIDATED,"""GUT_ID"" IS NOT NULL"
PLANILLA_TALLER,PLT_FCH_INICIO_NULL,C,CHECK,ENABLED,NOT DEFERRABLE,IMMEDIATE,,PLT_FCH_INICIO,,,,,VALIDATED,"""PLT_FCH_INICIO"" IS NOT NULL"
PLANILLA_TALLER,PLT_FCH_REGISTRO_NULL,C,CHECK,ENABLED,NOT DEFERRABLE,IMMEDIATE,,PLT_FCH_REGISTRO,,,,,VALIDATED,"""PLT_FCH_REGISTRO"" IS NOT NULL"
PLANILLA_TALLER,PLT_HORARIO_NULL,C,CHECK,ENABLED,NOT DEFERRABLE,IMMEDIATE,,PLT_HORARIO,,,,,VALIDATED,"""PLT_HORARIO"" IS NOT NULL"
PLANILLA_TALLER,PLT_ID_NULL,C,CHECK,ENABLED,NOT DEFERRABLE,IMMEDIATE,,PLT_ID,,,,,VALIDATED,"""PLT_ID"" IS NOT NULL"
PLANILLA_TALLER,PLT_LUGAR_NULL,C,CHECK,ENABLED,NOT DEFERRABLE,IMMEDIATE,,PLT_LUGAR,,,,,VALIDATED,"""PLT_LUGAR"" IS NOT NULL"
PLANILLA_TALLER,PLT_TIPO_CHK,C,CHECK,ENABLED,NOT DEFERRABLE,IMMEDIATE,,PLT_TIPO,,,,,VALIDATED,"
		PLT_TIPO in (0,1)
		"
PLANILLA_TALLER,PLT_TIPO_NULL,C,CHECK,ENABLED,NOT DEFERRABLE,IMMEDIATE,,PLT_TIPO,,,,,VALIDATED,"""PLT_TIPO"" IS NOT NULL"
PLANILLA_TALLER,PLT_PK,P,PRIMARY KEY,ENABLED,NOT DEFERRABLE,IMMEDIATE,,PLT_ID,,,,,VALIDATED,
PLANILLA_TALLER,CSPE_PLT_FK,R,FOREIGN KEY,ENABLED,NOT DEFERRABLE,IMMEDIATE,CSPE_PK,CSPE_ID,SPE,CENTRO_SPE,CSPE_ID,NO ACTION,VALIDATED,
PLANILLA_TALLER,FUO_PLT_FK,R,FOREIGN KEY,ENABLED,NOT DEFERRABLE,IMMEDIATE,FUN_PK,FUN_ORIENTADOR,SPE,FUNCIONARIO,FUN_ID,NO ACTION,VALIDATED,
PLANILLA_TALLER,FUR_PLT_FK,R,FOREIGN KEY,ENABLED,NOT DEFERRABLE,IMMEDIATE,FUN_PK,FUN_REGISTRO,SPE,FUNCIONARIO,FUN_ID,NO ACTION,VALIDATED,
PLANILLA_TALLER,GUT_PLT_FK,R,FOREIGN KEY,ENABLED,NOT DEFERRABLE,IMMEDIATE,GUT_PK,GUT_ID,SPE,GUIA_TALLER,GUT_ID,NO ACTION,VALIDATED,
PLTXPES,CSPE_PPE_NULL,C,CHECK,ENABLED,NOT DEFERRABLE,IMMEDIATE,,CSPE_ID,,,,,VALIDATED,"""CSPE_ID"" IS NOT NULL"
PLTXPES,FUN_PPE_NULL,C,CHECK,ENABLED,NOT DEFERRABLE,IMMEDIATE,,FUN_ID,,,,,VALIDATED,"""FUN_ID"" IS NOT NULL"
PLTXPES,PES_PPE_NULL,C,CHECK,ENABLED,NOT DEFERRABLE,IMMEDIATE,,PES_ID,,,,,VALIDATED,"""PES_ID"" IS NOT NULL"
PLTXPES,PLT_PPE_NULL,C,CHECK,ENABLED,NOT DEFERRABLE,IMMEDIATE,,PLT_ID,,,,,VALIDATED,"""PLT_ID"" IS NOT NULL"
PLTXPES,PPE_FCH_REGISTRO_NULL,C,CHECK,ENABLED,NOT DEFERRABLE,IMMEDIATE,,PPE_FCH_REGISTRO,,,,,VALIDATED,"""PPE_FCH_REGISTRO"" IS NOT NULL"
PLTXPES,PPE_ID_NULL,C,CHECK,ENABLED,NOT DEFERRABLE,IMMEDIATE,,PPE_ID,,,,,VALIDATED,"""PPE_ID"" IS NOT NULL"
PLTXPES,PPE_PK,P,PRIMARY KEY,ENABLED,NOT DEFERRABLE,IMMEDIATE,,PPE_ID,,,,,VALIDATED,
PLTXPES,CSPE_PPE_FK,R,FOREIGN KEY,ENABLED,NOT DEFERRABLE,IMMEDIATE,CSPE_PK,CSPE_ID,SPE,CENTRO_SPE,CSPE_ID,NO ACTION,VALIDATED,
PLTXPES,FUN_PPE_FK,R,FOREIGN KEY,ENABLED,NOT DEFERRABLE,IMMEDIATE,FUN_PK,FUN_ID,SPE,FUNCIONARIO,FUN_ID,NO ACTION,VALIDATED,
PLTXPES,PES_PPE_FK,R,FOREIGN KEY,ENABLED,NOT DEFERRABLE,IMMEDIATE,PES_PK,PES_ID,SPE,PROGRAMA_ESPECIAL,PES_ID,NO ACTION,VALIDATED,
PLTXPES,PLT_PPE_FK,R,FOREIGN KEY,ENABLED,NOT DEFERRABLE,IMMEDIATE,PLT_PK,PLT_ID,SPE,PLANILLA_TALLER,PLT_ID,NO ACTION,VALIDATED,
PLTXPES,PLTXPES_UK_UC,U,UNIQUE,ENABLED,NOT DEFERRABLE,IMMEDIATE,,"PLT_ID,PES_ID",,,,,VALIDATED,
POSICION_FAMILIAR,PSF_ID_NULL,C,CHECK,ENABLED,NOT DEFERRABLE,IMMEDIATE,,PSF_ID,,,,,VALIDATED,"""PSF_ID"" IS NOT NULL"
POSICION_FAMILIAR,PSF_NOMBRE_NULL,C,CHECK,ENABLED,NOT DEFERRABLE,IMMEDIATE,,PSF_NOMBRE,,,,,VALIDATED,"""PSF_NOMBRE"" IS NOT NULL"
POSICION_FAMILIAR,PSF_VAL_OFERTA_CHK,C,CHECK,ENABLED,NOT DEFERRABLE,IMMEDIATE,,PSF_VAL_OFERTA,,,,,VALIDATED,"
  PSF_VAL_OFERTA in (0,1)
  "
POSICION_FAMILIAR,PSF_VAL_OFERTA_NULL,C,CHECK,ENABLED,NOT DEFERRABLE,IMMEDIATE,,PSF_VAL_OFERTA,,,,,VALIDATED,"""PSF_VAL_OFERTA"" IS NOT NULL"
POSICION_FAMILIAR,PSF_PK,P,PRIMARY KEY,ENABLED,NOT DEFERRABLE,IMMEDIATE,,PSF_ID,,,,,VALIDATED,
PROGRAMA_ESPECIAL,PES_DESCRIPCION_NULL,C,CHECK,ENABLED,NOT DEFERRABLE,IMMEDIATE,,PES_DESCRIPCION,,,,,VALIDATED,"""PES_DESCRIPCION"" IS NOT NULL"
PROGRAMA_ESPECIAL,PES_ESTADO_CHK,C,CHECK,ENABLED,NOT DEFERRABLE,IMMEDIATE,,PES_ESTADO,,,,,VALIDATED,"
		PES_ESTADO in (0,1)
		"
PROGRAMA_ESPECIAL,PES_ESTADO_NULL,C,CHECK,ENABLED,NOT DEFERRABLE,IMMEDIATE,,PES_ESTADO,,,,,VALIDATED,"""PES_ESTADO"" IS NOT NULL"
PROGRAMA_ESPECIAL,PES_FCH_CREACION_NULL,C,CHECK,ENABLED,NOT DEFERRABLE,IMMEDIATE,,PES_FCH_CREACION,,,,,VALIDATED,"""PES_FCH_CREACION"" IS NOT NULL"
PROGRAMA_ESPECIAL,PES_FCH_INI_NULL,C,CHECK,ENABLED,NOT DEFERRABLE,IMMEDIATE,,PES_FCH_INI,,,,,VALIDATED,"""PES_FCH_INI"" IS NOT NULL"
PROGRAMA_ESPECIAL,PES_HAB_DEMANDA_CHK,C,CHECK,ENABLED,NOT DEFERRABLE,IMMEDIATE,,PES_HAB_DEMANDA,,,,,VALIDATED,"
		PES_HAB_DEMANDA in (0,1)
		"
PROGRAMA_ESPECIAL,PES_HAB_DEMANDA_NULL,C,CHECK,ENABLED,NOT DEFERRABLE,IMMEDIATE,,PES_HAB_DEMANDA,,,,,VALIDATED,"""PES_HAB_DEMANDA"" IS NOT NULL"
PROGRAMA_ESPECIAL,PES_HAB_INTERNET_DEM_CHK,C,CHECK,ENABLED,NOT DEFERRABLE,IMMEDIATE,,PES_HAB_INTERNET_DEM,,,,,VALIDATED,"
		PES_HAB_INTERNET_DEM in (0,1)
		"
PROGRAMA_ESPECIAL,PES_HAB_INTERNET_D_NULL,C,CHECK,ENABLED,NOT DEFERRABLE,IMMEDIATE,,PES_HAB_INTERNET_DEM,,,,,VALIDATED,"""PES_HAB_INTERNET_DEM"" IS NOT NULL"
PROGRAMA_ESPECIAL,PES_HAB_INTERNET_OFT_CHK,C,CHECK,ENABLED,NOT DEFERRABLE,IMMEDIATE,,PES_HAB_INTERNET_OFT,,,,,VALIDATED,"
		PES_HAB_INTERNET_OFT in (0,1)
		"
PROGRAMA_ESPECIAL,PES_HAB_INTERNET_O_NULL,C,CHECK,ENABLED,NOT DEFERRABLE,IMMEDIATE,,PES_HAB_INTERNET_OFT,,,,,VALIDATED,"""PES_HAB_INTERNET_OFT"" IS NOT NULL"
PROGRAMA_ESPECIAL,PES_HAB_OFERTA_CHK,C,CHECK,ENABLED,NOT DEFERRABLE,IMMEDIATE,,PES_HAB_OFERTA,,,,,VALIDATED,"
		PES_HAB_OFERTA in (0,1)
		"
PROGRAMA_ESPECIAL,PES_HAB_OFERTA_NULL,C,CHECK,ENABLED,NOT DEFERRABLE,IMMEDIATE,,PES_HAB_OFERTA,,,,,VALIDATED,"""PES_HAB_OFERTA"" IS NOT NULL"
PROGRAMA_ESPECIAL,PES_ID_NULL,C,CHECK,ENABLED,NOT DEFERRABLE,IMMEDIATE,,PES_ID,,,,,VALIDATED,"""PES_ID"" IS NOT NULL"
PROGRAMA_ESPECIAL,PES_NOMBRE_NULL,C,CHECK,ENABLED,NOT DEFERRABLE,IMMEDIATE,,PES_NOMBRE,,,,,VALIDATED,"""PES_NOMBRE"" IS NOT NULL"
PROGRAMA_ESPECIAL,SYS_C0021651,C,CHECK,ENABLED,NOT DEFERRABLE,IMMEDIATE,,TIPES_ID,,,,,VALIDATED,"""TIPES_ID"" IS NOT NULL"
PROGRAMA_ESPECIAL,PES_PK,P,PRIMARY KEY,ENABLED,NOT DEFERRABLE,IMMEDIATE,,PES_ID,,,,,VALIDATED,
RANGO_SALARIAL,SYS_C0022062,C,CHECK,ENABLED,NOT DEFERRABLE,IMMEDIATE,,RSA_ID,,,,,VALIDATED,"""RSA_ID"" IS NOT NULL"
RANGO_SALARIAL,SYS_C0022063,C,CHECK,ENABLED,NOT DEFERRABLE,IMMEDIATE,,RSA_ETIQUETA,,,,,VALIDATED,"""RSA_ETIQUETA"" IS NOT NULL"
RANGO_SALARIAL,RANGO_SALARIAL_PK,P,PRIMARY KEY,ENABLED,NOT DEFERRABLE,IMMEDIATE,,RSA_ID,,,,,VALIDATED,
REGIONAL,MPO_REG_NULL,C,CHECK,ENABLED,NOT DEFERRABLE,IMMEDIATE,,MPO_ID,,,,,VALIDATED,"""MPO_ID"" IS NOT NULL"
REGIONAL,REG_CORREO_E_NULL,C,CHECK,ENABLED,NOT DEFERRABLE,IMMEDIATE,,REG_CORREO_E,,,,,VALIDATED,"""REG_CORREO_E"" IS NOT NULL"
REGIONAL,REG_DIRECCION_NULL,C,CHECK,ENABLED,NOT DEFERRABLE,IMMEDIATE,,REG_DIRECCION,,,,,VALIDATED,"""REG_DIRECCION"" IS NOT NULL"
REGIONAL,REG_FAX_NULL,C,CHECK,ENABLED,NOT DEFERRABLE,IMMEDIATE,,REG_FAX,,,,,VALIDATED,"""REG_FAX"" IS NOT NULL"
REGIONAL,REG_ID_NULL,C,CHECK,ENABLED,NOT DEFERRABLE,IMMEDIATE,,REG_ID,,,,,VALIDATED,"""REG_ID"" IS NOT NULL"
REGIONAL,REG_NOMBRE_NULL,C,CHECK,ENABLED,NOT DEFERRABLE,IMMEDIATE,,REG_NOMBRE,,,,,VALIDATED,"""REG_NOMBRE"" IS NOT NULL"
REGIONAL,REG_TEL_NULL,C,CHECK,ENABLED,NOT DEFERRABLE,IMMEDIATE,,REG_TEL,,,,,VALIDATED,"""REG_TEL"" IS NOT NULL"
REGIONAL,REG_PK,P,PRIMARY KEY,ENABLED,NOT DEFERRABLE,IMMEDIATE,,REG_ID,,,,,VALIDATED,
REGIONAL,MPO_REG_FK,R,FOREIGN KEY,ENABLED,NOT DEFERRABLE,IMMEDIATE,MPO_PK,MPO_ID,SPE,MUNICIPIO,MPO_ID,NO ACTION,VALIDATED,
REGISTRADURIA_CARGA,SYS_C0021481,C,CHECK,ENABLED,NOT DEFERRABLE,IMMEDIATE,,REGC_ID,,,,,VALIDATED,"""REGC_ID"" IS NOT NULL"
REGISTRADURIA_CARGA,SYS_C0021482,C,CHECK,ENABLED,NOT DEFERRABLE,IMMEDIATE,,REGC_CEDULA,,,,,VALIDATED,"""REGC_CEDULA"" IS NOT NULL"
REGISTRADURIA_CARGA,REGC_PK,P,PRIMARY KEY,ENABLED,NOT DEFERRABLE,IMMEDIATE,,REGC_ID,,,,,VALIDATED,
REGISTRADURIA_CONF,SYS_C0021501,C,CHECK,ENABLED,NOT DEFERRABLE,IMMEDIATE,,RGC_CONSECUTIVO,,,,,VALIDATED,"""RGC_CONSECUTIVO"" IS NOT NULL"
REGISTRADURIA_DPTO,SYS_C0022995,C,CHECK,ENABLED,NOT DEFERRABLE,IMMEDIATE,,DPT_ID,,,,,VALIDATED,"""DPT_ID"" IS NOT NULL"
REGISTRADURIA_DPTO,SYS_C0022996,C,CHECK,ENABLED,NOT DEFERRABLE,IMMEDIATE,,REGD_ABREVIATURA,,,,,VALIDATED,"""REGD_ABREVIATURA"" IS NOT NULL"
REGISTRADURIA_DPTO,REGD_PK,P,PRIMARY KEY,ENABLED,NOT DEFERRABLE,IMMEDIATE,,DPT_ID,,,,,VALIDATED,
REMISION_CARGUE_HIDROCARBUROS,SYS_C0023029,C,CHECK,ENABLED,NOT DEFERRABLE,IMMEDIATE,,RCH_ID,,,,,VALIDATED,"""RCH_ID"" IS NOT NULL"
REMISION_CARGUE_HIDROCARBUROS,SYS_C0023030,C,CHECK,ENABLED,NOT DEFERRABLE,IMMEDIATE,,OFT_ID,,,,,VALIDATED,"""OFT_ID"" IS NOT NULL"
REMISION_CARGUE_HIDROCARBUROS,SYS_C0023031,C,CHECK,ENABLED,NOT DEFERRABLE,IMMEDIATE,,DEM_ID,,,,,VALIDATED,"""DEM_ID"" IS NOT NULL"
REMISION_CARGUE_HIDROCARBUROS,SYS_C0023032,C,CHECK,ENABLED,NOT DEFERRABLE,IMMEDIATE,,ENV_ID,,,,,VALIDATED,"""ENV_ID"" IS NOT NULL"
REMISION_CARGUE_HIDROCARBUROS,SYS_C0023033,C,CHECK,ENABLED,NOT DEFERRABLE,IMMEDIATE,,FUN_ID,,,,,VALIDATED,"""FUN_ID"" IS NOT NULL"
REMISION_CARGUE_HIDROCARBUROS,SYS_C0023034,C,CHECK,ENABLED,NOT DEFERRABLE,IMMEDIATE,,FECHA_REGISTRO,,,,,VALIDATED,"""FECHA_REGISTRO"" IS NOT NULL"
REMISION_CARGUE_HIDROCARBUROS,PK_RCH_ID,P,PRIMARY KEY,ENABLED,NOT DEFERRABLE,IMMEDIATE,,RCH_ID,,,,,VALIDATED,
REMISION_CARGUE_HIDROCARBUROS,FK_DEM_ID_RCH,R,FOREIGN KEY,ENABLED,NOT DEFERRABLE,IMMEDIATE,DEM_PK,DEM_ID,SPE,DEMANDA,DEM_ID,NO ACTION,VALIDATED,
REMISION_CARGUE_HIDROCARBUROS,FK_ENV_ID_RCH,R,FOREIGN KEY,ENABLED,NOT DEFERRABLE,IMMEDIATE,ENV_PK,ENV_ID,SPE,ENVIO,ENV_ID,NO ACTION,VALIDATED,
REMISION_CARGUE_HIDROCARBUROS,FK_FUN_ID_RCH,R,FOREIGN KEY,ENABLED,NOT DEFERRABLE,IMMEDIATE,FUN_PK,FUN_ID,SPE,FUNCIONARIO,FUN_ID,NO ACTION,VALIDATED,
REMISION_CARGUE_HIDROCARBUROS,FK_OFT_ID_RCH,R,FOREIGN KEY,ENABLED,NOT DEFERRABLE,IMMEDIATE,OFT_PK,OFT_ID,SPE,OFERTA,OFT_ID,NO ACTION,VALIDATED,
REMISION_CARGUE_HIDROCARBUROS,FK_RHI_ID_RCH,R,FOREIGN KEY,ENABLED,NOT DEFERRABLE,IMMEDIATE,PK_RHI_ID,RHI_ID,SPE,REMISION_HIDROCARBUROS,RHI_ID,NO ACTION,VALIDATED,
REMISION_HIDROCARBUROS,SYS_C0023297,C,CHECK,ENABLED,NOT DEFERRABLE,IMMEDIATE,,RHI_ID,,,,,VALIDATED,"""RHI_ID"" IS NOT NULL"
REMISION_HIDROCARBUROS,SYS_C0023298,C,CHECK,ENABLED,NOT DEFERRABLE,IMMEDIATE,,ARI_ID,,,,,VALIDATED,"""ARI_ID"" IS NOT NULL"
REMISION_HIDROCARBUROS,SYS_C0023299,C,CHECK,ENABLED,NOT DEFERRABLE,IMMEDIATE,,RHI_CANTIDAD_REMITIDOS,,,,,VALIDATED,"""RHI_CANTIDAD_REMITIDOS"" IS NOT NULL"
REMISION_HIDROCARBUROS,SYS_C0023300,C,CHECK,ENABLED,NOT DEFERRABLE,IMMEDIATE,,FUN_ID,,,,,VALIDATED,"""FUN_ID"" IS NOT NULL"
REMISION_HIDROCARBUROS,SYS_C0023301,C,CHECK,ENABLED,NOT DEFERRABLE,IMMEDIATE,,ORDEN,,,,,VALIDATED,"""ORDEN"" IS NOT NULL"
REMISION_HIDROCARBUROS,SYS_C0023302,C,CHECK,ENABLED,NOT DEFERRABLE,IMMEDIATE,,FECHA_REGISTRO,,,,,VALIDATED,"""FECHA_REGISTRO"" IS NOT NULL"
REMISION_HIDROCARBUROS,PK_RHI_ID,P,PRIMARY KEY,ENABLED,NOT DEFERRABLE,IMMEDIATE,,RHI_ID,,,,,VALIDATED,
REMISION_HIDROCARBUROS,FK_ARI_ID_RHI,R,FOREIGN KEY,ENABLED,NOT DEFERRABLE,IMMEDIATE,ARI_PK,ARI_ID,SPE,AREA_INFLUENCIA,ARI_ID,NO ACTION,VALIDATED,
REMISION_HIDROCARBUROS,FK_FUN_ID_RHI,R,FOREIGN KEY,ENABLED,NOT DEFERRABLE,IMMEDIATE,FUN_PK,FUN_ID,SPE,FUNCIONARIO,FUN_ID,NO ACTION,VALIDATED,
REPORTE,REP_DESCRIPCION_NULL,C,CHECK,ENABLED,NOT DEFERRABLE,IMMEDIATE,,REP_DESCRIPCION,,,,,VALIDATED,"""REP_DESCRIPCION"" IS NOT NULL"
REPORTE,REP_FCH_NULL,C,CHECK,ENABLED,NOT DEFERRABLE,IMMEDIATE,,REP_FCH,,,,,VALIDATED,"""REP_FCH"" IS NOT NULL"
REPORTE,REP_ID_NULL,C,CHECK,ENABLED,NOT DEFERRABLE,IMMEDIATE,,REP_ID,,,,,VALIDATED,"""REP_ID"" IS NOT NULL"
REPORTE,REP_MOD_NULL,C,CHECK,ENABLED,NOT DEFERRABLE,IMMEDIATE,,REP_MODULO,,,,,VALIDATED,"""REP_MODULO"" IS NOT NULL"
REPORTE,REP_NOMBRE_NULL,C,CHECK,ENABLED,NOT DEFERRABLE,IMMEDIATE,,REP_NOMBRE,,,,,VALIDATED,"""REP_NOMBRE"" IS NOT NULL"
REPORTE,REP_TIPO_CHK,C,CHECK,ENABLED,NOT DEFERRABLE,IMMEDIATE,,REP_TIPO,,,,,VALIDATED,"
  REP_TIPO in (0,1)
  "
REPORTE,REP_TIPO_NULL,C,CHECK,ENABLED,NOT DEFERRABLE,IMMEDIATE,,REP_TIPO,,,,,VALIDATED,"""REP_TIPO"" IS NOT NULL"
REPORTE,ROL_REP_NULL,C,CHECK,ENABLED,NOT DEFERRABLE,IMMEDIATE,,ROL_ID,,,,,VALIDATED,"""ROL_ID"" IS NOT NULL"
REPORTE,REP_ROL_UK,P,PRIMARY KEY,ENABLED,NOT DEFERRABLE,IMMEDIATE,,"REP_ID,ROL_ID,REP_TIPO",,,,,VALIDATED,
REPORTE,ROL_REP_FK,R,FOREIGN KEY,ENABLED,NOT DEFERRABLE,IMMEDIATE,ROL_PK,ROL_ID,SPE,ROL,ROL_ID,NO ACTION,VALIDATED,
REPORTES_XML,SYS_C0023652,C,CHECK,ENABLED,NOT DEFERRABLE,IMMEDIATE,,REP_XML_CODIGO,,,,,VALIDATED,"""REP_XML_CODIGO"" IS NOT NULL"
REPORTES_XML,SYS_C0023653,C,CHECK,ENABLED,NOT DEFERRABLE,IMMEDIATE,,REP_XML_NOMBRE,,,,,VALIDATED,"""REP_XML_NOMBRE"" IS NOT NULL"
REPORTES_XML,SYS_C0023654,C,CHECK,ENABLED,NOT DEFERRABLE,IMMEDIATE,,REP_XML_DESCRIPCION,,,,,VALIDATED,"""REP_XML_DESCRIPCION"" IS NOT NULL"
REPORTES_XML,SYS_C0023655,C,CHECK,ENABLED,NOT DEFERRABLE,IMMEDIATE,,REP_XML_VALOR,,,,,VALIDATED,"""REP_XML_VALOR"" IS NOT NULL"
REPORTES_XML,SYS_C0023656,C,CHECK,ENABLED,NOT DEFERRABLE,IMMEDIATE,,REP_XML_FECHA_CREACION,,,,,VALIDATED,"""REP_XML_FECHA_CREACION"" IS NOT NULL"
REPORTES_XML,SYS_C0023657,C,CHECK,ENABLED,NOT DEFERRABLE,IMMEDIATE,,REP_XML_FECHA_ACTUALIZACION,,,,,VALIDATED,"""REP_XML_FECHA_ACTUALIZACION"" IS NOT NULL"
REPORTES_XML,SYS_C0023658,C,CHECK,ENABLED,NOT DEFERRABLE,IMMEDIATE,,FUN_ID,,,,,VALIDATED,"""FUN_ID"" IS NOT NULL"
REPORTES_XML,UQ_REP_XML_CODIGO,U,UNIQUE,ENABLED,NOT DEFERRABLE,IMMEDIATE,,REP_XML_CODIGO,,,,,VALIDATED,
REPORTE_SEG,RSG_ENCABEZADO_NULL,C,CHECK,ENABLED,NOT DEFERRABLE,IMMEDIATE,,RSG_ENCABEZADO,,,,,VALIDATED,"""RSG_ENCABEZADO"" IS NOT NULL"
REPORTE_SEG,RSG_HABILITAR_CHK,C,CHECK,ENABLED,NOT DEFERRABLE,IMMEDIATE,,RSG_HABILITAR,,,,,VALIDATED,"
  RSG_HABILITAR in (0,1)
  "
REPORTE_SEG,RSG_HABILITAR_NULL,C,CHECK,ENABLED,NOT DEFERRABLE,IMMEDIATE,,RSG_HABILITAR,,,,,VALIDATED,"""RSG_HABILITAR"" IS NOT NULL"
REPORTE_SEG,RSG_ID_NULL,C,CHECK,ENABLED,NOT DEFERRABLE,IMMEDIATE,,RSG_ID,,,,,VALIDATED,"""RSG_ID"" IS NOT NULL"
REPORTE_SEG,RSG_NOMBRE_NULL,C,CHECK,ENABLED,NOT DEFERRABLE,IMMEDIATE,,RSG_NOMBRE,,,,,VALIDATED,"""RSG_NOMBRE"" IS NOT NULL"
REPORTE_SEG,RSG_SQL_NULL,C,CHECK,ENABLED,NOT DEFERRABLE,IMMEDIATE,,RSG_SQL,,,,,VALIDATED,"""RSG_SQL"" IS NOT NULL"
REPORTE_SEG,RSG_ID_PK,P,PRIMARY KEY,ENABLED,NOT DEFERRABLE,IMMEDIATE,,RSG_ID,,,,,VALIDATED,
REP_INSCRITOS,SYS_C0022796,C,CHECK,ENABLED,NOT DEFERRABLE,IMMEDIATE,,OFT_ID,,,,,VALIDATED,"""OFT_ID"" IS NOT NULL"
RESULTADO_VALIDACION_SEL_FINAL,SYS_C0065854,C,CHECK,ENABLED,NOT DEFERRABLE,IMMEDIATE,,RVS_ID,,,,,VALIDATED,"""RVS_ID"" IS NOT NULL"
RESULTADO_VALIDACION_SEL_FINAL,SYS_C0065855,C,CHECK,ENABLED,NOT DEFERRABLE,IMMEDIATE,,TVS_LOTE_ID,,,,,VALIDATED,"""TVS_LOTE_ID"" IS NOT NULL"
RESULTADO_VALIDACION_SEL_FINAL,SYS_C0065856,C,CHECK,ENABLED,NOT DEFERRABLE,IMMEDIATE,,ENV_ID,,,,,VALIDATED,"""ENV_ID"" IS NOT NULL"
RESULTADO_VALIDACION_SEL_FINAL,SYS_C0065857,C,CHECK,ENABLED,NOT DEFERRABLE,IMMEDIATE,,OFT_ID,,,,,VALIDATED,"""OFT_ID"" IS NOT NULL"
RESULTADO_VALIDACION_SEL_FINAL,SYS_C0065858,C,CHECK,ENABLED,NOT DEFERRABLE,IMMEDIATE,,DEM_ID,,,,,VALIDATED,"""DEM_ID"" IS NOT NULL"
RESULTADO_VALIDACION_SEL_FINAL,SYS_C0065859,C,CHECK,ENABLED,NOT DEFERRABLE,IMMEDIATE,,FSO_ID_RESULTANTE,,,,,VALIDATED,"""FSO_ID_RESULTANTE"" IS NOT NULL"
RESULTADO_VALIDACION_SEL_FINAL,SYS_C0065860,C,CHECK,ENABLED,NOT DEFERRABLE,IMMEDIATE,,RVS_FCH_REGISTRO,,,,,VALIDATED,"""RVS_FCH_REGISTRO"" IS NOT NULL"
RESULTADO_VALIDACION_SEL_FINAL,PK_RES_VAL_SEL_FINAL,P,PRIMARY KEY,ENABLED,NOT DEFERRABLE,IMMEDIATE,,RVS_ID,,,,,VALIDATED,
RESULTADO_VALIDACION_SEL_FINAL,FK_RVS_DEMANDA,R,FOREIGN KEY,ENABLED,NOT DEFERRABLE,IMMEDIATE,DEM_PK,DEM_ID,SPE,DEMANDA,DEM_ID,NO ACTION,VALIDATED,
RESULTADO_VALIDACION_SEL_FINAL,FK_RVS_ENVIO,R,FOREIGN KEY,ENABLED,NOT DEFERRABLE,IMMEDIATE,ENV_PK,ENV_ID,SPE,ENVIO,ENV_ID,NO ACTION,VALIDATED,
RESULTADO_VALIDACION_SEL_FINAL,FK_RVS_FSO,R,FOREIGN KEY,ENABLED,NOT DEFERRABLE,IMMEDIATE,FSO_PK,FSO_ID_RESULTANTE,SPE,FUENTE_SEG_OFERTA,FSO_ID,NO ACTION,VALIDATED,
RESULTADO_VALIDACION_SEL_FINAL,FK_RVS_OFERTA,R,FOREIGN KEY,ENABLED,NOT DEFERRABLE,IMMEDIATE,OFT_PK,OFT_ID,SPE,OFERTA,OFT_ID,NO ACTION,VALIDATED,
ROL,ROL_FCH_NULL,C,CHECK,ENABLED,NOT DEFERRABLE,IMMEDIATE,,ROL_FCH,,,,,VALIDATED,"""ROL_FCH"" IS NOT NULL"
ROL,ROL_ID_NULL,C,CHECK,ENABLED,NOT DEFERRABLE,IMMEDIATE,,ROL_ID,,,,,VALIDATED,"""ROL_ID"" IS NOT NULL"
ROL,ROL_NOMBRE_NULL,C,CHECK,ENABLED,NOT DEFERRABLE,IMMEDIATE,,ROL_NOMBRE,,,,,VALIDATED,"""ROL_NOMBRE"" IS NOT NULL"
ROL,ROL_PK,P,PRIMARY KEY,ENABLED,NOT DEFERRABLE,IMMEDIATE,,ROL_ID,,,,,VALIDATED,
ROLXGRUPO_MT,GMT_RGT_NULL,C,CHECK,ENABLED,NOT DEFERRABLE,IMMEDIATE,,GMT_ID,,,,,VALIDATED,"""GMT_ID"" IS NOT NULL"
ROLXGRUPO_MT,RGT_FCH_NULL,C,CHECK,ENABLED,NOT DEFERRABLE,IMMEDIATE,,RGT_FCH,,,,,VALIDATED,"""RGT_FCH"" IS NOT NULL"
ROLXGRUPO_MT,ROL_RGT_NULL,C,CHECK,ENABLED,NOT DEFERRABLE,IMMEDIATE,,ROL_ID,,,,,VALIDATED,"""ROL_ID"" IS NOT NULL"
ROLXGRUPO_MT,GMT_RGT_FK,R,FOREIGN KEY,ENABLED,NOT DEFERRABLE,IMMEDIATE,GMT_PK,GMT_ID,SPE,GRUPO_META_TABLA,GMT_ID,NO ACTION,VALIDATED,
ROLXGRUPO_MT,ROL_RGT_FK,R,FOREIGN KEY,ENABLED,NOT DEFERRABLE,IMMEDIATE,ROL_PK,ROL_ID,SPE,ROL,ROL_ID,NO ACTION,VALIDATED,
ROLXGRUPO_MT,ROL_GMT_UK_UC,U,UNIQUE,ENABLED,NOT DEFERRABLE,IMMEDIATE,,"ROL_ID,GMT_ID",,,,,VALIDATED,
RUV_CARGA,SYS_C0022053,C,CHECK,ENABLED,NOT DEFERRABLE,IMMEDIATE,,RUC_ID,,,,,VALIDATED,"""RUC_ID"" IS NOT NULL"
RUV_CARGA,SYS_C0022054,C,CHECK,ENABLED,NOT DEFERRABLE,IMMEDIATE,,RUC_ARCHIVO,,,,,VALIDATED,"""RUC_ARCHIVO"" IS NOT NULL"
RUV_CARGA,SYS_C0022055,C,CHECK,ENABLED,NOT DEFERRABLE,IMMEDIATE,,RUC_USUARIO,,,,,VALIDATED,"""RUC_USUARIO"" IS NOT NULL"
RUV_CARGA,SYS_C0022056,C,CHECK,ENABLED,NOT DEFERRABLE,IMMEDIATE,,RUC_FECHA_INICIO,,,,,VALIDATED,"""RUC_FECHA_INICIO"" IS NOT NULL"
RUV_CARGA,SYS_C0022057,C,CHECK,ENABLED,NOT DEFERRABLE,IMMEDIATE,,RUC_STATUS,,,,,VALIDATED,"""RUC_STATUS"" IS NOT NULL"
RUV_CARGA,RUV_CARGA_PK,P,PRIMARY KEY,ENABLED,NOT DEFERRABLE,IMMEDIATE,,RUC_ID,,,,,VALIDATED,
SECCION_CIIU,SCC_ID_NULL,C,CHECK,ENABLED,NOT DEFERRABLE,IMMEDIATE,,SCC_ID,,,,,VALIDATED,"""SCC_ID"" IS NOT NULL"
SECCION_CIIU,SCC_NOMBRE_NULL,C,CHECK,ENABLED,NOT DEFERRABLE,IMMEDIATE,,SCC_NOMBRE,,,,,VALIDATED,"""SCC_NOMBRE"" IS NOT NULL"
SECCION_CIIU,SCC_PK,P,PRIMARY KEY,ENABLED,NOT DEFERRABLE,IMMEDIATE,,SCC_ID,,,,,VALIDATED,
SEC_JASPERTOKEN,SYS_C0022774,C,CHECK,ENABLED,NOT DEFERRABLE,IMMEDIATE,,USU_ID,,,,,VALIDATED,"""USU_ID"" IS NOT NULL"
SEC_JASPERTOKEN,SYS_C0022775,C,CHECK,ENABLED,NOT DEFERRABLE,IMMEDIATE,,UTK_TOKEN,,,,,VALIDATED,"""UTK_TOKEN"" IS NOT NULL"
SEC_JASPERTOKEN,SYS_C0024055,P,PRIMARY KEY,ENABLED,NOT DEFERRABLE,IMMEDIATE,,USU_ID,,,,,VALIDATED,
SEC_JASPERTOKEN,FK_SEC_JASPERTOKEN_UTK_TOKEN,R,FOREIGN KEY,ENABLED,NOT DEFERRABLE,IMMEDIATE,SYS_C0024054,USU_ID,SPE,SEC_USUARIO,USU_ID,NO ACTION,VALIDATED,
SEC_MENU,SYS_C0023272,C,CHECK,ENABLED,NOT DEFERRABLE,IMMEDIATE,,MEN_ID,,,,,VALIDATED,"""MEN_ID"" IS NOT NULL"
SEC_MENU,SYS_C0023273,C,CHECK,ENABLED,NOT DEFERRABLE,IMMEDIATE,,MEN_ETIQUETA,,,,,VALIDATED,"""MEN_ETIQUETA"" IS NOT NULL"
SEC_MENU,SYS_C0023274,C,CHECK,ENABLED,NOT DEFERRABLE,IMMEDIATE,,MEN_ORDEN,,,,,VALIDATED,"""MEN_ORDEN"" IS NOT NULL"
SEC_MENU,SYS_C0023275,C,CHECK,ENABLED,NOT DEFERRABLE,IMMEDIATE,,MEN_ES_PERMISO,,,,,VALIDATED,"""MEN_ES_PERMISO"" IS NOT NULL"
SEC_MENU,SYS_C0024202,P,PRIMARY KEY,ENABLED,NOT DEFERRABLE,IMMEDIATE,,MEN_ID,,,,,VALIDATED,
SEC_MENU_RECURSO,SYS_C0022793,C,CHECK,ENABLED,NOT DEFERRABLE,IMMEDIATE,,SMR_ID,,,,,VALIDATED,"""SMR_ID"" IS NOT NULL"
SEC_MENU_RECURSO,SYS_C0022794,C,CHECK,ENABLED,NOT DEFERRABLE,IMMEDIATE,,MEN_ID,,,,,VALIDATED,"""MEN_ID"" IS NOT NULL"
SEC_MENU_RECURSO,SYS_C0022795,C,CHECK,ENABLED,NOT DEFERRABLE,IMMEDIATE,,REC_ID,,,,,VALIDATED,"""REC_ID"" IS NOT NULL"
SEC_MENU_RECURSO,SYS_C0024059,P,PRIMARY KEY,ENABLED,NOT DEFERRABLE,IMMEDIATE,,SMR_ID,,,,,VALIDATED,
SEC_MENU_ROL,SYS_C0023276,C,CHECK,ENABLED,NOT DEFERRABLE,IMMEDIATE,,MEN_ID,,,,,VALIDATED,"""MEN_ID"" IS NOT NULL"
SEC_MENU_ROL,SYS_C0023277,C,CHECK,ENABLED,NOT DEFERRABLE,IMMEDIATE,,ROL_ID,,,,,VALIDATED,"""ROL_ID"" IS NOT NULL"
SEC_MENU_ROL,FK_SEC_MENU_ROL_MEN_ID,R,FOREIGN KEY,ENABLED,NOT DEFERRABLE,IMMEDIATE,SYS_C0024202,MEN_ID,SPE,SEC_MENU,MEN_ID,NO ACTION,VALIDATED,
SEC_MENU_ROL,FK_SEC_MENU_ROL_ROL_ID,R,FOREIGN KEY,ENABLED,NOT DEFERRABLE,IMMEDIATE,SYS_C0023851,ROL_ID,SPE,SEC_ROL,ROL_ID,NO ACTION,VALIDATED,
SEC_RECURSO,SYS_C0022048,C,CHECK,ENABLED,NOT DEFERRABLE,IMMEDIATE,,REC_ID,,,,,VALIDATED,"""REC_ID"" IS NOT NULL"
SEC_RECURSO,SYS_C0022049,C,CHECK,ENABLED,NOT DEFERRABLE,IMMEDIATE,,REC_URL_PATTERN,,,,,VALIDATED,"""REC_URL_PATTERN"" IS NOT NULL"
SEC_RECURSO,SYS_C0023852,P,PRIMARY KEY,ENABLED,NOT DEFERRABLE,IMMEDIATE,,REC_ID,,,,,VALIDATED,
SEC_RECURSO_ROL,SYS_C0022050,C,CHECK,ENABLED,NOT DEFERRABLE,IMMEDIATE,,RRE_ID,,,,,VALIDATED,"""RRE_ID"" IS NOT NULL"
SEC_RECURSO_ROL,SYS_C0022051,C,CHECK,ENABLED,NOT DEFERRABLE,IMMEDIATE,,ROL_ID,,,,,VALIDATED,"""ROL_ID"" IS NOT NULL"
SEC_RECURSO_ROL,SYS_C0022052,C,CHECK,ENABLED,NOT DEFERRABLE,IMMEDIATE,,REC_ID,,,,,VALIDATED,"""REC_ID"" IS NOT NULL"
SEC_RECURSO_ROL,SYS_C0023853,P,PRIMARY KEY,ENABLED,NOT DEFERRABLE,IMMEDIATE,,RRE_ID,,,,,VALIDATED,
SEC_RECURSO_ROL,FK_SEC_ROL_RECURSO_SEC_RECURSO,R,FOREIGN KEY,ENABLED,NOT DEFERRABLE,IMMEDIATE,SYS_C0023852,REC_ID,SPE,SEC_RECURSO,REC_ID,NO ACTION,VALIDATED,
SEC_RECURSO_ROL,FK_SEC_ROL_RECURSO_SEC_ROL,R,FOREIGN KEY,ENABLED,NOT DEFERRABLE,IMMEDIATE,SYS_C0023851,ROL_ID,SPE,SEC_ROL,ROL_ID,NO ACTION,VALIDATED,
SEC_ROL,SYS_C0022045,C,CHECK,ENABLED,NOT DEFERRABLE,IMMEDIATE,,ROL_ID,,,,,VALIDATED,"""ROL_ID"" IS NOT NULL"
SEC_ROL,SYS_C0022046,C,CHECK,ENABLED,NOT DEFERRABLE,IMMEDIATE,,ROL_ACTIVO,,,,,VALIDATED,"""ROL_ACTIVO"" IS NOT NULL"
SEC_ROL,SYS_C0022047,C,CHECK,ENABLED,NOT DEFERRABLE,IMMEDIATE,,ROL_ASIGNABLE,,,,,VALIDATED,"""ROL_ASIGNABLE"" IS NOT NULL"
SEC_ROL,SYS_C0023850,C,CHECK,ENABLED,NOT DEFERRABLE,IMMEDIATE,,ROL_ACTIVO,,,,,VALIDATED,"ROL_ACTIVO IN (1,0)"
SEC_ROL,SYS_C0023851,P,PRIMARY KEY,ENABLED,NOT DEFERRABLE,IMMEDIATE,,ROL_ID,,,,,VALIDATED,
SEC_USUARIO,SYS_C0022769,C,CHECK,ENABLED,NOT DEFERRABLE,IMMEDIATE,,USU_ID,,,,,VALIDATED,"""USU_ID"" IS NOT NULL"
SEC_USUARIO,SYS_C0022770,C,CHECK,ENABLED,NOT DEFERRABLE,IMMEDIATE,,TDI_ID,,,,,VALIDATED,"""TDI_ID"" IS NOT NULL"
SEC_USUARIO,SYS_C0022771,C,CHECK,ENABLED,NOT DEFERRABLE,IMMEDIATE,,USU_NUMERO_DOC,,,,,VALIDATED,"""USU_NUMERO_DOC"" IS NOT NULL"
SEC_USUARIO,SYS_C0022772,C,CHECK,ENABLED,NOT DEFERRABLE,IMMEDIATE,,USU_PASSWORD,,,,,VALIDATED,"""USU_PASSWORD"" IS NOT NULL"
SEC_USUARIO,SYS_C0022773,C,CHECK,ENABLED,NOT DEFERRABLE,IMMEDIATE,,USU_TIPO,,,,,VALIDATED,"""USU_TIPO"" IS NOT NULL"
SEC_USUARIO,SYS_C0035520,C,CHECK,ENABLED,NOT DEFERRABLE,IMMEDIATE,,HABEAS_DATA,,,,,VALIDATED,"""HABEAS_DATA"" IS NOT NULL"
SEC_USUARIO,SYS_C0035521,C,CHECK,ENABLED,NOT DEFERRABLE,IMMEDIATE,,HABEAS_DATA,,,,,VALIDATED,"HABEAS_DATA IN (0,1)"
SEC_USUARIO,SYS_C0024054,P,PRIMARY KEY,ENABLED,NOT DEFERRABLE,IMMEDIATE,,USU_ID,,,,,VALIDATED,
SEC_USUARIO_ROL,SYS_C0022991,C,CHECK,ENABLED,NOT DEFERRABLE,IMMEDIATE,,USU_ID,,,,,VALIDATED,"""USU_ID"" IS NOT NULL"
SEC_USUARIO_ROL,SYS_C0022992,C,CHECK,ENABLED,NOT DEFERRABLE,IMMEDIATE,,ROL_ID,,,,,VALIDATED,"""ROL_ID"" IS NOT NULL"
SEC_USUARIO_ROL,FK_USUARIO_ROL_ROL_ID,R,FOREIGN KEY,ENABLED,NOT DEFERRABLE,IMMEDIATE,SYS_C0023851,ROL_ID,SPE,SEC_ROL,ROL_ID,NO ACTION,VALIDATED,
SEC_USUARIO_ROL,FK_USUARIO_ROL_USU_ID,R,FOREIGN KEY,ENABLED,NOT DEFERRABLE,IMMEDIATE,SYS_C0024054,USU_ID,SPE,SEC_USUARIO,USU_ID,NO ACTION,VALIDATED,
SEC_USU_EVENT,SYS_C0022399,C,CHECK,ENABLED,NOT DEFERRABLE,IMMEDIATE,,SUEV_ID,,,,,VALIDATED,"""SUEV_ID"" IS NOT NULL"
SEC_USU_EVENT,SYS_C0022400,C,CHECK,ENABLED,NOT DEFERRABLE,IMMEDIATE,,USU_ID,,,,,VALIDATED,"""USU_ID"" IS NOT NULL"
SEC_USU_EVENT,SYS_C0022401,C,CHECK,ENABLED,NOT DEFERRABLE,IMMEDIATE,,SUEV_FECHA,,,,,VALIDATED,"""SUEV_FECHA"" IS NOT NULL"
SEC_USU_EVENT,SYS_C0022402,C,CHECK,ENABLED,NOT DEFERRABLE,IMMEDIATE,,SUEV_ACCION,,,,,VALIDATED,"""SUEV_ACCION"" IS NOT NULL"
SEC_USU_EVENT,SUEV_PK,P,PRIMARY KEY,ENABLED,NOT DEFERRABLE,IMMEDIATE,,SUEV_ID,,,,,VALIDATED,
SITUACION_OCUPACIONAL,SIO_DESCRIPCION_NULL,C,CHECK,ENABLED,NOT DEFERRABLE,IMMEDIATE,,SIO_DESCRIPCION,,,,,VALIDATED,"""SIO_DESCRIPCION"" IS NOT NULL"
SITUACION_OCUPACIONAL,SIO_ID_NULL,C,CHECK,ENABLED,NOT DEFERRABLE,IMMEDIATE,,SIO_ID,,,,,VALIDATED,"""SIO_ID"" IS NOT NULL"
SITUACION_OCUPACIONAL,SIO_NOMBRE_NULL,C,CHECK,ENABLED,NOT DEFERRABLE,IMMEDIATE,,SIO_NOMBRE,,,,,VALIDATED,"""SIO_NOMBRE"" IS NOT NULL"
SITUACION_OCUPACIONAL,SIO_PK,P,PRIMARY KEY,ENABLED,NOT DEFERRABLE,IMMEDIATE,,SIO_ID,,,,,VALIDATED,
SMS_CACHE,SYS_C0023579,C,CHECK,ENABLED,NOT DEFERRABLE,IMMEDIATE,,OFT_ID,,,,,VALIDATED,"""OFT_ID"" IS NOT NULL"
SMS_CACHE,SYS_C0023580,C,CHECK,ENABLED,NOT DEFERRABLE,IMMEDIATE,,OFT_NOMBRES,,,,,VALIDATED,"""OFT_NOMBRES"" IS NOT NULL"
SMS_CACHE,SYS_C0023581,C,CHECK,ENABLED,NOT DEFERRABLE,IMMEDIATE,,OFT_PRIMER_APELLIDO,,,,,VALIDATED,"""OFT_PRIMER_APELLIDO"" IS NOT NULL"
SMS_CACHE,SYS_C0023582,C,CHECK,ENABLED,NOT DEFERRABLE,IMMEDIATE,,PAI_ID,,,,,VALIDATED,"""PAI_ID"" IS NOT NULL"
SMS_CAMPANA,SC_GENERO_CHK,C,CHECK,ENABLED,NOT DEFERRABLE,IMMEDIATE,,OFT_GENERO,,,,,VALIDATED,"
		OFT_GENERO in (0,1)
		"
SMS_CAMPANA,SC_TIPO_CAMPANA_CHK,C,CHECK,ENABLED,NOT DEFERRABLE,IMMEDIATE,,SC_TIPO_CAMPANA,,,,,VALIDATED,"
		SC_TIPO_CAMPANA in (0,1)
		"
SMS_CAMPANA,SYS_C0022040,C,CHECK,ENABLED,NOT DEFERRABLE,IMMEDIATE,,SC_ID,,,,,VALIDATED,"""SC_ID"" IS NOT NULL"
SMS_CAMPANA,SYS_C0022041,C,CHECK,ENABLED,NOT DEFERRABLE,IMMEDIATE,,SC_USUARIO,,,,,VALIDATED,"""SC_USUARIO"" IS NOT NULL"
SMS_CAMPANA,SYS_C0022042,C,CHECK,ENABLED,NOT DEFERRABLE,IMMEDIATE,,SC_MENSAJE,,,,,VALIDATED,"""SC_MENSAJE"" IS NOT NULL"
SMS_CAMPANA,SYS_C0022043,C,CHECK,ENABLED,NOT DEFERRABLE,IMMEDIATE,,SC_TIPO_CAMPANA,,,,,VALIDATED,"""SC_TIPO_CAMPANA"" IS NOT NULL"
SMS_CAMPANA,SYS_C0022044,C,CHECK,ENABLED,NOT DEFERRABLE,IMMEDIATE,,SC_NOMBRE,,,,,VALIDATED,"""SC_NOMBRE"" IS NOT NULL"
SMS_CAMPANA,SC_PK,P,PRIMARY KEY,ENABLED,NOT DEFERRABLE,IMMEDIATE,,SC_ID,,,,,VALIDATED,
SMS_CAMPANA_DETALLE,SYS_C0022765,C,CHECK,ENABLED,NOT DEFERRABLE,IMMEDIATE,,SCD_ID,,,,,VALIDATED,"""SCD_ID"" IS NOT NULL"
SMS_CAMPANA_DETALLE,SYS_C0022766,C,CHECK,ENABLED,NOT DEFERRABLE,IMMEDIATE,,SC_ID,,,,,VALIDATED,"""SC_ID"" IS NOT NULL"
SMS_CAMPANA_DETALLE,SYS_C0022767,C,CHECK,ENABLED,NOT DEFERRABLE,IMMEDIATE,,SCD_PAI_ID,,,,,VALIDATED,"""SCD_PAI_ID"" IS NOT NULL"
SMS_CAMPANA_DETALLE,SYS_C0022768,C,CHECK,ENABLED,NOT DEFERRABLE,IMMEDIATE,,SCD_TIPO_ID,,,,,VALIDATED,"""SCD_TIPO_ID"" IS NOT NULL"
SMS_CAMPANA_DETALLE,SCD_PK,P,PRIMARY KEY,ENABLED,NOT DEFERRABLE,IMMEDIATE,,SCD_ID,,,,,VALIDATED,
SMS_CAMPANA_DETALLE,SCD_PAI_FK,R,FOREIGN KEY,ENABLED,NOT DEFERRABLE,IMMEDIATE,PAI_PK,SCD_PAI_ID,SPE,PAIS,PAI_ID,NO ACTION,VALIDATED,
SMS_CAMPANA_DETALLE,SCD_SC_FK,R,FOREIGN KEY,ENABLED,NOT DEFERRABLE,IMMEDIATE,SC_PK,SC_ID,SPE,SMS_CAMPANA,SC_ID,NO ACTION,VALIDATED,
SOF_CAP_NOVEDAD,SYS_C0022373,C,CHECK,ENABLED,NOT DEFERRABLE,IMMEDIATE,,SCN_ID,,,,,VALIDATED,"""SCN_ID"" IS NOT NULL"
SOF_CAP_NOVEDAD,SYS_C0022374,C,CHECK,ENABLED,NOT DEFERRABLE,IMMEDIATE,,NIS,,,,,VALIDATED,"""NIS"" IS NOT NULL"
SOF_CAP_NOVEDAD,SYS_C0022375,C,CHECK,ENABLED,NOT DEFERRABLE,IMMEDIATE,,TIPO_DOCUMENTO_IDENTIFICACION,,,,,VALIDATED,"""TIPO_DOCUMENTO_IDENTIFICACION"" IS NOT NULL"
SOF_CAP_NOVEDAD,SYS_C0022376,C,CHECK,ENABLED,NOT DEFERRABLE,IMMEDIATE,,NUMERO_DOCUMENT_IDENTIFICACION,,,,,VALIDATED,"""NUMERO_DOCUMENT_IDENTIFICACION"" IS NOT NULL"
SOF_CAP_NOVEDAD,SYS_C0022377,C,CHECK,ENABLED,NOT DEFERRABLE,IMMEDIATE,,CODIGO_FICHA,,,,,VALIDATED,"""CODIGO_FICHA"" IS NOT NULL"
SOF_CAP_NOVEDAD,SYS_C0022378,C,CHECK,ENABLED,NOT DEFERRABLE,IMMEDIATE,,PROCESO,,,,,VALIDATED,"""PROCESO"" IS NOT NULL"
SOF_CAP_NOVEDAD,SYS_C0022379,C,CHECK,ENABLED,NOT DEFERRABLE,IMMEDIATE,,ESTADO_RGA_ID,,,,,VALIDATED,"""ESTADO_RGA_ID"" IS NOT NULL"
SOF_CAP_NOVEDAD,SYS_C0022380,C,CHECK,ENABLED,NOT DEFERRABLE,IMMEDIATE,,ESTADO_RGA,,,,,VALIDATED,"""ESTADO_RGA"" IS NOT NULL"
SOF_CAP_NOVEDAD,SYS_C0022381,C,CHECK,ENABLED,NOT DEFERRABLE,IMMEDIATE,,FECHA_REGISTRO,,,,,VALIDATED,"""FECHA_REGISTRO"" IS NOT NULL"
SOF_CAP_NOVEDAD,SYS_C0023950,P,PRIMARY KEY,ENABLED,NOT DEFERRABLE,IMMEDIATE,,SCN_ID,,,,,VALIDATED,
SOF_OFERTA_INSCRIPCION,SYS_C0021502,C,CHECK,ENABLED,NOT DEFERRABLE,IMMEDIATE,,OFT_ID,,,,,VALIDATED,"""OFT_ID"" IS NOT NULL"
SOF_OFERTA_INSCRIPCION,SYS_C0021503,C,CHECK,ENABLED,NOT DEFERRABLE,IMMEDIATE,,TDI_ABREVIATURA,,,,,VALIDATED,"""TDI_ABREVIATURA"" IS NOT NULL"
SOF_OFERTA_INSCRIPCION,SYS_C0021504,C,CHECK,ENABLED,NOT DEFERRABLE,IMMEDIATE,,OFT_IDENTIFICACION,,,,,VALIDATED,"""OFT_IDENTIFICACION"" IS NOT NULL"
SOF_OFERTA_INSCRIPCION,SYS_C0021505,C,CHECK,ENABLED,NOT DEFERRABLE,IMMEDIATE,,OFT_FCH_EXP_IDENT,,,,,VALIDATED,"""OFT_FCH_EXP_IDENT"" IS NOT NULL"
SOF_OFERTA_INSCRIPCION,SYS_C0021506,C,CHECK,ENABLED,NOT DEFERRABLE,IMMEDIATE,,OFT_NOMBRES,,,,,VALIDATED,"""OFT_NOMBRES"" IS NOT NULL"
SOF_OFERTA_INSCRIPCION,SYS_C0021507,C,CHECK,ENABLED,NOT DEFERRABLE,IMMEDIATE,,OFT_PRIMER_APELLIDO,,,,,VALIDATED,"""OFT_PRIMER_APELLIDO"" IS NOT NULL"
SOF_OFERTA_INSCRIPCION,SYS_C0021508,C,CHECK,ENABLED,NOT DEFERRABLE,IMMEDIATE,,OFT_FCH_NACIMIENTO,,,,,VALIDATED,"""OFT_FCH_NACIMIENTO"" IS NOT NULL"
SOF_OFERTA_INSCRIPCION,SYS_C0021509,C,CHECK,ENABLED,NOT DEFERRABLE,IMMEDIATE,,ETR_ID,,,,,VALIDATED,"""ETR_ID"" IS NOT NULL"
SOF_OFERTA_INSCRIPCION,SYS_C0021510,C,CHECK,ENABLED,NOT DEFERRABLE,IMMEDIATE,,OFT_GENERO,,,,,VALIDATED,"""OFT_GENERO"" IS NOT NULL"
SOF_OFERTA_INSCRIPCION,SYS_C0021511,C,CHECK,ENABLED,NOT DEFERRABLE,IMMEDIATE,,OFT_RESIDENCIA_PAI,,,,,VALIDATED,"""OFT_RESIDENCIA_PAI"" IS NOT NULL"
SOF_OFERTA_INSCRIPCION,SYS_C0021512,C,CHECK,ENABLED,NOT DEFERRABLE,IMMEDIATE,,OFT_TEL,,,,,VALIDATED,"""OFT_TEL"" IS NOT NULL"
SOF_OFERTA_INSCRIPCION,SYS_C0021513,C,CHECK,ENABLED,NOT DEFERRABLE,IMMEDIATE,,OFT_NOMBRES_CONTACTO,,,,,VALIDATED,"""OFT_NOMBRES_CONTACTO"" IS NOT NULL"
SOF_OFERTA_INSCRIPCION,SYS_C0021514,C,CHECK,ENABLED,NOT DEFERRABLE,IMMEDIATE,,OFT_TELEFONO_CONTACTO,,,,,VALIDATED,"""OFT_TELEFONO_CONTACTO"" IS NOT NULL"
SOF_OFERTA_INSCRIPCION,SYS_C0023720,P,PRIMARY KEY,ENABLED,NOT DEFERRABLE,IMMEDIATE,,OFT_ID,,,,,VALIDATED,
SOF_OFERTA_INSCRIPCION_FICHA,SYS_C0021758,C,CHECK,ENABLED,NOT DEFERRABLE,IMMEDIATE,,SOIF_ID,,,,,VALIDATED,"""SOIF_ID"" IS NOT NULL"
SOF_OFERTA_INSCRIPCION_FICHA,SYS_C0021759,C,CHECK,ENABLED,NOT DEFERRABLE,IMMEDIATE,,OFT_ID,,,,,VALIDATED,"""OFT_ID"" IS NOT NULL"
SOF_OFERTA_INSCRIPCION_FICHA,SYS_C0021760,C,CHECK,ENABLED,NOT DEFERRABLE,IMMEDIATE,,TDI_ABREVIATURA,,,,,VALIDATED,"""TDI_ABREVIATURA"" IS NOT NULL"
SOF_OFERTA_INSCRIPCION_FICHA,SYS_C0021761,C,CHECK,ENABLED,NOT DEFERRABLE,IMMEDIATE,,OFT_IDENTIFICACION,,,,,VALIDATED,"""OFT_IDENTIFICACION"" IS NOT NULL"
SOF_OFERTA_INSCRIPCION_FICHA,SYS_C0021762,C,CHECK,ENABLED,NOT DEFERRABLE,IMMEDIATE,,SOIF_CODIGO_FICHA,,,,,VALIDATED,"""SOIF_CODIGO_FICHA"" IS NOT NULL"
SOF_OFERTA_INSCRIPCION_FICHA,SYS_C0021763,C,CHECK,ENABLED,NOT DEFERRABLE,IMMEDIATE,,SOIF_TIPO_POBLACION,,,,,VALIDATED,"""SOIF_TIPO_POBLACION"" IS NOT NULL"
SOF_OFERTA_INSCRIPCION_FICHA,SYS_C0021764,C,CHECK,ENABLED,NOT DEFERRABLE,IMMEDIATE,,SOIF_CLAVE_EMPRESA,,,,,VALIDATED,"""SOIF_CLAVE_EMPRESA"" IS NOT NULL"
SOF_OFERTA_INSCRIPCION_FICHA,SYS_C0023769,P,PRIMARY KEY,ENABLED,NOT DEFERRABLE,IMMEDIATE,,SOIF_ID,,,,,VALIDATED,
SOF_TIPO_FORMACION,SYS_C0023000,C,CHECK,ENABLED,NOT DEFERRABLE,IMMEDIATE,,STF_ID,,,,,VALIDATED,"""STF_ID"" IS NOT NULL"
SOF_TIPO_FORMACION,SYS_C0023001,C,CHECK,ENABLED,NOT DEFERRABLE,IMMEDIATE,,STF_NOMBRE,,,,,VALIDATED,"""STF_NOMBRE"" IS NOT NULL"
SOF_TIPO_FORMACION,SOF_TIPO_FORMACION_PK,P,PRIMARY KEY,ENABLED,NOT DEFERRABLE,IMMEDIATE,,STF_ID,,,,,VALIDATED,
SOF_TIPO_OFERTA,SYS_C0022067,C,CHECK,ENABLED,NOT DEFERRABLE,IMMEDIATE,,STO_ID,,,,,VALIDATED,"""STO_ID"" IS NOT NULL"
SOF_TIPO_OFERTA,SYS_C0022068,C,CHECK,ENABLED,NOT DEFERRABLE,IMMEDIATE,,STO_NOMBRE,,,,,VALIDATED,"""STO_NOMBRE"" IS NOT NULL"
SOF_TIPO_OFERTA,SOF_TIPO_OFERTA_PK,P,PRIMARY KEY,ENABLED,NOT DEFERRABLE,IMMEDIATE,,STO_ID,,,,,VALIDATED,
SOF_TIPO_PROGRAMA,SYS_C0021746,C,CHECK,ENABLED,NOT DEFERRABLE,IMMEDIATE,,NFS_ID,,,,,VALIDATED,"""NFS_ID"" IS NOT NULL"
SOF_TIPO_PROGRAMA,SYS_C0021747,C,CHECK,ENABLED,NOT DEFERRABLE,IMMEDIATE,,NFS_NOMBRE,,,,,VALIDATED,"""NFS_NOMBRE"" IS NOT NULL"
SOF_TIPO_PROGRAMA,SOF_TIPO_PROGRAMA_PK,P,PRIMARY KEY,ENABLED,NOT DEFERRABLE,IMMEDIATE,,NFS_ID,,,,,VALIDATED,
SPE_CARGA_RUV,SYS_C0023281,C,CHECK,ENABLED,NOT DEFERRABLE,IMMEDIATE,,OFT_ID,,,,,VALIDATED,"""OFT_ID"" IS NOT NULL"
SPE_CARGA_RUV,SYS_C0023282,C,CHECK,ENABLED,NOT DEFERRABLE,IMMEDIATE,,TIPO_DOCUMENTO,,,,,VALIDATED,"""TIPO_DOCUMENTO"" IS NOT NULL"
SPE_CARGA_RUV,SYS_C0023283,C,CHECK,ENABLED,NOT DEFERRABLE,IMMEDIATE,,NUMERO_DOCUMENTO,,,,,VALIDATED,"""NUMERO_DOCUMENTO"" IS NOT NULL"
SPE_CARGA_RUV,SYS_C0023284,C,CHECK,ENABLED,NOT DEFERRABLE,IMMEDIATE,,HECHO_VICTIMIZANTE,,,,,VALIDATED,"""HECHO_VICTIMIZANTE"" IS NOT NULL"
SPE_CARGA_RUV,SYS_C0023285,C,CHECK,ENABLED,NOT DEFERRABLE,IMMEDIATE,,FECHA_VALORACION,,,,,VALIDATED,"""FECHA_VALORACION"" IS NOT NULL"
SPE_CARGA_RUV,SYS_C0023286,C,CHECK,ENABLED,NOT DEFERRABLE,IMMEDIATE,,FECHA_CARGA,,,,,VALIDATED,"""FECHA_CARGA"" IS NOT NULL"
SPE_RUV_TMP,SYS_C0023591,C,CHECK,ENABLED,NOT DEFERRABLE,IMMEDIATE,,TIPO_DOCUMENTO,,,,,VALIDATED,"""TIPO_DOCUMENTO"" IS NOT NULL"
SPE_RUV_TMP,SYS_C0023592,C,CHECK,ENABLED,NOT DEFERRABLE,IMMEDIATE,,NUMERO_DOCUMENTO,,,,,VALIDATED,"""NUMERO_DOCUMENTO"" IS NOT NULL"
SPE_RUV_TMP,SYS_C0023593,C,CHECK,ENABLED,NOT DEFERRABLE,IMMEDIATE,,HECHO_VICTIMIZANTE,,,,,VALIDATED,"""HECHO_VICTIMIZANTE"" IS NOT NULL"
SPE_RUV_TMP,SYS_C0023594,C,CHECK,ENABLED,NOT DEFERRABLE,IMMEDIATE,,FECHA_VALORACION,,,,,VALIDATED,"""FECHA_VALORACION"" IS NOT NULL"
SPE_RUV_TMP,SYS_C0023595,C,CHECK,ENABLED,NOT DEFERRABLE,IMMEDIATE,,FECHA_CARGA,,,,,VALIDATED,"""FECHA_CARGA"" IS NOT NULL"
SUELDO,SYS_C0022386,C,CHECK,ENABLED,NOT DEFERRABLE,IMMEDIATE,,SUE_ID,,,,,VALIDATED,"""SUE_ID"" IS NOT NULL"
SUELDO,SYS_C0022387,C,CHECK,ENABLED,NOT DEFERRABLE,IMMEDIATE,,SUE_DESCRIPCION,,,,,VALIDATED,"""SUE_DESCRIPCION"" IS NOT NULL"
SUELDO,SYS_C0022388,C,CHECK,ENABLED,NOT DEFERRABLE,IMMEDIATE,,SUE_MINIMO,,,,,VALIDATED,"""SUE_MINIMO"" IS NOT NULL"
SUELDO,SYS_C0022389,C,CHECK,ENABLED,NOT DEFERRABLE,IMMEDIATE,,SUE_MAXIMO,,,,,VALIDATED,"""SUE_MAXIMO"" IS NOT NULL"
SUELDO,SUE_PK,P,PRIMARY KEY,ENABLED,NOT DEFERRABLE,IMMEDIATE,,SUE_ID,,,,,VALIDATED,
SYS_ARCHIVO,SYS_C0022779,C,CHECK,ENABLED,NOT DEFERRABLE,IMMEDIATE,,SAR_ID,,,,,VALIDATED,"""SAR_ID"" IS NOT NULL"
SYS_ARCHIVO,SYS_C0022780,C,CHECK,ENABLED,NOT DEFERRABLE,IMMEDIATE,,SAR_NOMBRE,,,,,VALIDATED,"""SAR_NOMBRE"" IS NOT NULL"
SYS_ARCHIVO,SYS_C0022781,C,CHECK,ENABLED,NOT DEFERRABLE,IMMEDIATE,,SAR_HASH,,,,,VALIDATED,"""SAR_HASH"" IS NOT NULL"
SYS_ARCHIVO,SYS_C0022782,C,CHECK,ENABLED,NOT DEFERRABLE,IMMEDIATE,,SAR_FAMILIA,,,,,VALIDATED,"""SAR_FAMILIA"" IS NOT NULL"
SYS_ARCHIVO,SYS_C0022783,C,CHECK,ENABLED,NOT DEFERRABLE,IMMEDIATE,,SAR_TIPO,,,,,VALIDATED,"""SAR_TIPO"" IS NOT NULL"
SYS_ARCHIVO,SYS_C0022784,C,CHECK,ENABLED,NOT DEFERRABLE,IMMEDIATE,,SAR_AUTOR,,,,,VALIDATED,"""SAR_AUTOR"" IS NOT NULL"
SYS_ARCHIVO,SYS_C0022785,C,CHECK,ENABLED,NOT DEFERRABLE,IMMEDIATE,,SAR_FECHA,,,,,VALIDATED,"""SAR_FECHA"" IS NOT NULL"
SYS_ARCHIVO,SYS_C0022786,C,CHECK,ENABLED,NOT DEFERRABLE,IMMEDIATE,,SAR_MIME,,,,,VALIDATED,"""SAR_MIME"" IS NOT NULL"
SYS_ARCHIVO,SYS_C0022787,C,CHECK,ENABLED,NOT DEFERRABLE,IMMEDIATE,,SAR_PATH,,,,,VALIDATED,"""SAR_PATH"" IS NOT NULL"
SYS_ARCHIVO,SYS_ARCHIVO_PK,P,PRIMARY KEY,ENABLED,NOT DEFERRABLE,IMMEDIATE,,SAR_ID,,,,,VALIDATED,
SYS_ARCHIVO_DESCARGA,SYS_C0021769,C,CHECK,ENABLED,NOT DEFERRABLE,IMMEDIATE,,SAD_ID,,,,,VALIDATED,"""SAD_ID"" IS NOT NULL"
SYS_ARCHIVO_DESCARGA,SYS_C0021770,C,CHECK,ENABLED,NOT DEFERRABLE,IMMEDIATE,,SAR_ID,,,,,VALIDATED,"""SAR_ID"" IS NOT NULL"
SYS_ARCHIVO_DESCARGA,SYS_C0021771,C,CHECK,ENABLED,NOT DEFERRABLE,IMMEDIATE,,SAD_USUARIO,,,,,VALIDATED,"""SAD_USUARIO"" IS NOT NULL"
SYS_ARCHIVO_DESCARGA,SYS_C0021772,C,CHECK,ENABLED,NOT DEFERRABLE,IMMEDIATE,,SAD_FECHA,,,,,VALIDATED,"""SAD_FECHA"" IS NOT NULL"
SYS_ARCHIVO_DESCARGA,SYS_ARCHIVO_DESCARGA_PK,P,PRIMARY KEY,ENABLED,NOT DEFERRABLE,IMMEDIATE,,SAD_ID,,,,,VALIDATED,
SYS_ARCHIVO_PERMISO,SYS_C0023585,C,CHECK,ENABLED,NOT DEFERRABLE,IMMEDIATE,,SAP_ID,,,,,VALIDATED,"""SAP_ID"" IS NOT NULL"
SYS_ARCHIVO_PERMISO,SYS_C0023586,C,CHECK,ENABLED,NOT DEFERRABLE,IMMEDIATE,,SAP_PERMISOS,,,,,VALIDATED,"""SAP_PERMISOS"" IS NOT NULL"
SYS_ARCHIVO_PERMISO,SYS_ARCHIVO_PERMISO_PK,P,PRIMARY KEY,ENABLED,NOT DEFERRABLE,IMMEDIATE,,SAP_ID,,,,,VALIDATED,
TALLER,SYS_C0021487,C,CHECK,ENABLED,NOT DEFERRABLE,IMMEDIATE,,TAL_ID,,,,,VALIDATED,"""TAL_ID"" IS NOT NULL"
TALLER,SYS_C0021488,C,CHECK,ENABLED,NOT DEFERRABLE,IMMEDIATE,,TAL_NOMBRE,,,,,VALIDATED,"""TAL_NOMBRE"" IS NOT NULL"
TALLER,SYS_C0021489,C,CHECK,ENABLED,NOT DEFERRABLE,IMMEDIATE,,TAL_PERIODO,,,,,VALIDATED,"""TAL_PERIODO"" IS NOT NULL"
TALLER,SYS_C0021490,C,CHECK,ENABLED,NOT DEFERRABLE,IMMEDIATE,,TAL_HORARIO,,,,,VALIDATED,"""TAL_HORARIO"" IS NOT NULL"
TALLER,SYS_C0021491,C,CHECK,ENABLED,NOT DEFERRABLE,IMMEDIATE,,TAL_LUGAR,,,,,VALIDATED,"""TAL_LUGAR"" IS NOT NULL"
TALLER,SYS_C0021492,C,CHECK,ENABLED,NOT DEFERRABLE,IMMEDIATE,,FUN_ID,,,,,VALIDATED,"""FUN_ID"" IS NOT NULL"
TALLER,SYS_C0021493,C,CHECK,ENABLED,NOT DEFERRABLE,IMMEDIATE,,TAL_ESTADO,,,,,VALIDATED,"""TAL_ESTADO"" IS NOT NULL"
TALLER,TALLER_PK,P,PRIMARY KEY,ENABLED,NOT DEFERRABLE,IMMEDIATE,,TAL_ID,,,,,VALIDATED,
TAMANIO_REGIONAL,TAMANIO_REGIONAL_PK,P,PRIMARY KEY,ENABLED,NOT DEFERRABLE,IMMEDIATE,,TAR_ID,,,,,VALIDATED,
TAMANIO_REGIONAL,TAMANIO_REGIONAL_FK_DPT,R,FOREIGN KEY,ENABLED,NOT DEFERRABLE,IMMEDIATE,DPT_PK,DPT_ID,SPE,DEPARTAMENTO,DPT_ID,NO ACTION,VALIDATED,
TEMA_CAPACITACION,CSPE_TCA_NULL,C,CHECK,ENABLED,NOT DEFERRABLE,IMMEDIATE,,CSPE_ID,,,,,VALIDATED,"""CSPE_ID"" IS NOT NULL"
TEMA_CAPACITACION,FUN_TCA_NULL,C,CHECK,ENABLED,NOT DEFERRABLE,IMMEDIATE,,FUN_ID,,,,,VALIDATED,"""FUN_ID"" IS NOT NULL"
TEMA_CAPACITACION,TCA_DESCRIPCION_NULL,C,CHECK,ENABLED,NOT DEFERRABLE,IMMEDIATE,,TCA_DESCRIPCION,,,,,VALIDATED,"""TCA_DESCRIPCION"" IS NOT NULL"
TEMA_CAPACITACION,TCA_FCH_REGISTRO_NULL,C,CHECK,ENABLED,NOT DEFERRABLE,IMMEDIATE,,TCA_FCH_REGISTRO,,,,,VALIDATED,"""TCA_FCH_REGISTRO"" IS NOT NULL"
TEMA_CAPACITACION,TCA_ID_NULL,C,CHECK,ENABLED,NOT DEFERRABLE,IMMEDIATE,,TCA_ID,,,,,VALIDATED,"""TCA_ID"" IS NOT NULL"
TEMA_CAPACITACION,TCA_MODALIDAD_CHK,C,CHECK,ENABLED,NOT DEFERRABLE,IMMEDIATE,,TCA_MODALIDAD,,,,,VALIDATED,"
		TCA_MODALIDAD in (0,1)
		"
TEMA_CAPACITACION,TCA_NOMBRE_NULL,C,CHECK,ENABLED,NOT DEFERRABLE,IMMEDIATE,,TCA_NOMBRE,,,,,VALIDATED,"""TCA_NOMBRE"" IS NOT NULL"
TEMA_CAPACITACION,TCA_NUM_CUPOS_NULL,C,CHECK,ENABLED,NOT DEFERRABLE,IMMEDIATE,,TCA_NUM_CUPOS,,,,,VALIDATED,"""TCA_NUM_CUPOS"" IS NOT NULL"
TEMA_CAPACITACION,TCA_PK,P,PRIMARY KEY,ENABLED,NOT DEFERRABLE,IMMEDIATE,,TCA_ID,,,,,VALIDATED,
TEMA_CAPACITACION,CSPE_TCA_FK,R,FOREIGN KEY,ENABLED,NOT DEFERRABLE,IMMEDIATE,CSPE_PK,CSPE_ID,SPE,CENTRO_SPE,CSPE_ID,NO ACTION,VALIDATED,
TEMA_CAPACITACION,EMP_TCA_FK,R,FOREIGN KEY,ENABLED,NOT DEFERRABLE,IMMEDIATE,EMP_PK,EMP_ID,SPE,EMPRESA,EMP_ID,NO ACTION,VALIDATED,
TEMA_CAPACITACION,ENF_TCA_FK,R,FOREIGN KEY,ENABLED,NOT DEFERRABLE,IMMEDIATE,ENF_PK,ENF_ID,SPE,ESTUDIO_NO_FORMAL,ENF_ID,NO ACTION,VALIDATED,
TEMA_CAPACITACION,FUN_TCA_FK,R,FOREIGN KEY,ENABLED,NOT DEFERRABLE,IMMEDIATE,FUN_PK,FUN_ID,SPE,FUNCIONARIO,FUN_ID,NO ACTION,VALIDATED,
TEMA_CAPACITACION_OFERENTE,CSPE_TCOF_NULL,C,CHECK,ENABLED,NOT DEFERRABLE,IMMEDIATE,,CSPE_ID,,,,,VALIDATED,"""CSPE_ID"" IS NOT NULL"
TEMA_CAPACITACION_OFERENTE,FUN_TCOF_NULL,C,CHECK,ENABLED,NOT DEFERRABLE,IMMEDIATE,,FUN_ID,,,,,VALIDATED,"""FUN_ID"" IS NOT NULL"
TEMA_CAPACITACION_OFERENTE,OFT_TCOF_ID_NULL,C,CHECK,ENABLED,NOT DEFERRABLE,IMMEDIATE,,OFT_ID,,,,,VALIDATED,"""OFT_ID"" IS NOT NULL"
TEMA_CAPACITACION_OFERENTE,TC0F_FCH_REGISTRO_NULL,C,CHECK,ENABLED,NOT DEFERRABLE,IMMEDIATE,,TCO_FCH_REGISTRO,,,,,VALIDATED,"""TCO_FCH_REGISTRO"" IS NOT NULL"
TEMA_CAPACITACION_OFERENTE,TCA_TCOF_ID_NULL,C,CHECK,ENABLED,NOT DEFERRABLE,IMMEDIATE,,TCA_ID,,,,,VALIDATED,"""TCA_ID"" IS NOT NULL"
TEMA_CAPACITACION_OFERENTE,TCOF_ID_NULL,C,CHECK,ENABLED,NOT DEFERRABLE,IMMEDIATE,,TCOF_ID,,,,,VALIDATED,"""TCOF_ID"" IS NOT NULL"
TEMA_CAPACITACION_OFERENTE,TCOF_PK,P,PRIMARY KEY,ENABLED,NOT DEFERRABLE,IMMEDIATE,,TCOF_ID,,,,,VALIDATED,
TEMA_CAPACITACION_OFERENTE,CSPE_TCOF_FK,R,FOREIGN KEY,ENABLED,NOT DEFERRABLE,IMMEDIATE,CSPE_PK,CSPE_ID,SPE,CENTRO_SPE,CSPE_ID,NO ACTION,VALIDATED,
TEMA_CAPACITACION_OFERENTE,FUN_TCOF_FK,R,FOREIGN KEY,ENABLED,NOT DEFERRABLE,IMMEDIATE,FUN_PK,FUN_ID,SPE,FUNCIONARIO,FUN_ID,NO ACTION,VALIDATED,
TEMA_CAPACITACION_OFERENTE,OFT_TCOF_FK,R,FOREIGN KEY,ENABLED,NOT DEFERRABLE,IMMEDIATE,OFT_PK,OFT_ID,SPE,OFERTA,OFT_ID,NO ACTION,VALIDATED,
TEMA_CAPACITACION_OFERENTE,TCA_TCOF_FK,R,FOREIGN KEY,ENABLED,NOT DEFERRABLE,IMMEDIATE,TCA_PK,TCA_ID,SPE,TEMA_CAPACITACION,TCA_ID,NO ACTION,VALIDATED,
TEM_OFT_PREFERENCIA_OCUP,SYS_C0021299,C,CHECK,ENABLED,NOT DEFERRABLE,IMMEDIATE,,OPO_ID,,,,,VALIDATED,"""OPO_ID"" IS NOT NULL"
TEM_OFT_PREFERENCIA_OCUP,SYS_C0021300,C,CHECK,ENABLED,NOT DEFERRABLE,IMMEDIATE,,OFT_ID,,,,,VALIDATED,"""OFT_ID"" IS NOT NULL"
TEM_OFT_PREFERENCIA_OCUP,SYS_C0021301,C,CHECK,ENABLED,NOT DEFERRABLE,IMMEDIATE,,OPO_PRIORIDAD,,,,,VALIDATED,"""OPO_PRIORIDAD"" IS NOT NULL"
TEM_OFT_PREFERENCIA_OCUP,SYS_C0021302,C,CHECK,ENABLED,NOT DEFERRABLE,IMMEDIATE,,OPO_FCH_REGISTRO,,,,,VALIDATED,"""OPO_FCH_REGISTRO"" IS NOT NULL"
TEM_OFT_PREFERENCIA_OCUP,SYS_C0021303,C,CHECK,ENABLED,NOT DEFERRABLE,IMMEDIATE,,IND_ID,,,,,VALIDATED,"""IND_ID"" IS NOT NULL"
TIPO_CARACTERIZACION,SYS_C0022997,C,CHECK,ENABLED,NOT DEFERRABLE,IMMEDIATE,,TCT_ID,,,,,VALIDATED,"""TCT_ID"" IS NOT NULL"
TIPO_CARACTERIZACION,SYS_C0022998,C,CHECK,ENABLED,NOT DEFERRABLE,IMMEDIATE,,TCT_DESCRIPCION,,,,,VALIDATED,"""TCT_DESCRIPCION"" IS NOT NULL"
TIPO_CARACTERIZACION,SYS_C0022999,C,CHECK,ENABLED,NOT DEFERRABLE,IMMEDIATE,,TCT_HAB_CRUCE,,,,,VALIDATED,"""TCT_HAB_CRUCE"" IS NOT NULL"
TIPO_CARACTERIZACION,TCT_PK,P,PRIMARY KEY,ENABLED,NOT DEFERRABLE,IMMEDIATE,,TCT_ID,,,,,VALIDATED,
TIPO_CONTRATO,TCO_DESCRIPCION_NULL,C,CHECK,ENABLED,NOT DEFERRABLE,IMMEDIATE,,TCO_DESCRIPCION,,,,,VALIDATED,"""TCO_DESCRIPCION"" IS NOT NULL"
TIPO_CONTRATO,TCO_ID_NULL,C,CHECK,ENABLED,NOT DEFERRABLE,IMMEDIATE,,TCO_ID,,,,,VALIDATED,"""TCO_ID"" IS NOT NULL"
TIPO_CONTRATO,TCO_NOMBRE_NULL,C,CHECK,ENABLED,NOT DEFERRABLE,IMMEDIATE,,TCO_NOMBRE,,,,,VALIDATED,"""TCO_NOMBRE"" IS NOT NULL"
TIPO_CONTRATO,TCO_PK,P,PRIMARY KEY,ENABLED,NOT DEFERRABLE,IMMEDIATE,,TCO_ID,,,,,VALIDATED,
TIPO_CORREO,TIC_DESCRIPCION_NULL,C,CHECK,ENABLED,NOT DEFERRABLE,IMMEDIATE,,TIC_DESCRIPCION,,,,,VALIDATED,"""TIC_DESCRIPCION"" IS NOT NULL"
TIPO_CORREO,TIC_ID_NULL,C,CHECK,ENABLED,NOT DEFERRABLE,IMMEDIATE,,TIC_ID,,,,,VALIDATED,"""TIC_ID"" IS NOT NULL"
TIPO_CORREO,TIC_PK,P,PRIMARY KEY,ENABLED,NOT DEFERRABLE,IMMEDIATE,,TIC_ID,,,,,VALIDATED,
TIPO_CSPE,TICSPE_ID_NULL,C,CHECK,ENABLED,NOT DEFERRABLE,IMMEDIATE,,TICSPE_ID,,,,,VALIDATED,"""TICSPE_ID"" IS NOT NULL"
TIPO_CSPE,TICSPE_NOMBRE_NULL,C,CHECK,ENABLED,NOT DEFERRABLE,IMMEDIATE,,TICSPE_NOMBRE,,,,,VALIDATED,"""TICSPE_NOMBRE"" IS NOT NULL"
TIPO_CSPE,TICSPE_PK,P,PRIMARY KEY,ENABLED,NOT DEFERRABLE,IMMEDIATE,,TICSPE_ID,,,,,VALIDATED,
TIPO_DOC_IDENT,TDI_ABREVIATURA_NULL,C,CHECK,ENABLED,NOT DEFERRABLE,IMMEDIATE,,TDI_ABREVIATURA,,,,,VALIDATED,"""TDI_ABREVIATURA"" IS NOT NULL"
TIPO_DOC_IDENT,TDI_EMP_INTERNET_CHK,C,CHECK,ENABLED,NOT DEFERRABLE,IMMEDIATE,,TDI_EMP_INTERNET,,,,,VALIDATED,"
  TDI_EMP_INTERNET in (0,1)
  "
TIPO_DOC_IDENT,TDI_EMP_INTERNET_NULL,C,CHECK,ENABLED,NOT DEFERRABLE,IMMEDIATE,,TDI_EMP_INTERNET,,,,,VALIDATED,"""TDI_EMP_INTERNET"" IS NOT NULL"
TIPO_DOC_IDENT,TDI_ID_NULL,C,CHECK,ENABLED,NOT DEFERRABLE,IMMEDIATE,,TDI_ID,,,,,VALIDATED,"""TDI_ID"" IS NOT NULL"
TIPO_DOC_IDENT,TDI_NOMBRE_NULL,C,CHECK,ENABLED,NOT DEFERRABLE,IMMEDIATE,,TDI_NOMBRE,,,,,VALIDATED,"""TDI_NOMBRE"" IS NOT NULL"
TIPO_DOC_IDENT,TDI_OFT_INTERNET_CHK,C,CHECK,ENABLED,NOT DEFERRABLE,IMMEDIATE,,TDI_OFT_INTERNET,,,,,VALIDATED,"
  TDI_OFT_INTERNET in (0,1)
  "
TIPO_DOC_IDENT,TDI_OFT_INTERNET_NULL,C,CHECK,ENABLED,NOT DEFERRABLE,IMMEDIATE,,TDI_OFT_INTERNET,,,,,VALIDATED,"""TDI_OFT_INTERNET"" IS NOT NULL"
TIPO_DOC_IDENT,TDI_VAL_EMPRESA_CHK,C,CHECK,ENABLED,NOT DEFERRABLE,IMMEDIATE,,TDI_VAL_EMPRESA,,,,,VALIDATED,"
		TDI_VAL_EMPRESA in (0,1)
		"
TIPO_DOC_IDENT,TDI_VAL_EMPRESA_NULL,C,CHECK,ENABLED,NOT DEFERRABLE,IMMEDIATE,,TDI_VAL_EMPRESA,,,,,VALIDATED,"""TDI_VAL_EMPRESA"" IS NOT NULL"
TIPO_DOC_IDENT,TDI_VAL_OFERTA_CHK,C,CHECK,ENABLED,NOT DEFERRABLE,IMMEDIATE,,TDI_VAL_OFERTA,,,,,VALIDATED,"
		TDI_VAL_OFERTA in (0,1)
		"
TIPO_DOC_IDENT,TDI_VAL_OFERTA_NULL,C,CHECK,ENABLED,NOT DEFERRABLE,IMMEDIATE,,TDI_VAL_OFERTA,,,,,VALIDATED,"""TDI_VAL_OFERTA"" IS NOT NULL"
TIPO_DOC_IDENT,TDI_PK,P,PRIMARY KEY,ENABLED,NOT DEFERRABLE,IMMEDIATE,,TDI_ID,,,,,VALIDATED,
TIPO_EMPRESA,TEM_DESCRIPCION_NULL,C,CHECK,ENABLED,NOT DEFERRABLE,IMMEDIATE,,TEM_DESCRIPCION,,,,,VALIDATED,"""TEM_DESCRIPCION"" IS NOT NULL"
TIPO_EMPRESA,TEM_ID_NULL,C,CHECK,ENABLED,NOT DEFERRABLE,IMMEDIATE,,TEM_ID,,,,,VALIDATED,"""TEM_ID"" IS NOT NULL"
TIPO_EMPRESA,TEM_NOMBRE_NULL,C,CHECK,ENABLED,NOT DEFERRABLE,IMMEDIATE,,TEM_NOMBRE,,,,,VALIDATED,"""TEM_NOMBRE"" IS NOT NULL"
TIPO_EMPRESA,TEM_PK,P,PRIMARY KEY,ENABLED,NOT DEFERRABLE,IMMEDIATE,,TEM_ID,,,,,VALIDATED,
TIPO_ESTUDIO,TIE_ID_NULL,C,CHECK,ENABLED,NOT DEFERRABLE,IMMEDIATE,,TIE_ID,,,,,VALIDATED,"""TIE_ID"" IS NOT NULL"
TIPO_ESTUDIO,TIE_NOMBRE_NULL,C,CHECK,ENABLED,NOT DEFERRABLE,IMMEDIATE,,TIE_NOMBRE,,,,,VALIDATED,"""TIE_NOMBRE"" IS NOT NULL"
TIPO_ESTUDIO,TIE_PK,P,PRIMARY KEY,ENABLED,NOT DEFERRABLE,IMMEDIATE,,TIE_ID,,,,,VALIDATED,
TIPO_EVENTO,TEV_DESCRIPCION_NULL,C,CHECK,ENABLED,NOT DEFERRABLE,IMMEDIATE,,TEV_DESCRIPCION,,,,,VALIDATED,"""TEV_DESCRIPCION"" IS NOT NULL"
TIPO_EVENTO,TEV_ID_NULL,C,CHECK,ENABLED,NOT DEFERRABLE,IMMEDIATE,,TEV_ID,,,,,VALIDATED,"""TEV_ID"" IS NOT NULL"
TIPO_EVENTO,TEV_TIPO_CHK,C,CHECK,ENABLED,NOT DEFERRABLE,IMMEDIATE,,TEV_TIPO,,,,,VALIDATED,"
		TEV_TIPO in ('O','E','D','C','B','S')
		"
TIPO_EVENTO,TEV_TIPO_NULL,C,CHECK,ENABLED,NOT DEFERRABLE,IMMEDIATE,,TEV_TIPO,,,,,VALIDATED,"""TEV_TIPO"" IS NOT NULL"
TIPO_EVENTO,TEV_PK,P,PRIMARY KEY,ENABLED,NOT DEFERRABLE,IMMEDIATE,,TEV_ID,,,,,VALIDATED,
TIPO_EVENTO_APE,SYS_C0023073,C,CHECK,ENABLED,NOT DEFERRABLE,IMMEDIATE,,TEA_ID,,,,,VALIDATED,"""TEA_ID"" IS NOT NULL"
TIPO_EVENTO_APE,TIPO_EVENTO_APE_PK,P,PRIMARY KEY,ENABLED,NOT DEFERRABLE,IMMEDIATE,,TEA_ID,,,,,VALIDATED,
TIPO_ORIENTACION,SYS_C0023002,C,CHECK,ENABLED,NOT DEFERRABLE,IMMEDIATE,,TORI_ID,,,,,VALIDATED,"""TORI_ID"" IS NOT NULL"
TIPO_ORIENTACION,SYS_C0023003,C,CHECK,ENABLED,NOT DEFERRABLE,IMMEDIATE,,TORI_NOMBRE,,,,,VALIDATED,"""TORI_NOMBRE"" IS NOT NULL"
TIPO_ORIENTACION,SYS_C0023004,C,CHECK,ENABLED,NOT DEFERRABLE,IMMEDIATE,,TORI_SELECCIONABLE,,,,,VALIDATED,"""TORI_SELECCIONABLE"" IS NOT NULL"
TIPO_ORIENTACION,SYS_C0023005,C,CHECK,ENABLED,NOT DEFERRABLE,IMMEDIATE,,TORI_ORI_OFT,,,,,VALIDATED,"""TORI_ORI_OFT"" IS NOT NULL"
TIPO_ORIENTACION,SYS_C0023006,C,CHECK,ENABLED,NOT DEFERRABLE,IMMEDIATE,,TORI_ORI_EMP,,,,,VALIDATED,"""TORI_ORI_EMP"" IS NOT NULL"
TIPO_ORIENTACION,TORI_ID_NULL,C,CHECK,ENABLED,NOT DEFERRABLE,IMMEDIATE,,TORI_ID,,,,,VALIDATED,"""TORI_ID"" IS NOT NULL"
TIPO_ORIENTACION,TORI_NOMBRE_NULL,C,CHECK,ENABLED,NOT DEFERRABLE,IMMEDIATE,,TORI_NOMBRE,,,,,VALIDATED,"""TORI_NOMBRE"" IS NOT NULL"
TIPO_ORIENTACION,TORI_PK,P,PRIMARY KEY,ENABLED,NOT DEFERRABLE,IMMEDIATE,,TORI_ID,,,,,VALIDATED,
TIPO_ORIENTACION_DET,SYS_C0022397,C,CHECK,ENABLED,NOT DEFERRABLE,IMMEDIATE,,TORID_ID,,,,,VALIDATED,"""TORID_ID"" IS NOT NULL"
TIPO_ORIENTACION_DET,SYS_C0022398,C,CHECK,ENABLED,NOT DEFERRABLE,IMMEDIATE,,TORI_ID,,,,,VALIDATED,"""TORI_ID"" IS NOT NULL"
TIPO_ORIENTACION_DET,TIPO_ORIENTACION_DET_PK,P,PRIMARY KEY,ENABLED,NOT DEFERRABLE,IMMEDIATE,,TORID_ID,,,,,VALIDATED,
TIPO_ORIENTACION_EMIENTO,SYS_C0021483,C,CHECK,ENABLED,NOT DEFERRABLE,IMMEDIATE,,TOE_ID,,,,,VALIDATED,"""TOE_ID"" IS NOT NULL"
TIPO_ORIENTACION_EMIENTO,SYS_C0021484,C,CHECK,ENABLED,NOT DEFERRABLE,IMMEDIATE,,TOE_REG_NOMBRE,,,,,VALIDATED,"""TOE_REG_NOMBRE"" IS NOT NULL"
TIPO_ORIENTACION_EMIENTO,SYS_C0021485,C,CHECK,ENABLED,NOT DEFERRABLE,IMMEDIATE,,TOE_LIDER,,,,,VALIDATED,"""TOE_LIDER"" IS NOT NULL"
TIPO_ORIENTACION_EMIENTO,SYS_C0021486,C,CHECK,ENABLED,NOT DEFERRABLE,IMMEDIATE,,TOE_DIRECCION,,,,,VALIDATED,"""TOE_DIRECCION"" IS NOT NULL"
TIPO_ORIENTACION_EMIENTO,TIPO_ORIENTACION_EMIENTO_PK,P,PRIMARY KEY,ENABLED,NOT DEFERRABLE,IMMEDIATE,,TOE_ID,,,,,VALIDATED,
TIPO_PES,TIPES_HABHIS_ID_NULL,C,CHECK,ENABLED,NOT DEFERRABLE,IMMEDIATE,,TIPES_HAB_HIS,,,,,VALIDATED,"""TIPES_HAB_HIS"" IS NOT NULL"
TIPO_PES,TIPES_HAB_HIS_CHK,C,CHECK,ENABLED,NOT DEFERRABLE,IMMEDIATE,,TIPES_HAB_HIS,,,,,VALIDATED,"TIPES_HAB_HIS IN (0,1)"
TIPO_PES,TIPES_ID_NULL,C,CHECK,ENABLED,NOT DEFERRABLE,IMMEDIATE,,TIPES_ID,,,,,VALIDATED,"""TIPES_ID"" IS NOT NULL"
TIPO_PES,TIPES_NOMBRE_NULL,C,CHECK,ENABLED,NOT DEFERRABLE,IMMEDIATE,,TIPES_NOMBRE,,,,,VALIDATED,"""TIPES_NOMBRE"" IS NOT NULL"
TIPO_PES,TIPES_PK,P,PRIMARY KEY,ENABLED,NOT DEFERRABLE,IMMEDIATE,,TIPES_ID,,,,,VALIDATED,
TIPO_SUELDO,TSU_DESCRIPCION_NULL,C,CHECK,ENABLED,NOT DEFERRABLE,IMMEDIATE,,TSU_DESCRIPCION,,,,,VALIDATED,"""TSU_DESCRIPCION"" IS NOT NULL"
TIPO_SUELDO,TSU_ID_NULL,C,CHECK,ENABLED,NOT DEFERRABLE,IMMEDIATE,,TSU_ID,,,,,VALIDATED,"""TSU_ID"" IS NOT NULL"
TIPO_SUELDO,TSU_NOMBRE_NULL,C,CHECK,ENABLED,NOT DEFERRABLE,IMMEDIATE,,TSU_NOMBRE,,,,,VALIDATED,"""TSU_NOMBRE"" IS NOT NULL"
TIPO_SUELDO,TSU_PK,P,PRIMARY KEY,ENABLED,NOT DEFERRABLE,IMMEDIATE,,TSU_ID,,,,,VALIDATED,
TITULO,NIO_TIT_NULL,C,CHECK,ENABLED,NOT DEFERRABLE,IMMEDIATE,,NIA_ORDEN,,,,,VALIDATED,"""NIA_ORDEN"" IS NOT NULL"
TITULO,SYS_C0022928,C,CHECK,ENABLED,NOT DEFERRABLE,IMMEDIATE,,TIT_ORIGEN,,,,,VALIDATED,"""TIT_ORIGEN"" IS NOT NULL"
TITULO,TIT_ID_NULL,C,CHECK,ENABLED,NOT DEFERRABLE,IMMEDIATE,,TIT_ID,,,,,VALIDATED,"""TIT_ID"" IS NOT NULL"
TITULO,TIT_NOMBRE_NULL,C,CHECK,ENABLED,NOT DEFERRABLE,IMMEDIATE,,TIT_NOMBRE,,,,,VALIDATED,"""TIT_NOMBRE"" IS NOT NULL"
TITULO,TIT_PK,P,PRIMARY KEY,ENABLED,NOT DEFERRABLE,IMMEDIATE,,TIT_ID,,,,,VALIDATED,
TITULO,NIO_TIT_FK,R,FOREIGN KEY,ENABLED,NOT DEFERRABLE,IMMEDIATE,NIA_ORDEN_UK_UC,NIA_ORDEN,SPE,NIVEL_ACADEMICO,NIA_ORDEN,NO ACTION,VALIDATED,
TITULO,TIT_NIO_UK_UC,U,UNIQUE,ENABLED,NOT DEFERRABLE,IMMEDIATE,,"TIT_ID,NIA_ORDEN",,,,,VALIDATED,
TITULO_AGRUPACION,SYS_C0022827,C,CHECK,ENABLED,NOT DEFERRABLE,IMMEDIATE,,TIA_ID,,,,,VALIDATED,"""TIA_ID"" IS NOT NULL"
TITULO_AGRUPACION,SYS_C0022828,C,CHECK,ENABLED,NOT DEFERRABLE,IMMEDIATE,,TIT_ID,,,,,VALIDATED,"""TIT_ID"" IS NOT NULL"
TITULO_AGRUPACION,SYS_C0022829,C,CHECK,ENABLED,NOT DEFERRABLE,IMMEDIATE,,TIG_ID,,,,,VALIDATED,"""TIG_ID"" IS NOT NULL"
TITULO_AGRUPACION,TIA_PK,P,PRIMARY KEY,ENABLED,NOT DEFERRABLE,IMMEDIATE,,TIA_ID,,,,,VALIDATED,
TITULO_AGRUPACION,TIA_TIG_FK,R,FOREIGN KEY,ENABLED,NOT DEFERRABLE,IMMEDIATE,TIG_PK,TIG_ID,SPE,TITULO_GRUPO,TIG_ID,NO ACTION,VALIDATED,
TITULO_AGRUPACION,TIA_TIT_FK,R,FOREIGN KEY,ENABLED,NOT DEFERRABLE,IMMEDIATE,TIT_PK,TIT_ID,SPE,TITULO,TIT_ID,NO ACTION,VALIDATED,
TITULO_AGRUPACION,TITULO_AGRUPACION_UK,U,UNIQUE,ENABLED,NOT DEFERRABLE,IMMEDIATE,,"TIT_ID,TIG_ID",,,,,VALIDATED,
TITULO_GRUPO,SYS_C0022824,C,CHECK,ENABLED,NOT DEFERRABLE,IMMEDIATE,,TIG_ID,,,,,VALIDATED,"""TIG_ID"" IS NOT NULL"
TITULO_GRUPO,SYS_C0022825,C,CHECK,ENABLED,NOT DEFERRABLE,IMMEDIATE,,TIG_DESCRIPCION,,,,,VALIDATED,"""TIG_DESCRIPCION"" IS NOT NULL"
TITULO_GRUPO,SYS_C0022826,C,CHECK,ENABLED,NOT DEFERRABLE,IMMEDIATE,,NIA_ID,,,,,VALIDATED,"""NIA_ID"" IS NOT NULL"
TITULO_GRUPO,TIG_PK,P,PRIMARY KEY,ENABLED,NOT DEFERRABLE,IMMEDIATE,,TIG_ID,,,,,VALIDATED,
TITULO_GRUPO,NIA_TIG_FK,R,FOREIGN KEY,ENABLED,NOT DEFERRABLE,IMMEDIATE,NIA_PK,NIA_ID,SPE,NIVEL_ACADEMICO,NIA_ID,NO ACTION,VALIDATED,
TITULO_RELACIONADO,NIO_TIR_NULL,C,CHECK,ENABLED,NOT DEFERRABLE,IMMEDIATE,,NIA_ORDEN,,,,,VALIDATED,"""NIA_ORDEN"" IS NOT NULL"
TITULO_RELACIONADO,TIR_TIR_NULL,C,CHECK,ENABLED,NOT DEFERRABLE,IMMEDIATE,,TIR_ID,,,,,VALIDATED,"""TIR_ID"" IS NOT NULL"
TITULO_RELACIONADO,TIT_TIR_NULL,C,CHECK,ENABLED,NOT DEFERRABLE,IMMEDIATE,,TIT_ID,,,,,VALIDATED,"""TIT_ID"" IS NOT NULL"
TITULO_RELACIONADO,NIO_TIR_FK,R,FOREIGN KEY,ENABLED,NOT DEFERRABLE,IMMEDIATE,NIA_ORDEN_UK_UC,NIA_ORDEN,SPE,NIVEL_ACADEMICO,NIA_ORDEN,NO ACTION,VALIDATED,
TITULO_RELACIONADO,TIT_TIR_FK,R,FOREIGN KEY,DISABLED,NOT DEFERRABLE,IMMEDIATE,TIT_PK,TIT_ID,SPE,TITULO,TIT_ID,NO ACTION,NOT VALIDATED,
TITULO_RELACIONADO_BACK,TRB_TRB_NULL,C,CHECK,ENABLED,NOT DEFERRABLE,IMMEDIATE,,TRB_ID,,,,,VALIDATED,"""TRB_ID"" IS NOT NULL"
TITULO_RELACIONADO_BACK,TTB_TRB_NULL,C,CHECK,ENABLED,NOT DEFERRABLE,IMMEDIATE,,TTB_ID,,,,,VALIDATED,"""TTB_ID"" IS NOT NULL"
TITULO_RELACIONADO_BACK,TRB_TRB_FK,R,FOREIGN KEY,DISABLED,NOT DEFERRABLE,IMMEDIATE,TIT_PK,TRB_ID,SPE,TITULO,TIT_ID,NO ACTION,NOT VALIDATED,
TITULO_RELACIONADO_BACK,TTB_TRB_FK,R,FOREIGN KEY,DISABLED,NOT DEFERRABLE,IMMEDIATE,TIT_PK,TTB_ID,SPE,TITULO,TIT_ID,NO ACTION,NOT VALIDATED,
TITULO_RELACIONADO_BACK,TRB_UK_UC,U,UNIQUE,ENABLED,NOT DEFERRABLE,IMMEDIATE,,"TRB_ID,TTB_ID",,,,,VALIDATED,
TMP_VALIDACION_SEL_FINAL,SYS_C0065842,C,CHECK,ENABLED,NOT DEFERRABLE,IMMEDIATE,,TVS_ID,,,,,VALIDATED,"""TVS_ID"" IS NOT NULL"
TMP_VALIDACION_SEL_FINAL,SYS_C0065843,C,CHECK,ENABLED,NOT DEFERRABLE,IMMEDIATE,,TVS_LOTE_ID,,,,,VALIDATED,"""TVS_LOTE_ID"" IS NOT NULL"
TMP_VALIDACION_SEL_FINAL,SYS_C0065844,C,CHECK,ENABLED,NOT DEFERRABLE,IMMEDIATE,,ENV_ID,,,,,VALIDATED,"""ENV_ID"" IS NOT NULL"
TMP_VALIDACION_SEL_FINAL,SYS_C0065845,C,CHECK,ENABLED,NOT DEFERRABLE,IMMEDIATE,,OFT_ID,,,,,VALIDATED,"""OFT_ID"" IS NOT NULL"
TMP_VALIDACION_SEL_FINAL,SYS_C0065846,C,CHECK,ENABLED,NOT DEFERRABLE,IMMEDIATE,,DEM_ID,,,,,VALIDATED,"""DEM_ID"" IS NOT NULL"
TMP_VALIDACION_SEL_FINAL,SYS_C0065847,C,CHECK,ENABLED,NOT DEFERRABLE,IMMEDIATE,,TVS_FCH_REGISTRO,,,,,VALIDATED,"""TVS_FCH_REGISTRO"" IS NOT NULL"
TMP_VALIDACION_SEL_FINAL,SYS_C0065848,C,CHECK,ENABLED,NOT DEFERRABLE,IMMEDIATE,,TVS_ES_OVERRIDE,,,,,VALIDATED,"""TVS_ES_OVERRIDE"" IS NOT NULL"
TMP_VALIDACION_SEL_FINAL,PK_TMP_VALIDACION_SEL_FINAL,P,PRIMARY KEY,ENABLED,NOT DEFERRABLE,IMMEDIATE,,TVS_ID,,,,,VALIDATED,
TMP_VALIDACION_SEL_FINAL,FK_TVS_DEMANDA,R,FOREIGN KEY,ENABLED,NOT DEFERRABLE,IMMEDIATE,DEM_PK,DEM_ID,SPE,DEMANDA,DEM_ID,NO ACTION,VALIDATED,
TMP_VALIDACION_SEL_FINAL,FK_TVS_ENVIO,R,FOREIGN KEY,ENABLED,NOT DEFERRABLE,IMMEDIATE,ENV_PK,ENV_ID,SPE,ENVIO,ENV_ID,NO ACTION,VALIDATED,
TMP_VALIDACION_SEL_FINAL,FK_TVS_FUNCIONARIO,R,FOREIGN KEY,ENABLED,NOT DEFERRABLE,IMMEDIATE,FUN_PK,FUN_ID,SPE,FUNCIONARIO,FUN_ID,NO ACTION,VALIDATED,
TMP_VALIDACION_SEL_FINAL,FK_TVS_OFERTA,R,FOREIGN KEY,ENABLED,NOT DEFERRABLE,IMMEDIATE,OFT_PK,OFT_ID,SPE,OFERTA,OFT_ID,NO ACTION,VALIDATED,
URL_ROL,ROL_URR_NULL,C,CHECK,ENABLED,NOT DEFERRABLE,IMMEDIATE,,ROL_ID,,,,,VALIDATED,"""ROL_ID"" IS NOT NULL"
URL_ROL,URL_FIN_NULL,C,CHECK,ENABLED,NOT DEFERRABLE,IMMEDIATE,,URL_FIN,,,,,VALIDATED,"""URL_FIN"" IS NOT NULL"
URL_ROL,URL_INI_NULL,C,CHECK,ENABLED,NOT DEFERRABLE,IMMEDIATE,,URL_INI,,,,,VALIDATED,"""URL_INI"" IS NOT NULL"
URL_ROL,ROL_URR_FK,R,FOREIGN KEY,ENABLED,NOT DEFERRABLE,IMMEDIATE,ROL_PK,ROL_ID,SPE,ROL,ROL_ID,NO ACTION,VALIDATED,
URL_ROL,URL_FIN_ROL_UK_UC,U,UNIQUE,ENABLED,NOT DEFERRABLE,IMMEDIATE,,"URL_FIN,ROL_ID",,,,,VALIDATED,
URL_ROL_BAC,SYS_C0023518,C,CHECK,ENABLED,NOT DEFERRABLE,IMMEDIATE,,URL_INI,,,,,VALIDATED,"""URL_INI"" IS NOT NULL"
URL_ROL_BAC,SYS_C0023519,C,CHECK,ENABLED,NOT DEFERRABLE,IMMEDIATE,,URL_FIN,,,,,VALIDATED,"""URL_FIN"" IS NOT NULL"
URL_ROL_BAC,SYS_C0023520,C,CHECK,ENABLED,NOT DEFERRABLE,IMMEDIATE,,ROL_ID,,,,,VALIDATED,"""ROL_ID"" IS NOT NULL"
USU_CARACTERIZACION,SYS_C0022382,C,CHECK,ENABLED,NOT DEFERRABLE,IMMEDIATE,,TCT_ID,,,,,VALIDATED,"""TCT_ID"" IS NOT NULL"
USU_CARACTERIZACION,SYS_C0022383,C,CHECK,ENABLED,NOT DEFERRABLE,IMMEDIATE,,USU_ID,,,,,VALIDATED,"""USU_ID"" IS NOT NULL"
USU_CARACTERIZACION,OCT_PK,P,PRIMARY KEY,ENABLED,NOT DEFERRABLE,IMMEDIATE,,"TCT_ID,USU_ID",,,,,VALIDATED,
USU_CARACTERIZACION,OCT_TCT_FK,R,FOREIGN KEY,ENABLED,NOT DEFERRABLE,IMMEDIATE,TCT_PK,TCT_ID,SPE,TIPO_CARACTERIZACION,TCT_ID,NO ACTION,VALIDATED,
VACANTE,DEM_VTE_NULL,C,CHECK,ENABLED,NOT DEFERRABLE,IMMEDIATE,,DEM_ID,,,,,VALIDATED,"""DEM_ID"" IS NOT NULL"
VACANTE,VTE_FCH_REGISTRO_NULL,C,CHECK,ENABLED,NOT DEFERRABLE,IMMEDIATE,,VTE_FCH_REGISTRO,,,,,VALIDATED,"""VTE_FCH_REGISTRO"" IS NOT NULL"
VACANTE,VTE_ID_NULL,C,CHECK,ENABLED,NOT DEFERRABLE,IMMEDIATE,,VTE_ID,,,,,VALIDATED,"""VTE_ID"" IS NOT NULL"
VACANTE,VTE_NUM_NULL,C,CHECK,ENABLED,NOT DEFERRABLE,IMMEDIATE,,VTE_NUM,,,,,VALIDATED,"""VTE_NUM"" IS NOT NULL"
VACANTE,VTE_TIPO_CHK,C,CHECK,ENABLED,NOT DEFERRABLE,IMMEDIATE,,VTE_TIPO,,,,,VALIDATED,"
		VTE_TIPO in (0,1)
		"
VACANTE,VTE_TIPO_NULL,C,CHECK,ENABLED,NOT DEFERRABLE,IMMEDIATE,,VTE_TIPO,,,,,VALIDATED,"""VTE_TIPO"" IS NOT NULL"
VACANTE,VTE_PK,P,PRIMARY KEY,ENABLED,NOT DEFERRABLE,IMMEDIATE,,VTE_ID,,,,,VALIDATED,
VACANTE,DEM_VTE_FK,R,FOREIGN KEY,ENABLED,NOT DEFERRABLE,IMMEDIATE,DEM_PK,DEM_ID,SPE,DEMANDA,DEM_ID,NO ACTION,VALIDATED,
VARIABLE_CRUCE,SYS_C0022938,C,CHECK,ENABLED,NOT DEFERRABLE,IMMEDIATE,,VAC_SELECCION,,,,,VALIDATED,"""VAC_SELECCION"" IS NOT NULL"
VARIABLE_CRUCE,VAC_CODIGO_NULL,C,CHECK,ENABLED,NOT DEFERRABLE,IMMEDIATE,,VAC_CODIGO,,,,,VALIDATED,"""VAC_CODIGO"" IS NOT NULL"
VARIABLE_CRUCE,VAC_DESCRIPCION_NULL,C,CHECK,ENABLED,NOT DEFERRABLE,IMMEDIATE,,VAC_DESCRIPCION,,,,,VALIDATED,"""VAC_DESCRIPCION"" IS NOT NULL"
VARIABLE_CRUCE,VAC_HAB_CUR_CHK,C,CHECK,ENABLED,NOT DEFERRABLE,IMMEDIATE,,VAC_HAB_CUR,,,,,VALIDATED,"
		VAC_HAB_CUR in ('DISABLED','ENABLED')
		"
VARIABLE_CRUCE,VAC_HAB_CUR_NULL,C,CHECK,ENABLED,NOT DEFERRABLE,IMMEDIATE,,VAC_HAB_CUR,,,,,VALIDATED,"""VAC_HAB_CUR"" IS NOT NULL"
VARIABLE_CRUCE,VAC_HAB_DEM_CHK,C,CHECK,ENABLED,NOT DEFERRABLE,IMMEDIATE,,VAC_HAB_DEM,,,,,VALIDATED,"
		VAC_HAB_DEM in ('DISABLED','ENABLED')
		"
VARIABLE_CRUCE,VAC_HAB_DEM_NULL,C,CHECK,ENABLED,NOT DEFERRABLE,IMMEDIATE,,VAC_HAB_DEM,,,,,VALIDATED,"""VAC_HAB_DEM"" IS NOT NULL"
VARIABLE_CRUCE,VAC_HAB_FUN,C,CHECK,ENABLED,NOT DEFERRABLE,IMMEDIATE,,VAC_HAB_FUN,,,,,VALIDATED,"""VAC_HAB_FUN"" IS NOT NULL"
VARIABLE_CRUCE,VAC_HAB_FUN_CHK,C,CHECK,ENABLED,NOT DEFERRABLE,IMMEDIATE,,VAC_HAB_FUN,,,,,VALIDATED,"VAC_HAB_FUN IN ('ENABLED','DISABLED')"
VARIABLE_CRUCE,VAC_PORCENTAJE_NULL,C,CHECK,ENABLED,NOT DEFERRABLE,IMMEDIATE,,VAC_PORCENTAJE,,,,,VALIDATED,"""VAC_PORCENTAJE"" IS NOT NULL"
VARIABLE_CRUCE,VAC_SELECCION_CHK,C,CHECK,ENABLED,NOT DEFERRABLE,IMMEDIATE,,VAC_SELECCION,,,,,VALIDATED,"VAC_SELECCION IN ('ENABLED','DISABLED')"
VARIABLE_CRUCE,VAC_SELECCION_NULL,C,CHECK,ENABLED,NOT DEFERRABLE,IMMEDIATE,,VAC_SELECCION,,,,,VALIDATED,VAC_SELECCION IS NOT NULL
VARIABLE_CRUCE,VAC_VARIABLE_NULL,C,CHECK,ENABLED,NOT DEFERRABLE,IMMEDIATE,,VAC_VARIABLE,,,,,VALIDATED,"""VAC_VARIABLE"" IS NOT NULL"
VARIABLE_CRUCE,VAC_PK,P,PRIMARY KEY,ENABLED,NOT DEFERRABLE,IMMEDIATE,,VAC_CODIGO,,,,,VALIDATED,
VEHICULO,VEH_DESCRIPCION_NULL,C,CHECK,ENABLED,NOT DEFERRABLE,IMMEDIATE,,VEH_DESCRIPCION,,,,,VALIDATED,"""VEH_DESCRIPCION"" IS NOT NULL"
VEHICULO,VEH_ID_NULL,C,CHECK,ENABLED,NOT DEFERRABLE,IMMEDIATE,,VEH_ID,,,,,VALIDATED,"""VEH_ID"" IS NOT NULL"
VEHICULO,VEH_NOMBRE_NULL,C,CHECK,ENABLED,NOT DEFERRABLE,IMMEDIATE,,VEH_NOMBRE,,,,,VALIDATED,"""VEH_NOMBRE"" IS NOT NULL"
VEHICULO,VEH_PK,P,PRIMARY KEY,ENABLED,NOT DEFERRABLE,IMMEDIATE,,VEH_ID,,,,,VALIDATED,
VERIFICAR_EMPRESA_ORI,SYS_C0021539,C,CHECK,ENABLED,NOT DEFERRABLE,IMMEDIATE,,VEO_ID,,,,,VALIDATED,"""VEO_ID"" IS NOT NULL"
VERIFICAR_EMPRESA_ORI,SYS_C0021540,C,CHECK,ENABLED,NOT DEFERRABLE,IMMEDIATE,,VEO_EMP,,,,,VALIDATED,"""VEO_EMP"" IS NOT NULL"
VERIFICAR_EMPRESA_ORI,SYS_C0021541,C,CHECK,ENABLED,NOT DEFERRABLE,IMMEDIATE,,VEO_FUN_ID,,,,,VALIDATED,"""VEO_FUN_ID"" IS NOT NULL"
VERIFICAR_EMPRESA_ORI,SYS_C0021542,C,CHECK,ENABLED,NOT DEFERRABLE,IMMEDIATE,,ASD_FECHA_REGISTRO,,,,,VALIDATED,"""ASD_FECHA_REGISTRO"" IS NOT NULL"
VERIFICAR_EMPRESA_ORI,VEO_ID_PK,P,PRIMARY KEY,ENABLED,NOT DEFERRABLE,IMMEDIATE,,VEO_ID,,,,,VALIDATED,
VERIFICAR_EMPRESA_ORI,VEO_EMP_FK,R,FOREIGN KEY,ENABLED,NOT DEFERRABLE,IMMEDIATE,EMP_PK,VEO_EMP,SPE,EMPRESA,EMP_ID,NO ACTION,VALIDATED,
VERIFICAR_EMPRESA_ORI,VEO_FUN_ID_FK,R,FOREIGN KEY,ENABLED,NOT DEFERRABLE,IMMEDIATE,FUN_PK,VEO_FUN_ID,SPE,FUNCIONARIO,FUN_ID,NO ACTION,VALIDATED,
WL_SERVLET_SESSIONS,SYS_C0021529,C,CHECK,ENABLED,NOT DEFERRABLE,IMMEDIATE,,WL_ID,,,,,VALIDATED,"""WL_ID"" IS NOT NULL"
WL_SERVLET_SESSIONS,SYS_C0021530,C,CHECK,ENABLED,NOT DEFERRABLE,IMMEDIATE,,WL_CONTEXT_PATH,,,,,VALIDATED,"""WL_CONTEXT_PATH"" IS NOT NULL"
WL_SERVLET_SESSIONS,SYS_C0023721,P,PRIMARY KEY,ENABLED,NOT DEFERRABLE,IMMEDIATE,,"WL_ID,WL_CONTEXT_PATH",,,,,VALIDATED,
WS_LOG,SYS_C0021412,C,CHECK,ENABLED,NOT DEFERRABLE,IMMEDIATE,,IDMENSAJE,,,,,VALIDATED,"""IDMENSAJE"" IS NOT NULL"
WS_LOG,SYS_C0021413,C,CHECK,ENABLED,NOT DEFERRABLE,IMMEDIATE,,TIPO_MENSAJE,,,,,VALIDATED,"""TIPO_MENSAJE"" IS NOT NULL"
WS_LOG,SYS_C0021414,C,CHECK,ENABLED,NOT DEFERRABLE,IMMEDIATE,,ERROR_MSG,,,,,VALIDATED,"""ERROR_MSG"" IS NOT NULL"
WS_OFERTA,SYS_C0021962,C,CHECK,ENABLED,NOT DEFERRABLE,IMMEDIATE,,IDMENSAJE,,,,,VALIDATED,"""IDMENSAJE"" IS NOT NULL"
WS_OFERTA,SYS_C0021963,C,CHECK,ENABLED,NOT DEFERRABLE,IMMEDIATE,,TIPO_DOCUMENTO,,,,,VALIDATED,"""TIPO_DOCUMENTO"" IS NOT NULL"
WS_OFERTA,SYS_C0021964,C,CHECK,ENABLED,NOT DEFERRABLE,IMMEDIATE,,PROCESADO,,,,,VALIDATED,"""PROCESADO"" IS NOT NULL"
WS_OFERTA,SYS_C0021965,C,CHECK,ENABLED,NOT DEFERRABLE,IMMEDIATE,,FECHA_REGISTRO,,,,,VALIDATED,"""FECHA_REGISTRO"" IS NOT NULL"
WS_OFERTA,WS_OFERTA_PK1,P,PRIMARY KEY,ENABLED,NOT DEFERRABLE,IMMEDIATE,,IDMENSAJE,,,,,VALIDATED,
WS_OFERTA_ESTUDIOS,SYS_C0021409,C,CHECK,ENABLED,NOT DEFERRABLE,IMMEDIATE,,IDMENSAJE,,,,,VALIDATED,"""IDMENSAJE"" IS NOT NULL"
WS_OFERTA_ESTUDIOS,SYS_C0021410,C,CHECK,ENABLED,NOT DEFERRABLE,IMMEDIATE,,PROCESADO,,,,,VALIDATED,"""PROCESADO"" IS NOT NULL"
WS_OFERTA_ESTUDIOS,SYS_C0021411,C,CHECK,ENABLED,NOT DEFERRABLE,IMMEDIATE,,FECHA_REGISTRO,,,,,VALIDATED,"""FECHA_REGISTRO"" IS NOT NULL"
WS_OFERTA_ESTUDIOS,WS_OFERTA_ESTUDIOS_PK1,P,PRIMARY KEY,ENABLED,NOT DEFERRABLE,IMMEDIATE,,IDMENSAJE,,,,,VALIDATED,
WS_PROGRAMAS_FORMACION,SYS_C0023542,C,CHECK,ENABLED,NOT DEFERRABLE,IMMEDIATE,,IDMENSAJE,,,,,VALIDATED,"""IDMENSAJE"" IS NOT NULL"
WS_PROGRAMAS_FORMACION,SYS_C0023543,C,CHECK,ENABLED,NOT DEFERRABLE,IMMEDIATE,,PROCESADO,,,,,VALIDATED,"""PROCESADO"" IS NOT NULL"
WS_PROGRAMAS_FORMACION,SYS_C0023544,C,CHECK,ENABLED,NOT DEFERRABLE,IMMEDIATE,,FECHA_REGISTRO,,,,,VALIDATED,"""FECHA_REGISTRO"" IS NOT NULL"
WS_PROGRAMAS_FORMACION,WS_PROGRAMAS_FORMACION_PK1,P,PRIMARY KEY,ENABLED,NOT DEFERRABLE,IMMEDIATE,,IDMENSAJE,,,,,VALIDATED,
ZONA,MPO_ZON_NULL,C,CHECK,ENABLED,NOT DEFERRABLE,IMMEDIATE,,MPO_ID,,,,,VALIDATED,"""MPO_ID"" IS NOT NULL"
ZONA,ZON_ID_NULL,C,CHECK,ENABLED,NOT DEFERRABLE,IMMEDIATE,,ZON_ID,,,,,VALIDATED,"""ZON_ID"" IS NOT NULL"
ZONA,ZON_NOMBRE_NULL,C,CHECK,ENABLED,NOT DEFERRABLE,IMMEDIATE,,ZON_NOMBRE,,,,,VALIDATED,"""ZON_NOMBRE"" IS NOT NULL"
ZONA,ZON_PK,P,PRIMARY KEY,ENABLED,NOT DEFERRABLE,IMMEDIATE,,ZON_ID,,,,,VALIDATED,
ZONA,MPO_ZON_FK,R,FOREIGN KEY,ENABLED,NOT DEFERRABLE,IMMEDIATE,MPO_PK,MPO_ID,SPE,MUNICIPIO,MPO_ID,NO ACTION,VALIDATED,
